,ZIP CODE,NUMBER OF PERSONS INJURED,NUMBER OF PERSONS KILLED,time,temperature_2m (°C),precipitation (mm),cloudcover (%),cloudcover_low (%),cloudcover_mid (%),cloudcover_high (%),windspeed_10m (km/h),SEVERITY OF ACCIDENT
0,10029.0,0,0,2020-08-29 01:00:00,23.3,0.0,52.0,7.0,26.0,100.0,7.0,0
1,10002.0,1,0,2020-08-29 16:00:00,24.0,1.1,100.0,36.0,100.0,100.0,13.0,1
2,10032.0,1,0,2020-08-29 19:00:00,25.3,0.4,89.0,15.0,98.0,55.0,12.0,1
3,10032.0,0,0,2020-08-29 11:00:00,22.7,1.4,100.0,22.0,97.0,93.0,7.2,0
4,10025.0,1,0,2020-08-29 20:00:00,25.5,0.0,45.0,6.0,52.0,28.0,12.0,1
5,10037.0,0,0,2020-08-29 18:00:00,25.2,0.5,100.0,20.0,95.0,97.0,11.2,0
6,10016.0,0,0,2020-08-29 11:00:00,22.7,1.4,100.0,22.0,97.0,93.0,7.2,0
7,10037.0,1,0,2020-08-29 23:00:00,25.8,0.0,16.0,2.0,14.0,19.0,10.3,1
8,10032.0,0,0,2020-08-29 14:00:00,23.0,2.0,100.0,99.0,99.0,93.0,12.0,0
9,10128.0,0,0,2020-08-29 07:00:00,22.0,0.0,46.0,4.0,27.0,88.0,8.9,0
10,10013.0,0,0,2020-08-29 21:00:00,26.3,0.0,15.0,4.0,6.0,25.0,12.2,0
11,10016.0,0,0,2020-08-29 18:00:00,25.2,0.5,100.0,20.0,95.0,97.0,11.2,0
12,10027.0,1,0,2020-08-29 00:00:00,23.7,0.0,34.0,4.0,4.0,93.0,5.9,1
13,10040.0,0,0,2020-08-29 11:00:00,22.7,1.4,100.0,22.0,97.0,93.0,7.2,0
14,10019.0,1,0,2020-08-29 06:00:00,22.1,0.0,33.0,0.0,5.0,99.0,8.8,1
15,10033.0,0,0,2020-08-29 16:00:00,24.0,1.1,100.0,36.0,100.0,100.0,13.0,0
16,10013.0,0,0,2020-08-29 02:00:00,23.0,0.0,74.0,12.0,59.0,93.0,10.5,0
17,10018.0,1,0,2020-08-29 07:00:00,22.0,0.0,46.0,4.0,27.0,88.0,8.9,1
18,10009.0,1,0,2020-08-29 19:00:00,25.3,0.4,89.0,15.0,98.0,55.0,12.0,1
19,10026.0,1,0,2020-08-29 18:00:00,25.2,0.5,100.0,20.0,95.0,97.0,11.2,1
20,10025.0,0,0,2020-08-28 07:00:00,22.4,0.0,1.0,0.0,0.0,4.0,9.5,0
21,10007.0,0,0,2020-08-28 18:00:00,28.4,0.0,13.0,4.0,15.0,0.0,11.0,0
22,10027.0,0,0,2020-08-28 10:00:00,21.4,0.0,11.0,0.0,0.0,35.0,9.5,0
23,10002.0,0,0,2020-08-28 07:00:00,22.4,0.0,1.0,0.0,0.0,4.0,9.5,0
24,10033.0,0,0,2020-08-28 14:00:00,24.2,0.0,37.0,17.0,0.0,73.0,12.8,0
25,10012.0,0,0,2020-08-28 18:00:00,28.4,0.0,13.0,4.0,15.0,0.0,11.0,0
26,10011.0,0,0,2020-08-28 16:00:00,26.6,0.0,33.0,7.0,0.0,89.0,10.3,0
27,10035.0,0,0,2020-08-28 15:00:00,25.9,0.0,34.0,6.0,1.0,92.0,11.1,0
28,10035.0,1,0,2020-08-28 20:00:00,28.7,0.0,72.0,0.0,71.0,98.0,10.5,1
29,10002.0,1,0,2020-08-28 19:00:00,28.9,0.0,34.0,0.0,48.0,16.0,11.3,1
30,10020.0,0,0,2020-08-28 21:00:00,28.5,0.2,91.0,6.0,92.0,100.0,8.7,0
31,10022.0,0,0,2020-08-28 11:00:00,21.5,0.0,15.0,0.0,0.0,49.0,10.3,0
32,10019.0,0,0,2020-08-28 14:00:00,24.2,0.0,37.0,17.0,0.0,73.0,12.8,0
33,10027.0,1,0,2020-08-28 21:00:00,28.5,0.2,91.0,6.0,92.0,100.0,8.7,1
34,10022.0,0,0,2020-08-28 18:00:00,28.4,0.0,13.0,4.0,15.0,0.0,11.0,0
35,10027.0,0,0,2020-08-28 09:00:00,22.2,0.0,8.0,1.0,0.0,23.0,9.0,0
36,10035.0,0,0,2020-08-28 17:00:00,27.5,0.0,14.0,1.0,4.0,36.0,10.4,0
37,10016.0,1,0,2020-08-28 18:00:00,28.4,0.0,13.0,4.0,15.0,0.0,11.0,1
38,10002.0,1,0,2020-08-27 11:00:00,20.9,0.0,74.0,23.0,39.0,99.0,3.0,1
39,10028.0,1,0,2020-08-27 11:00:00,20.9,0.0,74.0,23.0,39.0,99.0,3.0,1
40,10027.0,1,0,2020-08-27 14:00:00,23.3,0.0,45.0,24.0,3.0,73.0,6.6,1
41,10035.0,0,0,2020-08-27 16:00:00,28.7,0.0,22.0,21.0,5.0,1.0,19.2,0
42,10027.0,0,0,2020-08-27 10:00:00,21.2,0.0,88.0,17.0,78.0,86.0,4.1,0
43,10038.0,0,0,2020-08-27 12:00:00,21.0,0.0,50.0,16.0,11.0,95.0,3.0,0
44,10002.0,2,0,2020-08-27 21:00:00,31.9,0.0,16.0,0.0,27.0,0.0,21.2,1
45,10001.0,0,0,2020-08-27 19:00:00,31.6,0.0,27.0,0.0,45.0,0.0,23.2,0
46,10029.0,0,0,2020-08-27 08:00:00,21.1,0.0,68.0,1.0,68.0,89.0,4.3,0
47,10027.0,0,0,2020-08-27 09:00:00,21.4,0.0,72.0,2.0,83.0,67.0,4.7,0
48,10016.0,1,0,2020-08-27 10:00:00,21.2,0.0,88.0,17.0,78.0,86.0,4.1,1
49,10003.0,0,0,2020-08-27 16:00:00,28.7,0.0,22.0,21.0,5.0,1.0,19.2,0
50,10018.0,0,0,2020-08-27 14:00:00,23.3,0.0,45.0,24.0,3.0,73.0,6.6,0
51,10032.0,1,0,2020-08-27 13:00:00,21.5,0.0,68.0,37.0,8.0,98.0,3.3,1
52,10018.0,1,0,2020-08-27 17:00:00,31.0,0.0,41.0,40.0,9.0,0.0,22.7,1
53,10024.0,0,0,2020-08-27 13:00:00,21.5,0.0,68.0,37.0,8.0,98.0,3.3,0
54,10012.0,0,0,2020-08-27 16:00:00,28.7,0.0,22.0,21.0,5.0,1.0,19.2,0
55,10019.0,1,0,2020-08-27 18:00:00,31.4,0.0,43.0,25.0,34.0,0.0,22.9,1
56,10012.0,0,0,2020-08-27 18:00:00,31.4,0.0,43.0,25.0,34.0,0.0,22.9,0
57,10031.0,1,0,2020-08-27 08:00:00,21.1,0.0,68.0,1.0,68.0,89.0,4.3,1
58,10018.0,0,0,2020-08-27 18:00:00,31.4,0.0,43.0,25.0,34.0,0.0,22.9,0
59,10035.0,0,0,2020-08-27 08:00:00,21.1,0.0,68.0,1.0,68.0,89.0,4.3,0
60,10027.0,0,0,2020-08-27 08:00:00,21.1,0.0,68.0,1.0,68.0,89.0,4.3,0
61,10023.0,0,0,2020-08-27 10:00:00,21.2,0.0,88.0,17.0,78.0,86.0,4.1,0
62,10030.0,0,0,2020-08-27 11:00:00,20.9,0.0,74.0,23.0,39.0,99.0,3.0,0
63,10002.0,1,0,2020-08-27 15:00:00,26.6,0.0,6.0,5.0,1.0,4.0,10.8,1
64,10035.0,2,0,2020-08-27 18:00:00,31.4,0.0,43.0,25.0,34.0,0.0,22.9,1
65,10034.0,2,0,2020-08-27 14:00:00,23.3,0.0,45.0,24.0,3.0,73.0,6.6,1
66,10016.0,0,0,2020-08-27 08:00:00,21.1,0.0,68.0,1.0,68.0,89.0,4.3,0
67,10016.0,0,0,2020-08-27 08:00:00,21.1,0.0,68.0,1.0,68.0,89.0,4.3,0
68,10012.0,1,0,2020-08-26 19:00:00,24.9,0.0,29.0,0.0,0.0,97.0,19.4,1
69,10065.0,1,0,2020-08-26 17:00:00,24.2,0.0,29.0,0.0,0.0,97.0,18.7,1
70,10035.0,0,0,2020-08-26 23:00:00,23.8,0.0,22.0,0.0,0.0,72.0,12.0,0
71,10026.0,3,0,2020-08-26 18:00:00,24.7,0.0,29.0,0.0,0.0,96.0,18.2,1
72,10022.0,0,0,2020-08-26 13:00:00,21.2,0.0,0.0,0.0,0.0,0.0,15.9,0
73,10002.0,0,0,2020-08-26 06:00:00,22.7,0.0,1.0,0.0,0.0,3.0,15.1,0
74,10009.0,0,0,2020-08-26 11:00:00,20.6,0.0,0.0,0.0,0.0,0.0,11.0,0
75,10032.0,0,0,2020-08-26 14:00:00,21.6,0.0,0.0,0.0,0.0,0.0,17.4,0
76,10027.0,1,0,2020-08-26 12:00:00,21.0,0.0,0.0,0.0,0.0,0.0,13.6,1
77,10019.0,0,0,2020-08-26 10:00:00,20.8,0.0,1.0,1.0,0.0,0.0,10.8,0
78,10128.0,1,0,2020-08-26 22:00:00,24.3,0.0,27.0,0.0,0.0,91.0,16.6,1
79,10016.0,0,0,2020-08-26 11:00:00,20.6,0.0,0.0,0.0,0.0,0.0,11.0,0
80,10023.0,1,0,2020-08-26 16:00:00,23.5,0.0,0.0,0.0,0.0,1.0,19.1,1
81,10016.0,0,0,2020-08-26 23:00:00,23.8,0.0,22.0,0.0,0.0,72.0,12.0,0
82,10030.0,0,0,2020-08-26 20:00:00,25.1,0.0,29.0,0.0,0.0,98.0,19.4,0
83,10005.0,0,0,2020-08-26 15:00:00,23.0,0.0,0.0,0.0,0.0,0.0,18.3,0
84,10002.0,0,0,2020-08-26 18:00:00,24.7,0.0,29.0,0.0,0.0,96.0,18.2,0
85,10011.0,0,0,2020-08-26 23:00:00,23.8,0.0,22.0,0.0,0.0,72.0,12.0,0
86,10023.0,0,0,2020-08-26 22:00:00,24.3,0.0,27.0,0.0,0.0,91.0,16.6,0
87,10034.0,0,0,2020-08-26 08:00:00,21.8,0.0,0.0,0.0,0.0,0.0,14.4,0
88,10128.0,0,0,2020-08-26 14:00:00,21.6,0.0,0.0,0.0,0.0,0.0,17.4,0
89,10002.0,1,0,2020-08-26 05:00:00,23.1,0.0,0.0,0.0,0.0,1.0,15.6,1
90,10024.0,0,0,2020-08-26 19:00:00,24.9,0.0,29.0,0.0,0.0,97.0,19.4,0
91,10035.0,0,0,2020-08-26 15:00:00,23.0,0.0,0.0,0.0,0.0,0.0,18.3,0
92,10013.0,0,0,2020-08-26 13:00:00,21.2,0.0,0.0,0.0,0.0,0.0,15.9,0
93,10030.0,1,0,2020-08-26 09:00:00,20.7,0.0,0.0,0.0,0.0,0.0,13.8,1
94,10013.0,1,0,2020-08-26 15:00:00,23.0,0.0,0.0,0.0,0.0,0.0,18.3,1
95,10040.0,0,0,2020-08-26 05:00:00,23.1,0.0,0.0,0.0,0.0,1.0,15.6,0
96,10010.0,0,0,2020-08-26 16:00:00,23.5,0.0,0.0,0.0,0.0,1.0,19.1,0
97,10065.0,1,0,2020-08-25 11:00:00,23.7,0.0,14.0,0.0,23.0,0.0,11.0,1
98,10033.0,1,0,2020-08-25 19:00:00,31.6,0.0,30.0,2.0,10.0,74.0,17.7,1
99,10028.0,0,0,2020-08-25 11:00:00,23.7,0.0,14.0,0.0,23.0,0.0,11.0,0
100,10022.0,1,0,2020-08-25 09:00:00,23.4,0.0,11.0,0.0,18.0,0.0,10.0,1
101,10022.0,0,0,2020-08-25 09:00:00,23.4,0.0,11.0,0.0,18.0,0.0,10.0,0
102,10029.0,1,0,2020-08-25 17:00:00,29.8,0.0,20.0,12.0,5.0,19.0,17.9,1
103,10016.0,0,0,2020-08-25 19:00:00,31.6,0.0,30.0,2.0,10.0,74.0,17.7,0
104,10039.0,0,0,2020-08-25 03:00:00,25.5,0.0,5.0,0.0,9.0,0.0,10.8,0
105,10022.0,0,0,2020-08-25 12:00:00,24.1,0.0,6.0,0.0,9.0,2.0,11.2,0
106,10035.0,0,0,2020-08-25 08:00:00,23.8,0.0,7.0,0.0,11.0,1.0,10.5,0
107,10013.0,0,0,2020-08-25 12:00:00,24.1,0.0,6.0,0.0,9.0,2.0,11.2,0
108,10025.0,0,0,2020-08-25 10:00:00,23.5,0.0,13.0,0.0,21.0,0.0,9.4,0
109,10032.0,0,0,2020-08-25 09:00:00,23.4,0.0,11.0,0.0,18.0,0.0,10.0,0
110,10027.0,0,0,2020-08-25 16:00:00,29.1,0.0,28.0,1.0,0.0,90.0,15.5,0
111,10128.0,1,0,2020-08-25 11:00:00,23.7,0.0,14.0,0.0,23.0,0.0,11.0,1
112,10023.0,1,0,2020-08-25 15:00:00,28.2,0.0,28.0,0.0,0.0,94.0,14.0,1
113,10031.0,0,0,2020-08-25 22:00:00,27.9,0.0,19.0,2.0,27.0,4.0,11.9,0
114,10032.0,0,0,2020-08-25 19:00:00,31.6,0.0,30.0,2.0,10.0,74.0,17.7,0
115,10037.0,0,0,2020-08-25 19:00:00,31.6,0.0,30.0,2.0,10.0,74.0,17.7,0
116,10011.0,1,0,2020-08-24 08:00:00,23.5,0.0,11.0,0.0,3.0,29.0,5.6,1
117,10013.0,0,0,2020-08-24 15:00:00,27.5,0.0,26.0,3.0,1.0,74.0,8.7,0
118,10027.0,1,0,2020-08-24 14:00:00,25.6,0.0,18.0,0.0,0.0,61.0,7.4,1
119,10016.0,1,0,2020-08-24 13:00:00,24.7,0.0,18.0,0.0,4.0,51.0,6.1,1
120,10021.0,0,0,2020-08-24 14:00:00,25.6,0.0,18.0,0.0,0.0,61.0,7.4,0
121,10023.0,0,0,2020-08-24 19:00:00,29.9,0.0,8.0,1.0,7.0,10.0,11.5,0
122,10017.0,1,0,2020-08-24 16:00:00,28.4,0.0,32.0,7.0,3.0,81.0,8.9,1
123,10039.0,0,0,2020-08-24 08:00:00,23.5,0.0,11.0,0.0,3.0,29.0,5.6,0
124,10002.0,0,0,2020-08-24 19:00:00,29.9,0.0,8.0,1.0,7.0,10.0,11.5,0
125,10280.0,0,0,2020-08-24 09:00:00,23.1,0.0,7.0,0.0,0.0,24.0,6.6,0
126,10039.0,0,0,2020-08-24 15:00:00,27.5,0.0,26.0,3.0,1.0,74.0,8.7,0
127,10026.0,0,0,2020-08-24 08:00:00,23.5,0.0,11.0,0.0,3.0,29.0,5.6,0
128,10018.0,0,0,2020-08-24 15:00:00,27.5,0.0,26.0,3.0,1.0,74.0,8.7,0
129,10014.0,0,0,2020-08-24 15:00:00,27.5,0.0,26.0,3.0,1.0,74.0,8.7,0
130,10032.0,0,0,2020-08-24 04:00:00,24.5,0.0,29.0,0.0,3.0,92.0,6.1,0
131,10128.0,1,0,2020-08-24 21:00:00,30.6,0.0,13.0,0.0,3.0,38.0,12.3,1
132,10039.0,1,0,2020-08-24 14:00:00,25.6,0.0,18.0,0.0,0.0,61.0,7.4,1
133,10065.0,0,0,2020-08-24 23:00:00,29.1,0.0,51.0,9.0,26.0,92.0,7.7,0
134,10024.0,0,0,2020-08-24 05:00:00,23.9,0.0,28.0,0.0,3.0,87.0,5.6,0
135,10034.0,1,0,2020-08-24 13:00:00,24.7,0.0,18.0,0.0,4.0,51.0,6.1,1
136,10025.0,1,0,2020-08-24 10:00:00,23.7,0.0,22.0,7.0,22.0,7.0,5.7,1
137,10027.0,0,0,2020-08-24 15:00:00,27.5,0.0,26.0,3.0,1.0,74.0,8.7,0
138,10002.0,0,0,2020-08-24 01:00:00,25.4,0.0,31.0,1.0,5.0,91.0,6.8,0
139,10032.0,0,0,2020-08-23 15:00:00,26.7,0.0,43.0,23.0,6.0,63.0,8.0,0
140,10033.0,0,0,2020-08-23 20:00:00,27.7,0.0,25.0,12.0,17.0,12.0,10.1,0
141,10032.0,0,0,2020-08-23 13:00:00,23.4,0.0,91.0,29.0,71.0,75.0,5.0,0
142,10029.0,0,0,2020-08-23 02:00:00,25.3,0.0,25.0,0.0,5.0,74.0,10.2,0
143,10128.0,1,0,2020-08-23 21:00:00,27.5,0.0,14.0,7.0,9.0,9.0,11.8,1
144,10023.0,1,0,2020-08-23 08:00:00,22.8,0.0,22.0,0.0,5.0,63.0,6.3,1
145,10032.0,1,0,2020-08-23 16:00:00,27.2,0.0,27.0,16.0,2.0,37.0,8.5,1
146,10025.0,1,0,2020-08-23 21:00:00,27.5,0.0,14.0,7.0,9.0,9.0,11.8,1
147,10002.0,1,0,2020-08-23 19:00:00,27.8,0.0,25.0,10.0,16.0,21.0,9.4,1
148,10012.0,0,0,2020-08-23 22:00:00,27.3,0.0,24.0,3.0,8.0,55.0,11.2,0
149,10026.0,0,0,2020-08-23 20:00:00,27.7,0.0,25.0,12.0,17.0,12.0,10.1,0
150,10003.0,0,0,2020-08-23 23:00:00,26.7,0.0,26.0,1.0,3.0,76.0,9.7,0
151,10035.0,1,0,2020-08-23 08:00:00,22.8,0.0,22.0,0.0,5.0,63.0,6.3,1
152,10007.0,0,0,2020-08-23 17:00:00,27.6,0.0,40.0,19.0,22.0,32.0,8.4,0
153,10013.0,0,0,2020-08-23 12:00:00,23.1,0.0,89.0,45.0,48.0,66.0,4.2,0
154,10012.0,0,0,2020-08-23 21:00:00,27.5,0.0,14.0,7.0,9.0,9.0,11.8,0
155,10035.0,0,0,2020-08-23 19:00:00,27.8,0.0,25.0,10.0,16.0,21.0,9.4,0
156,10026.0,1,0,2020-08-23 22:00:00,27.3,0.0,24.0,3.0,8.0,55.0,11.2,1
157,10035.0,0,0,2020-08-23 04:00:00,24.1,0.0,24.0,0.0,1.0,78.0,8.7,0
158,10128.0,0,0,2020-08-23 01:00:00,25.9,0.0,21.0,0.0,9.0,53.0,9.5,0
159,10002.0,0,0,2020-08-23 17:00:00,27.6,0.0,40.0,19.0,22.0,32.0,8.4,0
160,10075.0,1,0,2020-08-22 23:00:00,27.1,0.0,37.0,0.0,53.0,17.0,5.9,1
161,10029.0,0,0,2020-08-22 15:00:00,26.7,0.0,19.0,0.0,0.0,62.0,7.6,0
162,10065.0,0,0,2020-08-22 21:00:00,28.4,0.9,38.0,7.0,35.0,37.0,12.0,0
163,10002.0,0,0,2020-08-22 14:00:00,24.6,0.0,25.0,0.0,0.0,84.0,8.5,0
164,10019.0,0,0,2020-08-22 19:00:00,29.2,0.0,30.0,12.0,25.0,15.0,10.2,0
165,10009.0,1,0,2020-08-22 20:00:00,29.1,0.4,37.0,4.0,42.0,28.0,10.4,1
166,10065.0,0,0,2020-08-22 19:00:00,29.2,0.0,30.0,12.0,25.0,15.0,10.2,0
167,10032.0,0,0,2020-08-22 12:00:00,23.2,0.0,28.0,0.0,0.0,94.0,7.2,0
168,10003.0,0,0,2020-08-22 21:00:00,28.4,0.9,38.0,7.0,35.0,37.0,12.0,0
169,10027.0,0,0,2020-08-22 08:00:00,23.0,0.0,31.0,0.0,2.0,100.0,10.5,0
170,10035.0,0,0,2020-08-22 23:00:00,27.1,0.0,37.0,0.0,53.0,17.0,5.9,0
171,10032.0,0,0,2020-08-22 16:00:00,27.3,0.0,24.0,0.0,3.0,74.0,8.3,0
172,10025.0,0,0,2020-08-22 15:00:00,26.7,0.0,19.0,0.0,0.0,62.0,7.6,0
173,10016.0,0,0,2020-08-22 03:00:00,24.2,0.0,30.0,0.0,0.0,99.0,13.8,0
174,10029.0,0,0,2020-08-22 01:00:00,25.4,0.0,34.0,0.0,7.0,98.0,11.9,0
175,10002.0,0,0,2020-08-22 00:00:00,25.9,0.0,39.0,1.0,14.0,99.0,9.6,0
176,10128.0,0,0,2020-08-22 12:00:00,23.2,0.0,28.0,0.0,0.0,94.0,7.2,0
177,10029.0,0,0,2020-08-22 21:00:00,28.4,0.9,38.0,7.0,35.0,37.0,12.0,0
178,10012.0,2,0,2020-08-22 14:00:00,24.6,0.0,25.0,0.0,0.0,84.0,8.5,1
179,10029.0,1,0,2020-08-22 08:00:00,23.0,0.0,31.0,0.0,2.0,100.0,10.5,1
180,10031.0,0,0,2020-08-22 20:00:00,29.1,0.4,37.0,4.0,42.0,28.0,10.4,0
181,10003.0,0,0,2020-08-22 20:00:00,29.1,0.4,37.0,4.0,42.0,28.0,10.4,0
182,10128.0,0,0,2020-08-22 18:00:00,28.7,0.0,29.0,4.0,21.0,41.0,10.0,0
183,10002.0,0,0,2020-08-21 23:00:00,26.7,0.0,49.0,2.0,29.0,98.0,7.6,0
184,10002.0,0,0,2020-08-21 16:00:00,26.1,0.0,55.0,7.0,32.0,97.0,14.5,0
185,10002.0,0,0,2020-08-21 17:00:00,26.8,0.0,53.0,4.0,34.0,97.0,14.4,0
186,10128.0,0,0,2020-08-21 04:00:00,20.3,0.0,12.0,0.0,0.0,40.0,9.7,0
187,10022.0,0,0,2020-08-21 16:00:00,26.1,0.0,55.0,7.0,32.0,97.0,14.5,0
188,10016.0,1,0,2020-08-21 12:00:00,20.4,0.0,24.0,0.0,0.0,81.0,9.2,1
189,10027.0,1,0,2020-08-21 10:00:00,20.0,0.0,31.0,1.0,0.0,100.0,10.1,1
190,10022.0,2,0,2020-08-21 22:00:00,27.2,0.0,51.0,0.0,36.0,98.0,7.2,1
191,10002.0,0,0,2020-08-21 11:00:00,20.0,0.0,33.0,4.0,0.0,97.0,11.1,0
192,10032.0,0,0,2020-08-21 15:00:00,25.3,0.0,29.0,0.0,2.0,92.0,12.7,0
193,10036.0,0,0,2020-08-21 22:00:00,27.2,0.0,51.0,0.0,36.0,98.0,7.2,0
194,10023.0,2,0,2020-08-21 08:00:00,19.7,0.0,29.0,0.0,0.0,98.0,10.2,1
195,10029.0,0,0,2020-08-21 15:00:00,25.3,0.0,29.0,0.0,2.0,92.0,12.7,0
196,10128.0,0,0,2020-08-21 16:00:00,26.1,0.0,55.0,7.0,32.0,97.0,14.5,0
197,10002.0,2,0,2020-08-21 13:00:00,21.5,0.0,29.0,0.0,0.0,96.0,10.0,1
198,10031.0,0,0,2020-08-21 22:00:00,27.2,0.0,51.0,0.0,36.0,98.0,7.2,0
199,10040.0,0,0,2020-08-21 18:00:00,27.2,0.0,46.0,5.0,26.0,85.0,14.6,0
200,10010.0,0,0,2020-08-21 09:00:00,19.3,0.0,30.0,0.0,0.0,100.0,10.4,0
201,10128.0,0,0,2020-08-21 12:00:00,20.4,0.0,24.0,0.0,0.0,81.0,9.2,0
202,10031.0,0,0,2020-08-21 13:00:00,21.5,0.0,29.0,0.0,0.0,96.0,10.0,0
203,10032.0,0,0,2020-08-21 19:00:00,27.5,0.0,35.0,1.0,11.0,92.0,14.6,0
204,10013.0,0,0,2020-08-21 11:00:00,20.0,0.0,33.0,4.0,0.0,97.0,11.1,0
205,10012.0,0,0,2020-08-21 14:00:00,22.9,0.0,29.0,0.0,0.0,95.0,10.9,0
206,10018.0,0,0,2020-08-21 20:00:00,27.9,0.0,32.0,0.0,10.0,86.0,13.6,0
207,10128.0,0,0,2020-08-21 07:00:00,20.1,0.0,28.0,0.0,0.0,93.0,11.0,0
208,10013.0,0,0,2020-08-21 09:00:00,19.3,0.0,30.0,0.0,0.0,100.0,10.4,0
209,10039.0,0,0,2020-08-21 22:00:00,27.2,0.0,51.0,0.0,36.0,98.0,7.2,0
210,10038.0,0,0,2020-08-21 13:00:00,21.5,0.0,29.0,0.0,0.0,96.0,10.0,0
211,10009.0,0,0,2020-08-21 11:00:00,20.0,0.0,33.0,4.0,0.0,97.0,11.1,0
212,10018.0,0,0,2020-08-21 17:00:00,26.8,0.0,53.0,4.0,34.0,97.0,14.4,0
213,10025.0,0,0,2020-08-21 09:00:00,19.3,0.0,30.0,0.0,0.0,100.0,10.4,0
214,10029.0,0,0,2020-08-21 22:00:00,27.2,0.0,51.0,0.0,36.0,98.0,7.2,0
215,10128.0,0,0,2020-08-21 11:00:00,20.0,0.0,33.0,4.0,0.0,97.0,11.1,0
216,10010.0,0,0,2020-08-21 10:00:00,20.0,0.0,31.0,1.0,0.0,100.0,10.1,0
217,10013.0,1,0,2020-08-21 12:00:00,20.4,0.0,24.0,0.0,0.0,81.0,9.2,1
218,10037.0,0,0,2020-08-21 00:00:00,23.0,0.0,8.0,0.0,0.0,25.0,8.4,0
219,10029.0,1,0,2020-08-21 14:00:00,22.9,0.0,29.0,0.0,0.0,95.0,10.9,1
220,10012.0,0,0,2020-08-21 01:00:00,22.0,0.0,11.0,0.0,0.0,38.0,9.4,0
221,10034.0,0,0,2020-08-21 21:00:00,28.2,0.0,29.0,0.0,3.0,91.0,12.5,0
222,10032.0,0,0,2020-08-21 22:00:00,27.2,0.0,51.0,0.0,36.0,98.0,7.2,0
223,10003.0,0,0,2020-08-20 15:00:00,23.4,0.0,0.0,0.0,0.0,0.0,5.6,0
224,10003.0,1,0,2020-08-20 12:00:00,18.5,0.0,0.0,0.0,0.0,0.0,8.3,1
225,10033.0,1,0,2020-08-20 01:00:00,22.4,0.0,21.0,9.0,22.0,0.0,2.9,1
226,10022.0,1,0,2020-08-20 08:00:00,18.5,0.0,0.0,0.0,0.0,0.0,11.5,1
227,10013.0,0,0,2020-08-20 17:00:00,24.5,0.0,4.0,3.0,0.0,3.0,1.8,0
228,10026.0,2,0,2020-08-20 07:00:00,19.0,0.0,0.0,0.0,0.0,0.0,11.7,1
229,10040.0,2,0,2020-08-20 17:00:00,24.5,0.0,4.0,3.0,0.0,3.0,1.8,1
230,10023.0,1,0,2020-08-20 21:00:00,26.0,0.0,24.0,0.0,0.0,80.0,5.5,1
231,10040.0,0,0,2020-08-20 22:00:00,25.3,0.0,20.0,0.0,0.0,66.0,2.8,0
232,10035.0,2,0,2020-08-20 13:00:00,19.8,0.0,0.0,0.0,0.0,0.0,8.6,1
233,10035.0,0,0,2020-08-20 16:00:00,23.9,0.0,0.0,0.0,0.0,0.0,1.5,0
234,10075.0,1,0,2020-08-20 17:00:00,24.5,0.0,4.0,3.0,0.0,3.0,1.8,1
235,10002.0,1,0,2020-08-20 15:00:00,23.4,0.0,0.0,0.0,0.0,0.0,5.6,1
236,10018.0,0,0,2020-08-20 08:00:00,18.5,0.0,0.0,0.0,0.0,0.0,11.5,0
237,10019.0,0,0,2020-08-20 13:00:00,19.8,0.0,0.0,0.0,0.0,0.0,8.6,0
238,10027.0,0,0,2020-08-20 11:00:00,17.6,0.0,0.0,0.0,0.0,0.0,10.1,0
239,10016.0,1,0,2020-08-20 21:00:00,26.0,0.0,24.0,0.0,0.0,80.0,5.5,1
240,10011.0,0,0,2020-08-20 19:00:00,25.2,0.0,18.0,0.0,0.0,60.0,3.8,0
241,10002.0,1,0,2020-08-20 17:00:00,24.5,0.0,4.0,3.0,0.0,3.0,1.8,1
242,10003.0,0,0,2020-08-20 16:00:00,23.9,0.0,0.0,0.0,0.0,0.0,1.5,0
243,10025.0,0,0,2020-08-20 08:00:00,18.5,0.0,0.0,0.0,0.0,0.0,11.5,0
244,10030.0,0,0,2020-08-20 12:00:00,18.5,0.0,0.0,0.0,0.0,0.0,8.3,0
245,10016.0,0,0,2020-08-20 14:00:00,21.3,0.0,0.0,0.0,0.0,0.0,8.8,0
246,10013.0,0,0,2020-08-20 15:00:00,23.4,0.0,0.0,0.0,0.0,0.0,5.6,0
247,10036.0,1,0,2020-08-20 18:00:00,24.7,0.0,8.0,0.0,0.0,25.0,2.9,1
248,10035.0,1,0,2020-08-20 14:00:00,21.3,0.0,0.0,0.0,0.0,0.0,8.8,1
249,10025.0,1,0,2020-08-20 04:00:00,20.6,0.0,4.0,0.0,6.0,0.0,4.8,1
250,10001.0,0,0,2020-08-20 17:00:00,24.5,0.0,4.0,3.0,0.0,3.0,1.8,0
251,10029.0,4,0,2020-08-20 16:00:00,23.9,0.0,0.0,0.0,0.0,0.0,1.5,1
252,10001.0,1,0,2020-08-20 08:00:00,18.5,0.0,0.0,0.0,0.0,0.0,11.5,1
253,10017.0,0,0,2020-08-20 13:00:00,19.8,0.0,0.0,0.0,0.0,0.0,8.6,0
254,10075.0,0,0,2020-08-19 07:00:00,21.7,0.0,23.0,5.0,26.0,9.0,6.5,0
255,10010.0,0,0,2020-08-19 19:00:00,22.2,0.2,77.0,54.0,48.0,0.0,3.7,0
256,10012.0,1,0,2020-08-19 22:00:00,23.2,0.0,21.0,2.0,32.0,1.0,5.4,1
257,10002.0,0,0,2020-08-19 09:00:00,20.6,0.0,30.0,4.0,37.0,14.0,9.5,0
258,10016.0,0,0,2020-08-19 14:00:00,20.5,0.0,90.0,0.0,100.0,99.0,3.4,0
259,10007.0,1,0,2020-08-19 08:00:00,21.1,0.0,24.0,3.0,25.0,20.0,8.0,1
260,10029.0,0,0,2020-08-19 17:00:00,20.7,0.8,100.0,45.0,86.0,68.0,6.0,0
261,10027.0,1,0,2020-08-19 15:00:00,20.9,0.6,100.0,12.0,98.0,100.0,4.9,1
262,10019.0,0,0,2020-08-19 09:00:00,20.6,0.0,30.0,4.0,37.0,14.0,9.5,0
263,10027.0,0,0,2020-08-19 00:00:00,25.7,0.0,11.0,0.0,18.0,0.0,3.3,0
264,10026.0,1,0,2020-08-19 09:00:00,20.6,0.0,30.0,4.0,37.0,14.0,9.5,1
265,10002.0,0,0,2020-08-19 02:00:00,24.1,0.0,14.0,0.0,23.0,2.0,4.6,0
266,10031.0,0,0,2020-08-19 14:00:00,20.5,0.0,90.0,0.0,100.0,99.0,3.4,0
267,10013.0,1,0,2020-08-19 23:00:00,23.4,0.0,14.0,1.0,22.0,0.0,1.1,1
268,10018.0,0,0,2020-08-19 16:00:00,20.3,0.9,99.0,11.0,98.0,100.0,4.2,0
269,10010.0,0,0,2020-08-19 14:00:00,20.5,0.0,90.0,0.0,100.0,99.0,3.4,0
270,10001.0,0,0,2020-08-19 11:00:00,20.4,0.0,54.0,0.0,77.0,26.0,6.8,0
271,10026.0,0,0,2020-08-19 10:00:00,20.4,0.0,33.0,0.0,29.0,53.0,7.0,0
272,10035.0,0,0,2020-08-19 14:00:00,20.5,0.0,90.0,0.0,100.0,99.0,3.4,0
273,10018.0,0,0,2020-08-19 11:00:00,20.4,0.0,54.0,0.0,77.0,26.0,6.8,0
274,10012.0,1,0,2020-08-19 16:00:00,20.3,0.9,99.0,11.0,98.0,100.0,4.2,1
275,10032.0,0,0,2020-08-19 08:00:00,21.1,0.0,24.0,3.0,25.0,20.0,8.0,0
276,10018.0,0,0,2020-08-19 16:00:00,20.3,0.9,99.0,11.0,98.0,100.0,4.2,0
277,10011.0,1,0,2020-08-19 23:00:00,23.4,0.0,14.0,1.0,22.0,0.0,1.1,1
278,10022.0,1,0,2020-08-19 14:00:00,20.5,0.0,90.0,0.0,100.0,99.0,3.4,1
279,10029.0,1,0,2020-08-19 20:00:00,23.4,0.0,41.0,35.0,16.0,0.0,2.1,1
280,10031.0,1,0,2020-08-19 11:00:00,20.4,0.0,54.0,0.0,77.0,26.0,6.8,1
281,10029.0,0,0,2020-08-19 20:00:00,23.4,0.0,41.0,35.0,16.0,0.0,2.1,0
282,10035.0,0,0,2020-08-18 02:00:00,21.5,0.7,38.0,2.0,51.0,19.0,5.5,0
283,10029.0,0,0,2020-08-18 06:00:00,20.0,1.8,19.0,0.0,25.0,14.0,11.4,0
284,10029.0,0,0,2020-08-18 22:00:00,26.9,0.0,31.0,0.0,51.0,0.0,6.4,0
285,10002.0,0,0,2020-08-18 09:00:00,18.5,0.0,0.0,0.0,0.0,0.0,5.4,0
286,10033.0,0,0,2020-08-18 07:00:00,20.0,0.9,18.0,0.0,27.0,6.0,10.4,0
287,10022.0,0,0,2020-08-18 11:00:00,19.5,0.0,2.0,0.0,4.0,0.0,6.6,0
288,10013.0,0,0,2020-08-18 06:00:00,20.0,1.8,19.0,0.0,25.0,14.0,11.4,0
289,10032.0,0,0,2020-08-18 01:00:00,22.1,0.3,49.0,9.0,58.0,21.0,3.9,0
290,10033.0,0,0,2020-08-18 02:00:00,21.5,0.7,38.0,2.0,51.0,19.0,5.5,0
291,10029.0,0,0,2020-08-18 05:00:00,20.3,0.0,29.0,0.0,14.0,70.0,10.2,0
292,10034.0,0,0,2020-08-18 00:00:00,22.5,0.0,45.0,10.0,56.0,8.0,7.2,0
293,10016.0,0,0,2020-08-18 12:00:00,20.1,0.0,2.0,0.0,3.0,0.0,5.4,0
294,10018.0,0,0,2020-08-18 10:00:00,19.7,0.0,5.0,0.0,9.0,0.0,5.0,0
295,10032.0,1,0,2020-08-18 02:00:00,21.5,0.7,38.0,2.0,51.0,19.0,5.5,1
296,10012.0,0,0,2020-08-18 13:00:00,21.0,0.0,1.0,0.0,1.0,0.0,5.3,0
297,10001.0,1,0,2020-08-18 08:00:00,18.9,0.0,20.0,0.0,33.0,2.0,8.0,1
298,10029.0,3,0,2020-08-18 15:00:00,24.5,0.0,0.0,0.0,0.0,0.0,6.7,1
299,10282.0,0,0,2020-08-18 03:00:00,20.9,0.6,41.0,1.0,37.0,61.0,7.7,0
300,10022.0,1,0,2020-08-18 16:00:00,25.5,0.0,0.0,0.0,0.0,0.0,7.1,1
301,10035.0,0,0,2020-08-18 00:00:00,22.5,0.0,45.0,10.0,56.0,8.0,7.2,0
302,10030.0,0,0,2020-08-18 12:00:00,20.1,0.0,2.0,0.0,3.0,0.0,5.4,0
303,10031.0,0,0,2020-08-18 14:00:00,22.2,0.0,0.0,0.0,0.0,0.0,5.4,0
304,10013.0,0,0,2020-08-18 08:00:00,18.9,0.0,20.0,0.0,33.0,2.0,8.0,0
305,10032.0,1,0,2020-08-18 12:00:00,20.1,0.0,2.0,0.0,3.0,0.0,5.4,1
306,10014.0,0,0,2020-08-18 08:00:00,18.9,0.0,20.0,0.0,33.0,2.0,8.0,0
307,10031.0,1,0,2020-08-18 04:00:00,20.6,0.0,47.0,0.0,34.0,89.0,8.7,1
308,10027.0,0,0,2020-08-18 18:00:00,27.0,0.0,20.0,0.0,34.0,0.0,9.7,0
309,10007.0,0,0,2020-08-17 12:00:00,19.5,0.0,2.0,1.0,2.0,0.0,4.2,0
310,10022.0,0,0,2020-08-17 18:00:00,25.7,0.0,47.0,32.0,30.0,0.0,7.7,0
311,10039.0,2,0,2020-08-17 20:00:00,25.4,0.3,49.0,34.0,30.0,0.0,12.2,1
312,10018.0,0,0,2020-08-17 00:00:00,20.8,0.0,36.0,39.0,2.0,0.0,15.1,0
313,10019.0,0,0,2020-08-17 08:00:00,19.0,0.0,0.0,0.0,0.0,0.0,7.1,0
314,10026.0,1,0,2020-08-17 18:00:00,25.7,0.0,47.0,32.0,30.0,0.0,7.7,1
315,10033.0,0,0,2020-08-17 17:00:00,24.9,0.0,85.0,88.0,9.0,0.0,7.7,0
316,10029.0,0,0,2020-08-17 21:00:00,25.2,0.3,54.0,20.0,60.0,0.0,12.8,0
317,10023.0,1,0,2020-08-17 00:00:00,20.8,0.0,36.0,39.0,2.0,0.0,15.1,1
318,10036.0,0,0,2020-08-17 12:00:00,19.5,0.0,2.0,1.0,2.0,0.0,4.2,0
319,10035.0,1,0,2020-08-17 10:00:00,18.4,0.0,4.0,4.0,1.0,0.0,5.4,1
320,10001.0,0,0,2020-08-17 14:00:00,21.6,0.0,3.0,1.0,4.0,0.0,3.1,0
321,10032.0,0,0,2020-08-17 20:00:00,25.4,0.3,49.0,34.0,30.0,0.0,12.2,0
322,10036.0,0,0,2020-08-17 15:00:00,23.2,0.0,8.0,4.0,7.0,0.0,4.9,0
323,10010.0,1,0,2020-08-17 23:00:00,23.3,0.0,56.0,6.0,77.0,13.0,10.0,1
324,10025.0,0,0,2020-08-17 12:00:00,19.5,0.0,2.0,1.0,2.0,0.0,4.2,0
325,10024.0,1,0,2020-08-17 15:00:00,23.2,0.0,8.0,4.0,7.0,0.0,4.9,1
326,10034.0,1,0,2020-08-17 18:00:00,25.7,0.0,47.0,32.0,30.0,0.0,7.7,1
327,10032.0,0,0,2020-08-17 12:00:00,19.5,0.0,2.0,1.0,2.0,0.0,4.2,0
328,10032.0,0,0,2020-08-17 20:00:00,25.4,0.3,49.0,34.0,30.0,0.0,12.2,0
329,10033.0,1,0,2020-08-17 17:00:00,24.9,0.0,85.0,88.0,9.0,0.0,7.7,1
330,10005.0,0,0,2020-08-17 12:00:00,19.5,0.0,2.0,1.0,2.0,0.0,4.2,0
331,10039.0,0,0,2020-08-17 15:00:00,23.2,0.0,8.0,4.0,7.0,0.0,4.9,0
332,10004.0,1,0,2020-08-17 18:00:00,25.7,0.0,47.0,32.0,30.0,0.0,7.7,1
333,10030.0,1,0,2020-08-17 20:00:00,25.4,0.3,49.0,34.0,30.0,0.0,12.2,1
334,10018.0,0,0,2020-08-17 17:00:00,24.9,0.0,85.0,88.0,9.0,0.0,7.7,0
335,10002.0,1,0,2020-08-17 13:00:00,20.4,0.0,3.0,0.0,5.0,0.0,2.3,1
336,10032.0,0,0,2020-08-17 15:00:00,23.2,0.0,8.0,4.0,7.0,0.0,4.9,0
337,10017.0,0,0,2020-08-17 06:00:00,19.3,0.0,1.0,0.0,2.0,0.0,9.3,0
338,10025.0,1,0,2020-08-17 12:00:00,19.5,0.0,2.0,1.0,2.0,0.0,4.2,1
339,10023.0,1,0,2020-08-17 19:00:00,25.5,0.0,32.0,20.0,24.0,0.0,10.0,1
340,10065.0,0,0,2020-08-16 10:00:00,20.3,0.3,100.0,92.0,100.0,95.0,11.7,0
341,10028.0,1,0,2020-08-16 19:00:00,20.5,0.5,100.0,37.0,95.0,88.0,17.6,1
342,10023.0,0,0,2020-08-16 15:00:00,20.0,1.5,100.0,45.0,100.0,96.0,17.6,0
343,10032.0,0,0,2020-08-16 04:00:00,22.2,0.0,100.0,27.0,89.0,97.0,12.4,0
344,10033.0,1,0,2020-08-16 17:00:00,20.0,2.0,100.0,72.0,100.0,94.0,17.9,1
345,10013.0,0,0,2020-08-16 08:00:00,21.2,0.6,75.0,1.0,79.0,88.0,13.7,0
346,10029.0,1,0,2020-08-16 13:00:00,20.0,2.0,100.0,93.0,100.0,99.0,16.0,1
347,10016.0,1,0,2020-08-16 14:00:00,19.9,1.5,100.0,68.0,100.0,99.0,16.4,1
348,10016.0,0,0,2020-08-16 10:00:00,20.3,0.3,100.0,92.0,100.0,95.0,11.7,0
349,10013.0,0,0,2020-08-16 00:00:00,23.6,0.1,90.0,6.0,92.0,98.0,13.7,0
350,10027.0,0,0,2020-08-16 13:00:00,20.0,2.0,100.0,93.0,100.0,99.0,16.0,0
351,10030.0,1,0,2020-08-16 00:00:00,23.6,0.1,90.0,6.0,92.0,98.0,13.7,1
352,10035.0,0,0,2020-08-16 06:00:00,21.6,0.0,100.0,30.0,100.0,91.0,14.4,0
353,10011.0,0,0,2020-08-16 09:00:00,20.8,0.3,88.0,0.0,100.0,93.0,14.5,0
354,10009.0,0,0,2020-08-15 12:00:00,22.2,0.0,41.0,0.0,21.0,95.0,10.8,0
355,10033.0,1,0,2020-08-15 01:00:00,26.3,0.0,17.0,10.0,9.0,9.0,5.2,1
356,10022.0,0,0,2020-08-15 21:00:00,25.1,0.0,67.0,11.0,46.0,99.0,15.4,0
357,10028.0,0,0,2020-08-15 11:00:00,22.1,0.0,50.0,0.0,35.0,95.0,12.0,0
358,10026.0,0,0,2020-08-15 01:00:00,26.3,0.0,17.0,10.0,9.0,9.0,5.2,0
359,10012.0,0,0,2020-08-15 12:00:00,22.2,0.0,41.0,0.0,21.0,95.0,10.8,0
360,10032.0,1,0,2020-08-15 16:00:00,26.5,0.0,26.0,0.0,3.0,82.0,12.9,1
361,10037.0,0,0,2020-08-15 00:00:00,26.8,0.0,10.0,4.0,3.0,14.0,4.3,0
362,10014.0,0,0,2020-08-15 22:00:00,24.6,0.0,89.0,9.0,85.0,100.0,13.4,0
363,10035.0,4,0,2020-08-15 07:00:00,23.1,0.0,18.0,11.0,13.0,0.0,6.9,1
364,10032.0,0,0,2020-08-15 17:00:00,26.7,0.0,40.0,0.0,25.0,82.0,14.1,0
365,10027.0,1,0,2020-08-15 20:00:00,25.3,0.0,73.0,8.0,60.0,98.0,15.6,1
366,10036.0,1,0,2020-08-15 07:00:00,23.1,0.0,18.0,11.0,13.0,0.0,6.9,1
367,10032.0,1,0,2020-08-15 05:00:00,23.3,0.0,35.0,8.0,13.0,68.0,6.1,1
368,10027.0,0,0,2020-08-15 12:00:00,22.2,0.0,41.0,0.0,21.0,95.0,10.8,0
369,10003.0,1,0,2020-08-15 11:00:00,22.1,0.0,50.0,0.0,35.0,95.0,12.0,1
370,10012.0,2,0,2020-08-15 19:00:00,25.8,0.0,62.0,7.0,44.0,96.0,15.1,1
371,10013.0,0,0,2020-08-15 20:00:00,25.3,0.0,73.0,8.0,60.0,98.0,15.6,0
372,10032.0,0,0,2020-08-15 02:00:00,25.4,0.0,29.0,6.0,20.0,38.0,5.5,0
373,10032.0,0,0,2020-08-15 10:00:00,22.1,0.0,54.0,7.0,36.0,88.0,11.8,0
374,10019.0,2,0,2020-08-14 10:00:00,23.3,0.0,38.0,5.0,9.0,92.0,10.7,1
375,10034.0,1,0,2020-08-14 03:00:00,23.6,0.0,29.0,9.0,15.0,38.0,5.4,1
376,10025.0,0,0,2020-08-14 11:00:00,23.5,0.0,39.0,2.0,15.0,94.0,11.0,0
377,10036.0,0,0,2020-08-14 20:00:00,28.5,0.0,34.0,0.0,26.0,61.0,11.3,0
378,10022.0,0,0,2020-08-14 14:00:00,25.5,0.0,30.0,0.0,2.0,96.0,12.5,0
379,10032.0,1,0,2020-08-14 03:00:00,23.6,0.0,29.0,9.0,15.0,38.0,5.4,1
380,10019.0,1,0,2020-08-14 23:00:00,27.5,0.0,14.0,2.0,12.0,16.0,6.1,1
381,10025.0,0,0,2020-08-14 07:00:00,23.0,0.6,30.0,17.0,8.0,34.0,6.6,0
382,10021.0,1,0,2020-08-14 15:00:00,27.2,0.0,33.0,1.0,8.0,91.0,13.7,1
383,10023.0,1,0,2020-08-14 06:00:00,23.2,0.0,19.0,5.0,7.0,35.0,6.4,1
384,10027.0,0,0,2020-08-14 15:00:00,27.2,0.0,33.0,1.0,8.0,91.0,13.7,0
385,10029.0,1,0,2020-08-14 23:00:00,27.5,0.0,14.0,2.0,12.0,16.0,6.1,1
386,10024.0,1,0,2020-08-14 09:00:00,22.9,0.0,55.0,24.0,24.0,62.0,11.4,1
387,10016.0,0,0,2020-08-14 23:00:00,27.5,0.0,14.0,2.0,12.0,16.0,6.1,0
388,10032.0,1,0,2020-08-14 21:00:00,28.5,0.0,32.0,0.0,21.0,66.0,10.5,1
389,10033.0,0,0,2020-08-14 10:00:00,23.3,0.0,38.0,5.0,9.0,92.0,10.7,0
390,10023.0,0,0,2020-08-14 16:00:00,27.5,0.0,43.0,5.0,21.0,86.0,15.0,0
391,10018.0,0,0,2020-08-14 14:00:00,25.5,0.0,30.0,0.0,2.0,96.0,12.5,0
392,10009.0,1,0,2020-08-14 19:00:00,28.5,0.0,25.0,0.0,29.0,26.0,12.6,1
393,10006.0,0,0,2020-08-14 09:00:00,22.9,0.0,55.0,24.0,24.0,62.0,11.4,0
394,10009.0,1,0,2020-08-14 15:00:00,27.2,0.0,33.0,1.0,8.0,91.0,13.7,1
395,10030.0,0,0,2020-08-14 10:00:00,23.3,0.0,38.0,5.0,9.0,92.0,10.7,0
396,10033.0,0,0,2020-08-14 18:00:00,28.4,0.0,33.0,1.0,41.0,24.0,14.5,0
397,10029.0,1,0,2020-08-14 17:00:00,28.0,0.0,40.0,2.0,37.0,53.0,15.5,1
398,10019.0,0,0,2020-08-14 14:00:00,25.5,0.0,30.0,0.0,2.0,96.0,12.5,0
399,10032.0,0,0,2020-08-13 00:00:00,27.4,0.0,36.0,0.0,23.0,73.0,3.4,0
400,10018.0,0,0,2020-08-13 19:00:00,25.4,0.5,100.0,80.0,29.0,99.0,7.1,0
401,10018.0,0,0,2020-08-13 15:00:00,25.8,1.0,49.0,16.0,11.0,94.0,4.3,0
402,10017.0,2,0,2020-08-13 16:00:00,25.8,1.2,93.0,62.0,12.0,99.0,5.5,1
403,10035.0,0,0,2020-08-13 00:00:00,27.4,0.0,36.0,0.0,23.0,73.0,3.4,0
404,10002.0,1,0,2020-08-13 10:00:00,25.0,0.0,53.0,7.0,35.0,86.0,9.2,1
405,10128.0,1,0,2020-08-13 15:00:00,25.8,1.0,49.0,16.0,11.0,94.0,4.3,1
406,10029.0,0,0,2020-08-13 05:00:00,25.8,0.0,40.0,8.0,5.0,99.0,2.6,0
407,10035.0,0,0,2020-08-13 18:00:00,25.9,2.1,100.0,69.0,44.0,100.0,6.2,0
408,10032.0,1,0,2020-08-13 11:00:00,24.8,0.0,81.0,48.0,23.0,81.0,8.4,1
409,10021.0,0,0,2020-08-13 07:00:00,25.8,0.3,61.0,7.0,43.0,96.0,2.4,0
410,10028.0,0,0,2020-08-13 10:00:00,25.0,0.0,53.0,7.0,35.0,86.0,9.2,0
411,10016.0,0,0,2020-08-13 11:00:00,24.8,0.0,81.0,48.0,23.0,81.0,8.4,0
412,10029.0,1,0,2020-08-13 22:00:00,25.5,0.2,98.0,18.0,86.0,100.0,5.0,1
413,10029.0,1,0,2020-08-13 18:00:00,25.9,2.1,100.0,69.0,44.0,100.0,6.2,1
414,10003.0,1,0,2020-08-13 07:00:00,25.8,0.3,61.0,7.0,43.0,96.0,2.4,1
415,10029.0,1,0,2020-08-13 09:00:00,24.7,0.0,83.0,51.0,13.0,96.0,6.7,1
416,10022.0,0,0,2020-08-13 19:00:00,25.4,0.5,100.0,80.0,29.0,99.0,7.1,0
417,10002.0,1,0,2020-08-13 17:00:00,26.0,1.2,100.0,92.0,38.0,100.0,5.9,1
418,10035.0,0,0,2020-08-13 00:00:00,27.4,0.0,36.0,0.0,23.0,73.0,3.4,0
419,10035.0,1,0,2020-08-13 18:00:00,25.9,2.1,100.0,69.0,44.0,100.0,6.2,1
420,10013.0,0,0,2020-08-13 07:00:00,25.8,0.3,61.0,7.0,43.0,96.0,2.4,0
421,10028.0,0,0,2020-08-13 22:00:00,25.5,0.2,98.0,18.0,86.0,100.0,5.0,0
422,10027.0,0,0,2020-08-13 17:00:00,26.0,1.2,100.0,92.0,38.0,100.0,5.9,0
423,10001.0,1,0,2020-08-13 05:00:00,25.8,0.0,40.0,8.0,5.0,99.0,2.6,1
424,10018.0,0,0,2020-08-13 18:00:00,25.9,2.1,100.0,69.0,44.0,100.0,6.2,0
425,10004.0,0,0,2020-08-13 00:00:00,27.4,0.0,36.0,0.0,23.0,73.0,3.4,0
426,10030.0,1,0,2020-08-13 20:00:00,25.2,0.3,100.0,56.0,34.0,99.0,8.2,1
427,10013.0,1,0,2020-08-13 15:00:00,25.8,1.0,49.0,16.0,11.0,94.0,4.3,1
428,10009.0,3,0,2020-08-13 02:00:00,26.6,0.0,29.0,0.0,9.0,79.0,3.0,1
429,10027.0,0,0,2020-08-12 05:00:00,25.8,0.0,29.0,0.0,5.0,87.0,10.2,0
430,10019.0,1,0,2020-08-12 11:00:00,25.5,0.0,41.0,0.0,24.0,89.0,4.0,1
431,10039.0,0,0,2020-08-12 17:00:00,29.8,0.2,58.0,29.0,33.0,40.0,2.8,0
432,10037.0,0,0,2020-08-12 21:00:00,27.3,1.1,79.0,50.0,11.0,91.0,5.3,0
433,10023.0,1,0,2020-08-12 15:00:00,29.3,0.0,42.0,29.0,4.0,44.0,2.5,1
434,10036.0,1,0,2020-08-12 18:00:00,29.6,1.9,36.0,11.0,27.0,34.0,5.0,1
435,10040.0,1,0,2020-08-12 00:00:00,27.9,0.0,28.0,3.0,26.0,33.0,11.3,1
436,10037.0,0,0,2020-08-12 17:00:00,29.8,0.2,58.0,29.0,33.0,40.0,2.8,0
437,10013.0,0,0,2020-08-12 14:00:00,27.5,0.0,46.0,32.0,10.0,37.0,2.6,0
438,10029.0,0,0,2020-08-12 11:00:00,25.5,0.0,41.0,0.0,24.0,89.0,4.0,0
439,10032.0,0,0,2020-08-12 13:00:00,26.6,0.0,17.0,0.0,8.0,41.0,1.5,0
440,10033.0,2,0,2020-08-12 12:00:00,25.8,0.0,36.0,0.0,15.0,90.0,1.6,1
441,10016.0,0,0,2020-08-12 11:00:00,25.5,0.0,41.0,0.0,24.0,89.0,4.0,0
442,10037.0,1,0,2020-08-12 20:00:00,28.0,5.0,52.0,18.0,15.0,89.0,2.3,1
443,10016.0,0,0,2020-08-12 06:00:00,25.6,0.0,35.0,1.0,11.0,91.0,9.2,0
444,10024.0,0,0,2020-08-12 11:00:00,25.5,0.0,41.0,0.0,24.0,89.0,4.0,0
445,10001.0,0,0,2020-08-12 05:00:00,25.8,0.0,29.0,0.0,5.0,87.0,10.2,0
446,10001.0,0,0,2020-08-12 01:00:00,27.4,0.0,20.0,0.0,20.0,26.0,11.4,0
447,10014.0,0,0,2020-08-12 14:00:00,27.5,0.0,46.0,32.0,10.0,37.0,2.6,0
448,10013.0,0,0,2020-08-12 19:00:00,28.9,0.9,35.0,8.0,15.0,62.0,5.4,0
449,10027.0,0,0,2020-08-12 11:00:00,25.5,0.0,41.0,0.0,24.0,89.0,4.0,0
450,10038.0,0,0,2020-08-12 11:00:00,25.5,0.0,41.0,0.0,24.0,89.0,4.0,0
451,10002.0,0,0,2020-08-12 14:00:00,27.5,0.0,46.0,32.0,10.0,37.0,2.6,0
452,10128.0,1,0,2020-08-12 20:00:00,28.0,5.0,52.0,18.0,15.0,89.0,2.3,1
453,10036.0,0,0,2020-08-12 19:00:00,28.9,0.9,35.0,8.0,15.0,62.0,5.4,0
454,10027.0,1,0,2020-08-12 15:00:00,29.3,0.0,42.0,29.0,4.0,44.0,2.5,1
455,10039.0,0,0,2020-08-12 16:00:00,29.8,0.0,39.0,17.0,19.0,42.0,2.4,0
456,10002.0,1,0,2020-08-11 03:00:00,26.3,0.0,17.0,0.0,26.0,3.0,10.6,1
457,10017.0,0,0,2020-08-11 01:00:00,27.9,0.0,16.0,0.0,26.0,0.0,8.4,0
458,10036.0,1,0,2020-08-11 18:00:00,29.3,0.3,52.0,13.0,34.0,65.0,13.7,1
459,10029.0,0,0,2020-08-11 03:00:00,26.3,0.0,17.0,0.0,26.0,3.0,10.6,0
460,10024.0,0,0,2020-08-11 12:00:00,25.0,0.0,20.0,0.0,0.0,66.0,4.6,0
461,10011.0,1,0,2020-08-11 23:00:00,28.5,0.0,28.0,2.0,24.0,39.0,13.0,1
462,10031.0,0,0,2020-08-11 18:00:00,29.3,0.3,52.0,13.0,34.0,65.0,13.7,0
463,10013.0,0,0,2020-08-11 14:00:00,26.2,0.0,39.0,12.0,0.0,94.0,5.8,0
464,10016.0,1,0,2020-08-11 14:00:00,26.2,0.0,39.0,12.0,0.0,94.0,5.8,1
465,10018.0,0,0,2020-08-11 23:00:00,28.5,0.0,28.0,2.0,24.0,39.0,13.0,0
466,10023.0,1,0,2020-08-11 16:00:00,28.9,0.0,49.0,15.0,22.0,73.0,10.5,1
467,10031.0,0,0,2020-08-11 11:00:00,24.8,0.0,26.0,1.0,0.0,85.0,5.4,0
468,10025.0,0,0,2020-08-11 08:00:00,25.1,0.0,32.0,0.0,7.0,92.0,7.9,0
469,10012.0,0,0,2020-08-11 00:00:00,28.7,0.0,28.0,1.0,43.0,5.0,7.8,0
470,10128.0,0,0,2020-08-11 01:00:00,27.9,0.0,16.0,0.0,26.0,0.0,8.4,0
471,10009.0,0,0,2020-08-11 11:00:00,24.8,0.0,26.0,1.0,0.0,85.0,5.4,0
472,10034.0,0,0,2020-08-11 17:00:00,29.2,0.0,44.0,8.0,25.0,72.0,11.9,0
473,10032.0,0,0,2020-08-11 17:00:00,29.2,0.0,44.0,8.0,25.0,72.0,11.9,0
474,10065.0,0,0,2020-08-11 14:00:00,26.2,0.0,39.0,12.0,0.0,94.0,5.8,0
475,10039.0,0,0,2020-08-11 19:00:00,29.5,0.6,35.0,9.0,21.0,47.0,15.7,0
476,10019.0,0,0,2020-08-11 02:00:00,27.3,0.0,13.0,0.0,21.0,0.0,9.5,0
477,10025.0,1,0,2020-08-11 15:00:00,28.3,0.0,50.0,25.0,4.0,83.0,9.1,1
478,10013.0,1,0,2020-08-11 18:00:00,29.3,0.3,52.0,13.0,34.0,65.0,13.7,1
479,10016.0,0,0,2020-08-11 22:00:00,28.8,0.0,41.0,12.0,29.0,43.0,9.4,0
480,10026.0,1,0,2020-08-11 20:00:00,29.6,0.2,32.0,7.0,34.0,17.0,17.5,1
481,10037.0,0,0,2020-08-11 16:00:00,28.9,0.0,49.0,15.0,22.0,73.0,10.5,0
482,10025.0,0,0,2020-08-11 16:00:00,28.9,0.0,49.0,15.0,22.0,73.0,10.5,0
483,10024.0,0,0,2020-08-11 18:00:00,29.3,0.3,52.0,13.0,34.0,65.0,13.7,0
484,10009.0,0,0,2020-08-11 18:00:00,29.3,0.3,52.0,13.0,34.0,65.0,13.7,0
485,10018.0,1,0,2020-08-10 15:00:00,28.8,0.0,0.0,0.0,0.0,0.0,3.6,1
486,10031.0,0,0,2020-08-10 01:00:00,26.8,0.0,2.0,0.0,4.0,0.0,10.1,0
487,10024.0,0,0,2020-08-10 14:00:00,26.7,0.0,1.0,0.0,1.0,0.0,5.0,0
488,10038.0,0,0,2020-08-10 08:00:00,24.0,0.0,1.0,0.0,1.0,0.0,9.8,0
489,10016.0,1,0,2020-08-10 21:00:00,31.9,1.7,39.0,11.0,48.0,1.0,9.7,1
490,10013.0,1,0,2020-08-10 00:00:00,27.3,0.0,3.0,0.0,5.0,0.0,9.7,1
491,10032.0,0,0,2020-08-10 11:00:00,24.1,0.0,9.0,0.0,15.0,0.0,7.2,0
492,10036.0,0,0,2020-08-10 14:00:00,26.7,0.0,1.0,0.0,1.0,0.0,5.0,0
493,10003.0,0,0,2020-08-10 12:00:00,24.7,0.0,9.0,0.0,15.0,0.0,6.6,0
494,10037.0,0,0,2020-08-10 19:00:00,31.4,0.0,6.0,0.0,10.0,0.0,9.5,0
495,10002.0,1,0,2020-08-10 16:00:00,29.8,0.0,2.0,0.0,3.0,0.0,3.4,1
496,10003.0,1,0,2020-08-10 21:00:00,31.9,1.7,39.0,11.0,48.0,1.0,9.7,1
497,10030.0,0,0,2020-08-10 14:00:00,26.7,0.0,1.0,0.0,1.0,0.0,5.0,0
498,10065.0,0,0,2020-08-10 17:00:00,30.8,0.0,5.0,0.0,8.0,0.0,5.8,0
499,10035.0,0,0,2020-08-10 17:00:00,30.8,0.0,5.0,0.0,8.0,0.0,5.8,0
500,10035.0,0,0,2020-08-10 22:00:00,30.2,0.0,36.0,0.0,50.0,19.0,10.4,0
501,10024.0,0,0,2020-08-10 18:00:00,31.0,0.0,12.0,1.0,18.0,0.0,7.9,0
502,10065.0,0,0,2020-08-10 16:00:00,29.8,0.0,2.0,0.0,3.0,0.0,3.4,0
503,10024.0,1,0,2020-08-10 17:00:00,30.8,0.0,5.0,0.0,8.0,0.0,5.8,1
504,10030.0,0,0,2020-08-10 07:00:00,24.2,0.0,1.0,0.0,2.0,0.0,10.1,0
505,10019.0,0,0,2020-08-10 19:00:00,31.4,0.0,6.0,0.0,10.0,0.0,9.5,0
506,10029.0,0,0,2020-08-10 23:00:00,29.8,0.0,25.0,2.0,37.0,4.0,8.9,0
507,10006.0,0,0,2020-08-10 11:00:00,24.1,0.0,9.0,0.0,15.0,0.0,7.2,0
508,10017.0,0,0,2020-08-10 12:00:00,24.7,0.0,9.0,0.0,15.0,0.0,6.6,0
509,10029.0,0,0,2020-08-10 00:00:00,27.3,0.0,3.0,0.0,5.0,0.0,9.7,0
510,10035.0,0,0,2020-08-10 12:00:00,24.7,0.0,9.0,0.0,15.0,0.0,6.6,0
511,10039.0,1,0,2020-08-09 07:00:00,22.6,0.0,19.0,9.0,3.0,29.0,7.7,1
512,10016.0,1,0,2020-08-09 18:00:00,28.9,0.0,22.0,6.0,28.0,0.0,10.2,1
513,10065.0,1,0,2020-08-09 12:00:00,23.0,0.0,52.0,30.0,5.0,73.0,7.1,1
514,10016.0,0,0,2020-08-09 08:00:00,22.3,0.0,38.0,20.0,4.0,57.0,6.4,0
515,10032.0,0,0,2020-08-09 20:00:00,29.1,0.0,11.0,1.0,17.0,0.0,10.0,0
516,10002.0,0,0,2020-08-09 18:00:00,28.9,0.0,22.0,6.0,28.0,0.0,10.2,0
517,10018.0,0,0,2020-08-09 08:00:00,22.3,0.0,38.0,20.0,4.0,57.0,6.4,0
518,10002.0,0,0,2020-08-09 16:00:00,28.0,0.0,20.0,1.0,32.0,0.0,7.9,0
519,10030.0,0,0,2020-08-09 00:00:00,25.4,0.0,28.0,13.0,27.0,0.0,7.6,0
520,10065.0,0,0,2020-08-09 12:00:00,23.0,0.0,52.0,30.0,5.0,73.0,7.1,0
521,10025.0,1,0,2020-08-09 14:00:00,25.1,0.0,6.0,0.0,8.0,5.0,7.1,1
522,10016.0,0,0,2020-08-09 22:00:00,28.5,0.0,33.0,5.0,47.0,0.0,9.7,0
523,10128.0,0,0,2020-08-09 11:00:00,22.6,0.0,71.0,34.0,30.0,76.0,7.0,0
524,10022.0,2,0,2020-08-09 00:00:00,25.4,0.0,28.0,13.0,27.0,0.0,7.6,1
525,10039.0,1,0,2020-08-09 17:00:00,28.7,0.0,22.0,5.0,29.0,0.0,9.4,1
526,10033.0,1,0,2020-08-09 01:00:00,24.8,0.0,18.0,8.0,18.0,0.0,7.2,1
527,10033.0,0,0,2020-08-09 21:00:00,29.0,0.2,31.0,2.0,48.0,0.0,10.5,0
528,10040.0,0,0,2020-08-09 18:00:00,28.9,0.0,22.0,6.0,28.0,0.0,10.2,0
529,10034.0,0,0,2020-08-09 15:00:00,27.3,0.0,6.0,1.0,9.0,0.0,6.9,0
530,10069.0,0,0,2020-08-09 12:00:00,23.0,0.0,52.0,30.0,5.0,73.0,7.1,0
531,10036.0,0,0,2020-08-09 12:00:00,23.0,0.0,52.0,30.0,5.0,73.0,7.1,0
532,10029.0,0,0,2020-08-08 01:00:00,23.0,0.0,66.0,4.0,59.0,91.0,6.3,0
533,10029.0,0,0,2020-08-08 01:00:00,23.0,0.0,66.0,4.0,59.0,91.0,6.3,0
534,10010.0,0,0,2020-08-08 15:00:00,25.4,0.2,66.0,72.0,2.0,0.0,5.4,0
535,10018.0,1,0,2020-08-08 18:00:00,25.8,0.2,71.0,68.0,16.0,0.0,5.8,1
536,10014.0,0,0,2020-08-08 07:00:00,22.0,1.6,100.0,78.0,100.0,20.0,5.6,0
537,10032.0,0,0,2020-08-08 12:00:00,22.4,0.0,75.0,66.0,21.0,10.0,4.1,0
538,10030.0,0,0,2020-08-08 07:00:00,22.0,1.6,100.0,78.0,100.0,20.0,5.6,0
539,10027.0,0,0,2020-08-08 23:00:00,26.0,0.0,28.0,9.0,33.0,0.0,8.2,0
540,10026.0,0,0,2020-08-08 14:00:00,23.6,0.0,89.0,97.0,3.0,0.0,5.2,0
541,10026.0,1,0,2020-08-08 11:00:00,21.8,0.1,76.0,62.0,31.0,5.0,3.3,1
542,10037.0,0,0,2020-08-08 22:00:00,26.3,0.0,42.0,13.0,50.0,0.0,10.3,0
543,10026.0,1,0,2020-08-08 13:00:00,23.0,0.0,74.0,78.0,6.0,1.0,5.7,1
544,10033.0,1,0,2020-08-08 23:00:00,26.0,0.0,28.0,9.0,33.0,0.0,8.2,1
545,10029.0,0,0,2020-08-08 01:00:00,23.0,0.0,66.0,4.0,59.0,91.0,6.3,0
546,10016.0,1,0,2020-08-07 02:00:00,23.7,0.0,49.0,6.0,22.0,100.0,5.9,1
547,10026.0,1,0,2020-08-07 22:00:00,24.0,0.0,72.0,22.0,55.0,65.0,7.6,1
548,10030.0,0,0,2020-08-07 07:00:00,22.7,0.0,44.0,6.0,15.0,99.0,3.9,0
549,10038.0,0,0,2020-08-07 09:00:00,22.8,0.0,88.0,48.0,26.0,96.0,3.4,0
550,10003.0,1,0,2020-08-07 13:00:00,22.4,0.1,80.0,17.0,77.0,63.0,11.1,1
551,10002.0,0,0,2020-08-07 18:00:00,25.1,0.1,86.0,5.0,87.0,98.0,11.9,0
552,10037.0,1,0,2020-08-07 17:00:00,24.9,0.0,92.0,3.0,99.0,100.0,10.4,1
553,10032.0,0,0,2020-08-07 06:00:00,22.8,0.0,60.0,17.0,25.0,99.0,4.6,0
554,10003.0,0,0,2020-08-07 17:00:00,24.9,0.0,92.0,3.0,99.0,100.0,10.4,0
555,10019.0,0,0,2020-08-07 10:00:00,22.8,0.0,100.0,64.0,41.0,65.0,6.4,0
556,10009.0,2,0,2020-08-07 12:00:00,22.4,0.0,67.0,11.0,65.0,60.0,7.3,1
557,10031.0,1,0,2020-08-07 21:00:00,25.2,0.0,89.0,63.0,26.0,54.0,11.0,1
558,10036.0,0,0,2020-08-07 09:00:00,22.8,0.0,88.0,48.0,26.0,96.0,3.4,0
559,10012.0,0,0,2020-08-07 00:00:00,25.0,0.0,55.0,6.0,34.0,97.0,7.8,0
560,10011.0,0,0,2020-08-07 11:00:00,22.5,0.1,100.0,55.0,83.0,71.0,7.8,0
561,10019.0,1,0,2020-08-07 21:00:00,25.2,0.0,89.0,63.0,26.0,54.0,11.0,1
562,10032.0,2,0,2020-08-07 05:00:00,22.6,0.0,47.0,6.0,20.0,100.0,4.8,1
563,10034.0,0,0,2020-08-07 15:00:00,23.9,0.0,100.0,44.0,79.0,87.0,9.3,0
564,10009.0,0,0,2020-08-07 07:00:00,22.7,0.0,44.0,6.0,15.0,99.0,3.9,0
565,10018.0,0,0,2020-08-07 16:00:00,24.3,0.0,100.0,32.0,100.0,100.0,11.2,0
566,10037.0,0,0,2020-08-07 00:00:00,25.0,0.0,55.0,6.0,34.0,97.0,7.8,0
567,10019.0,0,0,2020-08-07 06:00:00,22.8,0.0,60.0,17.0,25.0,99.0,4.6,0
568,10033.0,1,0,2020-08-07 19:00:00,25.0,2.0,59.0,5.0,49.0,85.0,10.8,1
569,10009.0,0,0,2020-08-07 12:00:00,22.4,0.0,67.0,11.0,65.0,60.0,7.3,0
570,10032.0,0,0,2020-08-07 05:00:00,22.6,0.0,47.0,6.0,20.0,100.0,4.8,0
571,10030.0,2,0,2020-08-07 16:00:00,24.3,0.0,100.0,32.0,100.0,100.0,11.2,1
572,10013.0,0,0,2020-08-07 11:00:00,22.5,0.1,100.0,55.0,83.0,71.0,7.8,0
573,10013.0,0,0,2020-08-07 11:00:00,22.5,0.1,100.0,55.0,83.0,71.0,7.8,0
574,10035.0,0,0,2020-08-07 18:00:00,25.1,0.1,86.0,5.0,87.0,98.0,11.9,0
575,10029.0,1,0,2020-08-07 10:00:00,22.8,0.0,100.0,64.0,41.0,65.0,6.4,1
576,10001.0,0,0,2020-08-06 16:00:00,24.5,0.0,100.0,24.0,97.0,89.0,3.6,0
577,10007.0,0,0,2020-08-06 19:00:00,27.6,0.0,76.0,61.0,4.0,63.0,3.8,0
578,10013.0,0,0,2020-08-06 11:00:00,21.5,0.0,12.0,3.0,10.0,11.0,10.1,0
579,10032.0,0,0,2020-08-06 00:00:00,27.0,0.0,9.0,0.0,11.0,8.0,8.2,0
580,10031.0,1,0,2020-08-06 13:00:00,22.8,0.0,64.0,20.0,33.0,88.0,8.4,1
581,10016.0,1,0,2020-08-06 08:00:00,22.7,0.0,38.0,0.0,20.0,88.0,5.3,1
582,10018.0,1,0,2020-08-06 17:00:00,25.5,0.0,68.0,4.0,65.0,84.0,1.5,1
583,10025.0,0,0,2020-08-06 16:00:00,24.5,0.0,100.0,24.0,97.0,89.0,3.6,0
584,10026.0,1,0,2020-08-06 16:00:00,24.5,0.0,100.0,24.0,97.0,89.0,3.6,1
585,10018.0,0,0,2020-08-06 18:00:00,26.4,0.0,56.0,21.0,33.0,57.0,1.9,0
586,10038.0,0,0,2020-08-06 10:00:00,21.9,0.0,30.0,2.0,10.0,74.0,8.3,0
587,10029.0,1,0,2020-08-06 23:00:00,25.9,0.0,60.0,11.0,35.0,96.0,7.6,1
588,10032.0,0,0,2020-08-06 14:00:00,23.1,0.0,92.0,19.0,77.0,97.0,7.8,0
589,10025.0,0,0,2020-08-06 16:00:00,24.5,0.0,100.0,24.0,97.0,89.0,3.6,0
590,10013.0,0,0,2020-08-06 17:00:00,25.5,0.0,68.0,4.0,65.0,84.0,1.5,0
591,10021.0,0,0,2020-08-06 19:00:00,27.6,0.0,76.0,61.0,4.0,63.0,3.8,0
592,10009.0,1,0,2020-08-06 20:00:00,27.7,0.0,100.0,85.0,8.0,72.0,5.4,1
593,10011.0,0,0,2020-08-06 15:00:00,24.0,0.0,90.0,11.0,95.0,76.0,5.5,0
594,10018.0,0,0,2020-08-06 17:00:00,25.5,0.0,68.0,4.0,65.0,84.0,1.5,0
595,10069.0,0,0,2020-08-06 15:00:00,24.0,0.0,90.0,11.0,95.0,76.0,5.5,0
596,10021.0,0,0,2020-08-06 18:00:00,26.4,0.0,56.0,21.0,33.0,57.0,1.9,0
597,10009.0,0,0,2020-08-06 14:00:00,23.1,0.0,92.0,19.0,77.0,97.0,7.8,0
598,10034.0,0,0,2020-08-05 10:00:00,22.7,0.0,2.0,0.0,2.0,1.0,6.2,0
599,10035.0,1,0,2020-08-05 15:00:00,27.7,0.0,0.0,0.0,0.0,0.0,8.7,1
600,10019.0,0,0,2020-08-05 14:00:00,25.8,0.0,2.0,0.0,3.0,0.0,6.1,0
601,10032.0,0,0,2020-08-05 19:00:00,29.7,0.0,29.0,3.0,43.0,0.0,16.0,0
602,10016.0,0,0,2020-08-05 15:00:00,27.7,0.0,0.0,0.0,0.0,0.0,8.7,0
603,10035.0,0,0,2020-08-05 01:00:00,25.2,0.0,9.0,0.0,12.0,7.0,13.8,0
604,10021.0,1,0,2020-08-05 16:00:00,28.1,0.0,18.0,11.0,13.0,0.0,11.3,1
605,10032.0,1,0,2020-08-05 16:00:00,28.1,0.0,18.0,11.0,13.0,0.0,11.3,1
606,10032.0,0,0,2020-08-05 15:00:00,27.7,0.0,0.0,0.0,0.0,0.0,8.7,0
607,10001.0,0,0,2020-08-05 23:00:00,28.2,0.0,30.0,0.0,47.0,5.0,9.2,0
608,10011.0,0,0,2020-08-05 16:00:00,28.1,0.0,18.0,11.0,13.0,0.0,11.3,0
609,10039.0,1,0,2020-08-05 20:00:00,29.8,0.0,29.0,0.0,48.0,0.0,16.4,1
610,10032.0,0,0,2020-08-05 10:00:00,22.7,0.0,2.0,0.0,2.0,1.0,6.2,0
611,10021.0,0,0,2020-08-05 17:00:00,28.8,0.0,16.0,10.0,11.0,0.0,12.1,0
612,10012.0,0,0,2020-08-05 21:00:00,29.8,0.0,21.0,0.0,34.0,1.0,16.2,0
613,10128.0,1,0,2020-08-05 06:00:00,23.1,0.0,44.0,6.0,28.0,71.0,11.2,1
614,10002.0,0,0,2020-08-05 05:00:00,23.5,0.0,57.0,12.0,36.0,81.0,11.6,0
615,10029.0,0,0,2020-08-05 12:00:00,23.6,0.0,2.0,0.0,4.0,0.0,6.2,0
616,10039.0,0,0,2020-08-05 21:00:00,29.8,0.0,21.0,0.0,34.0,1.0,16.2,0
617,10039.0,0,0,2020-08-05 09:00:00,22.6,0.0,7.0,5.0,4.0,0.0,7.9,0
618,10034.0,0,0,2020-08-05 17:00:00,28.8,0.0,16.0,10.0,11.0,0.0,12.1,0
619,10035.0,2,0,2020-08-05 10:00:00,22.7,0.0,2.0,0.0,2.0,1.0,6.2,1
620,10011.0,1,0,2020-08-05 11:00:00,22.7,0.0,3.0,0.0,4.0,1.0,7.6,1
621,10016.0,1,0,2020-08-05 10:00:00,22.7,0.0,2.0,0.0,2.0,1.0,6.2,1
622,10009.0,0,0,2020-08-05 02:00:00,24.7,0.0,12.0,2.0,16.0,1.0,13.1,0
623,10039.0,0,0,2020-08-05 16:00:00,28.1,0.0,18.0,11.0,13.0,0.0,11.3,0
624,10035.0,1,0,2020-08-05 19:00:00,29.7,0.0,29.0,3.0,43.0,0.0,16.0,1
625,10016.0,0,0,2020-08-05 16:00:00,28.1,0.0,18.0,11.0,13.0,0.0,11.3,0
626,10128.0,1,0,2020-08-05 22:00:00,28.7,0.0,23.0,2.0,34.0,3.0,11.9,1
627,10017.0,0,0,2020-08-05 18:00:00,29.2,0.0,17.0,5.0,21.0,0.0,14.1,0
628,10030.0,1,0,2020-08-05 11:00:00,22.7,0.0,3.0,0.0,4.0,1.0,7.6,1
629,10001.0,0,0,2020-08-05 16:00:00,28.1,0.0,18.0,11.0,13.0,0.0,11.3,0
630,10025.0,0,0,2020-08-05 09:00:00,22.6,0.0,7.0,5.0,4.0,0.0,7.9,0
631,10003.0,0,0,2020-08-04 13:00:00,25.0,0.4,100.0,100.0,75.0,100.0,7.4,0
632,10030.0,0,0,2020-08-04 12:00:00,24.2,0.4,100.0,100.0,56.0,100.0,6.9,0
633,10002.0,0,0,2020-08-04 15:00:00,24.9,1.0,97.0,8.0,100.0,100.0,21.3,0
634,10035.0,0,0,2020-08-04 20:00:00,25.3,0.4,86.0,93.0,4.0,0.0,33.7,0
635,10065.0,0,0,2020-08-04 13:00:00,25.0,0.4,100.0,100.0,75.0,100.0,7.4,0
636,10030.0,0,0,2020-08-04 12:00:00,24.2,0.4,100.0,100.0,56.0,100.0,6.9,0
637,10027.0,0,0,2020-08-04 14:00:00,25.8,0.3,100.0,89.0,88.0,100.0,14.2,0
638,10007.0,0,0,2020-08-04 17:00:00,24.1,4.7,100.0,100.0,100.0,53.0,42.1,0
639,10075.0,0,0,2020-08-04 08:00:00,23.8,0.0,97.0,12.0,94.0,100.0,9.5,0
640,10029.0,0,0,2020-08-04 13:00:00,25.0,0.4,100.0,100.0,75.0,100.0,7.4,0
641,10025.0,0,0,2020-08-04 02:00:00,25.6,0.0,82.0,1.0,85.0,99.0,8.1,0
642,10032.0,0,0,2020-08-04 08:00:00,23.8,0.0,97.0,12.0,94.0,100.0,9.5,0
643,10128.0,3,0,2020-08-04 13:00:00,25.0,0.4,100.0,100.0,75.0,100.0,7.4,1
644,10025.0,0,0,2020-08-04 14:00:00,25.8,0.3,100.0,89.0,88.0,100.0,14.2,0
645,10012.0,0,0,2020-08-04 11:00:00,23.9,0.6,100.0,100.0,83.0,100.0,6.8,0
646,10027.0,1,0,2020-08-04 18:00:00,24.3,4.4,100.0,73.0,85.0,0.0,47.2,1
647,10003.0,0,0,2020-08-04 13:00:00,25.0,0.4,100.0,100.0,75.0,100.0,7.4,0
648,10033.0,0,0,2020-08-04 13:00:00,25.0,0.4,100.0,100.0,75.0,100.0,7.4,0
649,10021.0,0,0,2020-08-04 06:00:00,24.1,0.0,68.0,0.0,63.0,100.0,7.3,0
650,10032.0,0,0,2020-08-04 16:00:00,24.2,2.3,100.0,49.0,100.0,100.0,33.2,0
651,10019.0,0,0,2020-08-04 16:00:00,24.2,2.3,100.0,49.0,100.0,100.0,33.2,0
652,10033.0,0,0,2020-08-04 14:00:00,25.8,0.3,100.0,89.0,88.0,100.0,14.2,0
653,10065.0,0,0,2020-08-04 12:00:00,24.2,0.4,100.0,100.0,56.0,100.0,6.9,0
654,10013.0,0,0,2020-08-04 14:00:00,25.8,0.3,100.0,89.0,88.0,100.0,14.2,0
655,10029.0,0,0,2020-08-04 20:00:00,25.3,0.4,86.0,93.0,4.0,0.0,33.7,0
656,10030.0,0,0,2020-08-04 12:00:00,24.2,0.4,100.0,100.0,56.0,100.0,6.9,0
657,10028.0,0,0,2020-08-04 13:00:00,25.0,0.4,100.0,100.0,75.0,100.0,7.4,0
658,10017.0,0,0,2020-08-04 13:00:00,25.0,0.4,100.0,100.0,75.0,100.0,7.4,0
659,10029.0,0,0,2020-08-04 07:00:00,24.5,0.0,85.0,4.0,86.0,100.0,7.1,0
660,10031.0,0,0,2020-08-04 18:00:00,24.3,4.4,100.0,73.0,85.0,0.0,47.2,0
661,10023.0,0,0,2020-08-04 14:00:00,25.8,0.3,100.0,89.0,88.0,100.0,14.2,0
662,10032.0,0,0,2020-08-04 14:00:00,25.8,0.3,100.0,89.0,88.0,100.0,14.2,0
663,10032.0,1,0,2020-08-04 15:00:00,24.9,1.0,97.0,8.0,100.0,100.0,21.3,1
664,10001.0,1,0,2020-08-04 17:00:00,24.1,4.7,100.0,100.0,100.0,53.0,42.1,1
665,10026.0,0,0,2020-08-04 13:00:00,25.0,0.4,100.0,100.0,75.0,100.0,7.4,0
666,10011.0,0,0,2020-08-04 12:00:00,24.2,0.4,100.0,100.0,56.0,100.0,6.9,0
667,10013.0,0,0,2020-08-04 22:00:00,26.1,0.0,35.0,7.0,47.0,0.0,26.4,0
668,10003.0,0,0,2020-08-04 13:00:00,25.0,0.4,100.0,100.0,75.0,100.0,7.4,0
669,10027.0,0,0,2020-08-04 14:00:00,25.8,0.3,100.0,89.0,88.0,100.0,14.2,0
670,10032.0,0,0,2020-08-04 13:00:00,25.0,0.4,100.0,100.0,75.0,100.0,7.4,0
671,10031.0,0,0,2020-08-04 13:00:00,25.0,0.4,100.0,100.0,75.0,100.0,7.4,0
672,10029.0,0,0,2020-08-04 16:00:00,24.2,2.3,100.0,49.0,100.0,100.0,33.2,0
673,10030.0,0,0,2020-08-04 12:00:00,24.2,0.4,100.0,100.0,56.0,100.0,6.9,0
674,10025.0,0,0,2020-08-04 15:00:00,24.9,1.0,97.0,8.0,100.0,100.0,21.3,0
675,10025.0,0,0,2020-08-04 13:00:00,25.0,0.4,100.0,100.0,75.0,100.0,7.4,0
676,10025.0,0,0,2020-08-04 03:00:00,24.5,0.0,71.0,0.0,68.0,100.0,3.1,0
677,10034.0,1,0,2020-08-04 16:00:00,24.2,2.3,100.0,49.0,100.0,100.0,33.2,1
678,10032.0,0,0,2020-08-03 17:00:00,29.5,0.0,15.0,0.0,19.0,11.0,11.5,0
679,10034.0,0,0,2020-08-03 15:00:00,27.9,0.0,21.0,0.0,23.0,24.0,10.3,0
680,10029.0,0,0,2020-08-03 07:00:00,27.0,0.0,14.0,0.0,6.0,36.0,15.0,0
681,10027.0,3,0,2020-08-03 21:00:00,30.5,0.0,40.0,6.0,8.0,99.0,13.1,1
682,10025.0,0,0,2020-08-03 13:00:00,26.2,0.0,17.0,0.0,1.0,55.0,11.2,0
683,10019.0,0,0,2020-08-03 15:00:00,27.9,0.0,21.0,0.0,23.0,24.0,10.3,0
684,10002.0,1,0,2020-08-03 04:00:00,27.7,0.0,5.0,0.0,1.0,14.0,18.2,1
685,10019.0,0,0,2020-08-03 14:00:00,26.5,0.0,12.0,0.0,8.0,24.0,11.2,0
686,10035.0,0,0,2020-08-03 16:00:00,28.6,0.0,18.0,0.0,21.0,18.0,11.1,0
687,10019.0,0,0,2020-08-03 11:00:00,25.6,0.0,15.0,0.0,11.0,27.0,8.6,0
688,10003.0,0,0,2020-08-03 08:00:00,26.7,0.0,5.0,0.0,3.0,12.0,13.1,0
689,10035.0,0,0,2020-08-03 06:00:00,27.3,0.0,8.0,0.0,1.0,26.0,17.7,0
690,10002.0,2,0,2020-08-03 14:00:00,26.5,0.0,12.0,0.0,8.0,24.0,11.2,1
691,10025.0,0,0,2020-08-03 03:00:00,27.9,0.0,16.0,0.0,10.0,34.0,17.3,0
692,10002.0,0,0,2020-08-03 18:00:00,29.8,0.0,10.0,0.0,9.0,16.0,12.9,0
693,10023.0,0,0,2020-08-03 07:00:00,27.0,0.0,14.0,0.0,6.0,36.0,15.0,0
694,10009.0,1,0,2020-08-03 21:00:00,30.5,0.0,40.0,6.0,8.0,99.0,13.1,1
695,10013.0,0,0,2020-08-03 18:00:00,29.8,0.0,10.0,0.0,9.0,16.0,12.9,0
696,10022.0,1,0,2020-08-03 15:00:00,27.9,0.0,21.0,0.0,23.0,24.0,10.3,1
697,10001.0,0,0,2020-08-03 06:00:00,27.3,0.0,8.0,0.0,1.0,26.0,17.7,0
698,10035.0,1,0,2020-08-03 22:00:00,29.6,0.0,66.0,18.0,33.0,100.0,7.2,1
699,10075.0,0,0,2020-08-03 09:00:00,26.2,0.0,11.0,0.0,15.0,7.0,11.7,0
700,10013.0,1,0,2020-08-03 10:00:00,25.9,0.0,13.0,2.0,14.0,9.0,9.4,1
701,10022.0,1,0,2020-08-03 22:00:00,29.6,0.0,66.0,18.0,33.0,100.0,7.2,1
702,10029.0,1,0,2020-08-03 21:00:00,30.5,0.0,40.0,6.0,8.0,99.0,13.1,1
703,10039.0,0,0,2020-08-03 15:00:00,27.9,0.0,21.0,0.0,23.0,24.0,10.3,0
704,10029.0,1,0,2020-08-03 08:00:00,26.7,0.0,5.0,0.0,3.0,12.0,13.1,1
705,10033.0,1,0,2020-08-02 03:00:00,25.4,0.0,42.0,0.0,53.0,33.0,10.8,1
706,10029.0,0,0,2020-08-02 08:00:00,24.6,0.0,70.0,4.0,88.0,45.0,9.4,0
707,10031.0,0,0,2020-08-02 00:00:00,27.2,0.0,14.0,0.0,17.0,12.0,14.5,0
708,10031.0,0,0,2020-08-02 17:00:00,29.0,0.1,96.0,71.0,6.0,96.0,14.8,0
709,10027.0,2,0,2020-08-02 01:00:00,26.7,0.0,21.0,0.0,22.0,25.0,14.6,1
710,10026.0,0,0,2020-08-02 14:00:00,26.7,0.2,100.0,78.0,52.0,90.0,15.9,0
711,10007.0,0,0,2020-08-02 12:00:00,25.6,0.0,81.0,31.0,45.0,88.0,10.1,0
712,10030.0,0,0,2020-08-02 00:00:00,27.2,0.0,14.0,0.0,17.0,12.0,14.5,0
713,10033.0,0,0,2020-08-02 11:00:00,25.3,0.0,71.0,21.0,40.0,94.0,9.5,0
714,10025.0,1,0,2020-08-02 19:00:00,30.6,0.2,56.0,20.0,16.0,96.0,16.0,1
715,10035.0,0,0,2020-08-02 06:00:00,24.9,0.0,43.0,0.0,28.0,88.0,9.3,0
716,10009.0,0,0,2020-08-02 12:00:00,25.6,0.0,81.0,31.0,45.0,88.0,10.1,0
717,10002.0,1,0,2020-08-02 00:00:00,27.2,0.0,14.0,0.0,17.0,12.0,14.5,1
718,10012.0,0,0,2020-08-02 12:00:00,25.6,0.0,81.0,31.0,45.0,88.0,10.1,0
719,10016.0,1,0,2020-08-02 01:00:00,26.7,0.0,21.0,0.0,22.0,25.0,14.6,1
720,10065.0,1,0,2020-08-02 11:00:00,25.3,0.0,71.0,21.0,40.0,94.0,9.5,1
721,10012.0,1,0,2020-08-02 20:00:00,29.8,3.4,62.0,27.0,13.0,98.0,14.4,1
722,10025.0,1,0,2020-08-02 08:00:00,24.6,0.0,70.0,4.0,88.0,45.0,9.4,1
723,10005.0,1,0,2020-08-02 17:00:00,29.0,0.1,96.0,71.0,6.0,96.0,14.8,1
724,10025.0,0,0,2020-08-02 15:00:00,27.7,0.1,100.0,64.0,29.0,93.0,14.8,0
725,10032.0,0,0,2020-08-02 07:00:00,24.8,0.0,53.0,0.0,50.0,76.0,8.8,0
726,10032.0,1,0,2020-08-02 19:00:00,30.6,0.2,56.0,20.0,16.0,96.0,16.0,1
727,10001.0,0,1,2020-08-02 05:00:00,25.2,0.0,43.0,0.0,38.0,66.0,7.2,2
728,10029.0,0,0,2020-08-01 22:00:00,28.7,0.0,29.0,3.0,34.0,19.0,12.1,0
729,10003.0,0,0,2020-08-01 14:00:00,26.7,0.0,0.0,0.0,0.0,1.0,5.6,0
730,10026.0,0,0,2020-08-01 20:00:00,29.6,0.0,26.0,0.0,36.0,16.0,10.7,0
731,10009.0,0,0,2020-08-01 13:00:00,25.7,0.0,10.0,0.0,0.0,32.0,7.4,0
732,10016.0,1,0,2020-08-01 18:00:00,29.6,0.0,53.0,1.0,47.0,80.0,6.8,1
733,10002.0,1,0,2020-08-01 15:00:00,28.7,0.0,17.0,0.0,28.0,0.0,3.3,1
734,10002.0,1,0,2020-08-01 10:00:00,23.3,0.0,1.0,0.0,0.0,3.0,9.0,1
735,10065.0,0,0,2020-08-01 14:00:00,26.7,0.0,0.0,0.0,0.0,1.0,5.6,0
736,10032.0,1,0,2020-08-01 10:00:00,23.3,0.0,1.0,0.0,0.0,3.0,9.0,1
737,10027.0,4,0,2020-08-01 04:00:00,23.9,0.0,7.0,0.0,12.0,0.0,5.5,1
738,10022.0,0,0,2020-08-01 14:00:00,26.7,0.0,0.0,0.0,0.0,1.0,5.6,0
739,10034.0,1,0,2020-08-01 05:00:00,23.7,0.0,8.0,0.0,13.0,0.0,5.8,1
740,10029.0,0,0,2020-08-01 12:00:00,24.4,0.0,12.0,0.0,0.0,40.0,8.7,0
741,10002.0,0,0,2020-08-01 15:00:00,28.7,0.0,17.0,0.0,28.0,0.0,3.3,0
742,10023.0,0,0,2020-08-01 17:00:00,29.6,0.0,52.0,8.0,42.0,64.0,4.4,0
743,10019.0,0,0,2020-08-01 08:00:00,23.4,0.0,0.0,0.0,0.0,0.0,6.2,0
744,10029.0,0,0,2020-08-01 21:00:00,29.2,0.0,17.0,0.0,20.0,17.0,12.3,0
745,10034.0,0,0,2020-08-01 14:00:00,26.7,0.0,0.0,0.0,0.0,1.0,5.6,0
746,10038.0,2,0,2020-08-01 08:00:00,23.4,0.0,0.0,0.0,0.0,0.0,6.2,1
747,10022.0,0,0,2020-08-01 05:00:00,23.7,0.0,8.0,0.0,13.0,0.0,5.8,0
748,10027.0,0,0,2020-08-01 00:00:00,26.5,0.0,25.0,2.0,39.0,0.0,3.2,0
749,10004.0,1,0,2020-07-31 03:00:00,26.8,0.0,75.0,0.0,75.0,100.0,4.6,1
750,10029.0,0,0,2020-07-31 13:00:00,22.3,1.2,96.0,10.0,97.0,96.0,7.6,0
751,10027.0,0,0,2020-07-31 16:00:00,23.7,0.2,100.0,21.0,86.0,100.0,4.7,0
752,10024.0,2,0,2020-07-31 17:00:00,24.4,0.0,100.0,49.0,56.0,99.0,3.6,1
753,10280.0,0,0,2020-07-31 15:00:00,23.6,0.2,100.0,19.0,100.0,100.0,6.2,0
754,10029.0,0,0,2020-07-31 09:00:00,23.1,1.5,100.0,28.0,96.0,100.0,5.9,0
755,10026.0,0,0,2020-07-31 19:00:00,25.4,0.2,100.0,56.0,48.0,92.0,1.9,0
756,10035.0,0,0,2020-07-31 00:00:00,29.2,0.0,30.0,0.0,0.0,100.0,4.9,0
757,10016.0,1,0,2020-07-31 13:00:00,22.3,1.2,96.0,10.0,97.0,96.0,7.6,1
758,10003.0,1,0,2020-07-31 18:00:00,24.9,0.0,100.0,43.0,60.0,86.0,1.5,1
759,10011.0,1,0,2020-07-31 22:00:00,27.0,0.0,36.0,12.0,27.0,30.0,2.3,1
760,10034.0,1,0,2020-07-31 20:00:00,26.1,0.0,76.0,36.0,22.0,100.0,1.8,1
761,10012.0,0,0,2020-07-31 11:00:00,22.5,1.1,89.0,0.0,99.0,100.0,4.2,0
762,10030.0,0,0,2020-07-31 09:00:00,23.1,1.5,100.0,28.0,96.0,100.0,5.9,0
763,10011.0,1,0,2020-07-31 17:00:00,24.4,0.0,100.0,49.0,56.0,99.0,3.6,1
764,10029.0,0,0,2020-07-31 12:00:00,22.5,0.7,87.0,8.0,88.0,91.0,6.9,0
765,10019.0,0,0,2020-07-31 15:00:00,23.6,0.2,100.0,19.0,100.0,100.0,6.2,0
766,10016.0,0,0,2020-07-31 10:00:00,22.6,1.7,91.0,1.0,100.0,100.0,2.3,0
767,10034.0,4,0,2020-07-31 13:00:00,22.3,1.2,96.0,10.0,97.0,96.0,7.6,1
768,10027.0,0,0,2020-07-31 16:00:00,23.7,0.2,100.0,21.0,86.0,100.0,4.7,0
769,10023.0,1,0,2020-07-31 21:00:00,26.8,0.0,64.0,32.0,15.0,88.0,1.8,1
770,10022.0,0,0,2020-07-31 21:00:00,26.8,0.0,64.0,32.0,15.0,88.0,1.8,0
771,10027.0,1,0,2020-07-31 20:00:00,26.1,0.0,76.0,36.0,22.0,100.0,1.8,1
772,10012.0,1,0,2020-07-31 03:00:00,26.8,0.0,75.0,0.0,75.0,100.0,4.6,1
773,10002.0,0,0,2020-07-31 09:00:00,23.1,1.5,100.0,28.0,96.0,100.0,5.9,0
774,10039.0,0,0,2020-07-31 21:00:00,26.8,0.0,64.0,32.0,15.0,88.0,1.8,0
775,10027.0,0,0,2020-07-31 18:00:00,24.9,0.0,100.0,43.0,60.0,86.0,1.5,0
776,10003.0,0,0,2020-07-31 11:00:00,22.5,1.1,89.0,0.0,99.0,100.0,4.2,0
777,10035.0,2,0,2020-07-31 02:00:00,28.3,0.0,56.0,0.0,43.0,99.0,5.7,1
778,10027.0,0,0,2020-07-31 04:00:00,26.3,0.0,79.0,0.0,82.0,100.0,4.3,0
779,10032.0,0,0,2020-07-31 07:00:00,23.7,0.2,92.0,2.0,100.0,100.0,7.7,0
780,10026.0,0,0,2020-07-31 13:00:00,22.3,1.2,96.0,10.0,97.0,96.0,7.6,0
781,10023.0,0,0,2020-07-31 12:00:00,22.5,0.7,87.0,8.0,88.0,91.0,6.9,0
782,10018.0,0,0,2020-07-31 00:00:00,29.2,0.0,30.0,0.0,0.0,100.0,4.9,0
783,10026.0,1,0,2020-07-31 03:00:00,26.8,0.0,75.0,0.0,75.0,100.0,4.6,1
784,10032.0,0,0,2020-07-31 11:00:00,22.5,1.1,89.0,0.0,99.0,100.0,4.2,0
785,10002.0,0,0,2020-07-31 09:00:00,23.1,1.5,100.0,28.0,96.0,100.0,5.9,0
786,10033.0,0,0,2020-07-31 13:00:00,22.3,1.2,96.0,10.0,97.0,96.0,7.6,0
787,10035.0,0,0,2020-07-30 12:00:00,25.1,0.0,54.0,4.0,42.0,85.0,4.7,0
788,10009.0,0,0,2020-07-30 09:00:00,24.6,0.0,28.0,0.0,2.0,89.0,9.2,0
789,10040.0,0,0,2020-07-30 16:00:00,30.5,0.0,31.0,0.0,1.0,100.0,7.4,0
790,10014.0,0,0,2020-07-30 14:00:00,27.0,0.0,34.0,1.0,7.0,97.0,4.3,0
791,10025.0,0,0,2020-07-30 16:00:00,30.5,0.0,31.0,0.0,1.0,100.0,7.4,0
792,10039.0,0,0,2020-07-30 15:00:00,29.3,0.0,29.0,0.0,1.0,96.0,5.7,0
793,10026.0,1,0,2020-07-30 16:00:00,30.5,0.0,31.0,0.0,1.0,100.0,7.4,1
794,10024.0,1,0,2020-07-30 12:00:00,25.1,0.0,54.0,4.0,42.0,85.0,4.7,1
795,10035.0,0,0,2020-07-30 00:00:00,29.2,0.0,11.0,0.0,19.0,0.0,7.9,0
796,10029.0,0,0,2020-07-30 11:00:00,24.6,0.0,46.0,2.0,25.0,96.0,5.8,0
797,10026.0,0,0,2020-07-30 00:00:00,29.2,0.0,11.0,0.0,19.0,0.0,7.9,0
798,10003.0,1,0,2020-07-30 08:00:00,25.1,0.0,32.0,0.0,9.0,89.0,9.3,1
799,10010.0,2,0,2020-07-30 10:00:00,25.2,0.0,29.0,0.0,1.0,94.0,5.9,1
800,10019.0,1,0,2020-07-30 17:00:00,31.5,0.0,50.0,1.0,31.0,100.0,9.7,1
801,10065.0,0,0,2020-07-30 15:00:00,29.3,0.0,29.0,0.0,1.0,96.0,5.7,0
802,10030.0,1,0,2020-07-30 14:00:00,27.0,0.0,34.0,1.0,7.0,97.0,4.3,1
803,10065.0,0,0,2020-07-30 08:00:00,25.1,0.0,32.0,0.0,9.0,89.0,9.3,0
804,10019.0,0,0,2020-07-30 15:00:00,29.3,0.0,29.0,0.0,1.0,96.0,5.7,0
805,10002.0,1,0,2020-07-30 00:00:00,29.2,0.0,11.0,0.0,19.0,0.0,7.9,1
806,10128.0,0,0,2020-07-30 09:00:00,24.6,0.0,28.0,0.0,2.0,89.0,9.2,0
807,10033.0,0,0,2020-07-30 10:00:00,25.2,0.0,29.0,0.0,1.0,94.0,5.9,0
808,10010.0,0,0,2020-07-30 16:00:00,30.5,0.0,31.0,0.0,1.0,100.0,7.4,0
809,10002.0,0,0,2020-07-30 22:00:00,30.6,0.0,30.0,0.0,0.0,100.0,5.8,0
810,10016.0,1,0,2020-07-30 07:00:00,25.6,0.0,32.0,0.0,9.0,87.0,9.5,1
811,10001.0,1,0,2020-07-30 17:00:00,31.5,0.0,50.0,1.0,31.0,100.0,9.7,1
812,10026.0,5,0,2020-07-30 12:00:00,25.1,0.0,54.0,4.0,42.0,85.0,4.7,1
813,10004.0,0,0,2020-07-30 09:00:00,24.6,0.0,28.0,0.0,2.0,89.0,9.2,0
814,10016.0,1,0,2020-07-30 12:00:00,25.1,0.0,54.0,4.0,42.0,85.0,4.7,1
815,10032.0,0,0,2020-07-30 10:00:00,25.2,0.0,29.0,0.0,1.0,94.0,5.9,0
816,10004.0,0,0,2020-07-29 16:00:00,29.8,0.0,11.0,2.0,15.0,0.0,6.3,0
817,10128.0,0,0,2020-07-29 12:00:00,25.5,0.0,2.0,0.0,3.0,0.0,1.4,0
818,10011.0,1,0,2020-07-29 19:00:00,31.4,0.0,7.0,0.0,11.0,0.0,11.8,1
819,10032.0,0,0,2020-07-29 00:00:00,30.0,0.0,26.0,0.0,8.0,71.0,7.0,0
820,10065.0,1,0,2020-07-29 19:00:00,31.4,0.0,7.0,0.0,11.0,0.0,11.8,1
821,10030.0,0,0,2020-07-29 17:00:00,30.5,0.0,6.0,6.0,1.0,0.0,8.7,0
822,10065.0,0,0,2020-07-29 15:00:00,29.2,0.0,25.0,4.0,36.0,0.0,4.1,0
823,10009.0,0,0,2020-07-29 17:00:00,30.5,0.0,6.0,6.0,1.0,0.0,8.7,0
824,10009.0,1,0,2020-07-29 21:00:00,31.7,0.0,12.0,0.0,20.0,0.0,13.3,1
825,10011.0,1,0,2020-07-29 22:00:00,30.1,0.0,16.0,0.0,27.0,0.0,10.1,1
826,10065.0,0,0,2020-07-29 13:00:00,26.3,0.0,9.0,2.0,12.0,1.0,1.6,0
827,10012.0,1,0,2020-07-29 19:00:00,31.4,0.0,7.0,0.0,11.0,0.0,11.8,1
828,10031.0,0,0,2020-07-29 09:00:00,25.0,0.0,29.0,0.0,5.0,87.0,4.3,0
829,10033.0,0,0,2020-07-29 21:00:00,31.7,0.0,12.0,0.0,20.0,0.0,13.3,0
830,10001.0,0,0,2020-07-29 15:00:00,29.2,0.0,25.0,4.0,36.0,0.0,4.1,0
831,10029.0,0,0,2020-07-29 20:00:00,31.5,0.0,14.0,0.0,23.0,0.0,12.2,0
832,10021.0,0,0,2020-07-29 06:00:00,26.7,0.0,28.0,0.0,10.0,72.0,6.0,0
833,10006.0,0,0,2020-07-29 15:00:00,29.2,0.0,25.0,4.0,36.0,0.0,4.1,0
834,10016.0,0,0,2020-07-29 14:00:00,27.5,0.0,33.0,3.0,50.0,1.0,3.4,0
835,10027.0,0,0,2020-07-29 19:00:00,31.4,0.0,7.0,0.0,11.0,0.0,11.8,0
836,10034.0,0,0,2020-07-29 22:00:00,30.1,0.0,16.0,0.0,27.0,0.0,10.1,0
837,10022.0,0,0,2020-07-29 07:00:00,26.3,0.0,30.0,0.0,10.0,80.0,5.9,0
838,10031.0,0,0,2020-07-29 14:00:00,27.5,0.0,33.0,3.0,50.0,1.0,3.4,0
839,10281.0,0,0,2020-07-29 15:00:00,29.2,0.0,25.0,4.0,36.0,0.0,4.1,0
840,10034.0,0,0,2020-07-29 11:00:00,25.4,0.0,15.0,0.0,15.0,19.0,1.5,0
841,10036.0,1,0,2020-07-29 15:00:00,29.2,0.0,25.0,4.0,36.0,0.0,4.1,1
842,10016.0,2,0,2020-07-29 16:00:00,29.8,0.0,11.0,2.0,15.0,0.0,6.3,1
843,10001.0,0,0,2020-07-29 12:00:00,25.5,0.0,2.0,0.0,3.0,0.0,1.4,0
844,10028.0,0,0,2020-07-29 12:00:00,25.5,0.0,2.0,0.0,3.0,0.0,1.4,0
845,10016.0,0,0,2020-07-28 14:00:00,29.6,0.0,5.0,1.0,5.0,2.0,11.7,0
846,10003.0,0,0,2020-07-28 13:00:00,28.6,0.0,1.0,0.0,2.0,0.0,10.5,0
847,10002.0,1,0,2020-07-28 17:00:00,31.9,0.0,17.0,9.0,11.0,7.0,13.1,1
848,10030.0,1,0,2020-07-28 18:00:00,32.5,0.0,25.0,19.0,9.0,8.0,13.4,1
849,10038.0,0,0,2020-07-28 13:00:00,28.6,0.0,1.0,0.0,2.0,0.0,10.5,0
850,10036.0,0,0,2020-07-28 16:00:00,31.5,0.0,19.0,8.0,17.0,6.0,12.6,0
851,10021.0,0,0,2020-07-28 13:00:00,28.6,0.0,1.0,0.0,2.0,0.0,10.5,0
852,10033.0,0,0,2020-07-28 01:00:00,31.0,0.0,8.0,0.0,0.0,26.0,13.0,0
853,10010.0,0,0,2020-07-28 14:00:00,29.6,0.0,5.0,1.0,5.0,2.0,11.7,0
854,10012.0,1,0,2020-07-28 14:00:00,29.6,0.0,5.0,1.0,5.0,2.0,11.7,1
855,10037.0,0,0,2020-07-28 23:00:00,30.3,0.0,29.0,0.0,8.0,81.0,7.9,0
856,10003.0,1,0,2020-07-28 09:00:00,26.6,0.0,8.0,0.0,4.0,20.0,11.4,1
857,10029.0,2,0,2020-07-28 23:00:00,30.3,0.0,29.0,0.0,8.0,81.0,7.9,1
858,10019.0,0,0,2020-07-28 13:00:00,28.6,0.0,1.0,0.0,2.0,0.0,10.5,0
859,10010.0,1,0,2020-07-28 17:00:00,31.9,0.0,17.0,9.0,11.0,7.0,13.1,1
860,10019.0,1,0,2020-07-28 20:00:00,31.6,2.2,45.0,17.0,36.0,27.0,13.9,1
861,10065.0,0,0,2020-07-28 12:00:00,27.7,0.0,1.0,0.0,1.0,0.0,9.1,0
862,10029.0,0,0,2020-07-28 11:00:00,27.1,0.0,2.0,0.0,4.0,0.0,9.7,0
863,10036.0,0,0,2020-07-28 08:00:00,27.2,0.0,16.0,0.0,1.0,52.0,11.5,0
864,10023.0,0,0,2020-07-28 22:00:00,30.3,0.0,47.0,2.0,31.0,87.0,8.7,0
865,10026.0,0,0,2020-07-28 22:00:00,30.3,0.0,47.0,2.0,31.0,87.0,8.7,0
866,10065.0,1,0,2020-07-28 08:00:00,27.2,0.0,16.0,0.0,1.0,52.0,11.5,1
867,10007.0,0,0,2020-07-28 09:00:00,26.6,0.0,8.0,0.0,4.0,20.0,11.4,0
868,10002.0,1,0,2020-07-28 10:00:00,27.2,0.0,2.0,0.0,4.0,0.0,9.8,1
869,10030.0,0,0,2020-07-28 21:00:00,30.9,0.0,41.0,12.0,32.0,35.0,9.2,0
870,10030.0,1,0,2020-07-28 21:00:00,30.9,0.0,41.0,12.0,32.0,35.0,9.2,1
871,10013.0,1,0,2020-07-27 19:00:00,33.1,0.0,8.0,0.0,0.0,28.0,15.5,1
872,10029.0,1,0,2020-07-27 08:00:00,25.2,0.0,29.0,0.0,0.0,98.0,11.9,1
873,10030.0,1,0,2020-07-27 10:00:00,25.0,0.0,29.0,0.0,0.0,98.0,8.6,1
874,10013.0,0,0,2020-07-27 13:00:00,27.1,0.0,26.0,0.0,0.0,88.0,10.5,0
875,10011.0,0,0,2020-07-27 15:00:00,30.7,0.0,6.0,0.0,0.0,21.0,13.3,0
876,10032.0,0,0,2020-07-27 15:00:00,30.7,0.0,6.0,0.0,0.0,21.0,13.3,0
877,10001.0,0,0,2020-07-27 06:00:00,25.7,0.0,29.0,0.0,0.0,98.0,12.2,0
878,10035.0,0,0,2020-07-27 18:00:00,32.7,0.0,10.0,0.0,1.0,31.0,14.9,0
879,10026.0,0,0,2020-07-27 12:00:00,25.7,0.0,27.0,0.0,0.0,90.0,10.2,0
880,10031.0,0,0,2020-07-27 00:00:00,30.8,0.0,28.0,0.0,0.0,92.0,6.8,0
881,10031.0,1,0,2020-07-27 18:00:00,32.7,0.0,10.0,0.0,1.0,31.0,14.9,1
882,10011.0,0,0,2020-07-27 15:00:00,30.7,0.0,6.0,0.0,0.0,21.0,13.3,0
883,10002.0,4,0,2020-07-27 10:00:00,25.0,0.0,29.0,0.0,0.0,98.0,8.6,1
884,10019.0,0,0,2020-07-27 20:00:00,33.4,0.0,8.0,0.0,1.0,23.0,15.7,0
885,10010.0,1,0,2020-07-27 19:00:00,33.1,0.0,8.0,0.0,0.0,28.0,15.5,1
886,10036.0,1,0,2020-07-27 15:00:00,30.7,0.0,6.0,0.0,0.0,21.0,13.3,1
887,10039.0,1,0,2020-07-27 18:00:00,32.7,0.0,10.0,0.0,1.0,31.0,14.9,1
888,10009.0,1,0,2020-07-27 11:00:00,24.9,0.0,28.0,0.0,0.0,92.0,10.2,1
889,10026.0,0,0,2020-07-27 07:00:00,25.6,0.0,29.0,0.0,0.0,95.0,12.4,0
890,10036.0,1,0,2020-07-26 15:00:00,30.0,0.0,37.0,1.0,48.0,25.0,10.1,1
891,10038.0,0,0,2020-07-26 18:00:00,31.7,0.0,9.0,3.0,3.0,15.0,14.4,0
892,10016.0,0,0,2020-07-26 22:00:00,31.9,0.0,29.0,0.0,0.0,98.0,13.0,0
893,10029.0,0,0,2020-07-26 02:00:00,28.1,0.0,2.0,0.0,2.0,1.0,12.7,0
894,10032.0,0,0,2020-07-26 20:00:00,32.4,0.0,25.0,0.0,0.0,83.0,15.7,0
895,10011.0,1,0,2020-07-26 17:00:00,31.4,0.0,10.0,0.0,5.0,24.0,12.0,1
896,10012.0,1,0,2020-07-26 19:00:00,32.3,0.0,6.0,0.0,0.0,20.0,15.3,1
897,10007.0,1,0,2020-07-26 02:00:00,28.1,0.0,2.0,0.0,2.0,1.0,12.7,1
898,10040.0,0,0,2020-07-26 09:00:00,24.6,0.0,29.0,0.0,1.0,96.0,10.4,0
899,10014.0,1,0,2020-07-26 17:00:00,31.4,0.0,10.0,0.0,5.0,24.0,12.0,1
900,10010.0,0,0,2020-07-26 11:00:00,25.1,0.0,25.0,0.0,1.0,82.0,9.0,0
901,10033.0,2,0,2020-07-26 16:00:00,31.0,0.0,22.0,0.0,25.0,24.0,10.9,1
902,10001.0,0,0,2020-07-26 12:00:00,25.7,0.0,15.0,0.0,0.0,51.0,8.8,0
903,10016.0,0,0,2020-07-26 18:00:00,31.7,0.0,9.0,3.0,3.0,15.0,14.4,0
904,10034.0,1,0,2020-07-26 20:00:00,32.4,0.0,25.0,0.0,0.0,83.0,15.7,1
905,10040.0,3,0,2020-07-26 01:00:00,28.5,0.0,13.0,3.0,3.0,28.0,11.8,1
906,10003.0,0,0,2020-07-26 11:00:00,25.1,0.0,25.0,0.0,1.0,82.0,9.0,0
907,10001.0,2,0,2020-07-26 04:00:00,26.5,0.0,5.0,0.0,0.0,16.0,13.5,1
908,10035.0,1,0,2020-07-26 23:00:00,31.3,0.0,29.0,0.0,0.0,97.0,8.3,1
909,10023.0,1,0,2020-07-26 05:00:00,26.0,0.0,13.0,0.0,0.0,44.0,12.8,1
910,10038.0,0,0,2020-07-26 14:00:00,27.7,0.0,19.0,1.0,4.0,51.0,8.4,0
911,10011.0,1,0,2020-07-26 13:00:00,26.5,0.0,14.0,0.0,0.0,45.0,8.2,1
912,10006.0,0,0,2020-07-26 18:00:00,31.7,0.0,9.0,3.0,3.0,15.0,14.4,0
913,10018.0,0,0,2020-07-25 00:00:00,25.2,0.0,53.0,8.0,28.0,97.0,3.4,0
914,10030.0,1,0,2020-07-25 16:00:00,28.6,0.0,29.0,16.0,25.0,0.0,5.6,1
915,10031.0,1,0,2020-07-25 06:00:00,23.1,0.0,36.0,25.0,23.0,0.0,5.9,1
916,10007.0,1,0,2020-07-25 22:00:00,30.1,0.0,41.0,1.0,44.0,45.0,9.8,1
917,10001.0,1,0,2020-07-25 19:00:00,30.4,0.0,47.0,3.0,34.0,80.0,7.1,1
918,10039.0,0,0,2020-07-25 13:00:00,24.8,0.0,8.0,7.0,2.0,0.0,2.0,0
919,10012.0,1,0,2020-07-25 14:00:00,26.0,0.0,13.0,7.0,3.0,16.0,4.3,1
920,10017.0,1,0,2020-07-25 14:00:00,26.0,0.0,13.0,7.0,3.0,16.0,4.3,1
921,10019.0,0,0,2020-07-25 03:00:00,23.7,0.0,51.0,21.0,16.0,76.0,4.2,0
922,10035.0,0,0,2020-07-25 11:00:00,23.0,0.0,55.0,61.0,1.0,0.0,1.5,0
923,10029.0,0,0,2020-07-25 03:00:00,23.7,0.0,51.0,21.0,16.0,76.0,4.2,0
924,10016.0,0,0,2020-07-25 05:00:00,23.7,0.0,34.0,22.0,24.0,0.0,4.8,0
925,10013.0,0,0,2020-07-25 06:00:00,23.1,0.0,36.0,25.0,23.0,0.0,5.9,0
926,10032.0,0,0,2020-07-25 20:00:00,30.5,0.0,44.0,0.0,29.0,88.0,7.5,0
927,10009.0,1,0,2020-07-25 19:00:00,30.4,0.0,47.0,3.0,34.0,80.0,7.1,1
928,10016.0,0,0,2020-07-25 16:00:00,28.6,0.0,29.0,16.0,25.0,0.0,5.6,0
929,10027.0,0,0,2020-07-25 19:00:00,30.4,0.0,47.0,3.0,34.0,80.0,7.1,0
930,10032.0,0,0,2020-07-25 22:00:00,30.1,0.0,41.0,1.0,44.0,45.0,9.8,0
931,10019.0,1,0,2020-07-25 22:00:00,30.1,0.0,41.0,1.0,44.0,45.0,9.8,1
932,10019.0,0,0,2020-07-24 17:00:00,25.6,2.8,100.0,100.0,62.0,99.0,11.5,0
933,10019.0,1,0,2020-07-24 07:00:00,24.5,0.0,39.0,0.0,15.0,100.0,6.5,1
934,10017.0,1,0,2020-07-24 09:00:00,24.2,0.0,64.0,2.0,54.0,100.0,4.3,1
935,10035.0,0,0,2020-07-24 17:00:00,25.6,2.8,100.0,100.0,62.0,99.0,11.5,0
936,10029.0,0,0,2020-07-24 14:00:00,24.5,0.8,100.0,100.0,87.0,100.0,9.0,0
937,10021.0,0,0,2020-07-24 12:00:00,24.7,1.3,100.0,61.0,89.0,100.0,7.3,0
938,10029.0,0,0,2020-07-24 10:00:00,24.2,0.2,67.0,6.0,53.0,99.0,3.3,0
939,10019.0,0,0,2020-07-24 10:00:00,24.2,0.2,67.0,6.0,53.0,99.0,3.3,0
940,10029.0,0,0,2020-07-24 22:00:00,25.4,0.0,84.0,9.0,77.0,99.0,4.5,0
941,10035.0,1,0,2020-07-24 23:00:00,25.5,0.0,79.0,13.0,62.0,99.0,4.9,1
942,10032.0,0,0,2020-07-24 16:00:00,25.5,1.0,100.0,100.0,64.0,100.0,11.7,0
943,10039.0,0,0,2020-07-24 03:00:00,25.6,1.5,40.0,6.0,8.0,99.0,6.2,0
944,10040.0,0,0,2020-07-24 23:00:00,25.5,0.0,79.0,13.0,62.0,99.0,4.9,0
945,10001.0,0,0,2020-07-24 14:00:00,24.5,0.8,100.0,100.0,87.0,100.0,9.0,0
946,10013.0,1,0,2020-07-24 19:00:00,25.2,1.2,100.0,79.0,75.0,99.0,8.7,1
947,10002.0,0,0,2020-07-24 13:00:00,25.0,0.5,100.0,100.0,73.0,99.0,8.4,0
948,10011.0,0,0,2020-07-24 00:00:00,28.3,1.3,43.0,1.0,20.0,99.0,5.0,0
949,10027.0,0,0,2020-07-24 17:00:00,25.6,2.8,100.0,100.0,62.0,99.0,11.5,0
950,10037.0,0,0,2020-07-24 11:00:00,24.6,1.3,94.0,34.0,56.0,100.0,7.6,0
951,10028.0,0,0,2020-07-24 13:00:00,25.0,0.5,100.0,100.0,73.0,99.0,8.4,0
952,10009.0,1,0,2020-07-24 20:00:00,25.3,0.6,100.0,45.0,87.0,99.0,6.7,1
953,10040.0,0,0,2020-07-24 13:00:00,25.0,0.5,100.0,100.0,73.0,99.0,8.4,0
954,10029.0,0,0,2020-07-24 12:00:00,24.7,1.3,100.0,61.0,89.0,100.0,7.3,0
955,10028.0,0,0,2020-07-24 17:00:00,25.6,2.8,100.0,100.0,62.0,99.0,11.5,0
956,10001.0,0,0,2020-07-24 11:00:00,24.6,1.3,94.0,34.0,56.0,100.0,7.6,0
957,10033.0,1,0,2020-07-23 20:00:00,30.5,0.0,50.0,21.0,5.0,94.0,11.8,1
958,10038.0,0,0,2020-07-23 16:00:00,27.6,0.0,100.0,68.0,87.0,100.0,13.5,0
959,10014.0,0,0,2020-07-23 12:00:00,24.3,0.0,100.0,94.0,52.0,38.0,11.4,0
960,10027.0,0,0,2020-07-23 20:00:00,30.5,0.0,50.0,21.0,5.0,94.0,11.8,0
961,10012.0,0,0,2020-07-23 12:00:00,24.3,0.0,100.0,94.0,52.0,38.0,11.4,0
962,10026.0,0,0,2020-07-23 19:00:00,29.8,0.0,47.0,17.0,7.0,93.0,13.5,0
963,10019.0,0,0,2020-07-23 10:00:00,23.7,0.0,54.0,22.0,43.0,28.0,8.7,0
964,10026.0,1,0,2020-07-23 04:00:00,24.1,0.0,36.0,1.0,10.0,97.0,11.7,1
965,10016.0,1,0,2020-07-23 17:00:00,28.1,0.0,100.0,45.0,54.0,100.0,12.5,1
966,10013.0,1,0,2020-07-23 04:00:00,24.1,0.0,36.0,1.0,10.0,97.0,11.7,1
967,10021.0,0,0,2020-07-23 08:00:00,23.9,0.0,53.0,0.0,83.0,10.0,7.9,0
968,10022.0,0,0,2020-07-23 09:00:00,23.7,0.0,50.0,1.0,81.0,0.0,10.0,0
969,10040.0,0,0,2020-07-23 17:00:00,28.1,0.0,100.0,45.0,54.0,100.0,12.5,0
970,10040.0,0,0,2020-07-23 20:00:00,30.5,0.0,50.0,21.0,5.0,94.0,11.8,0
971,10128.0,1,0,2020-07-23 19:00:00,29.8,0.0,47.0,17.0,7.0,93.0,13.5,1
972,10075.0,0,0,2020-07-23 09:00:00,23.7,0.0,50.0,1.0,81.0,0.0,10.0,0
973,10018.0,0,0,2020-07-23 07:00:00,24.0,0.0,64.0,0.0,85.0,42.0,8.4,0
974,10036.0,1,0,2020-07-23 23:00:00,29.7,0.6,64.0,0.0,59.0,94.0,3.9,1
975,10002.0,0,0,2020-07-23 04:00:00,24.1,0.0,36.0,1.0,10.0,97.0,11.7,0
976,10025.0,1,0,2020-07-23 23:00:00,29.7,0.6,64.0,0.0,59.0,94.0,3.9,1
977,10032.0,1,0,2020-07-23 19:00:00,29.8,0.0,47.0,17.0,7.0,93.0,13.5,1
978,10035.0,0,0,2020-07-23 11:00:00,24.0,0.0,83.0,55.0,42.0,27.0,9.6,0
979,10002.0,1,0,2020-07-23 15:00:00,27.4,0.0,100.0,61.0,75.0,82.0,12.5,1
980,10016.0,0,0,2020-07-23 15:00:00,27.4,0.0,100.0,61.0,75.0,82.0,12.5,0
981,10001.0,0,0,2020-07-23 15:00:00,27.4,0.0,100.0,61.0,75.0,82.0,12.5,0
982,10032.0,0,0,2020-07-23 17:00:00,28.1,0.0,100.0,45.0,54.0,100.0,12.5,0
983,10280.0,2,0,2020-07-23 18:00:00,28.9,0.0,55.0,27.0,2.0,98.0,13.0,1
984,10016.0,0,0,2020-07-23 16:00:00,27.6,0.0,100.0,68.0,87.0,100.0,13.5,0
985,10002.0,0,0,2020-07-23 15:00:00,27.4,0.0,100.0,61.0,75.0,82.0,12.5,0
986,10035.0,0,0,2020-07-23 12:00:00,24.3,0.0,100.0,94.0,52.0,38.0,11.4,0
987,10003.0,0,0,2020-07-23 13:00:00,24.8,0.0,100.0,99.0,97.0,83.0,13.1,0
988,10075.0,0,0,2020-07-23 12:00:00,24.3,0.0,100.0,94.0,52.0,38.0,11.4,0
989,10023.0,0,0,2020-07-23 14:00:00,25.9,0.0,100.0,98.0,98.0,80.0,11.7,0
990,10029.0,0,0,2020-07-23 19:00:00,29.8,0.0,47.0,17.0,7.0,93.0,13.5,0
991,10036.0,1,0,2020-07-23 02:00:00,24.2,0.0,82.0,0.0,86.0,100.0,10.9,1
992,10009.0,1,0,2020-07-23 16:00:00,27.6,0.0,100.0,68.0,87.0,100.0,13.5,1
993,10033.0,0,0,2020-07-23 19:00:00,29.8,0.0,47.0,17.0,7.0,93.0,13.5,0
994,10022.0,1,0,2020-07-23 06:00:00,24.0,0.0,68.0,0.0,78.0,69.0,10.9,1
995,10016.0,0,0,2020-07-22 11:00:00,25.8,0.0,33.0,2.0,27.0,49.0,1.8,0
996,10035.0,0,0,2020-07-22 19:00:00,29.8,0.0,35.0,16.0,32.0,3.0,9.3,0
997,10027.0,0,0,2020-07-22 14:00:00,27.4,0.0,20.0,15.0,7.0,9.0,3.3,0
998,10012.0,0,0,2020-07-22 16:00:00,29.7,0.0,30.0,12.0,19.0,25.0,6.9,0
999,10022.0,0,0,2020-07-22 17:00:00,30.2,0.0,25.0,9.0,13.0,31.0,8.6,0
1000,10027.0,0,0,2020-07-22 22:00:00,28.9,2.0,66.0,5.0,53.0,100.0,11.5,0
1001,10006.0,0,0,2020-07-22 12:00:00,26.2,0.0,20.0,2.0,14.0,33.0,2.5,0
1002,10029.0,0,0,2020-07-22 19:00:00,29.8,0.0,35.0,16.0,32.0,3.0,9.3,0
1003,10021.0,0,0,2020-07-22 11:00:00,25.8,0.0,33.0,2.0,27.0,49.0,1.8,0
1004,10021.0,0,0,2020-07-22 10:00:00,26.1,0.0,41.0,3.0,28.0,72.0,2.2,0
1005,10027.0,1,0,2020-07-22 16:00:00,29.7,0.0,30.0,12.0,19.0,25.0,6.9,1
1006,10027.0,0,0,2020-07-22 17:00:00,30.2,0.0,25.0,9.0,13.0,31.0,8.6,0
1007,10011.0,1,0,2020-07-22 02:00:00,27.6,0.0,18.0,0.0,0.0,59.0,4.8,1
1008,10021.0,0,0,2020-07-22 14:00:00,27.4,0.0,20.0,15.0,7.0,9.0,3.3,0
1009,10016.0,0,0,2020-07-22 22:00:00,28.9,2.0,66.0,5.0,53.0,100.0,11.5,0
1010,10031.0,0,0,2020-07-22 12:00:00,26.2,0.0,20.0,2.0,14.0,33.0,2.5,0
1011,10037.0,2,0,2020-07-22 00:00:00,29.7,0.0,7.0,0.0,1.0,20.0,5.5,1
1012,10035.0,0,0,2020-07-22 11:00:00,25.8,0.0,33.0,2.0,27.0,49.0,1.8,0
1013,10039.0,0,0,2020-07-22 04:00:00,26.3,0.0,74.0,0.0,75.0,98.0,5.9,0
1014,10033.0,2,0,2020-07-22 17:00:00,30.2,0.0,25.0,9.0,13.0,31.0,8.6,1
1015,10019.0,1,0,2020-07-22 21:00:00,29.6,0.0,50.0,10.0,34.0,69.0,13.4,1
1016,10031.0,0,0,2020-07-21 12:00:00,26.2,0.0,5.0,0.0,4.0,10.0,4.8,0
1017,10022.0,1,0,2020-07-21 06:00:00,26.6,0.0,11.0,0.0,4.0,30.0,6.8,1
1018,10035.0,0,0,2020-07-21 05:00:00,26.6,0.0,24.0,0.0,2.0,76.0,6.6,0
1019,10022.0,0,0,2020-07-21 12:00:00,26.2,0.0,5.0,0.0,4.0,10.0,4.8,0
1020,10002.0,1,0,2020-07-21 08:00:00,25.4,0.0,10.0,0.0,7.0,19.0,5.7,1
1021,10027.0,1,0,2020-07-21 13:00:00,27.2,0.0,5.0,0.0,7.0,2.0,4.0,1
1022,10032.0,1,0,2020-07-21 15:00:00,29.9,0.0,10.0,0.0,16.0,0.0,4.3,1
1023,10026.0,1,0,2020-07-21 21:00:00,31.8,0.0,6.0,0.0,3.0,13.0,8.5,1
1024,10019.0,0,0,2020-07-21 17:00:00,31.1,0.0,21.0,5.0,28.0,0.0,9.0,0
1025,10128.0,0,0,2020-07-21 14:00:00,28.1,0.0,8.0,0.0,14.0,0.0,2.5,0
1026,10035.0,0,0,2020-07-21 08:00:00,25.4,0.0,10.0,0.0,7.0,19.0,5.7,0
1027,10002.0,0,0,2020-07-21 10:00:00,25.4,0.0,17.0,0.0,1.0,55.0,6.2,0
1028,10128.0,1,0,2020-07-21 21:00:00,31.8,0.0,6.0,0.0,3.0,13.0,8.5,1
1029,10036.0,0,0,2020-07-21 18:00:00,31.2,0.0,6.0,0.0,9.0,3.0,9.0,0
1030,10035.0,0,0,2020-07-21 08:00:00,25.4,0.0,10.0,0.0,7.0,19.0,5.7,0
1031,10025.0,1,0,2020-07-21 10:00:00,25.4,0.0,17.0,0.0,1.0,55.0,6.2,1
1032,10035.0,1,0,2020-07-21 22:00:00,31.3,0.0,4.0,0.0,2.0,8.0,6.9,1
1033,10028.0,0,0,2020-07-21 14:00:00,28.1,0.0,8.0,0.0,14.0,0.0,2.5,0
1034,10028.0,1,0,2020-07-21 16:00:00,30.3,0.0,0.0,0.0,0.0,0.0,6.3,1
1035,10016.0,0,0,2020-07-21 13:00:00,27.2,0.0,5.0,0.0,7.0,2.0,4.0,0
1036,10038.0,1,0,2020-07-21 18:00:00,31.2,0.0,6.0,0.0,9.0,3.0,9.0,1
1037,10019.0,0,0,2020-07-21 01:00:00,30.8,0.0,21.0,2.0,0.0,63.0,9.2,0
1038,10030.0,0,0,2020-07-21 06:00:00,26.6,0.0,11.0,0.0,4.0,30.0,6.8,0
1039,10035.0,0,0,2020-07-21 04:00:00,27.4,0.0,24.0,0.0,1.0,78.0,8.2,0
1040,10011.0,0,0,2020-07-21 17:00:00,31.1,0.0,21.0,5.0,28.0,0.0,9.0,0
1041,10013.0,0,0,2020-07-21 13:00:00,27.2,0.0,5.0,0.0,7.0,2.0,4.0,0
1042,10019.0,1,0,2020-07-21 09:00:00,24.7,0.0,5.0,0.0,3.0,11.0,6.0,1
1043,10013.0,1,0,2020-07-21 16:00:00,30.3,0.0,0.0,0.0,0.0,0.0,6.3,1
1044,10036.0,0,0,2020-07-21 08:00:00,25.4,0.0,10.0,0.0,7.0,19.0,5.7,0
1045,10039.0,0,0,2020-07-21 21:00:00,31.8,0.0,6.0,0.0,3.0,13.0,8.5,0
1046,10027.0,0,0,2020-07-20 21:00:00,32.9,0.0,27.0,0.0,13.0,65.0,15.9,0
1047,10002.0,0,0,2020-07-20 10:00:00,26.9,0.0,37.0,4.0,15.0,81.0,5.6,0
1048,10013.0,0,0,2020-07-20 14:00:00,29.0,0.0,33.0,0.0,15.0,81.0,6.1,0
1049,10035.0,0,0,2020-07-20 15:00:00,30.4,0.0,38.0,7.0,8.0,90.0,8.0,0
1050,10001.0,0,0,2020-07-20 09:00:00,26.1,0.0,12.0,0.0,1.0,39.0,9.1,0
1051,10004.0,0,0,2020-07-20 10:00:00,26.9,0.0,37.0,4.0,15.0,81.0,5.6,0
1052,10040.0,0,0,2020-07-20 09:00:00,26.1,0.0,12.0,0.0,1.0,39.0,9.1,0
1053,10031.0,0,0,2020-07-20 20:00:00,32.5,0.0,32.0,0.0,19.0,67.0,15.9,0
1054,10023.0,0,0,2020-07-20 19:00:00,32.2,0.0,30.0,13.0,2.0,57.0,14.5,0
1055,10019.0,1,0,2020-07-20 10:00:00,26.9,0.0,37.0,4.0,15.0,81.0,5.6,1
1056,10026.0,0,0,2020-07-20 13:00:00,27.7,0.0,46.0,0.0,42.0,70.0,4.4,0
1057,10014.0,0,0,2020-07-20 22:00:00,32.2,0.0,13.0,1.0,0.0,40.0,12.8,0
1058,10031.0,0,0,2020-07-20 17:00:00,31.6,0.0,56.0,15.0,30.0,80.0,13.7,0
1059,10027.0,0,0,2020-07-20 08:00:00,26.4,0.0,13.0,1.0,1.0,37.0,9.2,0
1060,10037.0,1,0,2020-07-20 11:00:00,27.0,0.0,52.0,6.0,35.0,84.0,4.7,1
1061,10022.0,1,0,2020-07-20 15:00:00,30.4,0.0,38.0,7.0,8.0,90.0,8.0,1
1062,10002.0,1,0,2020-07-20 17:00:00,31.6,0.0,56.0,15.0,30.0,80.0,13.7,1
1063,10018.0,0,0,2020-07-20 15:00:00,30.4,0.0,38.0,7.0,8.0,90.0,8.0,0
1064,10018.0,0,0,2020-07-20 16:00:00,30.9,0.0,64.0,29.0,22.0,83.0,11.9,0
1065,10023.0,0,0,2020-07-20 10:00:00,26.9,0.0,37.0,4.0,15.0,81.0,5.6,0
1066,10023.0,1,0,2020-07-20 12:00:00,27.1,0.0,48.0,2.0,42.0,69.0,2.9,1
1067,10280.0,0,0,2020-07-19 00:00:00,29.7,0.0,22.0,0.0,0.0,74.0,7.6,0
1068,10128.0,0,0,2020-07-19 18:00:00,32.3,0.0,23.0,0.0,37.0,4.0,14.8,0
1069,10017.0,0,0,2020-07-19 12:00:00,25.1,0.0,2.0,0.0,0.0,7.0,7.2,0
1070,10035.0,1,0,2020-07-19 17:00:00,31.7,0.0,27.0,0.0,24.0,42.0,14.3,1
1071,10037.0,0,0,2020-07-19 08:00:00,24.5,0.0,14.0,0.0,0.0,48.0,8.4,0
1072,10002.0,0,0,2020-07-19 00:00:00,29.7,0.0,22.0,0.0,0.0,74.0,7.6,0
1073,10027.0,0,0,2020-07-19 00:00:00,29.7,0.0,22.0,0.0,0.0,74.0,7.6,0
1074,10029.0,3,0,2020-07-19 02:00:00,27.2,0.0,28.0,2.0,0.0,88.0,9.0,1
1075,10013.0,0,0,2020-07-19 15:00:00,30.2,0.0,24.0,0.0,0.0,81.0,11.2,0
1076,10003.0,1,0,2020-07-19 23:00:00,30.0,0.0,30.0,0.0,40.0,19.0,13.4,1
1077,10281.0,1,0,2020-07-19 18:00:00,32.3,0.0,23.0,0.0,37.0,4.0,14.8,1
1078,10035.0,1,0,2020-07-19 03:00:00,25.6,0.0,27.0,0.0,0.0,90.0,8.1,1
1079,10022.0,0,0,2020-07-19 01:00:00,27.9,0.0,25.0,1.0,0.0,79.0,9.0,0
1080,10029.0,0,0,2020-07-19 11:00:00,24.8,0.0,4.0,0.0,0.0,12.0,8.4,0
1081,10065.0,0,0,2020-07-19 13:00:00,26.3,0.0,2.0,0.0,0.0,8.0,8.9,0
1082,10010.0,0,0,2020-07-19 13:00:00,26.3,0.0,2.0,0.0,0.0,8.0,8.9,0
1083,10023.0,1,0,2020-07-19 09:00:00,24.0,0.0,8.0,0.0,0.0,27.0,8.2,1
1084,10031.0,4,0,2020-07-18 02:00:00,26.7,0.0,17.0,0.0,0.0,58.0,6.0,1
1085,10128.0,1,0,2020-07-18 07:00:00,24.7,0.0,85.0,94.0,0.0,0.0,5.9,1
1086,10022.0,0,0,2020-07-18 19:00:00,31.1,0.0,2.0,0.0,0.0,6.0,5.2,0
1087,10013.0,1,0,2020-07-18 11:00:00,23.7,0.0,52.0,58.0,0.0,0.0,8.4,1
1088,10014.0,1,0,2020-07-18 15:00:00,28.2,0.0,0.0,0.0,0.0,0.0,5.6,1
1089,10002.0,1,0,2020-07-18 05:00:00,25.0,0.0,5.0,0.0,0.0,18.0,4.2,1
1090,10019.0,0,0,2020-07-18 10:00:00,23.6,0.0,48.0,53.0,0.0,0.0,9.3,0
1091,10032.0,0,0,2020-07-18 22:00:00,31.1,0.0,27.0,0.0,0.0,89.0,3.8,0
1092,10002.0,0,0,2020-07-18 07:00:00,24.7,0.0,85.0,94.0,0.0,0.0,5.9,0
1093,10022.0,0,0,2020-07-18 00:00:00,27.9,0.0,6.0,2.0,4.0,6.0,4.8,0
1094,10019.0,0,0,2020-07-18 00:00:00,27.9,0.0,6.0,2.0,4.0,6.0,4.8,0
1095,10037.0,1,0,2020-07-18 11:00:00,23.7,0.0,52.0,58.0,0.0,0.0,8.4,1
1096,10002.0,0,0,2020-07-18 04:00:00,25.5,0.0,1.0,0.0,0.0,4.0,2.4,0
1097,10021.0,0,0,2020-07-18 00:00:00,27.9,0.0,6.0,2.0,4.0,6.0,4.8,0
1098,10035.0,1,0,2020-07-18 12:00:00,24.1,0.0,16.0,16.0,0.0,4.0,6.1,1
1099,10033.0,0,0,2020-07-18 22:00:00,31.1,0.0,27.0,0.0,0.0,89.0,3.8,0
1100,10029.0,0,0,2020-07-18 08:00:00,24.3,0.0,85.0,94.0,0.0,0.0,8.0,0
1101,10028.0,1,0,2020-07-18 14:00:00,26.4,0.0,0.0,0.0,0.0,0.0,7.6,1
1102,10014.0,1,0,2020-07-18 19:00:00,31.1,0.0,2.0,0.0,0.0,6.0,5.2,1
1103,10027.0,1,0,2020-07-18 02:00:00,26.7,0.0,17.0,0.0,0.0,58.0,6.0,1
1104,10075.0,0,0,2020-07-18 16:00:00,28.9,0.0,1.0,0.0,0.0,2.0,3.1,0
1105,10031.0,0,0,2020-07-18 19:00:00,31.1,0.0,2.0,0.0,0.0,6.0,5.2,0
1106,10065.0,0,0,2020-07-18 11:00:00,23.7,0.0,52.0,58.0,0.0,0.0,8.4,0
1107,10016.0,1,0,2020-07-18 04:00:00,25.5,0.0,1.0,0.0,0.0,4.0,2.4,1
1108,10003.0,1,0,2020-07-18 12:00:00,24.1,0.0,16.0,16.0,0.0,4.0,6.1,1
1109,10034.0,1,0,2020-07-18 18:00:00,30.9,0.0,0.0,0.0,0.0,0.0,3.3,1
1110,10026.0,0,0,2020-07-18 19:00:00,31.1,0.0,2.0,0.0,0.0,6.0,5.2,0
1111,10027.0,0,0,2020-07-18 17:00:00,29.4,0.0,0.0,0.0,0.0,0.0,3.1,0
1112,10016.0,1,0,2020-07-17 12:00:00,21.1,0.0,68.0,20.0,71.0,23.0,8.4,1
1113,10009.0,0,0,2020-07-17 06:00:00,20.6,0.0,73.0,54.0,33.0,15.0,10.1,0
1114,10028.0,0,0,2020-07-17 19:00:00,26.3,0.0,53.0,41.0,19.0,15.0,4.7,0
1115,10035.0,0,0,2020-07-17 18:00:00,25.5,0.0,62.0,62.0,9.0,1.0,7.2,0
1116,10025.0,0,0,2020-07-17 00:00:00,21.4,0.0,29.0,13.0,15.0,27.0,14.8,0
1117,10021.0,1,0,2020-07-17 08:00:00,20.8,0.0,88.0,49.0,64.0,18.0,8.1,1
1118,10033.0,0,0,2020-07-17 20:00:00,26.8,0.0,57.0,39.0,19.0,34.0,4.0,0
1119,10003.0,1,0,2020-07-17 13:00:00,21.3,0.4,100.0,65.0,79.0,25.0,11.3,1
1120,10034.0,0,0,2020-07-17 18:00:00,25.5,0.0,62.0,62.0,9.0,1.0,7.2,0
1121,10031.0,0,0,2020-07-17 18:00:00,25.5,0.0,62.0,62.0,9.0,1.0,7.2,0
1122,10031.0,1,0,2020-07-17 19:00:00,26.3,0.0,53.0,41.0,19.0,15.0,4.7,1
1123,10012.0,2,0,2020-07-17 16:00:00,24.0,0.0,100.0,100.0,12.0,59.0,11.3,1
1124,10018.0,0,0,2020-07-17 16:00:00,24.0,0.0,100.0,100.0,12.0,59.0,11.3,0
1125,10006.0,0,0,2020-07-17 17:00:00,25.1,0.0,95.0,100.0,8.0,0.0,10.0,0
1126,10035.0,1,0,2020-07-17 12:00:00,21.1,0.0,68.0,20.0,71.0,23.0,8.4,1
1127,10001.0,0,0,2020-07-17 13:00:00,21.3,0.4,100.0,65.0,79.0,25.0,11.3,0
1128,10033.0,0,0,2020-07-17 10:00:00,21.1,1.0,56.0,27.0,49.0,9.0,5.1,0
1129,10026.0,0,0,2020-07-17 10:00:00,21.1,1.0,56.0,27.0,49.0,9.0,5.1,0
1130,10012.0,0,0,2020-07-17 18:00:00,25.5,0.0,62.0,62.0,9.0,1.0,7.2,0
1131,10065.0,0,0,2020-07-17 05:00:00,20.5,0.0,98.0,65.0,33.0,64.0,12.1,0
1132,10013.0,0,0,2020-07-17 17:00:00,25.1,0.0,95.0,100.0,8.0,0.0,10.0,0
1133,10024.0,0,0,2020-07-17 20:00:00,26.8,0.0,57.0,39.0,19.0,34.0,4.0,0
1134,10037.0,1,0,2020-07-17 11:00:00,21.2,0.6,100.0,48.0,86.0,39.0,9.2,1
1135,10018.0,1,0,2020-07-17 19:00:00,26.3,0.0,53.0,41.0,19.0,15.0,4.7,1
1136,10001.0,1,0,2020-07-17 14:00:00,21.5,0.4,100.0,100.0,87.0,66.0,11.7,1
1137,10034.0,2,0,2020-07-17 17:00:00,25.1,0.0,95.0,100.0,8.0,0.0,10.0,1
1138,10027.0,0,0,2020-07-17 16:00:00,24.0,0.0,100.0,100.0,12.0,59.0,11.3,0
1139,10012.0,0,0,2020-07-17 20:00:00,26.8,0.0,57.0,39.0,19.0,34.0,4.0,0
1140,10002.0,1,0,2020-07-17 12:00:00,21.1,0.0,68.0,20.0,71.0,23.0,8.4,1
1141,10030.0,2,0,2020-07-17 23:00:00,28.4,0.0,2.0,1.0,0.0,2.0,3.9,1
1142,10035.0,4,0,2020-07-17 16:00:00,24.0,0.0,100.0,100.0,12.0,59.0,11.3,1
1143,10007.0,0,0,2020-07-17 06:00:00,20.6,0.0,73.0,54.0,33.0,15.0,10.1,0
1144,10002.0,1,0,2020-07-16 08:00:00,21.6,0.0,46.0,40.0,16.0,0.0,11.2,1
1145,10035.0,1,0,2020-07-16 13:00:00,22.1,0.0,70.0,8.0,85.0,40.0,10.0,1
1146,10030.0,1,0,2020-07-16 22:00:00,22.6,0.0,23.0,16.0,14.0,0.0,15.4,1
1147,10014.0,0,0,2020-07-16 20:00:00,24.1,0.0,45.0,17.0,37.0,25.0,15.1,0
1148,10019.0,0,0,2020-07-16 01:00:00,23.2,0.0,20.0,6.0,12.0,23.0,10.5,0
1149,10029.0,0,0,2020-07-16 11:00:00,21.8,0.0,95.0,20.0,93.0,72.0,7.4,0
1150,10035.0,0,0,2020-07-16 18:00:00,24.3,0.0,85.0,42.0,35.0,88.0,15.1,0
1151,10022.0,1,0,2020-07-16 06:00:00,21.9,0.0,56.0,41.0,14.0,36.0,10.9,1
1152,10030.0,0,0,2020-07-16 11:00:00,21.8,0.0,95.0,20.0,93.0,72.0,7.4,0
1153,10029.0,0,0,2020-07-16 16:00:00,24.1,0.0,70.0,48.0,28.0,32.0,12.5,0
1154,10014.0,1,0,2020-07-16 16:00:00,24.1,0.0,70.0,48.0,28.0,32.0,12.5,1
1155,10011.0,1,0,2020-07-16 10:00:00,21.6,0.0,100.0,28.0,97.0,55.0,6.9,1
1156,10021.0,0,0,2020-07-16 10:00:00,21.6,0.0,100.0,28.0,97.0,55.0,6.9,0
1157,10037.0,0,0,2020-07-16 16:00:00,24.1,0.0,70.0,48.0,28.0,32.0,12.5,0
1158,10075.0,0,0,2020-07-16 17:00:00,24.1,0.0,97.0,64.0,34.0,63.0,13.8,0
1159,10003.0,0,0,2020-07-16 20:00:00,24.1,0.0,45.0,17.0,37.0,25.0,15.1,0
1160,10022.0,0,0,2020-07-16 09:00:00,21.2,0.0,48.0,38.0,17.0,11.0,11.0,0
1161,10029.0,0,0,2020-07-16 15:00:00,23.7,0.0,77.0,34.0,44.0,65.0,11.0,0
1162,10035.0,1,0,2020-07-16 12:00:00,21.9,0.0,96.0,22.0,87.0,79.0,8.9,1
1163,10009.0,0,0,2020-07-16 08:00:00,21.6,0.0,46.0,40.0,16.0,0.0,11.2,0
1164,10003.0,0,0,2020-07-16 09:00:00,21.2,0.0,48.0,38.0,17.0,11.0,11.0,0
1165,10027.0,0,0,2020-07-16 03:00:00,22.3,0.0,45.0,10.0,17.0,85.0,12.0,0
1166,10032.0,1,0,2020-07-16 13:00:00,22.1,0.0,70.0,8.0,85.0,40.0,10.0,1
1167,10016.0,1,0,2020-07-16 12:00:00,21.9,0.0,96.0,22.0,87.0,79.0,8.9,1
1168,10003.0,0,0,2020-07-16 12:00:00,21.9,0.0,96.0,22.0,87.0,79.0,8.9,0
1169,10011.0,0,0,2020-07-16 07:00:00,21.9,0.0,50.0,46.0,15.0,0.0,11.6,0
1170,10037.0,0,0,2020-07-16 08:00:00,21.6,0.0,46.0,40.0,16.0,0.0,11.2,0
1171,10021.0,0,0,2020-07-16 16:00:00,24.1,0.0,70.0,48.0,28.0,32.0,12.5,0
1172,10011.0,0,0,2020-07-16 18:00:00,24.3,0.0,85.0,42.0,35.0,88.0,15.1,0
1173,10029.0,0,0,2020-07-15 11:00:00,22.6,0.0,24.0,26.0,0.0,1.0,6.8,0
1174,10034.0,0,0,2020-07-15 14:00:00,23.2,0.1,20.0,18.0,7.0,0.0,8.6,0
1175,10027.0,2,0,2020-07-15 20:00:00,25.7,0.3,62.0,21.0,68.0,9.0,9.4,1
1176,10029.0,0,0,2020-07-15 23:00:00,24.4,0.0,36.0,14.0,36.0,5.0,11.6,0
1177,10128.0,0,0,2020-07-15 00:00:00,27.5,0.0,24.0,5.0,32.0,2.0,5.9,0
1178,10013.0,1,0,2020-07-15 06:00:00,23.0,0.0,0.0,0.0,0.0,1.0,10.3,1
1179,10040.0,2,0,2020-07-15 18:00:00,25.5,0.1,83.0,62.0,31.0,29.0,8.2,1
1180,10026.0,1,0,2020-07-15 23:00:00,24.4,0.0,36.0,14.0,36.0,5.0,11.6,1
1181,10032.0,0,0,2020-07-15 20:00:00,25.7,0.3,62.0,21.0,68.0,9.0,9.4,0
1182,10032.0,0,0,2020-07-15 11:00:00,22.6,0.0,24.0,26.0,0.0,1.0,6.8,0
1183,10028.0,0,0,2020-07-15 09:00:00,21.7,0.0,13.0,10.0,0.0,12.0,8.7,0
1184,10007.0,0,0,2020-07-15 07:00:00,22.7,0.0,0.0,0.0,0.0,1.0,9.8,0
1185,10031.0,0,0,2020-07-15 18:00:00,25.5,0.1,83.0,62.0,31.0,29.0,8.2,0
1186,10016.0,1,0,2020-07-15 12:00:00,22.8,0.0,31.0,34.0,0.0,0.0,6.8,1
1187,10018.0,0,0,2020-07-15 08:00:00,22.4,0.0,3.0,2.0,0.0,4.0,9.2,0
1188,10013.0,1,0,2020-07-15 22:00:00,24.7,0.0,52.0,15.0,57.0,14.0,11.3,1
1189,10016.0,0,0,2020-07-15 11:00:00,22.6,0.0,24.0,26.0,0.0,1.0,6.8,0
1190,10002.0,0,0,2020-07-15 10:00:00,22.5,0.0,10.0,11.0,0.0,1.0,6.3,0
1191,10013.0,0,0,2020-07-15 09:00:00,21.7,0.0,13.0,10.0,0.0,12.0,8.7,0
1192,10026.0,1,0,2020-07-15 15:00:00,24.6,0.2,36.0,23.0,26.0,0.0,7.6,1
1193,10011.0,0,0,2020-07-15 19:00:00,25.8,0.4,89.0,52.0,63.0,14.0,9.3,0
1194,10032.0,0,0,2020-07-15 20:00:00,25.7,0.3,62.0,21.0,68.0,9.0,9.4,0
1195,10003.0,0,0,2020-07-15 11:00:00,22.6,0.0,24.0,26.0,0.0,1.0,6.8,0
1196,10020.0,1,0,2020-07-15 10:00:00,22.5,0.0,10.0,11.0,0.0,1.0,6.3,1
1197,10128.0,0,0,2020-07-15 12:00:00,22.8,0.0,31.0,34.0,0.0,0.0,6.8,0
1198,10002.0,1,0,2020-07-14 14:00:00,25.3,0.0,0.0,0.0,0.0,0.0,12.5,1
1199,10023.0,1,0,2020-07-14 08:00:00,22.2,0.0,0.0,0.0,0.0,0.0,12.7,1
1200,10003.0,0,0,2020-07-14 17:00:00,27.8,0.0,13.0,1.0,15.0,10.0,13.5,0
1201,10031.0,1,0,2020-07-14 16:00:00,27.5,0.0,10.0,0.0,15.0,3.0,13.0,1
1202,10009.0,0,0,2020-07-14 10:00:00,22.2,0.0,0.0,0.0,0.0,0.0,10.1,0
1203,10032.0,0,0,2020-07-14 13:00:00,24.4,0.0,0.0,0.0,0.0,0.0,12.0,0
1204,10033.0,0,0,2020-07-14 15:00:00,26.8,0.0,1.0,0.0,1.0,0.0,11.6,0
1205,10012.0,0,0,2020-07-14 17:00:00,27.8,0.0,13.0,1.0,15.0,10.0,13.5,0
1206,10013.0,1,0,2020-07-14 18:00:00,27.8,0.0,16.0,0.0,24.0,4.0,12.4,1
1207,10030.0,4,0,2020-07-14 23:00:00,27.9,0.0,27.0,4.0,39.0,0.0,7.5,1
1208,10003.0,1,0,2020-07-14 18:00:00,27.8,0.0,16.0,0.0,24.0,4.0,12.4,1
1209,10034.0,0,0,2020-07-14 18:00:00,27.8,0.0,16.0,0.0,24.0,4.0,12.4,0
1210,10016.0,1,0,2020-07-14 19:00:00,27.8,0.0,23.0,0.0,34.0,7.0,12.3,1
1211,10034.0,0,0,2020-07-14 17:00:00,27.8,0.0,13.0,1.0,15.0,10.0,13.5,0
1212,10022.0,0,0,2020-07-14 07:00:00,22.7,0.0,0.0,0.0,0.0,0.0,12.7,0
1213,10065.0,0,0,2020-07-14 11:00:00,22.9,0.0,0.0,0.0,0.0,0.0,10.8,0
1214,10027.0,4,0,2020-07-14 16:00:00,27.5,0.0,10.0,0.0,15.0,3.0,13.0,1
1215,10022.0,0,0,2020-07-14 15:00:00,26.8,0.0,1.0,0.0,1.0,0.0,11.6,0
1216,10012.0,0,0,2020-07-14 12:00:00,23.6,0.0,0.0,0.0,0.0,0.0,10.7,0
1217,10032.0,0,0,2020-07-14 14:00:00,25.3,0.0,0.0,0.0,0.0,0.0,12.5,0
1218,10013.0,0,0,2020-07-14 00:00:00,28.6,0.0,20.0,0.0,31.0,4.0,10.2,0
1219,10014.0,1,0,2020-07-14 17:00:00,27.8,0.0,13.0,1.0,15.0,10.0,13.5,1
1220,10019.0,0,0,2020-07-14 08:00:00,22.2,0.0,0.0,0.0,0.0,0.0,12.7,0
1221,10021.0,1,0,2020-07-14 17:00:00,27.8,0.0,13.0,1.0,15.0,10.0,13.5,1
1222,10029.0,1,0,2020-07-14 13:00:00,24.4,0.0,0.0,0.0,0.0,0.0,12.0,1
1223,10010.0,0,0,2020-07-14 18:00:00,27.8,0.0,16.0,0.0,24.0,4.0,12.4,0
1224,10016.0,1,0,2020-07-14 09:00:00,21.7,0.0,0.0,0.0,0.0,0.0,12.2,1
1225,10030.0,1,0,2020-07-14 18:00:00,27.8,0.0,16.0,0.0,24.0,4.0,12.4,1
1226,10128.0,0,0,2020-07-14 12:00:00,23.6,0.0,0.0,0.0,0.0,0.0,10.7,0
1227,10031.0,0,0,2020-07-14 21:00:00,28.8,0.0,25.0,2.0,37.0,4.0,10.0,0
1228,10128.0,1,0,2020-07-14 15:00:00,26.8,0.0,1.0,0.0,1.0,0.0,11.6,1
1229,10034.0,0,0,2020-07-14 12:00:00,23.6,0.0,0.0,0.0,0.0,0.0,10.7,0
1230,10038.0,0,0,2020-07-14 19:00:00,27.8,0.0,23.0,0.0,34.0,7.0,12.3,0
1231,10003.0,0,0,2020-07-14 14:00:00,25.3,0.0,0.0,0.0,0.0,0.0,12.5,0
1232,10032.0,0,0,2020-07-14 11:00:00,22.9,0.0,0.0,0.0,0.0,0.0,10.8,0
1233,10017.0,0,0,2020-07-13 13:00:00,24.6,0.0,9.0,0.0,5.0,21.0,7.6,0
1234,10028.0,0,0,2020-07-13 08:00:00,23.6,0.2,30.0,9.0,21.0,30.0,6.5,0
1235,10036.0,1,0,2020-07-13 17:00:00,28.4,0.0,44.0,8.0,17.0,87.0,9.4,1
1236,10002.0,0,0,2020-07-13 12:00:00,23.8,0.0,6.0,0.0,9.0,1.0,6.2,0
1237,10034.0,0,0,2020-07-13 22:00:00,29.8,0.0,27.0,4.0,31.0,17.0,13.4,0
1238,10012.0,0,0,2020-07-13 08:00:00,23.6,0.2,30.0,9.0,21.0,30.0,6.5,0
1239,10075.0,1,0,2020-07-13 10:00:00,22.6,1.3,21.0,2.0,29.0,6.0,2.9,1
1240,10032.0,0,0,2020-07-13 15:00:00,27.4,0.0,32.0,2.0,0.0,100.0,7.4,0
1241,10012.0,0,0,2020-07-13 08:00:00,23.6,0.2,30.0,9.0,21.0,30.0,6.5,0
1242,10028.0,0,0,2020-07-13 08:00:00,23.6,0.2,30.0,9.0,21.0,30.0,6.5,0
1243,10028.0,0,0,2020-07-13 10:00:00,22.6,1.3,21.0,2.0,29.0,6.0,2.9,0
1244,10025.0,0,0,2020-07-13 13:00:00,24.6,0.0,9.0,0.0,5.0,21.0,7.6,0
1245,10128.0,0,0,2020-07-13 19:00:00,29.4,0.0,28.0,5.0,30.0,17.0,12.2,0
1246,10128.0,0,0,2020-07-13 13:00:00,24.6,0.0,9.0,0.0,5.0,21.0,7.6,0
1247,10031.0,1,0,2020-07-13 14:00:00,25.5,0.0,26.0,1.0,3.0,77.0,7.2,1
1248,10032.0,0,0,2020-07-13 11:00:00,23.0,0.5,10.0,2.0,14.0,0.0,3.3,0
1249,10009.0,0,0,2020-07-13 19:00:00,29.4,0.0,28.0,5.0,30.0,17.0,12.2,0
1250,10065.0,0,0,2020-07-13 15:00:00,27.4,0.0,32.0,2.0,0.0,100.0,7.4,0
1251,10075.0,0,0,2020-07-13 22:00:00,29.8,0.0,27.0,4.0,31.0,17.0,13.4,0
1252,10025.0,0,0,2020-07-13 16:00:00,28.0,0.0,35.0,3.0,5.0,99.0,8.1,0
1253,10039.0,0,0,2020-07-13 18:00:00,28.6,0.0,41.0,7.0,40.0,37.0,11.2,0
1254,10028.0,0,0,2020-07-13 08:00:00,23.6,0.2,30.0,9.0,21.0,30.0,6.5,0
1255,10009.0,0,0,2020-07-13 18:00:00,28.6,0.0,41.0,7.0,40.0,37.0,11.2,0
1256,10019.0,1,0,2020-07-13 20:00:00,29.6,0.0,19.0,0.0,14.0,35.0,11.5,1
1257,10016.0,3,0,2020-07-13 12:00:00,23.8,0.0,6.0,0.0,9.0,1.0,6.2,1
1258,10040.0,2,0,2020-07-12 22:00:00,30.3,0.0,23.0,0.0,39.0,0.0,9.6,1
1259,10030.0,0,0,2020-07-12 18:00:00,30.2,0.0,7.0,0.0,12.0,0.0,13.9,0
1260,10128.0,1,0,2020-07-12 17:00:00,29.7,0.0,24.0,5.0,33.0,0.0,14.4,1
1261,10002.0,1,0,2020-07-12 15:00:00,28.0,0.0,31.0,9.0,38.0,0.0,14.1,1
1262,10034.0,0,0,2020-07-12 23:00:00,29.8,0.0,28.0,0.0,45.0,2.0,7.9,0
1263,10029.0,0,0,2020-07-12 13:00:00,25.1,0.0,0.0,0.0,0.0,0.0,13.4,0
1264,10040.0,0,0,2020-07-12 18:00:00,30.2,0.0,7.0,0.0,12.0,0.0,13.9,0
1265,10032.0,1,0,2020-07-12 23:00:00,29.8,0.0,28.0,0.0,45.0,2.0,7.9,1
1266,10016.0,0,0,2020-07-12 12:00:00,24.4,0.0,0.0,0.0,0.0,0.0,13.1,0
1267,10032.0,0,0,2020-07-12 14:00:00,25.9,0.0,3.0,3.0,0.0,0.0,13.6,0
1268,10012.0,0,0,2020-07-12 18:00:00,30.2,0.0,7.0,0.0,12.0,0.0,13.9,0
1269,10022.0,0,0,2020-07-11 12:00:00,25.2,0.0,83.0,54.0,56.0,4.0,8.6,0
1270,10012.0,1,0,2020-07-11 13:00:00,25.9,0.0,100.0,78.0,82.0,2.0,10.0,1
1271,10009.0,0,0,2020-07-11 13:00:00,25.9,0.0,100.0,78.0,82.0,2.0,10.0,0
1272,10037.0,0,0,2020-07-11 23:00:00,27.5,0.0,14.0,4.0,14.0,5.0,10.9,0
1273,10032.0,1,0,2020-07-11 13:00:00,25.9,0.0,100.0,78.0,82.0,2.0,10.0,1
1274,10019.0,1,0,2020-07-11 07:00:00,23.2,0.0,40.0,36.0,6.0,13.0,24.3,1
1275,10065.0,1,0,2020-07-11 18:00:00,29.0,0.0,37.0,30.0,4.0,24.0,12.4,1
1276,10009.0,0,0,2020-07-11 04:00:00,23.5,0.2,100.0,94.0,37.0,7.0,22.4,0
1277,10024.0,1,0,2020-07-11 22:00:00,27.4,0.0,32.0,20.0,15.0,17.0,11.2,1
1278,10002.0,1,0,2020-07-11 11:00:00,24.3,0.0,8.0,6.0,4.0,0.0,6.6,1
1279,10033.0,1,0,2020-07-11 16:00:00,27.4,0.0,40.0,23.0,29.0,5.0,10.6,1
1280,10032.0,0,0,2020-07-11 01:00:00,23.9,1.2,100.0,100.0,90.0,0.0,21.2,0
1281,10028.0,0,0,2020-07-11 17:00:00,28.2,0.0,23.0,20.0,6.0,6.0,11.5,0
1282,10029.0,0,0,2020-07-11 16:00:00,27.4,0.0,40.0,23.0,29.0,5.0,10.6,0
1283,10038.0,0,0,2020-07-11 15:00:00,27.3,0.0,75.0,48.0,50.0,6.0,11.4,0
1284,10002.0,1,0,2020-07-11 18:00:00,29.0,0.0,37.0,30.0,4.0,24.0,12.4,1
1285,10030.0,0,0,2020-07-11 12:00:00,25.2,0.0,83.0,54.0,56.0,4.0,8.6,0
1286,10011.0,1,0,2020-07-11 23:00:00,27.5,0.0,14.0,4.0,14.0,5.0,10.9,1
1287,10027.0,0,0,2020-07-11 10:00:00,23.6,0.0,3.0,3.0,0.0,0.0,8.3,0
1288,10024.0,0,0,2020-07-11 15:00:00,27.3,0.0,75.0,48.0,50.0,6.0,11.4,0
1289,10002.0,0,0,2020-07-11 09:00:00,23.0,0.0,5.0,5.0,0.0,0.0,16.0,0
1290,10128.0,0,0,2020-07-11 14:00:00,26.4,0.0,100.0,99.0,66.0,0.0,9.8,0
1291,10002.0,0,0,2020-07-10 17:00:00,24.0,1.8,100.0,43.0,100.0,100.0,26.4,0
1292,10032.0,0,0,2020-07-10 01:00:00,26.2,0.0,24.0,0.0,6.0,68.0,7.8,0
1293,10035.0,0,0,2020-07-10 11:00:00,24.8,0.0,100.0,100.0,55.0,100.0,11.8,0
1294,10037.0,1,0,2020-07-10 08:00:00,24.2,0.0,100.0,74.0,7.0,100.0,9.0,1
1295,10027.0,1,0,2020-07-10 11:00:00,24.8,0.0,100.0,100.0,55.0,100.0,11.8,1
1296,10011.0,1,0,2020-07-10 12:00:00,24.6,0.0,100.0,90.0,73.0,100.0,14.0,1
1297,10022.0,1,0,2020-07-10 18:00:00,24.4,1.3,100.0,99.0,100.0,100.0,26.2,1
1298,10019.0,0,0,2020-07-10 07:00:00,24.2,0.0,94.0,69.0,3.0,99.0,7.8,0
1299,10012.0,0,0,2020-07-10 21:00:00,24.7,2.3,100.0,100.0,51.0,28.0,29.2,0
1300,10002.0,0,0,2020-07-10 09:00:00,23.9,0.0,100.0,99.0,16.0,100.0,9.6,0
1301,10033.0,1,0,2020-07-10 08:00:00,24.2,0.0,100.0,74.0,7.0,100.0,9.0,1
1302,10031.0,0,0,2020-07-10 18:00:00,24.4,1.3,100.0,99.0,100.0,100.0,26.2,0
1303,10018.0,0,0,2020-07-10 12:00:00,24.6,0.0,100.0,90.0,73.0,100.0,14.0,0
1304,10022.0,0,0,2020-07-10 02:00:00,25.8,0.0,28.0,0.0,1.0,90.0,8.4,0
1305,10027.0,1,0,2020-07-10 15:00:00,24.1,1.5,100.0,62.0,94.0,100.0,19.2,1
1306,10011.0,0,0,2020-07-10 10:00:00,24.7,0.0,100.0,100.0,17.0,100.0,9.9,0
1307,10032.0,0,0,2020-07-10 14:00:00,24.5,0.5,100.0,87.0,87.0,100.0,15.0,0
1308,10029.0,1,0,2020-07-10 06:00:00,24.5,0.0,74.0,47.0,2.0,100.0,7.6,1
1309,10031.0,1,0,2020-07-10 17:00:00,24.0,1.8,100.0,43.0,100.0,100.0,26.4,1
1310,10001.0,0,0,2020-07-09 16:00:00,28.5,0.0,21.0,17.0,9.0,0.0,6.5,0
1311,10035.0,1,0,2020-07-09 22:00:00,28.1,0.0,2.0,0.0,2.0,2.0,11.7,1
1312,10036.0,0,0,2020-07-09 22:00:00,28.1,0.0,2.0,0.0,2.0,2.0,11.7,0
1313,10038.0,0,0,2020-07-09 09:00:00,23.3,0.0,35.0,39.0,0.0,0.0,5.9,0
1314,10023.0,1,0,2020-07-09 11:00:00,24.4,0.0,21.0,23.0,0.0,0.0,2.3,1
1315,10010.0,0,0,2020-07-09 11:00:00,24.4,0.0,21.0,23.0,0.0,0.0,2.3,0
1316,10002.0,1,0,2020-07-09 07:00:00,24.0,0.0,8.0,8.0,0.0,1.0,7.4,1
1317,10001.0,0,0,2020-07-09 06:00:00,24.2,0.0,2.0,2.0,0.0,0.0,9.6,0
1318,10029.0,0,0,2020-07-09 10:00:00,24.3,0.0,23.0,26.0,0.0,0.0,3.3,0
1319,10128.0,1,0,2020-07-09 18:00:00,29.4,0.0,14.0,11.0,7.0,0.0,9.7,1
1320,10065.0,0,0,2020-07-09 14:00:00,25.8,0.0,17.0,17.0,3.0,0.0,3.6,0
1321,10014.0,0,0,2020-07-09 15:00:00,27.8,0.0,19.0,18.0,4.0,0.0,4.8,0
1322,10009.0,0,0,2020-07-09 12:00:00,24.3,0.0,24.0,27.0,0.0,0.0,3.3,0
1323,10027.0,0,0,2020-07-09 12:00:00,24.3,0.0,24.0,27.0,0.0,0.0,3.3,0
1324,10016.0,0,0,2020-07-09 18:00:00,29.4,0.0,14.0,11.0,7.0,0.0,9.7,0
1325,10032.0,1,0,2020-07-09 17:00:00,29.3,0.0,10.0,8.0,5.0,0.0,7.6,1
1326,10033.0,0,0,2020-07-09 13:00:00,24.8,0.0,26.0,28.0,1.0,0.0,3.5,0
1327,10128.0,0,0,2020-07-09 11:00:00,24.4,0.0,21.0,23.0,0.0,0.0,2.3,0
1328,10033.0,0,0,2020-07-09 12:00:00,24.3,0.0,24.0,27.0,0.0,0.0,3.3,0
1329,10035.0,0,0,2020-07-09 22:00:00,28.1,0.0,2.0,0.0,2.0,2.0,11.7,0
1330,10036.0,1,0,2020-07-09 17:00:00,29.3,0.0,10.0,8.0,5.0,0.0,7.6,1
1331,10018.0,0,0,2020-07-09 18:00:00,29.4,0.0,14.0,11.0,7.0,0.0,9.7,0
1332,10065.0,0,0,2020-07-09 14:00:00,25.8,0.0,17.0,17.0,3.0,0.0,3.6,0
1333,10024.0,0,0,2020-07-09 11:00:00,24.4,0.0,21.0,23.0,0.0,0.0,2.3,0
1334,10003.0,5,0,2020-07-09 22:00:00,28.1,0.0,2.0,0.0,2.0,2.0,11.7,1
1335,10001.0,1,0,2020-07-09 08:00:00,23.6,0.0,24.0,27.0,0.0,0.0,6.4,1
1336,10026.0,1,0,2020-07-09 01:00:00,25.8,0.0,16.0,0.0,0.0,52.0,3.3,1
1337,10003.0,0,0,2020-07-09 21:00:00,29.1,0.0,5.0,1.0,7.0,0.0,13.4,0
1338,10065.0,0,0,2020-07-09 22:00:00,28.1,0.0,2.0,0.0,2.0,2.0,11.7,0
1339,10013.0,0,0,2020-07-09 20:00:00,29.3,0.0,4.0,1.0,5.0,0.0,14.5,0
1340,10035.0,0,0,2020-07-09 17:00:00,29.3,0.0,10.0,8.0,5.0,0.0,7.6,0
1341,10065.0,0,0,2020-07-09 17:00:00,29.3,0.0,10.0,8.0,5.0,0.0,7.6,0
1342,10029.0,0,0,2020-07-09 07:00:00,24.0,0.0,8.0,8.0,0.0,1.0,7.4,0
1343,10010.0,1,0,2020-07-08 20:00:00,27.6,0.4,93.0,14.0,86.0,97.0,8.6,1
1344,10038.0,0,0,2020-07-08 12:00:00,24.4,0.0,90.0,57.0,33.0,62.0,10.6,0
1345,10024.0,1,0,2020-07-08 11:00:00,24.1,0.0,100.0,72.0,41.0,65.0,8.4,1
1346,10016.0,1,0,2020-07-08 11:00:00,24.1,0.0,100.0,72.0,41.0,65.0,8.4,1
1347,10065.0,1,0,2020-07-08 14:00:00,25.8,0.0,100.0,81.0,30.0,86.0,9.7,1
1348,10012.0,1,0,2020-07-08 16:00:00,28.0,0.0,98.0,57.0,30.0,96.0,7.9,1
1349,10024.0,0,0,2020-07-08 15:00:00,27.1,0.0,100.0,86.0,19.0,97.0,8.2,0
1350,10034.0,0,0,2020-07-08 17:00:00,28.7,0.0,100.0,46.0,50.0,99.0,8.7,0
1351,10002.0,0,0,2020-07-08 15:00:00,27.1,0.0,100.0,86.0,19.0,97.0,8.2,0
1352,10007.0,0,0,2020-07-08 13:00:00,24.9,0.0,98.0,71.0,25.0,63.0,10.9,0
1353,10128.0,0,0,2020-07-08 17:00:00,28.7,0.0,100.0,46.0,50.0,99.0,8.7,0
1354,10033.0,0,0,2020-07-08 15:00:00,27.1,0.0,100.0,86.0,19.0,97.0,8.2,0
1355,10023.0,0,0,2020-07-08 16:00:00,28.0,0.0,98.0,57.0,30.0,96.0,7.9,0
1356,10003.0,0,0,2020-07-08 10:00:00,24.2,0.0,100.0,80.0,56.0,64.0,6.3,0
1357,10001.0,0,0,2020-07-08 19:00:00,28.4,0.0,100.0,22.0,88.0,95.0,9.2,0
1358,10010.0,1,0,2020-07-08 20:00:00,27.6,0.4,93.0,14.0,86.0,97.0,8.6,1
1359,10019.0,0,0,2020-07-08 22:00:00,26.3,0.1,85.0,13.0,75.0,93.0,6.2,0
1360,10035.0,0,0,2020-07-08 09:00:00,23.8,0.0,68.0,45.0,9.0,72.0,7.6,0
1361,10036.0,0,0,2020-07-08 10:00:00,24.2,0.0,100.0,80.0,56.0,64.0,6.3,0
1362,10002.0,1,0,2020-07-08 10:00:00,24.2,0.0,100.0,80.0,56.0,64.0,6.3,1
1363,10026.0,0,0,2020-07-08 13:00:00,24.9,0.0,98.0,71.0,25.0,63.0,10.9,0
1364,10036.0,0,0,2020-07-08 17:00:00,28.7,0.0,100.0,46.0,50.0,99.0,8.7,0
1365,10002.0,0,0,2020-07-07 13:00:00,24.0,0.1,89.0,99.0,0.0,0.0,11.6,0
1366,10018.0,0,0,2020-07-07 16:00:00,25.5,0.0,87.0,95.0,3.0,0.0,14.2,0
1367,10000.0,1,0,2020-07-07 18:00:00,26.4,0.0,56.0,55.0,11.0,0.0,15.8,1
1368,10023.0,0,0,2020-07-07 01:00:00,23.0,0.0,32.0,23.0,0.0,39.0,12.4,0
1369,10030.0,0,0,2020-07-07 10:00:00,23.0,0.1,71.0,79.0,0.0,0.0,8.4,0
1370,10065.0,0,0,2020-07-07 13:00:00,24.0,0.1,89.0,99.0,0.0,0.0,11.6,0
1371,10024.0,1,0,2020-07-07 14:00:00,24.3,0.2,91.0,100.0,1.0,0.0,12.6,1
1372,10033.0,0,0,2020-07-07 21:00:00,26.1,0.2,80.0,79.0,14.0,0.0,15.0,0
1373,10027.0,1,0,2020-07-07 13:00:00,24.0,0.1,89.0,99.0,0.0,0.0,11.6,1
1374,10029.0,1,0,2020-07-07 11:00:00,23.3,0.1,69.0,77.0,0.0,0.0,9.4,1
1375,10037.0,1,0,2020-07-07 13:00:00,24.0,0.1,89.0,99.0,0.0,0.0,11.6,1
1376,10024.0,1,0,2020-07-07 15:00:00,25.2,0.2,92.0,99.0,4.0,0.0,13.4,1
1377,10002.0,1,0,2020-07-07 14:00:00,24.3,0.2,91.0,100.0,1.0,0.0,12.6,1
1378,10035.0,1,0,2020-07-07 14:00:00,24.3,0.2,91.0,100.0,1.0,0.0,12.6,1
1379,10012.0,1,0,2020-07-07 19:00:00,26.4,0.0,72.0,70.0,15.0,0.0,15.8,1
1380,10002.0,0,0,2020-07-07 17:00:00,26.0,0.1,62.0,58.0,16.0,0.0,14.8,0
1381,10016.0,0,0,2020-07-07 16:00:00,25.5,0.0,87.0,95.0,3.0,0.0,14.2,0
1382,10022.0,0,0,2020-07-07 21:00:00,26.1,0.2,80.0,79.0,14.0,0.0,15.0,0
1383,10025.0,0,0,2020-07-07 14:00:00,24.3,0.2,91.0,100.0,1.0,0.0,12.6,0
1384,10065.0,0,0,2020-07-07 15:00:00,25.2,0.2,92.0,99.0,4.0,0.0,13.4,0
1385,10024.0,0,0,2020-07-07 04:00:00,21.6,1.3,65.0,71.0,1.0,0.0,12.0,0
1386,10002.0,0,0,2020-07-07 05:00:00,21.0,2.1,71.0,78.0,2.0,0.0,12.6,0
1387,10027.0,0,0,2020-07-06 13:00:00,27.2,0.0,4.0,0.0,2.0,8.0,3.4,0
1388,10036.0,0,0,2020-07-06 14:00:00,28.6,0.0,4.0,0.0,1.0,10.0,3.7,0
1389,10016.0,0,0,2020-07-06 08:00:00,24.4,0.0,12.0,0.0,1.0,38.0,7.2,0
1390,10018.0,0,0,2020-07-06 17:00:00,31.5,0.0,11.0,0.0,16.0,5.0,6.5,0
1391,10128.0,1,0,2020-07-06 21:00:00,26.3,0.0,25.0,0.0,28.0,28.0,13.8,1
1392,10032.0,0,0,2020-07-06 11:00:00,25.1,0.0,3.0,0.0,2.0,6.0,4.0,0
1393,10009.0,0,0,2020-07-06 11:00:00,25.1,0.0,3.0,0.0,2.0,6.0,4.0,0
1394,10025.0,0,0,2020-07-06 19:00:00,30.3,0.0,33.0,0.0,33.0,45.0,9.2,0
1395,10029.0,0,0,2020-07-06 13:00:00,27.2,0.0,4.0,0.0,2.0,8.0,3.4,0
1396,10002.0,1,0,2020-07-06 15:00:00,30.4,0.0,0.0,0.0,0.0,0.0,3.3,1
1397,10016.0,1,0,2020-07-06 11:00:00,25.1,0.0,3.0,0.0,2.0,6.0,4.0,1
1398,10065.0,1,0,2020-07-06 17:00:00,31.5,0.0,11.0,0.0,16.0,5.0,6.5,1
1399,10031.0,1,0,2020-07-06 09:00:00,23.7,0.0,2.0,0.0,0.0,8.0,6.6,1
1400,10023.0,0,0,2020-07-06 05:00:00,25.9,0.0,5.0,0.0,0.0,18.0,6.5,0
1401,10022.0,1,0,2020-07-06 02:00:00,27.3,0.0,25.0,0.0,5.0,73.0,6.3,1
1402,10031.0,2,0,2020-07-06 21:00:00,26.3,0.0,25.0,0.0,28.0,28.0,13.8,1
1403,10002.0,1,0,2020-07-06 17:00:00,31.5,0.0,11.0,0.0,16.0,5.0,6.5,1
1404,10028.0,0,0,2020-07-06 08:00:00,24.4,0.0,12.0,0.0,1.0,38.0,7.2,0
1405,10034.0,0,0,2020-07-06 17:00:00,31.5,0.0,11.0,0.0,16.0,5.0,6.5,0
1406,10012.0,0,0,2020-07-06 14:00:00,28.6,0.0,4.0,0.0,1.0,10.0,3.7,0
1407,10016.0,1,0,2020-07-06 11:00:00,25.1,0.0,3.0,0.0,2.0,6.0,4.0,1
1408,10036.0,0,0,2020-07-06 20:00:00,27.5,1.3,48.0,0.0,64.0,32.0,8.2,0
1409,10002.0,0,0,2020-07-06 09:00:00,23.7,0.0,2.0,0.0,0.0,8.0,6.6,0
1410,10014.0,1,0,2020-07-06 18:00:00,31.6,0.2,26.0,0.0,37.0,14.0,10.0,1
1411,10024.0,0,0,2020-07-06 14:00:00,28.6,0.0,4.0,0.0,1.0,10.0,3.7,0
1412,10065.0,0,0,2020-07-06 14:00:00,28.6,0.0,4.0,0.0,1.0,10.0,3.7,0
1413,10002.0,0,0,2020-07-06 07:00:00,25.3,0.0,14.0,0.0,1.0,43.0,8.0,0
1414,10009.0,0,0,2020-07-06 13:00:00,27.2,0.0,4.0,0.0,2.0,8.0,3.4,0
1415,10009.0,0,0,2020-07-05 01:00:00,24.1,0.0,11.0,0.0,19.0,0.0,9.8,0
1416,10035.0,0,0,2020-07-05 16:00:00,29.3,0.0,3.0,1.0,2.0,2.0,5.6,0
1417,10003.0,0,0,2020-07-05 08:00:00,22.2,0.0,14.0,3.0,18.0,0.0,9.8,0
1418,10031.0,0,0,2020-07-05 12:00:00,23.3,0.0,82.0,91.0,0.0,1.0,9.8,0
1419,10034.0,0,0,2020-07-05 04:00:00,22.8,0.0,12.0,0.0,17.0,6.0,9.7,0
1420,10009.0,0,0,2020-07-05 18:00:00,30.7,0.0,3.0,0.0,0.0,11.0,3.9,0
1421,10018.0,0,0,2020-07-05 16:00:00,29.3,0.0,3.0,1.0,2.0,2.0,5.6,0
1422,10014.0,0,0,2020-07-05 01:00:00,24.1,0.0,11.0,0.0,19.0,0.0,9.8,0
1423,10027.0,0,0,2020-07-05 02:00:00,23.8,0.0,13.0,0.0,22.0,0.0,9.4,0
1424,10009.0,0,0,2020-07-05 11:00:00,23.3,0.0,87.0,93.0,0.0,12.0,10.7,0
1425,10128.0,1,0,2020-07-05 09:00:00,21.9,0.0,9.0,2.0,12.0,0.0,9.7,1
1426,10012.0,0,0,2020-07-05 17:00:00,30.4,0.0,2.0,0.0,0.0,8.0,4.8,0
1427,10019.0,1,0,2020-07-05 14:00:00,25.6,0.0,5.0,6.0,0.0,0.0,6.1,1
1428,10017.0,2,0,2020-07-05 17:00:00,30.4,0.0,2.0,0.0,0.0,8.0,4.8,1
1429,10022.0,0,0,2020-07-05 03:00:00,23.1,0.0,12.0,0.0,17.0,6.0,10.0,0
1430,10029.0,0,0,2020-07-05 14:00:00,25.6,0.0,5.0,6.0,0.0,0.0,6.1,0
1431,10001.0,1,0,2020-07-05 15:00:00,28.2,0.0,1.0,1.0,0.0,0.0,5.5,1
1432,10035.0,0,0,2020-07-05 09:00:00,21.9,0.0,9.0,2.0,12.0,0.0,9.7,0
1433,10019.0,1,0,2020-07-05 20:00:00,31.6,0.0,30.0,0.0,13.0,75.0,0.7,1
1434,10026.0,2,0,2020-07-05 02:00:00,23.8,0.0,13.0,0.0,22.0,0.0,9.4,1
1435,10023.0,0,0,2020-07-05 00:00:00,25.2,0.0,25.0,0.0,41.0,0.0,10.6,0
1436,10025.0,4,0,2020-07-05 03:00:00,23.1,0.0,12.0,0.0,17.0,6.0,10.0,1
1437,10011.0,0,0,2020-07-05 18:00:00,30.7,0.0,3.0,0.0,0.0,11.0,3.9,0
1438,10027.0,0,0,2020-07-05 16:00:00,29.3,0.0,3.0,1.0,2.0,2.0,5.6,0
1439,10010.0,0,0,2020-07-05 11:00:00,23.3,0.0,87.0,93.0,0.0,12.0,10.7,0
1440,10019.0,0,0,2020-07-04 11:00:00,22.3,0.0,100.0,95.0,40.0,0.0,6.9,0
1441,10029.0,0,0,2020-07-04 12:00:00,22.1,0.0,86.0,82.0,20.0,0.0,7.9,0
1442,10032.0,1,0,2020-07-04 14:00:00,23.1,0.0,54.0,55.0,7.0,0.0,11.6,1
1443,10023.0,0,0,2020-07-04 22:00:00,27.1,0.0,31.0,0.0,52.0,0.0,10.8,0
1444,10031.0,0,0,2020-07-04 18:00:00,28.5,0.0,15.0,3.0,20.0,0.0,7.1,0
1445,10032.0,1,0,2020-07-04 19:00:00,29.2,0.0,19.0,3.0,27.0,0.0,5.8,1
1446,10019.0,1,0,2020-07-04 16:00:00,26.2,0.0,12.0,10.0,5.0,0.0,9.2,1
1447,10040.0,0,0,2020-07-04 12:00:00,22.1,0.0,86.0,82.0,20.0,0.0,7.9,0
1448,10029.0,0,0,2020-07-04 16:00:00,26.2,0.0,12.0,10.0,5.0,0.0,9.2,0
1449,10027.0,1,0,2020-07-04 11:00:00,22.3,0.0,100.0,95.0,40.0,0.0,6.9,1
1450,10001.0,0,0,2020-07-04 00:00:00,26.1,0.3,31.0,9.0,26.0,23.0,10.9,0
1451,10029.0,0,0,2020-07-04 16:00:00,26.2,0.0,12.0,10.0,5.0,0.0,9.2,0
1452,10039.0,1,0,2020-07-04 04:00:00,21.7,1.4,77.0,65.0,25.0,12.0,7.6,1
1453,10032.0,0,0,2020-07-04 08:00:00,21.1,0.1,100.0,100.0,13.0,17.0,7.3,0
1454,10026.0,5,0,2020-07-04 16:00:00,26.2,0.0,12.0,10.0,5.0,0.0,9.2,1
1455,10038.0,0,0,2020-07-04 02:00:00,23.3,1.8,80.0,56.0,32.0,33.0,9.7,0
1456,10031.0,1,0,2020-07-04 00:00:00,26.1,0.3,31.0,9.0,26.0,23.0,10.9,1
1457,10024.0,0,0,2020-07-03 12:00:00,26.6,0.0,8.0,0.0,11.0,5.0,9.3,0
1458,10032.0,1,0,2020-07-03 21:00:00,29.0,0.0,36.0,6.0,36.0,30.0,7.7,1
1459,10003.0,1,0,2020-07-03 00:00:00,30.5,0.0,20.0,0.0,33.0,0.0,9.1,1
1460,10019.0,1,0,2020-07-03 10:00:00,26.1,0.0,3.0,0.0,4.0,1.0,8.9,1
1461,10029.0,0,0,2020-07-03 21:00:00,29.0,0.0,36.0,6.0,36.0,30.0,7.7,0
1462,10019.0,0,0,2020-07-03 00:00:00,30.5,0.0,20.0,0.0,33.0,0.0,9.1,0
1463,10027.0,0,0,2020-07-03 01:00:00,29.3,0.0,14.0,0.0,24.0,0.0,10.6,0
1464,10037.0,2,0,2020-07-03 08:00:00,25.6,0.0,14.0,0.0,14.0,19.0,10.5,1
1465,10003.0,2,0,2020-07-03 15:00:00,28.9,0.0,31.0,0.0,44.0,16.0,4.8,1
1466,10025.0,0,0,2020-07-03 23:00:00,27.3,0.0,44.0,5.0,54.0,23.0,9.8,0
1467,10029.0,1,0,2020-07-03 15:00:00,28.9,0.0,31.0,0.0,44.0,16.0,4.8,1
1468,10033.0,0,0,2020-07-03 02:00:00,28.0,0.0,13.0,0.0,21.0,0.0,10.2,0
1469,10065.0,0,0,2020-07-03 21:00:00,29.0,0.0,36.0,6.0,36.0,30.0,7.7,0
1470,10002.0,0,0,2020-07-03 13:00:00,27.0,0.0,18.0,1.0,23.0,10.0,10.7,0
1471,10022.0,1,0,2020-07-03 17:00:00,29.3,0.0,30.0,6.0,38.0,7.0,3.8,1
1472,10009.0,0,0,2020-07-03 20:00:00,29.7,0.8,49.0,9.0,36.0,64.0,0.8,0
1473,10016.0,0,0,2020-07-03 10:00:00,26.1,0.0,3.0,0.0,4.0,1.0,8.9,0
1474,10002.0,0,0,2020-07-03 14:00:00,27.7,0.0,40.0,0.0,62.0,10.0,10.1,0
1475,10027.0,2,0,2020-07-03 21:00:00,29.0,0.0,36.0,6.0,36.0,30.0,7.7,1
1476,10002.0,0,0,2020-07-03 12:00:00,26.6,0.0,8.0,0.0,11.0,5.0,9.3,0
1477,10013.0,0,0,2020-07-03 15:00:00,28.9,0.0,31.0,0.0,44.0,16.0,4.8,0
1478,10031.0,1,0,2020-07-03 13:00:00,27.0,0.0,18.0,1.0,23.0,10.0,10.7,1
1479,10026.0,0,0,2020-07-03 12:00:00,26.6,0.0,8.0,0.0,11.0,5.0,9.3,0
1480,10007.0,0,0,2020-07-03 12:00:00,26.6,0.0,8.0,0.0,11.0,5.0,9.3,0
1481,10032.0,1,0,2020-07-03 00:00:00,30.5,0.0,20.0,0.0,33.0,0.0,9.1,1
1482,10016.0,0,0,2020-07-02 22:00:00,30.6,0.0,23.0,0.0,38.0,0.0,4.8,0
1483,10017.0,1,0,2020-07-02 11:00:00,22.4,0.0,7.0,0.0,11.0,0.0,5.9,1
1484,10003.0,1,0,2020-07-02 14:00:00,25.2,0.0,5.0,0.0,9.0,0.0,8.2,1
1485,10037.0,1,0,2020-07-02 07:00:00,20.3,0.0,62.0,52.0,19.0,11.0,5.4,1
1486,10016.0,0,0,2020-07-02 19:00:00,30.8,0.0,8.0,0.0,10.0,7.0,8.4,0
1487,10065.0,0,0,2020-07-02 16:00:00,28.7,0.0,15.0,0.0,24.0,2.0,7.6,0
1488,10016.0,1,0,2020-07-02 07:00:00,20.3,0.0,62.0,52.0,19.0,11.0,5.4,1
1489,10026.0,0,0,2020-07-02 21:00:00,31.6,0.0,19.0,0.0,30.0,4.0,10.6,0
1490,10027.0,0,0,2020-07-02 19:00:00,30.8,0.0,8.0,0.0,10.0,7.0,8.4,0
1491,10010.0,1,0,2020-07-02 10:00:00,21.7,0.0,23.0,3.0,34.0,0.0,6.0,1
1492,10031.0,0,0,2020-07-02 11:00:00,22.4,0.0,7.0,0.0,11.0,0.0,5.9,0
1493,10003.0,0,0,2020-07-02 11:00:00,22.4,0.0,7.0,0.0,11.0,0.0,5.9,0
1494,10018.0,4,0,2020-07-02 21:00:00,31.6,0.0,19.0,0.0,30.0,4.0,10.6,1
1495,10014.0,1,0,2020-07-02 18:00:00,30.1,0.0,8.0,0.0,12.0,3.0,9.2,1
1496,10003.0,1,0,2020-07-02 18:00:00,30.1,0.0,8.0,0.0,12.0,3.0,9.2,1
1497,10280.0,0,0,2020-07-02 14:00:00,25.2,0.0,5.0,0.0,9.0,0.0,8.2,0
1498,10075.0,0,0,2020-07-02 09:00:00,20.0,0.0,37.0,35.0,9.0,0.0,7.4,0
1499,10032.0,1,0,2020-07-02 21:00:00,31.6,0.0,19.0,0.0,30.0,4.0,10.6,1
1500,10034.0,0,0,2020-07-02 16:00:00,28.7,0.0,15.0,0.0,24.0,2.0,7.6,0
1501,10002.0,0,0,2020-07-02 14:00:00,25.2,0.0,5.0,0.0,9.0,0.0,8.2,0
1502,10030.0,0,0,2020-07-02 10:00:00,21.7,0.0,23.0,3.0,34.0,0.0,6.0,0
1503,10002.0,0,0,2020-07-02 15:00:00,27.5,0.0,11.0,0.0,17.0,1.0,7.7,0
1504,10006.0,0,0,2020-07-02 09:00:00,20.0,0.0,37.0,35.0,9.0,0.0,7.4,0
1505,10035.0,1,0,2020-07-02 13:00:00,24.0,0.0,2.0,0.0,4.0,0.0,7.9,1
1506,10016.0,1,0,2020-07-02 22:00:00,30.6,0.0,23.0,0.0,38.0,0.0,4.8,1
1507,10016.0,0,0,2020-07-02 07:00:00,20.3,0.0,62.0,52.0,19.0,11.0,5.4,0
1508,10035.0,0,0,2020-07-02 06:00:00,20.6,0.0,31.0,4.0,23.0,46.0,5.0,0
1509,10040.0,1,0,2020-07-02 12:00:00,23.4,0.0,3.0,0.0,5.0,0.0,6.6,1
1510,10021.0,0,0,2020-07-02 14:00:00,25.2,0.0,5.0,0.0,9.0,0.0,8.2,0
1511,10032.0,0,0,2020-07-02 10:00:00,21.7,0.0,23.0,3.0,34.0,0.0,6.0,0
1512,10009.0,1,0,2020-07-02 14:00:00,25.2,0.0,5.0,0.0,9.0,0.0,8.2,1
1513,10002.0,1,0,2020-07-02 09:00:00,20.0,0.0,37.0,35.0,9.0,0.0,7.4,1
1514,10026.0,0,0,2020-07-02 03:00:00,20.7,0.0,32.0,0.0,17.0,73.0,1.8,0
1515,10019.0,0,0,2020-07-02 16:00:00,28.7,0.0,15.0,0.0,24.0,2.0,7.6,0
1516,10028.0,0,0,2020-07-02 23:00:00,30.6,0.0,22.0,0.0,37.0,0.0,7.1,0
1517,10026.0,1,0,2020-07-02 17:00:00,29.6,0.0,11.0,0.0,17.0,1.0,8.4,1
1518,10282.0,0,0,2020-07-02 08:00:00,20.4,0.0,58.0,52.0,17.0,4.0,5.4,0
1519,10029.0,0,0,2020-07-02 15:00:00,27.5,0.0,11.0,0.0,17.0,1.0,7.7,0
1520,10036.0,0,0,2020-07-02 16:00:00,28.7,0.0,15.0,0.0,24.0,2.0,7.6,0
1521,10002.0,1,0,2020-07-02 18:00:00,30.1,0.0,8.0,0.0,12.0,3.0,9.2,1
1522,10001.0,1,0,2020-07-02 17:00:00,29.6,0.0,11.0,0.0,17.0,1.0,8.4,1
1523,10002.0,1,0,2020-07-02 17:00:00,29.6,0.0,11.0,0.0,17.0,1.0,8.4,1
1524,10019.0,3,0,2020-07-02 11:00:00,22.4,0.0,7.0,0.0,11.0,0.0,5.9,1
1525,10019.0,0,0,2020-07-01 02:00:00,21.5,0.0,48.0,28.0,10.0,56.0,2.1,0
1526,10016.0,1,0,2020-07-01 14:00:00,23.4,0.2,49.0,51.0,3.0,5.0,3.8,1
1527,10022.0,0,0,2020-07-01 06:00:00,20.4,0.2,49.0,30.0,22.0,30.0,2.4,0
1528,10010.0,1,0,2020-07-01 22:00:00,24.2,1.3,47.0,3.0,31.0,87.0,11.6,1
1529,10010.0,0,0,2020-07-01 09:00:00,20.1,0.0,35.0,21.0,12.0,29.0,5.2,0
1530,10002.0,0,0,2020-07-01 17:00:00,24.8,0.2,48.0,41.0,6.0,24.0,3.8,0
1531,10034.0,0,0,2020-07-01 17:00:00,24.8,0.2,48.0,41.0,6.0,24.0,3.8,0
1532,10002.0,2,0,2020-07-01 08:00:00,20.2,0.0,40.0,26.0,17.0,20.0,2.3,1
1533,10032.0,0,0,2020-07-01 15:00:00,24.2,0.3,37.0,32.0,6.0,14.0,5.0,0
1534,10001.0,0,0,2020-07-01 17:00:00,24.8,0.2,48.0,41.0,6.0,24.0,3.8,0
1535,10035.0,0,0,2020-07-01 14:00:00,23.4,0.2,49.0,51.0,3.0,5.0,3.8,0
1536,10280.0,1,0,2020-07-01 17:00:00,24.8,0.2,48.0,41.0,6.0,24.0,3.8,1
1537,10065.0,0,0,2020-07-01 09:00:00,20.1,0.0,35.0,21.0,12.0,29.0,5.2,0
1538,10033.0,0,0,2020-07-01 14:00:00,23.4,0.2,49.0,51.0,3.0,5.0,3.8,0
1539,10128.0,0,0,2020-07-01 18:00:00,25.4,0.2,30.0,14.0,19.0,21.0,3.3,0
1540,10009.0,1,0,2020-07-01 08:00:00,20.2,0.0,40.0,26.0,17.0,20.0,2.3,1
1541,10004.0,0,0,2020-07-01 12:00:00,21.6,0.0,30.0,25.0,12.0,1.0,5.1,0
1542,10038.0,0,0,2020-07-01 11:00:00,20.7,0.0,42.0,30.0,16.0,19.0,6.7,0
1543,10019.0,0,0,2020-07-01 08:00:00,20.2,0.0,40.0,26.0,17.0,20.0,2.3,0
1544,10022.0,1,0,2020-07-01 22:00:00,24.2,1.3,47.0,3.0,31.0,87.0,11.6,1
1545,10012.0,1,0,2020-07-01 17:00:00,24.8,0.2,48.0,41.0,6.0,24.0,3.8,1
1546,10030.0,0,0,2020-07-01 15:00:00,24.2,0.3,37.0,32.0,6.0,14.0,5.0,0
1547,10021.0,1,0,2020-07-01 20:00:00,26.4,0.5,27.0,8.0,6.0,53.0,4.7,1
1548,10036.0,0,0,2020-07-01 08:00:00,20.2,0.0,40.0,26.0,17.0,20.0,2.3,0
1549,10022.0,0,0,2020-07-01 12:00:00,21.6,0.0,30.0,25.0,12.0,1.0,5.1,0
1550,10128.0,1,0,2020-07-01 13:00:00,22.2,0.0,22.0,19.0,5.0,7.0,3.3,1
1551,10032.0,1,0,2020-07-01 18:00:00,25.4,0.2,30.0,14.0,19.0,21.0,3.3,1
1552,10018.0,0,0,2020-07-01 16:00:00,24.5,0.3,45.0,40.0,9.0,12.0,4.7,0
1553,10016.0,2,0,2020-07-01 01:00:00,21.9,0.2,59.0,21.0,23.0,88.0,2.3,1
1554,10002.0,1,0,2020-07-01 13:00:00,22.2,0.0,22.0,19.0,5.0,7.0,3.3,1
1555,10018.0,0,0,2020-07-01 16:00:00,24.5,0.3,45.0,40.0,9.0,12.0,4.7,0
1556,10005.0,1,0,2020-06-30 09:00:00,20.5,0.0,43.0,33.0,22.0,0.0,9.7,1
1557,10065.0,0,0,2020-06-30 13:00:00,22.0,0.1,29.0,15.0,24.0,4.0,7.6,0
1558,10002.0,0,0,2020-06-30 17:00:00,24.0,0.2,48.0,35.0,18.0,19.0,3.7,0
1559,10011.0,1,0,2020-06-30 18:00:00,24.2,2.6,51.0,20.0,48.0,14.0,4.2,1
1560,10013.0,0,0,2020-06-30 07:00:00,21.3,0.0,24.0,21.0,8.0,0.0,8.3,0
1561,10024.0,3,0,2020-06-30 18:00:00,24.2,2.6,51.0,20.0,48.0,14.0,4.2,1
1562,10022.0,1,0,2020-06-30 18:00:00,24.2,2.6,51.0,20.0,48.0,14.0,4.2,1
1563,10035.0,1,0,2020-06-30 16:00:00,24.4,0.0,61.0,41.0,32.0,17.0,3.6,1
1564,10017.0,1,0,2020-06-30 11:00:00,20.9,0.0,15.0,12.0,7.0,1.0,8.6,1
1565,10031.0,1,0,2020-06-30 00:00:00,24.7,0.0,39.0,5.0,46.0,23.0,8.7,1
1566,10003.0,0,0,2020-06-30 10:00:00,20.4,0.0,26.0,11.0,19.0,14.0,7.8,0
1567,10032.0,1,0,2020-06-30 09:00:00,20.5,0.0,43.0,33.0,22.0,0.0,9.7,1
1568,10065.0,0,0,2020-06-30 11:00:00,20.9,0.0,15.0,12.0,7.0,1.0,8.6,0
1569,10032.0,1,0,2020-06-30 18:00:00,24.2,2.6,51.0,20.0,48.0,14.0,4.2,1
1570,10029.0,0,0,2020-06-30 03:00:00,22.4,0.0,1.0,1.0,0.0,0.0,5.0,0
1571,10022.0,0,0,2020-06-30 22:00:00,23.0,2.4,70.0,14.0,51.0,90.0,0.4,0
1572,10003.0,0,0,2020-06-30 13:00:00,22.0,0.1,29.0,15.0,24.0,4.0,7.6,0
1573,10013.0,0,0,2020-06-30 18:00:00,24.2,2.6,51.0,20.0,48.0,14.0,4.2,0
1574,10026.0,0,0,2020-06-30 11:00:00,20.9,0.0,15.0,12.0,7.0,1.0,8.6,0
1575,10034.0,0,0,2020-06-30 16:00:00,24.4,0.0,61.0,41.0,32.0,17.0,3.6,0
1576,10011.0,0,0,2020-06-30 13:00:00,22.0,0.1,29.0,15.0,24.0,4.0,7.6,0
1577,10027.0,0,0,2020-06-30 04:00:00,22.3,0.0,6.0,7.0,0.0,0.0,5.6,0
1578,10011.0,0,0,2020-06-30 06:00:00,21.7,0.0,22.0,18.0,8.0,2.0,7.6,0
1579,10024.0,1,0,2020-06-30 08:00:00,21.0,0.0,23.0,19.0,9.0,0.0,9.4,1
1580,10002.0,0,0,2020-06-30 18:00:00,24.2,2.6,51.0,20.0,48.0,14.0,4.2,0
1581,10032.0,0,0,2020-06-30 12:00:00,21.6,0.0,29.0,16.0,24.0,1.0,8.7,0
1582,10002.0,0,0,2020-06-30 16:00:00,24.4,0.0,61.0,41.0,32.0,17.0,3.6,0
1583,10002.0,0,0,2020-06-30 17:00:00,24.0,0.2,48.0,35.0,18.0,19.0,3.7,0
1584,10026.0,3,0,2020-06-29 06:00:00,22.6,0.0,13.0,3.0,17.0,0.0,7.3,1
1585,10029.0,1,0,2020-06-29 14:00:00,24.9,0.0,35.0,35.0,3.0,6.0,13.4,1
1586,10069.0,0,0,2020-06-29 00:00:00,23.6,0.2,21.0,2.0,31.0,3.0,2.6,0
1587,10030.0,1,0,2020-06-29 15:00:00,26.7,0.0,24.0,20.0,9.0,3.0,11.9,1
1588,10016.0,0,0,2020-06-29 10:00:00,23.0,0.0,2.0,0.0,3.0,0.0,10.7,0
1589,10002.0,0,0,2020-06-29 15:00:00,26.7,0.0,24.0,20.0,9.0,3.0,11.9,0
1590,10128.0,1,0,2020-06-29 18:00:00,28.6,0.0,15.0,7.0,14.0,2.0,13.8,1
1591,10027.0,1,0,2020-06-29 00:00:00,23.6,0.2,21.0,2.0,31.0,3.0,2.6,1
1592,10128.0,0,0,2020-06-29 22:00:00,28.3,0.1,41.0,8.0,30.0,53.0,8.8,0
1593,10027.0,0,0,2020-06-29 15:00:00,26.7,0.0,24.0,20.0,9.0,3.0,11.9,0
1594,10012.0,0,0,2020-06-29 10:00:00,23.0,0.0,2.0,0.0,3.0,0.0,10.7,0
1595,10021.0,1,0,2020-06-29 17:00:00,27.7,0.0,28.0,18.0,19.0,3.0,13.0,1
1596,10033.0,0,0,2020-06-29 00:00:00,23.6,0.2,21.0,2.0,31.0,3.0,2.6,0
1597,10029.0,2,0,2020-06-29 15:00:00,26.7,0.0,24.0,20.0,9.0,3.0,11.9,1
1598,10032.0,0,0,2020-06-29 15:00:00,26.7,0.0,24.0,20.0,9.0,3.0,11.9,0
1599,10036.0,1,0,2020-06-29 00:00:00,23.6,0.2,21.0,2.0,31.0,3.0,2.6,1
1600,10010.0,1,0,2020-06-29 18:00:00,28.6,0.0,15.0,7.0,14.0,2.0,13.8,1
1601,10032.0,0,0,2020-06-29 04:00:00,22.8,0.0,17.0,3.0,24.0,0.0,8.5,0
1602,10002.0,1,0,2020-06-29 14:00:00,24.9,0.0,35.0,35.0,3.0,6.0,13.4,1
1603,10025.0,1,0,2020-06-29 19:00:00,29.2,0.0,10.0,5.0,9.0,0.0,13.0,1
1604,10007.0,0,0,2020-06-29 22:00:00,28.3,0.1,41.0,8.0,30.0,53.0,8.8,0
1605,10026.0,0,0,2020-06-29 15:00:00,26.7,0.0,24.0,20.0,9.0,3.0,11.9,0
1606,10029.0,0,0,2020-06-29 00:00:00,23.6,0.2,21.0,2.0,31.0,3.0,2.6,0
1607,10022.0,0,0,2020-06-29 20:00:00,29.1,0.0,22.0,17.0,7.0,9.0,12.4,0
1608,10035.0,1,0,2020-06-29 13:00:00,24.4,0.0,15.0,16.0,1.0,0.0,12.2,1
1609,10017.0,1,0,2020-06-28 18:00:00,30.6,0.0,17.0,5.0,14.0,13.0,8.4,1
1610,10002.0,1,0,2020-06-28 16:00:00,29.0,0.0,15.0,7.0,8.0,12.0,5.9,1
1611,10035.0,0,0,2020-06-28 10:00:00,22.8,0.0,42.0,41.0,4.0,8.0,2.6,0
1612,10011.0,1,0,2020-06-28 14:00:00,25.8,0.0,6.0,1.0,7.0,2.0,1.8,1
1613,10026.0,1,0,2020-06-28 17:00:00,30.0,0.0,27.0,11.0,19.0,19.0,7.7,1
1614,10012.0,0,0,2020-06-28 16:00:00,29.0,0.0,15.0,7.0,8.0,12.0,5.9,0
1615,10002.0,1,0,2020-06-28 19:00:00,30.6,0.0,24.0,2.0,30.0,14.0,8.4,1
1616,10011.0,1,0,2020-06-28 18:00:00,30.6,0.0,17.0,5.0,14.0,13.0,8.4,1
1617,10034.0,0,0,2020-06-28 19:00:00,30.6,0.0,24.0,2.0,30.0,14.0,8.4,0
1618,10012.0,1,0,2020-06-28 07:00:00,22.6,0.0,8.0,0.0,14.0,0.0,6.5,1
1619,10016.0,1,0,2020-06-28 08:00:00,22.5,0.0,10.0,0.0,17.0,0.0,5.8,1
1620,10009.0,0,0,2020-06-28 01:00:00,24.6,0.0,59.0,10.0,35.0,98.0,6.6,0
1621,10040.0,0,0,2020-06-28 19:00:00,30.6,0.0,24.0,2.0,30.0,14.0,8.4,0
1622,10026.0,1,0,2020-06-28 03:00:00,23.4,0.0,37.0,0.0,12.0,99.0,3.4,1
1623,10001.0,0,0,2020-06-28 18:00:00,30.6,0.0,17.0,5.0,14.0,13.0,8.4,0
1624,10039.0,1,0,2020-06-28 21:00:00,28.3,0.5,55.0,12.0,42.0,63.0,5.9,1
1625,10036.0,1,0,2020-06-28 19:00:00,30.6,0.0,24.0,2.0,30.0,14.0,8.4,1
1626,10028.0,1,0,2020-06-28 14:00:00,25.8,0.0,6.0,1.0,7.0,2.0,1.8,1
1627,10037.0,1,0,2020-06-28 01:00:00,24.6,0.0,59.0,10.0,35.0,98.0,6.6,1
1628,10012.0,1,0,2020-06-28 08:00:00,22.5,0.0,10.0,0.0,17.0,0.0,5.8,1
1629,10033.0,0,0,2020-06-28 19:00:00,30.6,0.0,24.0,2.0,30.0,14.0,8.4,0
1630,10035.0,1,0,2020-06-27 03:00:00,24.6,0.0,19.0,0.0,1.0,62.0,6.6,1
1631,10022.0,1,0,2020-06-27 18:00:00,25.8,1.6,100.0,30.0,96.0,98.0,12.5,1
1632,10029.0,0,0,2020-06-27 19:00:00,25.2,2.3,86.0,18.0,67.0,98.0,14.5,0
1633,10027.0,0,0,2020-06-27 03:00:00,24.6,0.0,19.0,0.0,1.0,62.0,6.6,0
1634,10027.0,0,0,2020-06-27 12:00:00,22.4,0.0,42.0,0.0,22.0,95.0,4.2,0
1635,10031.0,0,0,2020-06-27 06:00:00,23.2,0.0,30.0,0.0,0.0,99.0,7.9,0
1636,10035.0,1,0,2020-06-27 11:00:00,21.9,0.0,27.0,0.0,5.0,81.0,2.8,1
1637,10039.0,1,0,2020-06-27 04:00:00,24.2,0.0,0.0,0.0,0.0,0.0,7.9,1
1638,10032.0,1,0,2020-06-27 15:00:00,25.9,0.0,60.0,0.0,70.0,61.0,8.3,1
1639,10035.0,0,0,2020-06-27 14:00:00,23.9,0.0,88.0,0.0,98.0,97.0,8.9,0
1640,10003.0,1,0,2020-06-27 11:00:00,21.9,0.0,27.0,0.0,5.0,81.0,2.8,1
1641,10037.0,1,0,2020-06-27 18:00:00,25.8,1.6,100.0,30.0,96.0,98.0,12.5,1
1642,10002.0,1,0,2020-06-27 08:00:00,22.1,0.0,29.0,0.0,0.0,95.0,7.1,1
1643,10028.0,0,0,2020-06-27 13:00:00,22.8,0.0,76.0,0.0,77.0,100.0,6.5,0
1644,10031.0,4,1,2020-06-27 04:00:00,24.2,0.0,0.0,0.0,0.0,0.0,7.9,2
1645,10035.0,1,0,2020-06-27 22:00:00,26.3,1.0,51.0,12.0,17.0,100.0,14.0,1
1646,10028.0,0,0,2020-06-27 12:00:00,22.4,0.0,42.0,0.0,22.0,95.0,4.2,0
1647,10002.0,0,0,2020-06-27 21:00:00,27.4,0.1,63.0,8.0,43.0,100.0,18.4,0
1648,10010.0,0,0,2020-06-27 12:00:00,22.4,0.0,42.0,0.0,22.0,95.0,4.2,0
1649,10037.0,0,0,2020-06-26 17:00:00,27.6,0.0,25.0,0.0,41.0,0.0,12.4,0
1650,10017.0,2,0,2020-06-26 19:00:00,28.7,0.0,22.0,0.0,36.0,0.0,12.0,1
1651,10029.0,1,0,2020-06-26 20:00:00,29.4,0.0,20.0,0.0,34.0,0.0,12.8,1
1652,10023.0,0,0,2020-06-26 16:00:00,26.9,0.0,35.0,0.0,45.0,27.0,11.6,0
1653,10028.0,1,0,2020-06-26 12:00:00,22.6,0.0,1.0,0.0,1.0,0.0,10.0,1
1654,10013.0,0,0,2020-06-26 08:00:00,21.3,0.0,2.0,0.0,2.0,1.0,7.4,0
1655,10013.0,0,0,2020-06-26 01:00:00,24.3,0.0,12.0,0.0,12.0,16.0,8.4,0
1656,10022.0,0,0,2020-06-26 04:00:00,22.8,0.0,8.0,0.0,13.0,0.0,7.0,0
1657,10033.0,0,0,2020-06-26 19:00:00,28.7,0.0,22.0,0.0,36.0,0.0,12.0,0
1658,10032.0,0,0,2020-06-26 09:00:00,20.8,0.0,6.0,0.0,2.0,16.0,6.9,0
1659,10029.0,2,0,2020-06-26 23:00:00,28.7,0.0,20.0,0.0,34.0,0.0,10.1,1
1660,10002.0,1,0,2020-06-26 22:00:00,28.8,0.0,29.0,0.0,48.0,0.0,12.0,1
1661,10017.0,0,0,2020-06-26 12:00:00,22.6,0.0,1.0,0.0,1.0,0.0,10.0,0
1662,10038.0,0,0,2020-06-26 15:00:00,26.3,0.0,32.0,0.0,20.0,68.0,9.0,0
1663,10065.0,0,0,2020-06-26 09:00:00,20.8,0.0,6.0,0.0,2.0,16.0,6.9,0
1664,10037.0,0,0,2020-06-26 10:00:00,21.5,0.0,1.0,0.0,1.0,0.0,6.2,0
1665,10022.0,0,0,2020-06-26 18:00:00,28.2,0.0,20.0,0.0,33.0,0.0,11.6,0
1666,10013.0,0,0,2020-06-26 18:00:00,28.2,0.0,20.0,0.0,33.0,0.0,11.6,0
1667,10027.0,0,0,2020-06-26 14:00:00,24.2,0.0,17.0,0.0,5.0,47.0,8.1,0
1668,10035.0,1,0,2020-06-26 23:00:00,28.7,0.0,20.0,0.0,34.0,0.0,10.1,1
1669,10002.0,1,0,2020-06-26 20:00:00,29.4,0.0,20.0,0.0,34.0,0.0,12.8,1
1670,10018.0,0,0,2020-06-26 09:00:00,20.8,0.0,6.0,0.0,2.0,16.0,6.9,0
1671,10002.0,1,0,2020-06-26 22:00:00,28.8,0.0,29.0,0.0,48.0,0.0,12.0,1
1672,10029.0,0,0,2020-06-26 15:00:00,26.3,0.0,32.0,0.0,20.0,68.0,9.0,0
1673,10040.0,0,0,2020-06-26 11:00:00,22.0,0.0,0.0,0.0,0.0,0.0,8.5,0
1674,10001.0,0,0,2020-06-26 05:00:00,22.3,0.0,7.0,0.0,12.0,0.0,7.8,0
1675,10033.0,0,0,2020-06-26 16:00:00,26.9,0.0,35.0,0.0,45.0,27.0,11.6,0
1676,10036.0,0,0,2020-06-26 15:00:00,26.3,0.0,32.0,0.0,20.0,68.0,9.0,0
1677,10024.0,0,0,2020-06-26 11:00:00,22.0,0.0,0.0,0.0,0.0,0.0,8.5,0
1678,10023.0,0,0,2020-06-26 11:00:00,22.0,0.0,0.0,0.0,0.0,0.0,8.5,0
1679,10021.0,0,0,2020-06-25 06:00:00,22.9,0.0,32.0,0.0,5.0,96.0,9.0,0
1680,10029.0,1,0,2020-06-25 09:00:00,21.9,0.0,41.0,2.0,17.0,96.0,5.9,1
1681,10003.0,1,0,2020-06-25 14:00:00,24.7,0.0,26.0,0.0,1.0,86.0,5.1,1
1682,10011.0,0,0,2020-06-25 10:00:00,22.0,0.0,32.0,0.0,5.0,96.0,6.0,0
1683,10011.0,0,0,2020-06-25 12:00:00,23.0,0.0,33.0,0.0,7.0,96.0,5.1,0
1684,10033.0,0,0,2020-06-25 13:00:00,23.9,0.0,30.0,0.0,3.0,93.0,5.8,0
1685,10026.0,1,0,2020-06-25 21:00:00,27.4,0.4,46.0,0.0,49.0,55.0,15.6,1
1686,10029.0,1,0,2020-06-25 03:00:00,23.9,0.0,0.0,0.0,0.0,0.0,9.1,1
1687,10029.0,0,0,2020-06-25 18:00:00,28.2,0.0,18.0,0.0,30.0,0.0,12.7,0
1688,10032.0,0,0,2020-06-25 17:00:00,27.6,0.0,23.0,0.0,38.0,1.0,10.2,0
1689,10025.0,0,0,2020-06-25 15:00:00,26.3,0.0,13.0,0.0,2.0,39.0,4.3,0
1690,10013.0,0,0,2020-06-25 23:00:00,25.4,0.0,39.0,0.0,38.0,53.0,13.8,0
1691,10027.0,0,0,2020-06-25 16:00:00,27.1,0.0,6.0,0.0,9.0,2.0,7.1,0
1692,10034.0,0,0,2020-06-25 01:00:00,26.5,0.0,1.0,0.0,1.0,0.0,10.0,0
1693,10038.0,1,0,2020-06-25 13:00:00,23.9,0.0,30.0,0.0,3.0,93.0,5.8,1
1694,10032.0,0,0,2020-06-25 06:00:00,22.9,0.0,32.0,0.0,5.0,96.0,9.0,0
1695,10032.0,1,0,2020-06-25 05:00:00,22.9,0.0,17.0,0.0,5.0,47.0,10.0,1
1696,10001.0,0,0,2020-06-25 14:00:00,24.7,0.0,26.0,0.0,1.0,86.0,5.1,0
1697,10035.0,0,0,2020-06-25 08:00:00,22.5,0.0,35.0,0.0,11.0,95.0,5.8,0
1698,10037.0,0,0,2020-06-25 21:00:00,27.4,0.4,46.0,0.0,49.0,55.0,15.6,0
1699,10032.0,0,0,2020-06-25 04:00:00,23.4,0.0,1.0,0.0,0.0,3.0,10.2,0
1700,10032.0,0,0,2020-06-25 09:00:00,21.9,0.0,41.0,2.0,17.0,96.0,5.9,0
1701,10028.0,0,0,2020-06-25 12:00:00,23.0,0.0,33.0,0.0,7.0,96.0,5.1,0
1702,10017.0,0,0,2020-06-25 13:00:00,23.9,0.0,30.0,0.0,3.0,93.0,5.8,0
1703,10026.0,0,0,2020-06-25 19:00:00,28.4,0.0,18.0,0.0,28.0,3.0,13.6,0
1704,10022.0,0,0,2020-06-25 14:00:00,24.7,0.0,26.0,0.0,1.0,86.0,5.1,0
1705,10037.0,0,0,2020-06-25 07:00:00,22.7,0.0,30.0,0.0,5.0,90.0,7.6,0
1706,10003.0,0,0,2020-06-25 09:00:00,21.9,0.0,41.0,2.0,17.0,96.0,5.9,0
1707,10031.0,0,0,2020-06-24 22:00:00,28.7,0.0,18.0,0.0,30.0,0.0,16.1,0
1708,10034.0,1,0,2020-06-24 12:00:00,25.1,0.0,71.0,6.0,78.0,62.0,10.8,1
1709,10022.0,0,0,2020-06-24 18:00:00,28.2,0.0,30.0,13.0,0.0,60.0,15.1,0
1710,10004.0,1,0,2020-06-24 22:00:00,28.7,0.0,18.0,0.0,30.0,0.0,16.1,1
1711,10027.0,0,0,2020-06-24 15:00:00,26.9,0.0,94.0,16.0,96.0,72.0,15.2,0
1712,10033.0,0,0,2020-06-24 14:00:00,25.8,0.0,82.0,13.0,92.0,51.0,12.5,0
1713,10023.0,0,0,2020-06-24 18:00:00,28.2,0.0,30.0,13.0,0.0,60.0,15.1,0
1714,10012.0,0,0,2020-06-24 17:00:00,27.6,0.0,27.0,1.0,2.0,83.0,14.0,0
1715,10025.0,0,0,2020-06-24 07:00:00,24.4,0.0,33.0,3.0,2.0,98.0,9.4,0
1716,10128.0,1,0,2020-06-24 15:00:00,26.9,0.0,94.0,16.0,96.0,72.0,15.2,1
1717,10022.0,1,0,2020-06-24 00:00:00,26.5,0.0,35.0,4.0,19.0,65.0,12.7,1
1718,10034.0,0,0,2020-06-24 19:00:00,28.7,0.0,11.0,3.0,4.0,18.0,16.6,0
1719,10002.0,0,0,2020-06-24 20:00:00,29.0,0.0,4.0,0.0,6.0,0.0,17.6,0
1720,10029.0,0,0,2020-06-24 00:00:00,26.5,0.0,35.0,4.0,19.0,65.0,12.7,0
1721,10034.0,0,0,2020-06-24 22:00:00,28.7,0.0,18.0,0.0,30.0,0.0,16.1,0
1722,10065.0,0,0,2020-06-24 16:00:00,26.9,0.0,59.0,8.0,42.0,90.0,14.2,0
1723,10033.0,0,0,2020-06-24 23:00:00,28.2,0.0,37.0,0.0,46.0,30.0,14.5,0
1724,10032.0,0,0,2020-06-24 17:00:00,27.6,0.0,27.0,1.0,2.0,83.0,14.0,0
1725,10033.0,0,0,2020-06-24 20:00:00,29.0,0.0,4.0,0.0,6.0,0.0,17.6,0
1726,10014.0,0,0,2020-06-24 11:00:00,24.9,0.0,54.0,13.0,39.0,62.0,10.1,0
1727,10011.0,1,0,2020-06-24 20:00:00,29.0,0.0,4.0,0.0,6.0,0.0,17.6,1
1728,10128.0,0,0,2020-06-24 19:00:00,28.7,0.0,11.0,3.0,4.0,18.0,16.6,0
1729,10034.0,0,0,2020-06-24 16:00:00,26.9,0.0,59.0,8.0,42.0,90.0,14.2,0
1730,10065.0,0,0,2020-06-24 07:00:00,24.4,0.0,33.0,3.0,2.0,98.0,9.4,0
1731,10001.0,0,0,2020-06-24 14:00:00,25.8,0.0,82.0,13.0,92.0,51.0,12.5,0
1732,10022.0,0,0,2020-06-24 09:00:00,23.8,0.4,85.0,33.0,46.0,92.0,11.3,0
1733,10016.0,0,0,2020-06-24 14:00:00,25.8,0.0,82.0,13.0,92.0,51.0,12.5,0
1734,10003.0,0,0,2020-06-24 13:00:00,25.4,0.0,65.0,0.0,96.0,24.0,10.4,0
1735,10035.0,0,0,2020-06-23 09:00:00,22.5,0.0,11.0,5.0,5.0,13.0,7.6,0
1736,10035.0,2,0,2020-06-23 16:00:00,27.8,0.0,52.0,26.0,7.0,80.0,11.9,1
1737,10003.0,0,0,2020-06-23 08:00:00,23.0,0.0,9.0,1.0,2.0,22.0,8.1,0
1738,10026.0,1,0,2020-06-23 17:00:00,28.5,0.0,75.0,47.0,16.0,77.0,13.1,1
1739,10011.0,0,0,2020-06-23 10:00:00,23.7,0.0,15.0,2.0,6.0,31.0,4.4,0
1740,10002.0,1,0,2020-06-23 16:00:00,27.8,0.0,52.0,26.0,7.0,80.0,11.9,1
1741,10012.0,0,0,2020-06-23 09:00:00,22.5,0.0,11.0,5.0,5.0,13.0,7.6,0
1742,10035.0,1,0,2020-06-23 14:00:00,25.5,0.0,81.0,33.0,43.0,86.0,9.4,1
1743,10032.0,0,0,2020-06-23 18:00:00,28.7,0.0,75.0,48.0,18.0,70.0,15.2,0
1744,10022.0,1,0,2020-06-23 16:00:00,27.8,0.0,52.0,26.0,7.0,80.0,11.9,1
1745,10027.0,0,0,2020-06-23 06:00:00,23.4,0.0,26.0,0.0,3.0,81.0,6.6,0
1746,10021.0,0,0,2020-06-23 05:00:00,23.8,0.0,23.0,0.0,3.0,70.0,8.3,0
1747,10019.0,0,0,2020-06-23 14:00:00,25.5,0.0,81.0,33.0,43.0,86.0,9.4,0
1748,10030.0,0,0,2020-06-23 12:00:00,23.8,0.0,35.0,5.0,27.0,46.0,6.2,0
1749,10035.0,0,0,2020-06-23 19:00:00,28.5,0.6,59.0,35.0,39.0,13.0,17.0,0
1750,10032.0,0,0,2020-06-23 10:00:00,23.7,0.0,15.0,2.0,6.0,31.0,4.4,0
1751,10011.0,0,0,2020-06-23 18:00:00,28.7,0.0,75.0,48.0,18.0,70.0,15.2,0
1752,10128.0,1,0,2020-06-23 13:00:00,24.3,0.0,67.0,34.0,22.0,76.0,8.7,1
1753,10031.0,0,0,2020-06-23 09:00:00,22.5,0.0,11.0,5.0,5.0,13.0,7.6,0
1754,10002.0,1,0,2020-06-23 18:00:00,28.7,0.0,75.0,48.0,18.0,70.0,15.2,1
1755,10013.0,1,0,2020-06-23 10:00:00,23.7,0.0,15.0,2.0,6.0,31.0,4.4,1
1756,10012.0,0,0,2020-06-23 23:00:00,27.6,0.0,11.0,0.0,12.0,11.0,13.8,0
1757,10029.0,1,0,2020-06-23 14:00:00,25.5,0.0,81.0,33.0,43.0,86.0,9.4,1
1758,10014.0,1,0,2020-06-23 19:00:00,28.5,0.6,59.0,35.0,39.0,13.0,17.0,1
1759,10035.0,0,0,2020-06-23 10:00:00,23.7,0.0,15.0,2.0,6.0,31.0,4.4,0
1760,10040.0,1,0,2020-06-23 21:00:00,28.7,0.0,35.0,15.0,25.0,22.0,16.2,1
1761,10029.0,0,0,2020-06-23 08:00:00,23.0,0.0,9.0,1.0,2.0,22.0,8.1,0
1762,10003.0,1,0,2020-06-23 19:00:00,28.5,0.6,59.0,35.0,39.0,13.0,17.0,1
1763,10032.0,0,0,2020-06-23 13:00:00,24.3,0.0,67.0,34.0,22.0,76.0,8.7,0
1764,10002.0,1,0,2020-06-23 15:00:00,27.1,0.0,80.0,43.0,28.0,80.0,10.1,1
1765,10002.0,0,0,2020-06-23 14:00:00,25.5,0.0,81.0,33.0,43.0,86.0,9.4,0
1766,10065.0,0,0,2020-06-22 10:00:00,22.9,0.0,16.0,3.0,5.0,33.0,6.6,0
1767,10029.0,1,0,2020-06-22 03:00:00,23.6,0.0,7.0,0.0,5.0,12.0,6.8,1
1768,10018.0,0,0,2020-06-22 07:00:00,22.5,0.0,5.0,2.0,5.0,0.0,8.7,0
1769,10019.0,0,0,2020-06-22 14:00:00,25.9,0.0,4.0,1.0,5.0,0.0,4.3,0
1770,10010.0,0,0,2020-06-22 11:00:00,23.1,0.0,10.0,10.0,2.0,0.0,6.1,0
1771,10026.0,1,0,2020-06-22 02:00:00,24.8,0.0,8.0,0.0,9.0,10.0,6.2,1
1772,10025.0,0,0,2020-06-22 11:00:00,23.1,0.0,10.0,10.0,2.0,0.0,6.1,0
1773,10039.0,1,0,2020-06-22 20:00:00,30.3,0.2,29.0,5.0,41.0,0.0,10.4,1
1774,10018.0,0,0,2020-06-22 09:00:00,21.8,0.0,9.0,1.0,4.0,18.0,8.1,0
1775,10026.0,1,0,2020-06-22 19:00:00,30.0,0.6,23.0,10.0,23.0,0.0,11.2,1
1776,10029.0,0,0,2020-06-22 08:00:00,22.3,0.0,5.0,2.0,5.0,2.0,8.3,0
1777,10035.0,0,0,2020-06-22 06:00:00,22.7,0.0,6.0,2.0,7.0,0.0,9.1,0
1778,10036.0,1,0,2020-06-22 11:00:00,23.1,0.0,10.0,10.0,2.0,0.0,6.1,1
1779,10028.0,0,0,2020-06-22 17:00:00,28.4,0.0,18.0,9.0,16.0,0.0,7.6,0
1780,10033.0,0,0,2020-06-22 10:00:00,22.9,0.0,16.0,3.0,5.0,33.0,6.6,0
1781,10003.0,0,0,2020-06-22 07:00:00,22.5,0.0,5.0,2.0,5.0,0.0,8.7,0
1782,10025.0,0,0,2020-06-22 09:00:00,21.8,0.0,9.0,1.0,4.0,18.0,8.1,0
1783,10032.0,0,0,2020-06-22 11:00:00,23.1,0.0,10.0,10.0,2.0,0.0,6.1,0
1784,10019.0,1,0,2020-06-22 15:00:00,27.8,0.0,21.0,5.0,27.0,0.0,4.3,1
1785,10036.0,0,0,2020-06-22 21:00:00,30.3,0.0,16.0,1.0,25.0,0.0,10.8,0
1786,10033.0,0,0,2020-06-22 16:00:00,27.8,0.0,12.0,5.0,12.0,0.0,5.7,0
1787,10010.0,0,0,2020-06-22 00:00:00,26.1,0.0,25.0,1.0,14.0,51.0,10.1,0
1788,10028.0,0,0,2020-06-22 07:00:00,22.5,0.0,5.0,2.0,5.0,0.0,8.7,0
1789,10032.0,1,0,2020-06-22 13:00:00,24.8,0.0,6.0,3.0,6.0,0.0,5.2,1
1790,10011.0,0,0,2020-06-22 18:00:00,29.2,0.0,14.0,4.0,17.0,0.0,10.2,0
1791,10029.0,1,0,2020-06-21 01:00:00,24.0,0.0,30.0,0.0,0.0,99.0,6.7,1
1792,10003.0,0,0,2020-06-21 02:00:00,23.4,0.0,29.0,0.0,0.0,96.0,5.0,0
1793,10029.0,1,0,2020-06-21 14:00:00,23.7,0.0,47.0,30.0,16.0,36.0,5.9,1
1794,10032.0,0,0,2020-06-21 23:00:00,26.8,0.0,29.0,2.0,21.0,50.0,10.2,0
1795,10023.0,0,0,2020-06-21 19:00:00,28.0,0.0,40.0,15.0,24.0,40.0,8.3,0
1796,10026.0,1,0,2020-06-21 21:00:00,27.6,0.0,53.0,24.0,27.0,50.0,10.9,1
1797,10032.0,0,0,2020-06-21 09:00:00,20.4,0.0,74.0,59.0,0.0,69.0,4.7,0
1798,10027.0,2,0,2020-06-21 22:00:00,27.0,0.0,33.0,2.0,27.0,50.0,9.4,1
1799,10003.0,1,0,2020-06-21 12:00:00,22.5,0.0,40.0,44.0,0.0,0.0,2.2,1
1800,10022.0,3,0,2020-06-21 14:00:00,23.7,0.0,47.0,30.0,16.0,36.0,5.9,1
1801,10023.0,0,0,2020-06-21 23:00:00,26.8,0.0,29.0,2.0,21.0,50.0,10.2,0
1802,10027.0,0,0,2020-06-21 02:00:00,23.4,0.0,29.0,0.0,0.0,96.0,5.0,0
1803,10037.0,0,0,2020-06-21 03:00:00,22.4,0.0,28.0,0.0,0.0,94.0,5.8,0
1804,10002.0,0,0,2020-06-21 23:00:00,26.8,0.0,29.0,2.0,21.0,50.0,10.2,0
1805,10035.0,0,0,2020-06-20 09:00:00,20.2,0.0,33.0,1.0,8.0,90.0,5.4,0
1806,10012.0,0,0,2020-06-20 01:00:00,23.2,0.0,42.0,0.0,25.0,91.0,8.6,0
1807,10022.0,1,0,2020-06-20 04:00:00,22.1,0.0,35.0,0.0,10.0,96.0,5.1,1
1808,10038.0,0,0,2020-06-20 16:00:00,26.3,0.0,32.0,2.0,1.0,100.0,6.8,0
1809,10037.0,0,0,2020-06-20 16:00:00,26.3,0.0,32.0,2.0,1.0,100.0,6.8,0
1810,10031.0,0,0,2020-06-20 08:00:00,20.9,0.0,32.0,0.0,8.0,89.0,6.0,0
1811,10019.0,1,0,2020-06-20 11:00:00,22.0,0.0,3.0,3.0,1.0,0.0,1.3,1
1812,10032.0,0,0,2020-06-20 11:00:00,22.0,0.0,3.0,3.0,1.0,0.0,1.3,0
1813,10013.0,0,0,2020-06-20 20:00:00,27.4,0.7,50.0,15.0,12.0,99.0,9.3,0
1814,10028.0,0,0,2020-06-20 08:00:00,20.9,0.0,32.0,0.0,8.0,89.0,6.0,0
1815,10025.0,0,0,2020-06-20 16:00:00,26.3,0.0,32.0,2.0,1.0,100.0,6.8,0
1816,10040.0,1,0,2020-06-20 23:00:00,25.1,0.0,32.0,2.0,2.0,95.0,8.8,1
1817,10009.0,2,0,2020-06-20 15:00:00,25.8,0.0,30.0,2.0,0.0,95.0,5.4,1
1818,10029.0,1,0,2020-06-20 19:00:00,27.3,1.0,72.0,20.0,42.0,96.0,8.7,1
1819,10016.0,0,0,2020-06-20 10:00:00,21.8,0.0,38.0,3.0,12.0,95.0,1.3,0
1820,10036.0,0,0,2020-06-20 19:00:00,27.3,1.0,72.0,20.0,42.0,96.0,8.7,0
1821,10009.0,0,0,2020-06-20 00:00:00,23.3,0.0,36.0,0.0,14.0,92.0,10.2,0
1822,10022.0,0,0,2020-06-20 21:00:00,26.6,0.0,50.0,20.0,5.0,98.0,12.2,0
1823,10039.0,1,0,2020-06-20 02:00:00,23.1,0.0,41.0,0.0,22.0,93.0,7.6,1
1824,10037.0,2,0,2020-06-20 23:00:00,25.1,0.0,32.0,2.0,2.0,95.0,8.8,1
1825,10010.0,1,0,2020-06-20 15:00:00,25.8,0.0,30.0,2.0,0.0,95.0,5.4,1
1826,10002.0,1,0,2020-06-20 23:00:00,25.1,0.0,32.0,2.0,2.0,95.0,8.8,1
1827,10035.0,1,0,2020-06-20 23:00:00,25.1,0.0,32.0,2.0,2.0,95.0,8.8,1
1828,10035.0,0,0,2020-06-19 14:00:00,22.5,0.0,36.0,23.0,12.0,26.0,3.2,0
1829,10002.0,1,0,2020-06-19 19:00:00,25.8,0.0,86.0,35.0,43.0,97.0,10.9,1
1830,10036.0,0,0,2020-06-19 17:00:00,24.8,0.0,59.0,23.0,35.0,58.0,8.2,0
1831,10012.0,0,0,2020-06-19 12:00:00,20.4,0.0,100.0,93.0,39.0,0.0,3.3,0
1832,10128.0,0,0,2020-06-19 21:00:00,25.8,0.0,48.0,8.0,30.0,77.0,13.7,0
1833,10009.0,1,0,2020-06-19 13:00:00,21.3,0.0,59.0,39.0,37.0,6.0,3.6,1
1834,10039.0,0,0,2020-06-19 09:00:00,19.5,0.0,92.0,100.0,1.0,4.0,6.3,0
1835,10075.0,0,0,2020-06-19 20:00:00,25.8,0.2,77.0,30.0,36.0,95.0,11.9,0
1836,10030.0,1,0,2020-06-19 21:00:00,25.8,0.0,48.0,8.0,30.0,77.0,13.7,1
1837,10031.0,1,0,2020-06-19 15:00:00,23.7,0.0,63.0,26.0,32.0,69.0,6.4,1
1838,10001.0,0,0,2020-06-19 09:00:00,19.5,0.0,92.0,100.0,1.0,4.0,6.3,0
1839,10026.0,0,0,2020-06-19 17:00:00,24.8,0.0,59.0,23.0,35.0,58.0,8.2,0
1840,10009.0,1,0,2020-06-19 16:00:00,24.4,0.0,65.0,27.0,41.0,52.0,7.6,1
1841,10038.0,0,0,2020-06-19 06:00:00,19.8,0.0,90.0,100.0,0.0,0.0,7.6,0
1842,10022.0,1,0,2020-06-19 08:00:00,19.7,0.0,92.0,100.0,0.0,6.0,6.8,1
1843,10002.0,1,0,2020-06-19 08:00:00,19.7,0.0,92.0,100.0,0.0,6.0,6.8,1
1844,10065.0,0,0,2020-06-19 10:00:00,20.3,0.0,92.0,100.0,2.0,3.0,2.7,0
1845,10035.0,0,0,2020-06-19 16:00:00,24.4,0.0,65.0,27.0,41.0,52.0,7.6,0
1846,10036.0,0,0,2020-06-19 15:00:00,23.7,0.0,63.0,26.0,32.0,69.0,6.4,0
1847,10011.0,0,0,2020-06-19 06:00:00,19.8,0.0,90.0,100.0,0.0,0.0,7.6,0
1848,10040.0,0,0,2020-06-19 14:00:00,22.5,0.0,36.0,23.0,12.0,26.0,3.2,0
1849,10014.0,0,0,2020-06-19 16:00:00,24.4,0.0,65.0,27.0,41.0,52.0,7.6,0
1850,10021.0,0,0,2020-06-18 14:00:00,20.7,0.0,100.0,100.0,68.0,100.0,9.8,0
1851,10012.0,1,0,2020-06-18 00:00:00,20.2,0.0,83.0,73.0,28.0,3.0,7.7,1
1852,10033.0,0,0,2020-06-18 02:00:00,19.6,0.0,100.0,99.0,69.0,15.0,7.2,0
1853,10011.0,0,0,2020-06-18 13:00:00,19.6,0.0,100.0,100.0,69.0,95.0,10.2,0
1854,10027.0,0,0,2020-06-18 14:00:00,20.7,0.0,100.0,100.0,68.0,100.0,9.8,0
1855,10031.0,0,0,2020-06-18 21:00:00,23.1,0.0,99.0,67.0,21.0,88.0,10.1,0
1856,10034.0,3,0,2020-06-18 05:00:00,18.6,0.0,100.0,100.0,2.0,47.0,7.2,1
1857,10002.0,0,0,2020-06-18 18:00:00,23.1,0.5,100.0,83.0,41.0,98.0,11.9,0
1858,10019.0,0,0,2020-06-18 11:00:00,19.4,0.0,100.0,100.0,64.0,94.0,7.7,0
1859,10016.0,3,0,2020-06-18 22:00:00,23.2,0.0,100.0,95.0,9.0,60.0,8.8,1
1860,10038.0,0,0,2020-06-18 12:00:00,19.5,0.0,100.0,100.0,63.0,77.0,8.9,0
1861,10036.0,1,0,2020-06-18 16:00:00,22.4,0.0,100.0,96.0,70.0,98.0,6.8,1
1862,10001.0,0,0,2020-06-18 14:00:00,20.7,0.0,100.0,100.0,68.0,100.0,9.8,0
1863,10001.0,0,0,2020-06-18 14:00:00,20.7,0.0,100.0,100.0,68.0,100.0,9.8,0
1864,10038.0,1,0,2020-06-18 17:00:00,22.9,0.1,100.0,100.0,57.0,94.0,9.7,1
1865,10029.0,0,0,2020-06-18 18:00:00,23.1,0.5,100.0,83.0,41.0,98.0,11.9,0
1866,10031.0,1,0,2020-06-18 21:00:00,23.1,0.0,99.0,67.0,21.0,88.0,10.1,1
1867,10036.0,0,0,2020-06-18 20:00:00,23.1,0.0,100.0,71.0,32.0,94.0,10.9,0
1868,10029.0,0,0,2020-06-17 13:00:00,19.1,0.0,24.0,0.0,0.0,79.0,12.3,0
1869,10035.0,2,0,2020-06-17 14:00:00,20.1,0.0,30.0,10.0,0.0,69.0,13.7,1
1870,10035.0,0,0,2020-06-17 22:00:00,21.0,0.0,100.0,89.0,3.0,98.0,11.2,0
1871,10018.0,0,0,2020-06-17 02:00:00,19.3,0.0,1.0,0.0,2.0,0.0,5.8,0
1872,10001.0,0,0,2020-06-17 10:00:00,17.2,0.0,31.0,1.0,0.0,99.0,9.7,0
1873,10009.0,1,0,2020-06-17 13:00:00,19.1,0.0,24.0,0.0,0.0,79.0,12.3,1
1874,10023.0,2,0,2020-06-17 15:00:00,21.6,0.0,44.0,30.0,0.0,58.0,13.3,1
1875,10033.0,0,0,2020-06-17 11:00:00,17.7,0.0,29.0,0.0,0.0,97.0,10.2,0
1876,10001.0,0,0,2020-06-17 00:00:00,20.8,0.0,0.0,0.0,0.0,0.0,6.4,0
1877,10032.0,1,0,2020-06-17 08:00:00,16.5,0.0,32.0,0.0,7.0,91.0,8.9,1
1878,10034.0,1,0,2020-06-17 18:00:00,23.2,0.0,39.0,24.0,1.0,55.0,12.9,1
1879,10021.0,0,0,2020-06-17 16:00:00,22.1,0.0,48.0,39.0,0.0,44.0,13.0,0
1880,10034.0,1,0,2020-06-17 11:00:00,17.7,0.0,29.0,0.0,0.0,97.0,10.2,1
1881,10012.0,1,0,2020-06-17 20:00:00,22.7,0.0,100.0,85.0,10.0,100.0,13.6,1
1882,10027.0,0,0,2020-06-17 11:00:00,17.7,0.0,29.0,0.0,0.0,97.0,10.2,0
1883,10030.0,1,0,2020-06-17 12:00:00,18.4,0.0,30.0,0.0,0.0,99.0,11.5,1
1884,10033.0,0,0,2020-06-17 15:00:00,21.6,0.0,44.0,30.0,0.0,58.0,13.3,0
1885,10018.0,1,0,2020-06-17 09:00:00,16.0,0.0,42.0,0.0,22.0,96.0,9.9,1
1886,10023.0,0,0,2020-06-17 17:00:00,22.5,0.0,39.0,36.0,0.0,23.0,13.5,0
1887,10003.0,2,0,2020-06-17 22:00:00,21.0,0.0,100.0,89.0,3.0,98.0,11.2,1
1888,10035.0,0,0,2020-06-17 21:00:00,22.3,0.0,91.0,63.0,7.0,100.0,13.9,0
1889,10065.0,0,0,2020-06-17 09:00:00,16.0,0.0,42.0,0.0,22.0,96.0,9.9,0
1890,10036.0,0,0,2020-06-17 11:00:00,17.7,0.0,29.0,0.0,0.0,97.0,10.2,0
1891,10027.0,0,0,2020-06-17 15:00:00,21.6,0.0,44.0,30.0,0.0,58.0,13.3,0
1892,10065.0,0,0,2020-06-17 14:00:00,20.1,0.0,30.0,10.0,0.0,69.0,13.7,0
1893,10033.0,0,0,2020-06-17 17:00:00,22.5,0.0,39.0,36.0,0.0,23.0,13.5,0
1894,10009.0,1,0,2020-06-17 03:00:00,18.3,0.0,2.0,0.0,4.0,0.0,5.9,1
1895,10001.0,1,0,2020-06-16 15:00:00,22.2,0.0,25.0,8.0,0.0,60.0,14.8,1
1896,10033.0,2,0,2020-06-16 22:00:00,21.7,0.0,5.0,0.0,0.0,16.0,10.3,1
1897,10032.0,0,0,2020-06-16 18:00:00,22.7,0.0,24.0,0.0,0.0,81.0,15.0,0
1898,10027.0,0,0,2020-06-16 16:00:00,22.5,0.0,29.0,8.0,0.0,72.0,15.1,0
1899,10018.0,0,0,2020-06-16 15:00:00,22.2,0.0,25.0,8.0,0.0,60.0,14.8,0
1900,10065.0,1,0,2020-06-16 09:00:00,15.2,0.0,27.0,0.0,0.0,91.0,7.9,1
1901,10032.0,3,0,2020-06-16 23:00:00,21.5,0.0,0.0,0.0,0.0,0.0,9.2,1
1902,10001.0,0,0,2020-06-16 18:00:00,22.7,0.0,24.0,0.0,0.0,81.0,15.0,0
1903,10002.0,1,0,2020-06-16 12:00:00,18.6,0.0,28.0,2.0,0.0,88.0,9.0,1
1904,10022.0,0,1,2020-06-16 08:00:00,15.7,0.0,30.0,0.0,0.0,99.0,6.5,2
1905,10001.0,0,0,2020-06-16 16:00:00,22.5,0.0,29.0,8.0,0.0,72.0,15.1,0
1906,10024.0,0,0,2020-06-16 19:00:00,22.8,0.0,22.0,0.0,0.0,72.0,15.2,0
1907,10029.0,0,0,2020-06-16 11:00:00,17.5,0.0,27.0,2.0,0.0,84.0,9.1,0
1908,10065.0,3,0,2020-06-16 03:00:00,16.6,0.0,32.0,3.0,0.0,98.0,5.6,1
1909,10028.0,0,0,2020-06-16 16:00:00,22.5,0.0,29.0,8.0,0.0,72.0,15.1,0
1910,10002.0,0,0,2020-06-16 12:00:00,18.6,0.0,28.0,2.0,0.0,88.0,9.0,0
1911,10001.0,0,0,2020-06-16 18:00:00,22.7,0.0,24.0,0.0,0.0,81.0,15.0,0
1912,10003.0,1,0,2020-06-16 12:00:00,18.6,0.0,28.0,2.0,0.0,88.0,9.0,1
1913,10039.0,0,0,2020-06-16 13:00:00,19.3,0.0,20.0,0.0,0.0,68.0,11.1,0
1914,10027.0,1,0,2020-06-16 17:00:00,22.6,0.0,27.0,2.0,0.0,85.0,14.8,1
1915,10026.0,0,0,2020-06-16 14:00:00,20.4,0.0,19.0,3.0,0.0,55.0,13.0,0
1916,10021.0,1,0,2020-06-16 16:00:00,22.5,0.0,29.0,8.0,0.0,72.0,15.1,1
1917,10029.0,0,0,2020-06-16 23:00:00,21.5,0.0,0.0,0.0,0.0,0.0,9.2,0
1918,10029.0,0,0,2020-06-16 12:00:00,18.6,0.0,28.0,2.0,0.0,88.0,9.0,0
1919,10022.0,0,0,2020-06-16 19:00:00,22.8,0.0,22.0,0.0,0.0,72.0,15.2,0
1920,10029.0,0,0,2020-06-16 17:00:00,22.6,0.0,27.0,2.0,0.0,85.0,14.8,0
1921,10032.0,0,0,2020-06-16 15:00:00,22.2,0.0,25.0,8.0,0.0,60.0,14.8,0
1922,10035.0,0,0,2020-06-16 00:00:00,19.2,0.0,31.0,0.0,1.0,100.0,11.1,0
1923,10039.0,0,0,2020-06-16 23:00:00,21.5,0.0,0.0,0.0,0.0,0.0,9.2,0
1924,10035.0,0,0,2020-06-15 05:00:00,16.7,0.0,6.0,0.0,1.0,18.0,5.2,0
1925,10017.0,0,0,2020-06-15 06:00:00,16.7,0.0,14.0,1.0,1.0,42.0,5.9,0
1926,10018.0,0,0,2020-06-15 12:00:00,17.7,0.0,29.0,7.0,3.0,68.0,11.7,0
1927,10075.0,0,0,2020-06-15 11:00:00,17.0,0.0,26.0,1.0,3.0,79.0,10.4,0
1928,10031.0,0,0,2020-06-15 19:00:00,21.9,0.0,38.0,0.0,17.0,92.0,11.9,0
1929,10037.0,0,0,2020-06-15 10:00:00,16.7,0.0,26.0,1.0,0.0,84.0,10.5,0
1930,10003.0,0,0,2020-06-15 15:00:00,20.8,0.0,29.0,0.0,0.0,96.0,11.1,0
1931,10065.0,1,0,2020-06-15 20:00:00,21.8,0.0,40.0,0.0,26.0,82.0,11.5,1
1932,10023.0,0,0,2020-06-15 08:00:00,16.2,0.0,23.0,2.0,1.0,70.0,7.5,0
1933,10004.0,0,0,2020-06-15 10:00:00,16.7,0.0,26.0,1.0,0.0,84.0,10.5,0
1934,10002.0,1,0,2020-06-15 21:00:00,21.6,0.0,37.0,0.0,18.0,87.0,12.8,1
1935,10032.0,0,0,2020-06-15 07:00:00,16.3,0.0,18.0,0.0,1.0,58.0,6.8,0
1936,10011.0,0,0,2020-06-15 12:00:00,17.7,0.0,29.0,7.0,3.0,68.0,11.7,0
1937,10002.0,0,0,2020-06-15 11:00:00,17.0,0.0,26.0,1.0,3.0,79.0,10.4,0
1938,10029.0,0,0,2020-06-14 04:00:00,15.3,0.0,4.0,1.0,1.0,8.0,17.9,0
1939,10002.0,0,0,2020-06-14 21:00:00,21.9,0.0,28.0,0.0,47.0,0.0,7.8,0
1940,10007.0,1,0,2020-06-14 23:00:00,20.7,0.0,1.0,0.0,1.0,0.0,11.2,1
1941,10007.0,0,0,2020-06-14 18:00:00,21.0,0.0,60.0,19.0,71.0,0.0,3.9,0
1942,10035.0,1,0,2020-06-14 20:00:00,21.7,0.0,47.0,0.0,79.0,0.0,5.1,1
1943,10035.0,0,0,2020-06-14 02:00:00,18.7,0.0,2.0,0.0,2.0,3.0,18.4,0
1944,10021.0,1,0,2020-06-14 05:00:00,14.2,0.0,8.0,1.0,2.0,18.0,16.4,1
1945,10002.0,0,0,2020-06-14 21:00:00,21.9,0.0,28.0,0.0,47.0,0.0,7.8,0
1946,10034.0,0,0,2020-06-14 12:00:00,14.8,0.0,0.0,0.0,0.0,0.0,12.0,0
1947,10032.0,1,0,2020-06-14 14:00:00,16.7,0.0,0.0,0.0,0.0,0.0,9.0,1
1948,10025.0,1,0,2020-06-14 15:00:00,18.8,0.0,0.0,0.0,0.0,0.0,7.3,1
1949,10011.0,0,0,2020-06-14 23:00:00,20.7,0.0,1.0,0.0,1.0,0.0,11.2,0
1950,10019.0,1,0,2020-06-14 20:00:00,21.7,0.0,47.0,0.0,79.0,0.0,5.1,1
1951,10038.0,1,0,2020-06-14 04:00:00,15.3,0.0,4.0,1.0,1.0,8.0,17.9,1
1952,10040.0,1,0,2020-06-14 16:00:00,19.4,0.0,0.0,0.0,0.0,0.0,5.7,1
1953,10017.0,0,0,2020-06-14 19:00:00,21.4,0.0,39.0,0.0,65.0,0.0,4.3,0
1954,10128.0,0,0,2020-06-14 17:00:00,20.2,0.0,17.0,15.0,0.0,10.0,4.7,0
1955,10029.0,0,0,2020-06-14 11:00:00,13.8,0.0,14.0,0.0,17.0,12.0,13.1,0
1956,10029.0,1,0,2020-06-14 07:00:00,13.6,0.0,5.0,0.0,2.0,13.0,16.0,1
1957,10025.0,2,0,2020-06-14 00:00:00,21.1,0.0,1.0,0.0,1.0,0.0,11.5,1
1958,10026.0,1,0,2020-06-14 20:00:00,21.7,0.0,47.0,0.0,79.0,0.0,5.1,1
1959,10040.0,0,0,2020-06-14 20:00:00,21.7,0.0,47.0,0.0,79.0,0.0,5.1,0
1960,10065.0,0,0,2020-06-14 13:00:00,15.7,0.0,0.0,0.0,0.0,0.0,10.6,0
1961,10031.0,1,0,2020-06-14 05:00:00,14.2,0.0,8.0,1.0,2.0,18.0,16.4,1
1962,10035.0,1,0,2020-06-13 09:00:00,16.7,0.0,0.0,0.0,0.0,0.0,15.5,1
1963,10038.0,0,0,2020-06-13 13:00:00,17.3,0.0,0.0,0.0,0.0,0.0,12.4,0
1964,10002.0,1,0,2020-06-13 13:00:00,17.3,0.0,0.0,0.0,0.0,0.0,12.4,1
1965,10001.0,0,0,2020-06-13 06:00:00,20.0,0.0,12.0,0.0,20.0,0.0,17.4,0
1966,10040.0,1,0,2020-06-13 14:00:00,18.0,0.0,0.0,0.0,0.0,0.0,10.9,1
1967,10035.0,0,0,2020-06-13 13:00:00,17.3,0.0,0.0,0.0,0.0,0.0,12.4,0
1968,10024.0,1,0,2020-06-13 12:00:00,17.0,0.0,0.0,0.0,0.0,0.0,12.8,1
1969,10028.0,1,0,2020-06-13 04:00:00,21.6,0.0,13.0,0.0,21.0,0.0,10.7,1
1970,10039.0,0,0,2020-06-13 09:00:00,16.7,0.0,0.0,0.0,0.0,0.0,15.5,0
1971,10012.0,0,0,2020-06-13 19:00:00,21.8,0.0,3.0,3.0,0.0,0.0,10.0,0
1972,10003.0,1,0,2020-06-13 21:00:00,22.8,0.0,1.0,0.0,1.0,0.0,12.0,1
1973,10033.0,1,0,2020-06-13 23:00:00,21.9,0.0,1.0,0.0,1.0,0.0,11.0,1
1974,10023.0,0,0,2020-06-13 12:00:00,17.0,0.0,0.0,0.0,0.0,0.0,12.8,0
1975,10035.0,1,0,2020-06-13 07:00:00,18.9,0.0,3.0,0.0,5.0,0.0,17.0,1
1976,10027.0,0,0,2020-06-13 14:00:00,18.0,0.0,0.0,0.0,0.0,0.0,10.9,0
1977,10001.0,0,0,2020-06-13 02:00:00,24.2,0.0,13.0,0.0,22.0,0.0,10.7,0
1978,10004.0,2,0,2020-06-13 16:00:00,20.3,0.0,0.0,0.0,0.0,0.0,9.0,1
1979,10003.0,1,0,2020-06-13 17:00:00,21.0,0.0,0.0,0.0,0.0,0.0,8.8,1
1980,10029.0,0,0,2020-06-13 14:00:00,18.0,0.0,0.0,0.0,0.0,0.0,10.9,0
1981,10023.0,0,0,2020-06-13 10:00:00,16.6,0.0,0.0,0.0,0.0,0.0,11.9,0
1982,10029.0,1,0,2020-06-13 20:00:00,22.3,0.0,0.0,0.0,0.0,0.0,10.3,1
1983,10025.0,0,0,2020-06-13 17:00:00,21.0,0.0,0.0,0.0,0.0,0.0,8.8,0
1984,10026.0,1,0,2020-06-13 05:00:00,20.8,0.0,10.0,0.0,16.0,0.0,14.7,1
1985,10013.0,1,0,2020-06-13 12:00:00,17.0,0.0,0.0,0.0,0.0,0.0,12.8,1
1986,10065.0,0,0,2020-06-13 07:00:00,18.9,0.0,3.0,0.0,5.0,0.0,17.0,0
1987,10021.0,1,0,2020-06-13 18:00:00,21.3,0.0,1.0,1.0,0.0,0.0,9.2,1
1988,10040.0,4,0,2020-06-12 13:00:00,23.6,0.0,12.0,4.0,14.0,0.0,7.1,1
1989,10001.0,0,0,2020-06-12 10:00:00,21.4,0.0,29.0,2.0,10.0,70.0,7.9,0
1990,10038.0,0,0,2020-06-12 12:00:00,22.8,0.0,17.0,3.0,23.0,1.0,7.0,0
1991,10016.0,0,0,2020-06-12 08:00:00,20.7,0.0,35.0,0.0,11.0,94.0,8.3,0
1992,10037.0,1,0,2020-06-12 20:00:00,28.0,0.0,40.0,0.0,66.0,0.0,15.5,1
1993,10065.0,0,0,2020-06-12 16:00:00,27.0,0.0,0.0,0.0,0.0,0.0,10.5,0
1994,10035.0,0,0,2020-06-12 19:00:00,28.3,0.0,48.0,0.0,80.0,0.0,12.9,0
1995,10022.0,1,0,2020-06-12 13:00:00,23.6,0.0,12.0,4.0,14.0,0.0,7.1,1
1996,10033.0,0,0,2020-06-12 15:00:00,26.4,0.0,0.0,0.0,0.0,0.0,10.2,0
1997,10011.0,0,0,2020-06-12 20:00:00,28.0,0.0,40.0,0.0,66.0,0.0,15.5,0
1998,10035.0,0,0,2020-06-12 13:00:00,23.6,0.0,12.0,4.0,14.0,0.0,7.1,0
1999,10026.0,0,0,2020-06-12 12:00:00,22.8,0.0,17.0,3.0,23.0,1.0,7.0,0
2000,10065.0,2,0,2020-06-12 22:00:00,27.2,0.0,26.0,0.0,44.0,0.0,8.2,1
2001,10031.0,0,0,2020-06-12 17:00:00,27.6,0.0,7.0,0.0,11.0,0.0,11.8,0
2002,10039.0,0,0,2020-06-12 23:00:00,27.2,0.0,15.0,0.0,25.0,0.0,5.2,0
2003,10065.0,0,0,2020-06-12 07:00:00,20.9,0.0,42.0,0.0,23.0,95.0,8.1,0
2004,10013.0,0,0,2020-06-12 16:00:00,27.0,0.0,0.0,0.0,0.0,0.0,10.5,0
2005,10027.0,1,0,2020-06-12 12:00:00,22.8,0.0,17.0,3.0,23.0,1.0,7.0,1
2006,10027.0,0,0,2020-06-12 12:00:00,22.8,0.0,17.0,3.0,23.0,1.0,7.0,0
2007,10028.0,1,0,2020-06-12 17:00:00,27.6,0.0,7.0,0.0,11.0,0.0,11.8,1
2008,10019.0,0,0,2020-06-12 09:00:00,19.9,0.0,32.0,2.0,6.0,87.0,8.9,0
2009,10027.0,1,0,2020-06-12 18:00:00,27.6,0.0,49.0,0.0,81.0,0.0,13.5,1
2010,10002.0,1,0,2020-06-12 13:00:00,23.6,0.0,12.0,4.0,14.0,0.0,7.1,1
2011,10030.0,1,0,2020-06-12 18:00:00,27.6,0.0,49.0,0.0,81.0,0.0,13.5,1
2012,10026.0,2,0,2020-06-12 20:00:00,28.0,0.0,40.0,0.0,66.0,0.0,15.5,1
2013,10032.0,1,0,2020-06-12 12:00:00,22.8,0.0,17.0,3.0,23.0,1.0,7.0,1
2014,10128.0,0,0,2020-06-12 16:00:00,27.0,0.0,0.0,0.0,0.0,0.0,10.5,0
2015,10038.0,0,0,2020-06-12 12:00:00,22.8,0.0,17.0,3.0,23.0,1.0,7.0,0
2016,10029.0,0,0,2020-06-12 11:00:00,22.3,0.0,8.0,0.0,8.0,12.0,8.6,0
2017,10035.0,1,0,2020-06-12 09:00:00,19.9,0.0,32.0,2.0,6.0,87.0,8.9,1
2018,10027.0,1,0,2020-06-11 11:00:00,23.3,0.0,100.0,96.0,25.0,31.0,17.9,1
2019,10027.0,0,0,2020-06-11 21:00:00,23.8,1.4,100.0,99.0,98.0,99.0,13.0,0
2020,10029.0,1,0,2020-06-11 14:00:00,24.6,0.4,100.0,79.0,80.0,90.0,17.8,1
2021,10037.0,0,0,2020-06-11 18:00:00,24.4,1.4,100.0,33.0,98.0,99.0,12.4,0
2022,10128.0,0,0,2020-06-11 17:00:00,25.5,0.5,100.0,12.0,99.0,100.0,13.3,0
2023,10033.0,1,0,2020-06-11 20:00:00,23.9,2.3,100.0,93.0,93.0,99.0,11.6,1
2024,10036.0,0,0,2020-06-11 16:00:00,25.3,1.6,100.0,26.0,96.0,98.0,15.5,0
2025,10030.0,1,0,2020-06-11 03:00:00,23.7,0.0,23.0,4.0,9.0,48.0,15.8,1
2026,10010.0,0,0,2020-06-11 21:00:00,23.8,1.4,100.0,99.0,98.0,99.0,13.0,0
2027,10013.0,1,0,2020-06-11 15:00:00,25.1,2.0,88.0,11.0,82.0,95.0,16.6,1
2028,10022.0,1,0,2020-06-11 16:00:00,25.3,1.6,100.0,26.0,96.0,98.0,15.5,1
2029,10128.0,0,0,2020-06-11 19:00:00,24.4,4.4,100.0,58.0,90.0,100.0,11.4,0
2030,10002.0,0,0,2020-06-11 07:00:00,22.8,0.0,98.0,76.0,19.0,61.0,18.1,0
2031,10017.0,0,0,2020-06-11 09:00:00,22.1,0.0,100.0,100.0,45.0,17.0,19.6,0
2032,10034.0,0,0,2020-06-11 17:00:00,25.5,0.5,100.0,12.0,99.0,100.0,13.3,0
2033,10065.0,1,0,2020-06-11 16:00:00,25.3,1.6,100.0,26.0,96.0,98.0,15.5,1
2034,10027.0,0,0,2020-06-11 17:00:00,25.5,0.5,100.0,12.0,99.0,100.0,13.3,0
2035,10075.0,0,0,2020-06-11 17:00:00,25.5,0.5,100.0,12.0,99.0,100.0,13.3,0
2036,10019.0,0,0,2020-06-11 03:00:00,23.7,0.0,23.0,4.0,9.0,48.0,15.8,0
2037,10002.0,0,0,2020-06-11 12:00:00,23.7,0.0,100.0,97.0,56.0,75.0,18.7,0
2038,10030.0,1,0,2020-06-11 14:00:00,24.6,0.4,100.0,79.0,80.0,90.0,17.8,1
2039,10037.0,1,0,2020-06-11 15:00:00,25.1,2.0,88.0,11.0,82.0,95.0,16.6,1
2040,10022.0,0,0,2020-06-11 10:00:00,23.3,0.0,100.0,99.0,60.0,20.0,18.1,0
2041,10019.0,0,0,2020-06-11 15:00:00,25.1,2.0,88.0,11.0,82.0,95.0,16.6,0
2042,10075.0,0,0,2020-06-11 04:00:00,23.6,0.0,32.0,6.0,8.0,72.0,17.3,0
2043,10003.0,3,0,2020-06-11 20:00:00,23.9,2.3,100.0,93.0,93.0,99.0,11.6,1
2044,10026.0,1,0,2020-06-11 08:00:00,22.6,0.0,100.0,99.0,48.0,23.0,18.9,1
2045,10023.0,2,0,2020-06-11 12:00:00,23.7,0.0,100.0,97.0,56.0,75.0,18.7,1
2046,10019.0,0,0,2020-06-11 13:00:00,23.7,0.0,100.0,94.0,95.0,94.0,19.9,0
2047,10039.0,0,0,2020-06-10 08:00:00,21.9,0.0,1.0,0.0,0.0,3.0,6.9,0
2048,10012.0,1,0,2020-06-10 16:00:00,26.4,0.0,44.0,14.0,5.0,96.0,12.0,1
2049,10033.0,1,0,2020-06-10 16:00:00,26.4,0.0,44.0,14.0,5.0,96.0,12.0,1
2050,10013.0,0,0,2020-06-10 20:00:00,27.9,0.0,42.0,5.0,16.0,94.0,16.3,0
2051,10031.0,0,0,2020-06-10 00:00:00,27.5,0.0,0.0,0.0,0.0,0.0,9.5,0
2052,10022.0,0,0,2020-06-10 11:00:00,22.4,0.0,37.0,8.0,0.0,98.0,6.3,0
2053,10029.0,1,0,2020-06-10 13:00:00,22.8,0.0,34.0,6.0,0.0,95.0,8.8,1
2054,10032.0,1,0,2020-06-10 12:00:00,22.4,0.0,38.0,10.0,0.0,97.0,7.6,1
2055,10002.0,0,0,2020-06-10 10:00:00,22.4,0.0,29.0,1.0,0.0,95.0,4.5,0
2056,10022.0,1,0,2020-06-10 14:00:00,23.5,0.0,31.0,3.0,0.0,93.0,10.2,1
2057,10069.0,1,0,2020-06-10 20:00:00,27.9,0.0,42.0,5.0,16.0,94.0,16.3,1
2058,10003.0,0,0,2020-06-10 14:00:00,23.5,0.0,31.0,3.0,0.0,93.0,10.2,0
2059,10065.0,1,0,2020-06-10 02:00:00,26.1,0.0,0.0,0.0,0.0,0.0,10.9,1
2060,10035.0,0,0,2020-06-10 18:00:00,27.3,0.0,53.0,15.0,17.0,98.0,15.8,0
2061,10032.0,0,0,2020-06-10 14:00:00,23.5,0.0,31.0,3.0,0.0,93.0,10.2,0
2062,10029.0,0,0,2020-06-10 19:00:00,27.5,0.0,54.0,15.0,21.0,93.0,16.5,0
2063,10029.0,0,0,2020-06-10 18:00:00,27.3,0.0,53.0,15.0,17.0,98.0,15.8,0
2064,10011.0,0,0,2020-06-10 07:00:00,22.4,0.0,0.0,0.0,0.0,0.0,8.8,0
2065,10016.0,0,0,2020-06-10 18:00:00,27.3,0.0,53.0,15.0,17.0,98.0,15.8,0
2066,10035.0,4,0,2020-06-09 19:00:00,28.6,0.0,0.0,0.0,0.0,0.0,13.1,1
2067,10030.0,0,0,2020-06-09 20:00:00,29.1,0.0,0.0,0.0,0.0,0.0,13.0,0
2068,10019.0,1,0,2020-06-09 08:00:00,18.5,0.0,0.0,0.0,0.0,0.0,7.7,1
2069,10032.0,0,0,2020-06-09 09:00:00,17.9,0.0,0.0,0.0,0.0,0.0,7.6,0
2070,10025.0,0,0,2020-06-09 14:00:00,23.1,0.0,0.0,0.0,0.0,0.0,8.8,0
2071,10025.0,0,0,2020-06-09 22:00:00,28.5,0.0,0.0,0.0,0.0,0.0,9.2,0
2072,10032.0,0,0,2020-06-09 22:00:00,28.5,0.0,0.0,0.0,0.0,0.0,9.2,0
2073,10019.0,0,0,2020-06-09 20:00:00,29.1,0.0,0.0,0.0,0.0,0.0,13.0,0
2074,10010.0,0,0,2020-06-09 11:00:00,19.2,0.0,0.0,0.0,0.0,0.0,6.6,0
2075,10031.0,1,0,2020-06-09 18:00:00,28.2,0.0,0.0,0.0,0.0,0.0,12.4,1
2076,10022.0,0,0,2020-06-09 08:00:00,18.5,0.0,0.0,0.0,0.0,0.0,7.7,0
2077,10013.0,2,0,2020-06-09 21:00:00,29.2,0.0,0.0,0.0,0.0,0.0,11.7,1
2078,10007.0,0,0,2020-06-09 10:00:00,18.9,0.0,0.0,0.0,0.0,0.0,6.6,0
2079,10128.0,0,0,2020-06-09 16:00:00,26.4,0.0,2.0,0.0,3.0,0.0,11.4,0
2080,10022.0,0,0,2020-06-09 05:00:00,19.1,0.0,19.0,0.0,0.0,63.0,6.6,0
2081,10001.0,1,0,2020-06-09 03:00:00,20.4,0.0,14.0,0.0,0.0,45.0,6.9,1
2082,10019.0,0,0,2020-06-08 21:00:00,25.1,0.0,49.0,0.0,82.0,0.0,11.0,0
2083,10009.0,0,0,2020-06-08 15:00:00,22.1,0.0,1.0,0.0,0.0,4.0,7.9,0
2084,10022.0,0,0,2020-06-08 18:00:00,23.5,0.0,17.0,0.0,0.0,58.0,10.5,0
2085,10038.0,0,0,2020-06-08 12:00:00,18.2,0.0,0.0,0.0,0.0,0.0,9.0,0
2086,10034.0,2,0,2020-06-08 01:00:00,21.6,0.0,26.0,0.0,43.0,0.0,8.2,1
2087,10010.0,0,0,2020-06-08 00:00:00,22.4,0.0,24.0,0.0,40.0,0.0,7.4,0
2088,10031.0,1,0,2020-06-08 18:00:00,23.5,0.0,17.0,0.0,0.0,58.0,10.5,1
2089,10029.0,0,0,2020-06-08 07:00:00,16.6,0.0,2.0,0.0,3.0,0.0,13.1,0
2090,10001.0,0,0,2020-06-08 00:00:00,22.4,0.0,24.0,0.0,40.0,0.0,7.4,0
2091,10033.0,2,0,2020-06-08 09:00:00,15.4,0.0,0.0,0.0,0.0,0.0,12.0,1
2092,10033.0,0,0,2020-06-08 11:00:00,17.3,0.0,0.0,0.0,0.0,0.0,8.9,0
2093,10026.0,1,0,2020-06-08 12:00:00,18.2,0.0,0.0,0.0,0.0,0.0,9.0,1
2094,10031.0,0,0,2020-06-08 22:00:00,24.6,0.0,10.0,0.0,0.0,32.0,6.3,0
2095,10017.0,1,0,2020-06-08 21:00:00,25.1,0.0,49.0,0.0,82.0,0.0,11.0,1
2096,10005.0,0,0,2020-06-08 13:00:00,19.0,0.0,0.0,0.0,0.0,0.0,9.1,0
2097,10033.0,1,0,2020-06-08 13:00:00,19.0,0.0,0.0,0.0,0.0,0.0,9.1,1
2098,10002.0,0,0,2020-06-08 17:00:00,22.9,0.0,0.0,0.0,0.0,0.0,10.2,0
2099,10002.0,1,0,2020-06-08 15:00:00,22.1,0.0,1.0,0.0,0.0,4.0,7.9,1
2100,10027.0,1,0,2020-06-08 18:00:00,23.5,0.0,17.0,0.0,0.0,58.0,10.5,1
2101,10011.0,0,0,2020-06-08 14:00:00,20.2,0.0,0.0,0.0,0.0,0.0,9.3,0
2102,10034.0,3,0,2020-06-08 01:00:00,21.6,0.0,26.0,0.0,43.0,0.0,8.2,1
2103,10017.0,1,0,2020-06-08 12:00:00,18.2,0.0,0.0,0.0,0.0,0.0,9.0,1
2104,10037.0,1,0,2020-06-08 09:00:00,15.4,0.0,0.0,0.0,0.0,0.0,12.0,1
2105,10038.0,0,0,2020-06-08 10:00:00,17.0,0.0,1.0,1.0,0.0,1.0,9.5,0
2106,10029.0,0,0,2020-06-07 15:00:00,21.6,0.0,0.0,0.0,0.0,0.0,18.2,0
2107,10025.0,1,0,2020-06-07 18:00:00,23.2,0.0,19.0,0.0,32.0,0.0,20.6,1
2108,10034.0,0,0,2020-06-07 19:00:00,23.3,0.0,37.0,0.0,61.0,0.0,20.6,0
2109,10035.0,0,0,2020-06-07 02:00:00,24.5,0.0,0.0,0.0,0.0,0.0,15.6,0
2110,10024.0,1,0,2020-06-07 11:00:00,18.6,0.0,0.0,0.0,0.0,0.0,12.4,1
2111,10028.0,0,0,2020-06-07 09:00:00,17.9,0.0,0.0,0.0,0.0,0.0,16.6,0
2112,10040.0,0,0,2020-06-07 20:00:00,23.6,0.0,30.0,0.0,50.0,0.0,20.0,0
2113,10035.0,0,0,2020-06-07 13:00:00,19.2,0.0,0.0,0.0,0.0,0.0,16.1,0
2114,10075.0,1,0,2020-06-07 10:00:00,18.5,0.0,0.0,0.0,0.0,0.0,13.8,1
2115,10024.0,0,0,2020-06-07 13:00:00,19.2,0.0,0.0,0.0,0.0,0.0,16.1,0
2116,10013.0,1,0,2020-06-07 17:00:00,22.8,0.0,17.0,5.0,21.0,0.0,21.1,1
2117,10027.0,0,0,2020-06-07 18:00:00,23.2,0.0,19.0,0.0,32.0,0.0,20.6,0
2118,10031.0,0,0,2020-06-07 10:00:00,18.5,0.0,0.0,0.0,0.0,0.0,13.8,0
2119,10065.0,1,0,2020-06-06 13:00:00,23.0,0.0,76.0,66.0,0.0,54.0,9.5,1
2120,10029.0,0,0,2020-06-06 12:00:00,22.2,0.0,80.0,71.0,0.0,54.0,11.3,0
2121,10038.0,1,0,2020-06-06 14:00:00,23.7,0.0,55.0,32.0,0.0,88.0,8.4,1
2122,10128.0,0,0,2020-06-06 07:00:00,21.2,0.8,80.0,10.0,71.0,95.0,6.0,0
2123,10016.0,0,0,2020-06-06 18:00:00,28.8,0.0,29.0,4.0,38.0,8.0,13.0,0
2124,10035.0,0,0,2020-06-06 11:00:00,22.4,0.0,100.0,92.0,0.0,81.0,7.2,0
2125,10028.0,1,0,2020-06-06 13:00:00,23.0,0.0,76.0,66.0,0.0,54.0,9.5,1
2126,10040.0,1,0,2020-06-06 17:00:00,28.3,0.0,35.0,4.0,25.0,53.0,11.8,1
2127,10018.0,0,0,2020-06-06 06:00:00,21.4,2.5,93.0,6.0,96.0,99.0,6.0,0
2128,10013.0,0,0,2020-06-06 23:00:00,27.6,0.0,22.0,0.0,35.0,2.0,13.3,0
2129,10032.0,0,0,2020-06-06 18:00:00,28.8,0.0,29.0,4.0,38.0,8.0,13.0,0
2130,10031.0,1,0,2020-06-06 21:00:00,28.0,0.0,51.0,21.0,37.0,33.0,12.9,1
2131,10007.0,1,0,2020-06-06 18:00:00,28.8,0.0,29.0,4.0,38.0,8.0,13.0,1
2132,10033.0,1,0,2020-06-06 06:00:00,21.4,2.5,93.0,6.0,96.0,99.0,6.0,1
2133,10027.0,0,0,2020-06-06 20:00:00,28.0,0.5,48.0,8.0,31.0,73.0,14.9,0
2134,10028.0,1,0,2020-06-06 11:00:00,22.4,0.0,100.0,92.0,0.0,81.0,7.2,1
2135,10010.0,0,0,2020-06-06 16:00:00,27.2,0.0,53.0,13.0,22.0,93.0,10.7,0
2136,10033.0,1,0,2020-06-06 23:00:00,27.6,0.0,22.0,0.0,35.0,2.0,13.3,1
2137,10019.0,1,0,2020-06-06 03:00:00,21.7,1.1,65.0,1.0,58.0,99.0,7.3,1
2138,10002.0,0,0,2020-06-06 20:00:00,28.0,0.5,48.0,8.0,31.0,73.0,14.9,0
2139,10011.0,0,0,2020-06-06 18:00:00,28.8,0.0,29.0,4.0,38.0,8.0,13.0,0
2140,10016.0,0,0,2020-06-05 07:00:00,20.6,2.6,91.0,2.0,98.0,100.0,7.2,0
2141,10006.0,0,0,2020-06-05 23:00:00,22.6,3.3,100.0,30.0,100.0,100.0,5.9,0
2142,10065.0,0,0,2020-06-05 18:00:00,24.8,0.1,86.0,4.0,94.0,88.0,5.5,0
2143,10029.0,1,0,2020-06-05 19:00:00,25.7,0.0,86.0,11.0,79.0,97.0,2.1,1
2144,10029.0,1,0,2020-06-05 14:00:00,22.7,0.0,92.0,53.0,46.0,56.0,11.1,1
2145,10027.0,0,0,2020-06-05 17:00:00,24.3,0.0,83.0,0.0,89.0,97.0,7.6,0
2146,10019.0,0,0,2020-06-05 06:00:00,21.0,2.2,84.0,1.0,88.0,100.0,7.6,0
2147,10035.0,0,0,2020-06-05 15:00:00,23.6,0.0,100.0,53.0,76.0,73.0,11.7,0
2148,10033.0,0,0,2020-06-05 02:00:00,24.3,0.0,48.0,9.0,16.0,100.0,11.5,0
2149,10001.0,0,0,2020-06-05 14:00:00,22.7,0.0,92.0,53.0,46.0,56.0,11.1,0
2150,10033.0,1,0,2020-06-05 15:00:00,23.6,0.0,100.0,53.0,76.0,73.0,11.7,1
2151,10033.0,2,0,2020-06-05 20:00:00,25.4,1.1,93.0,16.0,81.0,99.0,5.8,1
2152,10021.0,0,0,2020-06-05 10:00:00,20.9,0.4,93.0,8.0,93.0,100.0,4.3,0
2153,10029.0,1,0,2020-06-05 07:00:00,20.6,2.6,91.0,2.0,98.0,100.0,7.2,1
2154,10010.0,1,0,2020-06-05 18:00:00,24.8,0.1,86.0,4.0,94.0,88.0,5.5,1
2155,10007.0,0,0,2020-06-05 21:00:00,24.9,2.2,89.0,25.0,61.0,100.0,8.1,0
2156,10035.0,0,0,2020-06-05 06:00:00,21.0,2.2,84.0,1.0,88.0,100.0,7.6,0
2157,10018.0,1,0,2020-06-05 21:00:00,24.9,2.2,89.0,25.0,61.0,100.0,8.1,1
2158,10028.0,0,0,2020-06-05 11:00:00,21.3,0.0,90.0,8.0,89.0,99.0,6.8,0
2159,10027.0,0,0,2020-06-04 01:00:00,22.7,1.3,37.0,0.0,16.0,90.0,10.8,0
2160,10032.0,0,0,2020-06-04 21:00:00,30.1,0.0,20.0,0.0,18.0,29.0,7.2,0
2161,10000.0,1,0,2020-06-04 17:00:00,26.7,0.0,5.0,0.0,1.0,13.0,8.3,1
2162,10027.0,0,0,2020-06-04 15:00:00,24.8,0.0,29.0,0.0,0.0,95.0,7.6,0
2163,10026.0,0,0,2020-06-04 02:00:00,21.1,0.5,37.0,0.0,13.0,98.0,11.8,0
2164,10029.0,1,0,2020-06-04 04:00:00,19.8,0.0,38.0,0.0,21.0,83.0,9.0,1
2165,10014.0,1,0,2020-06-04 18:00:00,27.1,0.0,29.0,0.0,9.0,80.0,9.1,1
2166,10029.0,0,0,2020-06-04 16:00:00,25.8,0.0,24.0,0.0,0.0,80.0,8.3,0
2167,10038.0,0,0,2020-06-04 11:00:00,20.6,0.0,30.0,0.0,0.0,100.0,8.4,0
2168,10019.0,1,0,2020-06-04 15:00:00,24.8,0.0,29.0,0.0,0.0,95.0,7.6,1
2169,10280.0,1,0,2020-06-04 08:00:00,18.8,0.0,26.0,0.0,0.0,88.0,6.6,1
2170,10032.0,0,0,2020-06-04 02:00:00,21.1,0.5,37.0,0.0,13.0,98.0,11.8,0
2171,10027.0,1,0,2020-06-04 14:00:00,22.7,0.0,29.0,0.0,0.0,97.0,7.2,1
2172,10034.0,0,0,2020-06-04 22:00:00,26.4,0.0,11.0,0.0,3.0,29.0,8.9,0
2173,10038.0,1,0,2020-06-04 17:00:00,26.7,0.0,5.0,0.0,1.0,13.0,8.3,1
2174,10029.0,1,0,2020-06-04 18:00:00,27.1,0.0,29.0,0.0,9.0,80.0,9.1,1
2175,10036.0,0,0,2020-06-03 15:00:00,23.4,0.0,38.0,1.0,12.0,100.0,11.9,0
2176,10009.0,0,0,2020-06-03 05:00:00,18.2,0.0,35.0,13.0,31.0,17.0,10.9,0
2177,10029.0,0,0,2020-06-03 15:00:00,23.4,0.0,38.0,1.0,12.0,100.0,11.9,0
2178,10025.0,1,0,2020-06-03 18:00:00,23.7,0.0,95.0,13.0,89.0,98.0,15.8,1
2179,10029.0,0,0,2020-06-03 14:00:00,21.6,0.0,38.0,4.0,18.0,79.0,9.4,0
2180,10029.0,0,0,2020-06-03 15:00:00,23.4,0.0,38.0,1.0,12.0,100.0,11.9,0
2181,10065.0,0,0,2020-06-03 09:00:00,16.8,0.5,49.0,1.0,39.0,83.0,7.4,0
2182,10025.0,0,0,2020-06-03 21:00:00,26.0,0.0,12.0,8.0,8.0,0.0,13.7,0
2183,10029.0,0,0,2020-06-03 09:00:00,16.8,0.5,49.0,1.0,39.0,83.0,7.4,0
2184,10028.0,0,0,2020-06-03 07:00:00,17.1,0.3,50.0,15.0,28.0,64.0,9.9,0
2185,10011.0,0,0,2020-06-03 12:00:00,19.1,0.0,36.0,3.0,6.0,98.0,9.0,0
2186,10016.0,1,0,2020-06-03 23:00:00,24.4,0.0,35.0,8.0,24.0,44.0,10.9,1
2187,10026.0,0,0,2020-06-03 14:00:00,21.6,0.0,38.0,4.0,18.0,79.0,9.4,0
2188,10029.0,1,0,2020-06-03 15:00:00,23.4,0.0,38.0,1.0,12.0,100.0,11.9,1
2189,10035.0,1,0,2020-06-03 18:00:00,23.7,0.0,95.0,13.0,89.0,98.0,15.8,1
2190,10034.0,1,0,2020-06-03 19:00:00,23.4,0.8,100.0,35.0,100.0,88.0,13.9,1
2191,10028.0,0,0,2020-06-02 12:00:00,16.2,0.0,10.0,0.0,3.0,26.0,5.5,0
2192,10002.0,2,0,2020-06-02 10:00:00,15.8,0.0,43.0,0.0,23.0,98.0,8.6,1
2193,10027.0,0,0,2020-06-02 01:00:00,19.3,0.0,25.0,0.0,42.0,0.0,6.9,0
2194,10013.0,0,0,2020-06-02 16:00:00,20.3,0.0,77.0,0.0,92.0,73.0,12.0,0
2195,10000.0,1,0,2020-06-02 07:00:00,15.0,0.0,29.0,0.0,2.0,94.0,10.2,1
2196,10004.0,0,0,2020-06-02 11:00:00,15.8,0.0,63.0,0.0,62.0,85.0,7.2,0
2197,10031.0,0,0,2020-06-02 10:00:00,15.8,0.0,43.0,0.0,23.0,98.0,8.6,0
2198,10029.0,1,0,2020-06-02 14:00:00,18.3,0.0,86.0,0.0,98.0,90.0,8.4,1
2199,10029.0,0,0,2020-06-02 11:00:00,15.8,0.0,63.0,0.0,62.0,85.0,7.2,0
2200,10028.0,0,0,2020-06-02 20:00:00,21.7,0.0,58.0,1.0,45.0,99.0,13.5,0
2201,10001.0,0,0,2020-06-02 18:00:00,21.4,0.0,83.0,0.0,89.0,98.0,14.1,0
2202,10018.0,1,0,2020-06-02 09:00:00,14.6,0.0,30.0,0.0,1.0,98.0,11.9,1
2203,10022.0,1,0,2020-06-02 18:00:00,21.4,0.0,83.0,0.0,89.0,98.0,14.1,1
2204,10022.0,2,0,2020-06-01 02:00:00,16.3,0.0,0.0,0.0,0.0,0.0,16.4,1
2205,10065.0,1,0,2020-06-01 23:00:00,20.6,0.0,29.0,0.0,44.0,7.0,8.9,1
2206,10027.0,0,0,2020-06-01 09:00:00,11.3,0.0,0.0,0.0,0.0,0.0,9.3,0
2207,10002.0,1,0,2020-06-01 14:00:00,14.7,0.0,23.0,8.0,26.0,0.0,14.6,1
2208,10038.0,0,0,2020-06-01 12:00:00,13.0,0.0,0.0,0.0,0.0,0.0,12.0,0
2209,10012.0,0,0,2020-06-01 01:00:00,17.0,0.0,1.0,0.0,1.0,0.0,14.2,0
2210,10065.0,1,0,2020-06-01 15:00:00,16.7,0.0,24.0,3.0,35.0,0.0,16.5,1
2211,10014.0,0,0,2020-06-01 04:00:00,14.0,0.0,0.0,0.0,0.0,0.0,15.5,0
2212,10016.0,2,0,2020-06-01 16:00:00,17.1,0.0,29.0,1.0,47.0,0.0,17.6,1
2213,10003.0,0,0,2020-06-01 21:00:00,19.7,0.0,16.0,0.0,26.0,0.0,17.7,0
2214,10022.0,0,0,2020-06-01 04:00:00,14.0,0.0,0.0,0.0,0.0,0.0,15.5,0
2215,10028.0,0,0,2020-06-01 14:00:00,14.7,0.0,23.0,8.0,26.0,0.0,14.6,0
2216,10032.0,0,0,2020-06-01 14:00:00,14.7,0.0,23.0,8.0,26.0,0.0,14.6,0
2217,10016.0,0,0,2020-06-01 00:00:00,18.1,0.0,0.0,0.0,0.0,0.0,14.1,0
2218,10038.0,0,0,2020-06-01 13:00:00,13.7,0.0,0.0,0.0,0.0,1.0,12.0,0
2219,10030.0,1,0,2020-06-01 18:00:00,18.5,0.0,41.0,0.0,69.0,0.0,18.2,1
2220,10002.0,0,0,2020-06-01 12:00:00,13.0,0.0,0.0,0.0,0.0,0.0,12.0,0
2221,10032.0,0,0,2020-06-01 21:00:00,19.7,0.0,16.0,0.0,26.0,0.0,17.7,0
2222,10065.0,0,0,2020-06-01 00:00:00,18.1,0.0,0.0,0.0,0.0,0.0,14.1,0
2223,10002.0,0,0,2020-06-01 12:00:00,13.0,0.0,0.0,0.0,0.0,0.0,12.0,0
2224,10012.0,0,0,2020-06-01 01:00:00,17.0,0.0,1.0,0.0,1.0,0.0,14.2,0
2225,10032.0,0,0,2020-05-31 22:00:00,19.1,0.0,0.0,0.0,0.0,0.0,18.1,0
2226,10023.0,1,0,2020-05-31 14:00:00,16.8,0.0,0.0,0.0,0.0,0.0,16.6,1
2227,10033.0,1,0,2020-05-31 00:00:00,25.0,0.0,23.0,0.0,38.0,0.0,10.0,1
2228,10023.0,1,0,2020-05-31 22:00:00,19.1,0.0,0.0,0.0,0.0,0.0,18.1,1
2229,10016.0,1,0,2020-05-31 18:00:00,20.1,0.0,29.0,0.0,48.0,0.0,18.8,1
2230,10036.0,1,0,2020-05-31 23:00:00,18.7,0.0,0.0,0.0,0.0,0.0,16.9,1
2231,10032.0,1,0,2020-05-31 22:00:00,19.1,0.0,0.0,0.0,0.0,0.0,18.1,1
2232,10032.0,0,0,2020-05-31 22:00:00,19.1,0.0,0.0,0.0,0.0,0.0,18.1,0
2233,10012.0,0,0,2020-05-31 00:00:00,25.0,0.0,23.0,0.0,38.0,0.0,10.0,0
2234,10030.0,1,0,2020-05-31 02:00:00,22.9,0.0,20.0,0.0,34.0,0.0,14.2,1
2235,10021.0,0,0,2020-05-31 06:00:00,18.5,0.0,1.0,0.0,2.0,0.0,20.8,0
2236,10040.0,0,0,2020-05-31 13:00:00,16.2,0.0,0.0,0.0,0.0,0.0,17.0,0
2237,10012.0,0,0,2020-05-31 22:00:00,19.1,0.0,0.0,0.0,0.0,0.0,18.1,0
2238,10029.0,1,0,2020-05-31 21:00:00,19.6,0.0,19.0,0.0,32.0,0.0,22.2,1
2239,10003.0,2,0,2020-05-31 18:00:00,20.1,0.0,29.0,0.0,48.0,0.0,18.8,1
2240,10012.0,1,0,2020-05-31 06:00:00,18.5,0.0,1.0,0.0,2.0,0.0,20.8,1
2241,10011.0,1,0,2020-05-31 21:00:00,19.6,0.0,19.0,0.0,32.0,0.0,22.2,1
2242,10000.0,1,0,2020-05-30 06:00:00,20.6,0.0,74.0,43.0,17.0,83.0,14.3,1
2243,10036.0,0,0,2020-05-30 13:00:00,21.2,0.0,35.0,7.0,2.0,90.0,13.8,0
2244,10027.0,1,0,2020-05-30 17:00:00,24.0,0.0,3.0,0.0,5.0,0.0,12.3,1
2245,10029.0,0,0,2020-05-30 01:00:00,22.2,0.0,80.0,12.0,65.0,100.0,13.3,0
2246,10031.0,0,0,2020-05-30 21:00:00,26.8,0.0,16.0,0.0,26.0,0.0,14.0,0
2247,10010.0,0,0,2020-05-30 12:00:00,21.2,0.0,30.0,0.0,2.0,95.0,11.5,0
2248,10065.0,1,0,2020-05-30 15:00:00,22.7,0.0,8.0,3.0,7.0,2.0,13.8,1
2249,10024.0,0,0,2020-05-30 08:00:00,20.3,0.0,93.0,61.0,14.0,99.0,12.6,0
2250,10002.0,1,0,2020-05-30 14:00:00,21.4,0.0,24.0,7.0,10.0,40.0,13.8,1
2251,10023.0,0,0,2020-05-30 16:00:00,22.9,0.0,10.0,1.0,15.0,0.0,12.8,0
2252,10016.0,2,0,2020-05-30 16:00:00,22.9,0.0,10.0,1.0,15.0,0.0,12.8,1
2253,10013.0,0,0,2020-05-30 22:00:00,25.9,0.0,31.0,0.0,51.0,0.0,8.6,0
2254,10033.0,1,0,2020-05-30 20:00:00,26.3,0.0,8.0,2.0,10.0,0.0,13.2,1
2255,10032.0,0,0,2020-05-30 10:00:00,21.0,0.0,40.0,11.0,0.0,100.0,9.6,0
2256,10010.0,1,0,2020-05-29 18:00:00,25.5,0.0,93.0,73.0,0.0,92.0,15.5,1
2257,10029.0,0,0,2020-05-29 08:00:00,20.1,0.0,100.0,100.0,8.0,59.0,13.3,0
2258,10027.0,0,0,2020-05-29 16:00:00,24.7,0.0,100.0,90.0,12.0,97.0,14.1,0
2259,10022.0,0,0,2020-05-29 12:00:00,21.9,0.0,100.0,100.0,23.0,79.0,12.2,0
2260,10011.0,0,0,2020-05-29 19:00:00,26.1,0.0,69.0,47.0,2.0,84.0,15.9,0
2261,10035.0,1,0,2020-05-29 18:00:00,25.5,0.0,93.0,73.0,0.0,92.0,15.5,1
2262,10001.0,0,0,2020-05-29 04:00:00,20.0,0.3,100.0,87.0,22.0,42.0,12.3,0
2263,10035.0,0,0,2020-05-29 11:00:00,21.6,0.0,100.0,100.0,14.0,79.0,12.6,0
2264,10019.0,0,0,2020-05-29 09:00:00,19.9,0.0,100.0,100.0,9.0,75.0,13.6,0
2265,10002.0,1,0,2020-05-29 13:00:00,22.1,0.0,100.0,88.0,26.0,83.0,13.0,1
2266,10027.0,0,0,2020-05-29 15:00:00,23.8,0.0,100.0,95.0,32.0,82.0,15.6,0
2267,10002.0,0,0,2020-05-29 17:00:00,25.4,0.2,100.0,82.0,2.0,94.0,15.2,0
2268,10003.0,0,0,2020-05-29 14:00:00,23.0,0.0,100.0,99.0,41.0,94.0,13.9,0
2269,10003.0,1,0,2020-05-29 15:00:00,23.8,0.0,100.0,95.0,32.0,82.0,15.6,1
2270,10018.0,1,0,2020-05-29 06:00:00,20.0,0.0,100.0,100.0,12.0,15.0,12.3,1
2271,10025.0,1,0,2020-05-29 21:00:00,25.3,1.5,88.0,50.0,26.0,90.0,16.2,1
2272,10018.0,1,0,2020-05-29 13:00:00,22.1,0.0,100.0,88.0,26.0,83.0,13.0,1
2273,10030.0,2,0,2020-05-29 21:00:00,25.3,1.5,88.0,50.0,26.0,90.0,16.2,1
2274,10003.0,0,0,2020-05-29 12:00:00,21.9,0.0,100.0,100.0,23.0,79.0,12.2,0
2275,10028.0,0,0,2020-05-29 14:00:00,23.0,0.0,100.0,99.0,41.0,94.0,13.9,0
2276,10128.0,0,0,2020-05-29 07:00:00,20.1,0.0,100.0,100.0,11.0,39.0,12.6,0
2277,10011.0,0,0,2020-05-29 18:00:00,25.5,0.0,93.0,73.0,0.0,92.0,15.5,0
2278,10035.0,0,0,2020-05-29 17:00:00,25.4,0.2,100.0,82.0,2.0,94.0,15.2,0
2279,10025.0,0,0,2020-05-29 17:00:00,25.4,0.2,100.0,82.0,2.0,94.0,15.2,0
2280,10026.0,0,0,2020-05-29 17:00:00,25.4,0.2,100.0,82.0,2.0,94.0,15.2,0
2281,10016.0,0,0,2020-05-29 19:00:00,26.1,0.0,69.0,47.0,2.0,84.0,15.9,0
2282,10018.0,0,0,2020-05-29 14:00:00,23.0,0.0,100.0,99.0,41.0,94.0,13.9,0
2283,10035.0,0,0,2020-05-29 11:00:00,21.6,0.0,100.0,100.0,14.0,79.0,12.6,0
2284,10029.0,0,0,2020-05-28 15:00:00,22.1,0.0,100.0,100.0,12.0,88.0,15.4,0
2285,10035.0,0,0,2020-05-28 06:00:00,17.9,0.0,100.0,100.0,3.0,99.0,7.6,0
2286,10005.0,0,0,2020-05-28 19:00:00,22.9,0.0,100.0,68.0,33.0,96.0,17.8,0
2287,10024.0,0,0,2020-05-28 15:00:00,22.1,0.0,100.0,100.0,12.0,88.0,15.4,0
2288,10065.0,0,0,2020-05-28 08:00:00,18.3,0.0,100.0,100.0,1.0,100.0,6.5,0
2289,10005.0,0,0,2020-05-28 15:00:00,22.1,0.0,100.0,100.0,12.0,88.0,15.4,0
2290,10018.0,0,0,2020-05-28 06:00:00,17.9,0.0,100.0,100.0,3.0,99.0,7.6,0
2291,10010.0,0,0,2020-05-28 14:00:00,21.0,0.0,100.0,100.0,21.0,86.0,12.9,0
2292,10075.0,0,0,2020-05-28 16:00:00,22.8,0.0,100.0,87.0,33.0,48.0,17.7,0
2293,10033.0,0,0,2020-05-28 21:00:00,21.9,0.9,100.0,87.0,44.0,95.0,18.3,0
2294,10027.0,1,0,2020-05-28 21:00:00,21.9,0.9,100.0,87.0,44.0,95.0,18.3,1
2295,10128.0,2,0,2020-05-28 11:00:00,19.6,0.0,100.0,100.0,37.0,94.0,10.1,1
2296,10036.0,0,0,2020-05-28 21:00:00,21.9,0.9,100.0,87.0,44.0,95.0,18.3,0
2297,10038.0,0,0,2020-05-28 17:00:00,23.2,0.0,100.0,81.0,44.0,69.0,17.6,0
2298,10011.0,2,0,2020-05-28 20:00:00,22.2,0.6,100.0,61.0,36.0,99.0,19.5,1
2299,10013.0,1,0,2020-05-28 17:00:00,23.2,0.0,100.0,81.0,44.0,69.0,17.6,1
2300,10022.0,0,0,2020-05-28 18:00:00,22.9,0.0,100.0,56.0,44.0,93.0,16.7,0
2301,10036.0,1,0,2020-05-27 22:00:00,21.3,0.0,60.0,32.0,3.0,98.0,12.9,1
2302,10001.0,1,0,2020-05-27 13:00:00,16.4,0.0,100.0,100.0,0.0,53.0,4.6,1
2303,10033.0,0,0,2020-05-27 10:00:00,15.9,0.0,91.0,100.0,0.0,3.0,4.3,0
2304,10065.0,0,0,2020-05-27 15:00:00,19.6,0.0,100.0,96.0,0.0,82.0,6.5,0
2305,10002.0,0,0,2020-05-27 21:00:00,22.3,0.0,68.0,42.0,0.0,100.0,14.2,0
2306,10029.0,0,0,2020-05-27 20:00:00,23.1,0.0,78.0,53.0,0.0,100.0,14.0,0
2307,10009.0,0,0,2020-05-27 10:00:00,15.9,0.0,91.0,100.0,0.0,3.0,4.3,0
2308,10010.0,1,0,2020-05-27 16:00:00,21.2,0.0,100.0,95.0,0.0,92.0,7.6,1
2309,10023.0,1,0,2020-05-27 20:00:00,23.1,0.0,78.0,53.0,0.0,100.0,14.0,1
2310,10009.0,0,0,2020-05-27 14:00:00,17.3,0.0,100.0,100.0,0.0,69.0,5.9,0
2311,10037.0,0,0,2020-05-27 16:00:00,21.2,0.0,100.0,95.0,0.0,92.0,7.6,0
2312,10019.0,1,0,2020-05-27 13:00:00,16.4,0.0,100.0,100.0,0.0,53.0,4.6,1
2313,10033.0,0,0,2020-05-26 08:00:00,15.4,0.0,92.0,100.0,0.0,8.0,0.7,0
2314,10035.0,0,0,2020-05-26 18:00:00,21.1,0.0,49.0,51.0,0.0,11.0,7.1,0
2315,10040.0,1,0,2020-05-26 20:00:00,22.7,0.0,6.0,0.0,0.0,21.0,11.1,1
2316,10065.0,1,0,2020-05-26 16:00:00,20.6,0.0,75.0,83.0,0.0,0.0,3.7,1
2317,10026.0,1,0,2020-05-26 17:00:00,20.5,0.0,65.0,72.0,0.0,0.0,5.0,1
2318,10035.0,0,0,2020-05-26 08:00:00,15.4,0.0,92.0,100.0,0.0,8.0,0.7,0
2319,10037.0,1,0,2020-05-26 20:00:00,22.7,0.0,6.0,0.0,0.0,21.0,11.1,1
2320,10029.0,1,0,2020-05-26 18:00:00,21.1,0.0,49.0,51.0,0.0,11.0,7.1,1
2321,10026.0,1,0,2020-05-26 14:00:00,16.7,0.0,81.0,84.0,9.0,0.0,2.9,1
2322,10037.0,0,0,2020-05-26 14:00:00,16.7,0.0,81.0,84.0,9.0,0.0,2.9,0
2323,10001.0,0,0,2020-05-26 11:00:00,15.4,0.0,96.0,100.0,8.0,5.0,1.6,0
2324,10016.0,0,0,2020-05-26 15:00:00,18.9,0.0,75.0,83.0,0.0,0.0,4.0,0
2325,10002.0,1,0,2020-05-26 17:00:00,20.5,0.0,65.0,72.0,0.0,0.0,5.0,1
2326,10025.0,0,0,2020-05-26 18:00:00,21.1,0.0,49.0,51.0,0.0,11.0,7.1,0
2327,10014.0,1,0,2020-05-25 17:00:00,16.6,0.0,90.0,100.0,0.0,0.0,4.2,1
2328,10029.0,0,0,2020-05-25 02:00:00,15.7,0.0,50.0,31.0,0.0,75.0,8.8,0
2329,10032.0,1,0,2020-05-25 09:00:00,13.6,0.0,89.0,99.0,0.0,0.0,8.2,1
2330,10038.0,0,0,2020-05-25 11:00:00,14.2,0.0,89.0,99.0,0.0,0.0,8.3,0
2331,10128.0,0,0,2020-05-25 09:00:00,13.6,0.0,89.0,99.0,0.0,0.0,8.2,0
2332,10014.0,0,0,2020-05-25 10:00:00,14.2,0.0,89.0,99.0,0.0,0.0,8.7,0
2333,10016.0,1,0,2020-05-25 11:00:00,14.2,0.0,89.0,99.0,0.0,0.0,8.3,1
2334,10027.0,1,0,2020-05-25 20:00:00,18.5,0.0,93.0,99.0,6.0,0.0,5.4,1
2335,10028.0,0,0,2020-05-25 11:00:00,14.2,0.0,89.0,99.0,0.0,0.0,8.3,0
2336,10011.0,0,0,2020-05-25 19:00:00,17.8,0.0,90.0,99.0,1.0,0.0,4.8,0
2337,10021.0,1,0,2020-05-25 20:00:00,18.5,0.0,93.0,99.0,6.0,0.0,5.4,1
2338,10032.0,0,0,2020-05-25 14:00:00,14.4,0.0,93.0,100.0,0.0,9.0,8.6,0
2339,10032.0,1,0,2020-05-25 19:00:00,17.8,0.0,90.0,99.0,1.0,0.0,4.8,1
2340,10032.0,1,0,2020-05-25 16:00:00,16.2,0.0,90.0,100.0,0.0,0.0,5.8,1
2341,10035.0,0,0,2020-05-24 09:00:00,12.0,0.0,15.0,9.0,0.0,23.0,15.8,0
2342,10012.0,0,0,2020-05-24 10:00:00,11.7,0.0,6.0,6.0,0.0,2.0,14.0,0
2343,10002.0,0,0,2020-05-24 18:00:00,17.5,0.0,78.0,69.0,0.0,52.0,11.9,0
2344,10029.0,4,1,2020-05-24 20:00:00,18.2,0.0,96.0,86.0,0.0,62.0,13.1,2
2345,10027.0,1,0,2020-05-24 23:00:00,17.7,0.0,56.0,31.0,0.0,93.0,8.9,1
2346,10029.0,2,0,2020-05-24 18:00:00,17.5,0.0,78.0,69.0,0.0,52.0,11.9,1
2347,10023.0,2,0,2020-05-24 17:00:00,17.0,0.0,74.0,73.0,0.0,29.0,12.6,1
2348,10003.0,1,0,2020-05-24 11:00:00,11.9,0.0,22.0,7.0,0.0,51.0,14.0,1
2349,10026.0,1,0,2020-05-24 19:00:00,17.9,0.0,89.0,82.0,0.0,49.0,12.3,1
2350,10030.0,0,0,2020-05-24 16:00:00,16.1,0.0,50.0,46.0,0.0,30.0,12.7,0
2351,10018.0,0,0,2020-05-23 11:00:00,17.1,2.1,100.0,100.0,82.0,98.0,4.0,0
2352,10034.0,1,0,2020-05-23 02:00:00,18.3,0.0,100.0,86.0,29.0,42.0,8.2,1
2353,10026.0,0,0,2020-05-23 07:00:00,17.2,0.7,100.0,100.0,16.0,77.0,4.0,0
2354,10005.0,1,0,2020-05-23 12:00:00,17.0,3.3,100.0,100.0,58.0,98.0,4.1,1
2355,10017.0,0,0,2020-05-23 19:00:00,18.3,0.3,100.0,100.0,68.0,100.0,8.7,0
2356,10016.0,0,0,2020-05-23 06:00:00,17.3,0.0,100.0,100.0,28.0,81.0,4.0,0
2357,10005.0,0,0,2020-05-23 16:00:00,18.5,1.4,100.0,100.0,97.0,99.0,7.4,0
2358,10014.0,0,0,2020-05-23 12:00:00,17.0,3.3,100.0,100.0,58.0,98.0,4.1,0
2359,10019.0,1,0,2020-05-23 16:00:00,18.5,1.4,100.0,100.0,97.0,99.0,7.4,1
2360,10075.0,4,0,2020-05-23 07:00:00,17.2,0.7,100.0,100.0,16.0,77.0,4.0,1
2361,10001.0,1,0,2020-05-22 17:00:00,22.5,0.0,100.0,83.0,96.0,51.0,9.4,1
2362,10035.0,0,0,2020-05-22 07:00:00,13.5,0.0,86.0,96.0,0.0,0.0,4.6,0
2363,10022.0,3,0,2020-05-22 00:00:00,15.8,0.0,46.0,50.0,0.0,3.0,13.1,1
2364,10036.0,0,0,2020-05-22 00:00:00,15.8,0.0,46.0,50.0,0.0,3.0,13.1,0
2365,10038.0,0,0,2020-05-22 15:00:00,20.6,0.0,100.0,70.0,75.0,23.0,6.1,0
2366,10017.0,0,0,2020-05-22 16:00:00,21.3,0.0,100.0,83.0,95.0,36.0,8.3,0
2367,10032.0,0,0,2020-05-22 12:00:00,15.5,0.0,41.0,35.0,13.0,7.0,1.8,0
2368,10032.0,0,0,2020-05-22 19:00:00,22.6,0.2,100.0,45.0,85.0,81.0,6.8,0
2369,10013.0,0,0,2020-05-22 13:00:00,16.6,0.0,71.0,49.0,35.0,21.0,2.6,0
2370,10029.0,1,0,2020-05-22 14:00:00,18.1,0.0,97.0,62.0,58.0,21.0,4.0,1
2371,10031.0,0,0,2020-05-22 15:00:00,20.6,0.0,100.0,70.0,75.0,23.0,6.1,0
2372,10019.0,2,0,2020-05-22 13:00:00,16.6,0.0,71.0,49.0,35.0,21.0,2.6,1
2373,10013.0,0,0,2020-05-22 09:00:00,13.0,0.0,76.0,84.0,0.0,0.0,1.5,0
2374,10022.0,0,0,2020-05-22 02:00:00,14.5,0.0,39.0,43.0,0.0,0.0,10.1,0
2375,10039.0,0,0,2020-05-22 15:00:00,20.6,0.0,100.0,70.0,75.0,23.0,6.1,0
2376,10028.0,0,0,2020-05-22 16:00:00,21.3,0.0,100.0,83.0,95.0,36.0,8.3,0
2377,10029.0,1,0,2020-05-22 13:00:00,16.6,0.0,71.0,49.0,35.0,21.0,2.6,1
2378,10036.0,1,0,2020-05-22 18:00:00,22.3,0.0,100.0,95.0,97.0,56.0,8.6,1
2379,10033.0,0,0,2020-05-22 02:00:00,14.5,0.0,39.0,43.0,0.0,0.0,10.1,0
2380,10002.0,0,0,2020-05-22 00:00:00,15.8,0.0,46.0,50.0,0.0,3.0,13.1,0
2381,10009.0,1,0,2020-05-22 08:00:00,13.1,0.0,80.0,89.0,0.0,0.0,4.5,1
2382,10032.0,1,0,2020-05-22 16:00:00,21.3,0.0,100.0,83.0,95.0,36.0,8.3,1
2383,10065.0,0,0,2020-05-22 20:00:00,21.8,0.0,79.0,0.0,82.0,98.0,7.1,0
2384,10031.0,0,0,2020-05-21 19:00:00,18.2,0.0,0.0,0.0,0.0,0.0,10.8,0
2385,10009.0,0,0,2020-05-21 12:00:00,10.8,0.0,41.0,45.0,0.0,0.0,6.6,0
2386,10016.0,0,0,2020-05-21 20:00:00,18.3,0.0,0.0,0.0,0.0,0.0,12.2,0
2387,10009.0,0,0,2020-05-21 19:00:00,18.2,0.0,0.0,0.0,0.0,0.0,10.8,0
2388,10027.0,0,0,2020-05-21 21:00:00,18.1,0.0,2.0,2.0,0.0,0.0,13.9,0
2389,10030.0,0,0,2020-05-21 11:00:00,9.9,0.0,6.0,7.0,0.0,0.0,7.4,0
2390,10027.0,0,0,2020-05-21 12:00:00,10.8,0.0,41.0,45.0,0.0,0.0,6.6,0
2391,10037.0,0,0,2020-05-21 16:00:00,16.3,0.0,8.0,3.0,0.0,19.0,6.4,0
2392,10035.0,0,0,2020-05-21 07:00:00,9.4,0.0,0.0,0.0,0.0,0.0,4.7,0
2393,10035.0,0,0,2020-05-21 17:00:00,17.4,0.0,7.0,0.0,0.0,23.0,7.4,0
2394,10002.0,1,0,2020-05-21 18:00:00,17.9,0.0,0.0,0.0,0.0,0.0,8.7,1
2395,10029.0,0,0,2020-05-21 15:00:00,15.5,0.0,20.0,18.0,0.0,13.0,6.0,0
2396,10019.0,1,0,2020-05-21 21:00:00,18.1,0.0,2.0,2.0,0.0,0.0,13.9,1
2397,10026.0,1,0,2020-05-21 07:00:00,9.4,0.0,0.0,0.0,0.0,0.0,4.7,1
2398,10016.0,0,0,2020-05-21 08:00:00,8.8,0.0,0.0,0.0,0.0,0.0,4.0,0
2399,10002.0,2,0,2020-05-21 00:00:00,13.3,0.0,23.0,0.0,0.0,77.0,10.2,1
2400,10033.0,0,0,2020-05-20 08:00:00,10.8,0.0,31.0,0.0,1.0,100.0,14.0,0
2401,10013.0,0,0,2020-05-20 11:00:00,12.0,0.0,31.0,0.0,2.0,99.0,13.8,0
2402,10022.0,1,0,2020-05-20 17:00:00,16.2,0.0,26.0,0.0,0.0,86.0,19.5,1
2403,10021.0,0,0,2020-05-20 11:00:00,12.0,0.0,31.0,0.0,2.0,99.0,13.8,0
2404,10019.0,1,0,2020-05-20 22:00:00,14.9,0.0,24.0,0.0,0.0,79.0,13.4,1
2405,10004.0,0,0,2020-05-20 16:00:00,15.7,0.0,28.0,0.0,0.0,94.0,19.2,0
2406,10009.0,0,0,2020-05-20 12:00:00,12.4,0.0,29.0,0.0,0.0,97.0,17.2,0
2407,10065.0,0,0,2020-05-20 18:00:00,16.5,0.0,19.0,0.0,0.0,62.0,19.1,0
2408,10001.0,1,0,2020-05-20 14:00:00,13.7,0.0,30.0,0.0,0.0,99.0,18.3,1
2409,10022.0,1,0,2020-05-20 22:00:00,14.9,0.0,24.0,0.0,0.0,79.0,13.4,1
2410,10032.0,4,0,2020-05-20 16:00:00,15.7,0.0,28.0,0.0,0.0,94.0,19.2,1
2411,10033.0,0,0,2020-05-20 17:00:00,16.2,0.0,26.0,0.0,0.0,86.0,19.5,0
2412,10033.0,1,0,2020-05-20 16:00:00,15.7,0.0,28.0,0.0,0.0,94.0,19.2,1
2413,10010.0,4,0,2020-05-20 17:00:00,16.2,0.0,26.0,0.0,0.0,86.0,19.5,1
2414,10023.0,0,0,2020-05-20 11:00:00,12.0,0.0,31.0,0.0,2.0,99.0,13.8,0
2415,10022.0,0,0,2020-05-20 05:00:00,12.0,0.0,56.0,0.0,43.0,100.0,13.5,0
2416,10040.0,0,0,2020-05-20 14:00:00,13.7,0.0,30.0,0.0,0.0,99.0,18.3,0
2417,10040.0,0,0,2020-05-20 14:00:00,13.7,0.0,30.0,0.0,0.0,99.0,18.3,0
2418,10027.0,0,0,2020-05-20 10:00:00,11.8,0.0,34.0,0.0,6.0,100.0,13.8,0
2419,10039.0,1,0,2020-05-20 11:00:00,12.0,0.0,31.0,0.0,2.0,99.0,13.8,1
2420,10029.0,0,1,2020-05-20 18:00:00,16.5,0.0,19.0,0.0,0.0,62.0,19.1,2
2421,10032.0,0,0,2020-05-20 17:00:00,16.2,0.0,26.0,0.0,0.0,86.0,19.5,0
2422,10003.0,0,0,2020-05-20 20:00:00,16.7,0.0,17.0,0.0,0.0,56.0,18.9,0
2423,10002.0,0,0,2020-05-20 08:00:00,10.8,0.0,31.0,0.0,1.0,100.0,14.0,0
2424,10065.0,1,0,2020-05-19 08:00:00,13.1,0.0,29.0,1.0,0.0,95.0,16.6,1
2425,10039.0,0,0,2020-05-19 17:00:00,18.5,0.0,30.0,0.0,0.0,100.0,26.1,0
2426,10025.0,0,0,2020-05-19 12:00:00,14.8,0.0,30.0,0.0,0.0,100.0,18.1,0
2427,10035.0,1,0,2020-05-19 00:00:00,16.9,0.0,37.0,0.0,11.0,100.0,11.6,1
2428,10035.0,1,0,2020-05-19 08:00:00,13.1,0.0,29.0,1.0,0.0,95.0,16.6,1
2429,10002.0,0,0,2020-05-19 17:00:00,18.5,0.0,30.0,0.0,0.0,100.0,26.1,0
2430,10016.0,0,0,2020-05-19 07:00:00,13.1,0.0,25.0,0.0,0.0,83.0,15.3,0
2431,10023.0,0,0,2020-05-19 11:00:00,14.3,0.0,29.0,0.0,0.0,97.0,17.6,0
2432,10035.0,0,0,2020-05-19 22:00:00,15.7,0.0,38.0,0.0,14.0,100.0,18.8,0
2433,10032.0,1,0,2020-05-19 18:00:00,18.5,0.0,34.0,2.0,4.0,100.0,26.4,1
2434,10036.0,1,0,2020-05-19 14:00:00,16.3,0.0,30.0,0.0,0.0,100.0,23.4,1
2435,10027.0,1,0,2020-05-19 15:00:00,17.7,0.0,30.0,0.0,0.0,99.0,24.6,1
2436,10075.0,0,0,2020-05-19 15:00:00,17.7,0.0,30.0,0.0,0.0,99.0,24.6,0
2437,10029.0,1,0,2020-05-19 16:00:00,17.9,0.0,30.0,0.0,0.0,100.0,25.2,1
2438,10002.0,0,0,2020-05-19 13:00:00,15.4,0.0,31.0,1.0,0.0,100.0,22.0,0
2439,10032.0,0,0,2020-05-19 19:00:00,18.4,0.0,35.0,0.0,8.0,100.0,26.3,0
2440,10128.0,2,0,2020-05-19 06:00:00,13.6,0.0,27.0,0.0,0.0,90.0,15.3,1
2441,10011.0,0,0,2020-05-19 16:00:00,17.9,0.0,30.0,0.0,0.0,100.0,25.2,0
2442,10010.0,1,0,2020-05-19 18:00:00,18.5,0.0,34.0,2.0,4.0,100.0,26.4,1
2443,10023.0,0,0,2020-05-19 21:00:00,17.5,0.0,40.0,0.0,17.0,99.0,22.7,0
2444,10029.0,0,0,2020-05-19 12:00:00,14.8,0.0,30.0,0.0,0.0,100.0,18.1,0
2445,10021.0,0,0,2020-05-19 09:00:00,12.8,0.0,29.0,0.0,0.0,95.0,18.2,0
2446,10040.0,2,0,2020-05-18 18:00:00,18.8,0.0,59.0,28.0,10.0,92.0,17.3,1
2447,10017.0,1,0,2020-05-18 13:00:00,14.1,0.0,63.0,21.0,25.0,97.0,13.0,1
2448,10026.0,0,0,2020-05-18 11:00:00,13.2,0.0,56.0,8.0,33.0,97.0,10.1,0
2449,10031.0,0,0,2020-05-18 13:00:00,14.1,0.0,63.0,21.0,25.0,97.0,13.0,0
2450,10009.0,1,0,2020-05-18 18:00:00,18.8,0.0,59.0,28.0,10.0,92.0,17.3,1
2451,10017.0,0,0,2020-05-18 06:00:00,12.8,0.0,61.0,1.0,50.0,99.0,7.3,0
2452,10035.0,0,0,2020-05-18 11:00:00,13.2,0.0,56.0,8.0,33.0,97.0,10.1,0
2453,10019.0,0,0,2020-05-18 09:00:00,12.4,0.0,50.0,0.0,34.0,99.0,8.4,0
2454,10032.0,0,0,2020-05-18 06:00:00,12.8,0.0,61.0,1.0,50.0,99.0,7.3,0
2455,10019.0,0,0,2020-05-18 19:00:00,18.9,0.0,55.0,26.0,9.0,88.0,17.3,0
2456,10017.0,1,0,2020-05-18 14:00:00,15.1,0.0,66.0,26.0,22.0,99.0,13.4,1
2457,10016.0,3,0,2020-05-18 12:00:00,13.5,0.0,51.0,10.0,23.0,94.0,11.6,1
2458,10038.0,0,0,2020-05-18 10:00:00,12.9,0.0,47.0,3.0,26.0,97.0,9.2,0
2459,10013.0,1,0,2020-05-17 12:00:00,13.2,0.0,61.0,4.0,51.0,88.0,10.1,1
2460,10010.0,0,0,2020-05-17 18:00:00,17.4,0.0,71.0,0.0,76.0,85.0,13.5,0
2461,10033.0,1,0,2020-05-17 13:00:00,13.7,0.0,54.0,8.0,33.0,91.0,10.7,1
2462,10032.0,0,0,2020-05-17 19:00:00,17.4,0.0,44.0,0.0,31.0,84.0,13.6,0
2463,10033.0,4,0,2020-05-17 01:00:00,19.6,0.0,35.0,1.0,10.0,95.0,8.3,1
2464,10003.0,0,0,2020-05-17 16:00:00,16.8,0.0,59.0,0.0,51.0,93.0,12.5,0
2465,10032.0,2,0,2020-05-17 14:00:00,14.8,0.0,49.0,4.0,31.0,90.0,10.8,1
2466,10009.0,0,0,2020-05-17 10:00:00,12.9,0.0,46.0,2.0,24.0,99.0,8.3,0
2467,10030.0,1,0,2020-05-17 21:00:00,16.6,0.0,55.0,0.0,45.0,94.0,13.8,1
2468,10017.0,1,0,2020-05-17 14:00:00,14.8,0.0,49.0,4.0,31.0,90.0,10.8,1
2469,10026.0,0,0,2020-05-17 23:00:00,15.1,0.0,76.0,0.0,81.0,91.0,10.0,0
2470,10038.0,0,0,2020-05-17 06:00:00,13.3,0.0,40.0,2.0,14.0,100.0,10.6,0
2471,10023.0,0,0,2020-05-16 18:00:00,21.2,0.0,38.0,11.0,0.0,93.0,9.1,0
2472,10013.0,0,0,2020-05-16 12:00:00,18.9,0.0,28.0,0.0,0.0,93.0,9.1,0
2473,10003.0,0,0,2020-05-16 16:00:00,20.8,0.0,32.0,2.0,0.0,99.0,11.3,0
2474,10019.0,3,0,2020-05-16 22:00:00,20.1,0.0,44.0,10.0,36.0,46.0,6.0,1
2475,10012.0,0,0,2020-05-16 00:00:00,24.4,0.0,24.0,0.0,4.0,72.0,18.4,0
2476,10013.0,0,0,2020-05-16 17:00:00,21.2,0.0,29.0,1.0,0.0,93.0,9.9,0
2477,10035.0,1,0,2020-05-16 15:00:00,19.9,0.0,30.0,0.0,0.0,100.0,12.7,1
2478,10027.0,1,0,2020-05-16 00:00:00,24.4,0.0,24.0,0.0,4.0,72.0,18.4,1
2479,10033.0,0,0,2020-05-16 01:00:00,23.4,0.0,33.0,0.0,24.0,62.0,21.3,0
2480,10030.0,0,0,2020-05-16 15:00:00,19.9,0.0,30.0,0.0,0.0,100.0,12.7,0
2481,10006.0,1,0,2020-05-16 18:00:00,21.2,0.0,38.0,11.0,0.0,93.0,9.1,1
2482,10033.0,0,0,2020-05-16 11:00:00,18.4,0.0,34.0,2.0,5.0,96.0,9.9,0
2483,10006.0,0,0,2020-05-16 22:00:00,20.1,0.0,44.0,10.0,36.0,46.0,6.0,0
2484,10019.0,1,0,2020-05-16 21:00:00,21.1,0.0,49.0,13.0,24.0,77.0,6.1,1
2485,10009.0,0,0,2020-05-16 00:00:00,24.4,0.0,24.0,0.0,4.0,72.0,18.4,0
2486,10035.0,1,0,2020-05-16 02:00:00,22.6,0.0,38.0,0.0,30.0,67.0,19.4,1
2487,10029.0,0,0,2020-05-16 01:00:00,23.4,0.0,33.0,0.0,24.0,62.0,21.3,0
2488,10016.0,0,0,2020-05-16 19:00:00,21.3,0.0,56.0,23.0,10.0,99.0,7.9,0
2489,10032.0,1,0,2020-05-16 15:00:00,19.9,0.0,30.0,0.0,0.0,100.0,12.7,1
2490,10026.0,4,0,2020-05-15 00:00:00,17.0,0.0,12.0,4.0,0.0,28.0,12.4,1
2491,10039.0,1,0,2020-05-15 16:00:00,22.8,0.0,7.0,0.0,0.0,22.0,14.5,1
2492,10029.0,0,0,2020-05-15 11:00:00,16.0,0.9,48.0,4.0,71.0,5.0,10.8,0
2493,10011.0,0,0,2020-05-15 15:00:00,21.1,0.0,2.0,0.0,0.0,7.0,12.5,0
2494,10037.0,0,0,2020-05-15 00:00:00,17.0,0.0,12.0,4.0,0.0,28.0,12.4,0
2495,10010.0,0,0,2020-05-15 02:00:00,16.4,0.0,17.0,0.0,22.0,13.0,11.2,0
2496,10027.0,0,0,2020-05-15 21:00:00,26.3,0.0,37.0,8.0,14.0,70.0,14.5,0
2497,10029.0,3,0,2020-05-15 22:00:00,25.4,0.0,37.0,2.0,23.0,70.0,12.7,1
2498,10026.0,1,0,2020-05-15 06:00:00,15.2,0.1,47.0,0.0,32.0,91.0,8.3,1
2499,10002.0,0,0,2020-05-15 12:00:00,16.3,0.1,30.0,9.0,37.0,0.0,10.3,0
2500,10001.0,1,0,2020-05-15 17:00:00,24.1,0.0,16.0,1.0,9.0,31.0,15.9,1
2501,10021.0,1,0,2020-05-15 22:00:00,25.4,0.0,37.0,2.0,23.0,70.0,12.7,1
2502,10032.0,0,0,2020-05-15 11:00:00,16.0,0.9,48.0,4.0,71.0,5.0,10.8,0
2503,10035.0,0,0,2020-05-15 07:00:00,15.1,0.0,52.0,2.0,38.0,90.0,7.9,0
2504,10016.0,0,0,2020-05-15 16:00:00,22.8,0.0,7.0,0.0,0.0,22.0,14.5,0
2505,10031.0,0,0,2020-05-15 11:00:00,16.0,0.9,48.0,4.0,71.0,5.0,10.8,0
2506,10030.0,0,0,2020-05-15 23:00:00,25.0,0.0,9.0,0.0,3.0,25.0,17.0,0
2507,10016.0,0,0,2020-05-15 09:00:00,15.2,1.0,93.0,6.0,97.0,97.0,9.7,0
2508,10022.0,0,0,2020-05-14 09:00:00,7.5,0.0,24.0,0.0,0.0,79.0,5.9,0
2509,10033.0,0,0,2020-05-14 21:00:00,18.5,0.0,41.0,3.0,64.0,0.0,11.0,0
2510,10012.0,0,0,2020-05-14 22:00:00,17.3,0.0,56.0,10.0,79.0,0.0,10.0,0
2511,10031.0,0,0,2020-05-14 09:00:00,7.5,0.0,24.0,0.0,0.0,79.0,5.9,0
2512,10005.0,0,0,2020-05-14 12:00:00,11.3,0.0,18.0,0.0,0.0,61.0,4.8,0
2513,10036.0,1,0,2020-05-14 10:00:00,8.1,0.0,25.0,0.0,0.0,84.0,5.8,1
2514,10038.0,0,0,2020-05-14 07:00:00,9.2,0.0,29.0,0.0,0.0,97.0,6.2,0
2515,10021.0,1,0,2020-05-14 18:00:00,17.6,0.0,11.0,0.0,0.0,35.0,12.0,1
2516,10037.0,0,0,2020-05-14 11:00:00,8.6,0.0,33.0,0.0,13.0,85.0,7.6,0
2517,10033.0,0,0,2020-05-14 00:00:00,15.0,0.0,0.0,0.0,0.0,0.0,6.9,0
2518,10011.0,1,0,2020-05-14 12:00:00,11.3,0.0,18.0,0.0,0.0,61.0,4.8,1
2519,10035.0,1,0,2020-05-14 09:00:00,7.5,0.0,24.0,0.0,0.0,79.0,5.9,1
2520,10022.0,1,0,2020-05-14 11:00:00,8.6,0.0,33.0,0.0,13.0,85.0,7.6,1
2521,10019.0,0,0,2020-05-14 09:00:00,7.5,0.0,24.0,0.0,0.0,79.0,5.9,0
2522,10001.0,0,0,2020-05-14 14:00:00,13.4,0.0,0.0,0.0,0.0,0.0,3.3,0
2523,10026.0,0,0,2020-05-14 21:00:00,18.5,0.0,41.0,3.0,64.0,0.0,11.0,0
2524,10029.0,0,0,2020-05-14 10:00:00,8.1,0.0,25.0,0.0,0.0,84.0,5.8,0
2525,10035.0,1,0,2020-05-13 18:00:00,14.3,0.0,57.0,0.0,95.0,0.0,21.3,1
2526,10010.0,0,0,2020-05-13 08:00:00,6.9,0.0,0.0,0.0,0.0,0.0,11.4,0
2527,10039.0,1,0,2020-05-13 00:00:00,13.1,0.0,37.0,0.0,62.0,0.0,10.1,1
2528,10001.0,0,0,2020-05-13 14:00:00,9.5,0.0,0.0,0.0,0.0,0.0,8.1,0
2529,10037.0,0,0,2020-05-13 18:00:00,14.3,0.0,57.0,0.0,95.0,0.0,21.3,0
2530,10001.0,3,0,2020-05-13 08:00:00,6.9,0.0,0.0,0.0,0.0,0.0,11.4,1
2531,10011.0,0,0,2020-05-13 16:00:00,12.4,0.0,0.0,0.0,0.0,0.0,13.9,0
2532,10003.0,0,0,2020-05-13 15:00:00,11.5,0.0,0.0,0.0,0.0,0.0,10.6,0
2533,10013.0,0,0,2020-05-13 21:00:00,15.8,0.0,42.0,0.0,70.0,0.0,16.1,0
2534,10010.0,0,0,2020-05-13 08:00:00,6.9,0.0,0.0,0.0,0.0,0.0,11.4,0
2535,10017.0,0,0,2020-05-13 14:00:00,9.5,0.0,0.0,0.0,0.0,0.0,8.1,0
2536,10032.0,0,0,2020-05-13 09:00:00,5.8,0.0,0.0,0.0,0.0,0.0,10.9,0
2537,10029.0,0,0,2020-05-13 21:00:00,15.8,0.0,42.0,0.0,70.0,0.0,16.1,0
2538,10039.0,0,0,2020-05-13 10:00:00,6.7,0.0,0.0,0.0,0.0,0.0,8.9,0
2539,10029.0,0,0,2020-05-13 11:00:00,6.5,0.0,0.0,0.0,0.0,0.0,7.5,0
2540,10019.0,0,0,2020-05-13 23:00:00,15.2,0.0,0.0,0.0,0.0,0.0,5.2,0
2541,10026.0,0,0,2020-05-13 14:00:00,9.5,0.0,0.0,0.0,0.0,0.0,8.1,0
2542,10021.0,0,0,2020-05-13 00:00:00,13.1,0.0,37.0,0.0,62.0,0.0,10.1,0
2543,10031.0,2,0,2020-05-13 10:00:00,6.7,0.0,0.0,0.0,0.0,0.0,8.9,1
2544,10002.0,0,0,2020-05-13 18:00:00,14.3,0.0,57.0,0.0,95.0,0.0,21.3,0
2545,10035.0,0,0,2020-05-13 15:00:00,11.5,0.0,0.0,0.0,0.0,0.0,10.6,0
2546,10013.0,0,0,2020-05-12 13:00:00,8.9,0.0,0.0,0.0,0.0,0.0,20.8,0
2547,10024.0,0,0,2020-05-12 07:00:00,7.8,0.0,2.0,2.0,0.0,0.0,15.8,0
2548,10019.0,0,0,2020-05-12 23:00:00,13.6,0.0,37.0,0.0,62.0,0.0,12.1,0
2549,10019.0,0,0,2020-05-12 09:00:00,7.2,0.0,0.0,0.0,0.0,0.0,16.5,0
2550,10027.0,0,0,2020-05-12 17:00:00,12.8,0.0,0.0,0.0,0.0,0.0,23.0,0
2551,10026.0,0,0,2020-05-12 16:00:00,11.9,0.0,0.0,0.0,0.0,0.0,22.7,0
2552,10005.0,0,0,2020-05-12 10:00:00,7.7,0.0,0.0,0.0,0.0,0.0,16.4,0
2553,10036.0,0,0,2020-05-12 11:00:00,8.0,0.0,0.0,0.0,0.0,0.0,15.4,0
2554,10038.0,0,0,2020-05-12 09:00:00,7.2,0.0,0.0,0.0,0.0,0.0,16.5,0
2555,10017.0,1,0,2020-05-12 13:00:00,8.9,0.0,0.0,0.0,0.0,0.0,20.8,1
2556,10028.0,0,0,2020-05-12 15:00:00,11.2,0.0,0.0,0.0,0.0,0.0,22.6,0
2557,10069.0,0,0,2020-05-12 17:00:00,12.8,0.0,0.0,0.0,0.0,0.0,23.0,0
2558,10035.0,0,0,2020-05-12 17:00:00,12.8,0.0,0.0,0.0,0.0,0.0,23.0,0
2559,10009.0,1,0,2020-05-12 10:00:00,7.7,0.0,0.0,0.0,0.0,0.0,16.4,1
2560,10036.0,3,0,2020-05-12 05:00:00,7.9,0.0,3.0,3.0,0.0,0.0,17.4,1
2561,10019.0,0,0,2020-05-12 07:00:00,7.8,0.0,2.0,2.0,0.0,0.0,15.8,0
2562,10016.0,0,0,2020-05-12 13:00:00,8.9,0.0,0.0,0.0,0.0,0.0,20.8,0
2563,10035.0,3,0,2020-05-11 01:00:00,14.4,0.0,29.0,0.0,47.0,1.0,15.6,1
2564,10013.0,0,0,2020-05-11 20:00:00,14.3,0.0,100.0,26.0,89.0,83.0,22.4,0
2565,10031.0,1,0,2020-05-11 10:00:00,9.9,0.0,39.0,0.0,35.0,59.0,7.7,1
2566,10027.0,0,0,2020-05-11 14:00:00,11.2,0.3,84.0,1.0,100.0,78.0,8.0,0
2567,10036.0,0,0,2020-05-11 07:00:00,9.7,0.0,0.0,0.0,0.0,0.0,9.8,0
2568,10030.0,0,0,2020-05-11 17:00:00,13.0,0.0,88.0,44.0,78.0,6.0,12.8,0
2569,10016.0,0,0,2020-05-11 03:00:00,12.4,0.0,8.0,0.0,14.0,0.0,16.1,0
2570,10032.0,0,0,2020-05-11 07:00:00,9.7,0.0,0.0,0.0,0.0,0.0,9.8,0
2571,10002.0,0,0,2020-05-11 12:00:00,10.4,0.0,89.0,0.0,100.0,97.0,6.6,0
2572,10021.0,0,0,2020-05-11 00:00:00,15.2,0.0,42.0,0.0,67.0,7.0,13.8,0
2573,10032.0,0,0,2020-05-11 10:00:00,9.9,0.0,39.0,0.0,35.0,59.0,7.7,0
2574,10033.0,1,0,2020-05-11 07:00:00,9.7,0.0,0.0,0.0,0.0,0.0,9.8,1
2575,10019.0,0,0,2020-05-11 10:00:00,9.9,0.0,39.0,0.0,35.0,59.0,7.7,0
2576,10024.0,1,0,2020-05-11 08:00:00,9.2,0.0,3.0,0.0,4.0,3.0,8.6,1
2577,10036.0,1,0,2020-05-11 13:00:00,11.0,0.0,87.0,0.0,97.0,96.0,7.9,1
2578,10027.0,0,0,2020-05-11 08:00:00,9.2,0.0,3.0,0.0,4.0,3.0,8.6,0
2579,10034.0,0,0,2020-05-10 13:00:00,7.9,0.0,2.0,0.0,0.0,8.0,20.0,0
2580,10027.0,0,0,2020-05-10 11:00:00,5.9,0.0,0.0,0.0,0.0,0.0,16.7,0
2581,10012.0,0,0,2020-05-10 23:00:00,15.9,0.0,17.0,0.0,24.0,8.0,13.8,0
2582,10019.0,0,0,2020-05-10 12:00:00,6.9,0.0,0.0,0.0,0.0,0.0,18.4,0
2583,10024.0,0,0,2020-05-10 10:00:00,5.4,0.0,0.0,0.0,0.0,0.0,16.3,0
2584,10002.0,1,0,2020-05-10 15:00:00,12.5,0.0,4.0,0.0,0.0,12.0,22.2,1
2585,10012.0,0,0,2020-05-10 10:00:00,5.4,0.0,0.0,0.0,0.0,0.0,16.3,0
2586,10033.0,0,0,2020-05-10 14:00:00,9.6,0.0,7.0,0.0,0.0,24.0,20.7,0
2587,10065.0,0,0,2020-05-10 16:00:00,13.7,0.0,2.0,0.0,0.0,6.0,23.7,0
2588,10012.0,0,0,2020-05-10 19:00:00,16.0,0.0,26.0,0.0,44.0,0.0,23.7,0
2589,10034.0,1,0,2020-05-10 04:00:00,5.3,0.0,0.0,0.0,0.0,0.0,16.8,1
2590,10028.0,0,0,2020-05-10 18:00:00,15.4,0.0,38.0,0.0,63.0,0.0,25.8,0
2591,10033.0,0,0,2020-05-09 11:00:00,2.8,0.0,2.0,2.0,0.0,0.0,29.8,0
2592,10003.0,3,0,2020-05-09 13:00:00,3.5,0.0,4.0,4.0,0.0,0.0,30.5,1
2593,10024.0,0,0,2020-05-09 07:00:00,3.2,0.0,52.0,18.0,59.0,0.0,22.3,0
2594,10022.0,0,0,2020-05-09 21:00:00,8.3,0.0,36.0,0.0,60.0,0.0,25.8,0
2595,10002.0,0,0,2020-05-09 15:00:00,6.3,0.0,45.0,0.0,75.0,0.0,31.9,0
2596,10002.0,0,0,2020-05-09 09:00:00,2.5,0.0,0.0,0.0,0.0,0.0,22.9,0
2597,10002.0,0,0,2020-05-09 10:00:00,2.7,0.0,7.0,2.0,8.0,0.0,26.9,0
2598,10002.0,0,0,2020-05-09 22:00:00,7.8,0.0,51.0,0.0,65.0,39.0,21.8,0
2599,10027.0,0,0,2020-05-09 21:00:00,8.3,0.0,36.0,0.0,60.0,0.0,25.8,0
2600,10002.0,0,0,2020-05-09 16:00:00,6.9,0.0,49.0,0.0,81.0,0.0,30.9,0
2601,10026.0,0,0,2020-05-09 19:00:00,8.0,0.0,48.0,0.0,80.0,0.0,27.5,0
2602,10026.0,0,0,2020-05-08 11:00:00,9.6,0.0,56.0,0.0,92.0,3.0,7.1,0
2603,10035.0,0,0,2020-05-08 12:00:00,9.7,0.0,62.0,0.0,95.0,16.0,4.1,0
2604,10036.0,0,0,2020-05-08 17:00:00,9.9,0.4,90.0,0.0,100.0,100.0,2.3,0
2605,10002.0,0,0,2020-05-08 03:00:00,14.5,0.0,14.0,0.0,23.0,0.0,14.8,0
2606,10029.0,0,0,2020-05-08 14:00:00,10.2,0.0,85.0,0.0,99.0,86.0,6.4,0
2607,10128.0,0,0,2020-05-08 16:00:00,10.5,0.3,90.0,0.0,100.0,99.0,6.7,0
2608,10003.0,0,0,2020-05-08 15:00:00,10.8,0.0,89.0,0.0,100.0,98.0,7.1,0
2609,10017.0,0,0,2020-05-08 17:00:00,9.9,0.4,90.0,0.0,100.0,100.0,2.3,0
2610,10033.0,0,0,2020-05-08 18:00:00,9.1,0.3,91.0,2.0,99.0,99.0,0.5,0
2611,10026.0,1,0,2020-05-08 12:00:00,9.7,0.0,62.0,0.0,95.0,16.0,4.1,1
2612,10032.0,0,0,2020-05-08 20:00:00,9.0,0.5,100.0,72.0,98.0,100.0,7.7,0
2613,10033.0,0,0,2020-05-08 17:00:00,9.9,0.4,90.0,0.0,100.0,100.0,2.3,0
2614,10033.0,0,0,2020-05-08 14:00:00,10.2,0.0,85.0,0.0,99.0,86.0,6.4,0
2615,10004.0,0,0,2020-05-08 12:00:00,9.7,0.0,62.0,0.0,95.0,16.0,4.1,0
2616,10037.0,1,0,2020-05-08 18:00:00,9.1,0.3,91.0,2.0,99.0,99.0,0.5,1
2617,10033.0,0,0,2020-05-08 13:00:00,10.0,0.0,76.0,0.0,81.0,92.0,4.8,0
2618,10018.0,0,0,2020-05-08 11:00:00,9.6,0.0,56.0,0.0,92.0,3.0,7.1,0
2619,10018.0,0,0,2020-05-07 18:00:00,16.7,0.0,59.0,0.0,99.0,0.0,17.6,0
2620,10039.0,0,0,2020-05-07 15:00:00,14.6,0.0,0.0,0.0,0.0,0.0,15.3,0
2621,10022.0,0,0,2020-05-07 16:00:00,15.1,0.0,23.0,0.0,39.0,0.0,16.3,0
2622,10002.0,0,0,2020-05-07 04:00:00,6.8,0.0,46.0,6.0,57.0,20.0,5.8,0
2623,10039.0,0,0,2020-05-07 21:00:00,17.3,0.0,11.0,0.0,18.0,0.0,16.9,0
2624,10034.0,1,0,2020-05-07 17:00:00,16.2,0.0,58.0,0.0,97.0,0.0,18.0,1
2625,10002.0,1,0,2020-05-07 08:00:00,8.0,0.0,8.0,0.0,14.0,0.0,11.1,1
2626,10026.0,1,0,2020-05-07 18:00:00,16.7,0.0,59.0,0.0,99.0,0.0,17.6,1
2627,10013.0,1,0,2020-05-07 13:00:00,11.1,0.0,0.0,0.0,0.0,0.0,13.7,1
2628,10027.0,0,0,2020-05-07 18:00:00,16.7,0.0,59.0,0.0,99.0,0.0,17.6,0
2629,10032.0,1,0,2020-05-06 15:00:00,11.2,0.0,60.0,2.0,97.0,0.0,16.8,1
2630,10022.0,0,0,2020-05-06 14:00:00,10.7,0.0,53.0,0.0,88.0,0.0,15.6,0
2631,10016.0,0,0,2020-05-06 12:00:00,10.3,0.0,51.0,0.0,82.0,7.0,15.8,0
2632,10128.0,0,0,2020-05-06 00:00:00,15.6,0.0,14.0,0.0,22.0,1.0,3.6,0
2633,10026.0,2,0,2020-05-06 18:00:00,10.9,0.4,82.0,30.0,88.0,6.0,14.9,1
2634,10001.0,0,0,2020-05-06 00:00:00,15.6,0.0,14.0,0.0,22.0,1.0,3.6,0
2635,10013.0,0,0,2020-05-06 09:00:00,9.4,0.0,70.0,0.0,84.0,65.0,15.9,0
2636,10022.0,0,0,2020-05-06 00:00:00,15.6,0.0,14.0,0.0,22.0,1.0,3.6,0
2637,10010.0,1,0,2020-05-06 22:00:00,8.7,0.6,100.0,59.0,93.0,0.0,6.5,1
2638,10029.0,0,0,2020-05-06 16:00:00,11.2,0.0,64.0,5.0,99.0,0.0,16.5,0
2639,10031.0,1,0,2020-05-05 15:00:00,12.1,0.0,4.0,0.0,0.0,13.0,16.1,1
2640,10026.0,0,0,2020-05-05 14:00:00,10.5,0.0,0.0,0.0,0.0,0.0,16.9,0
2641,10002.0,1,0,2020-05-05 17:00:00,13.7,0.0,34.0,0.0,6.0,100.0,13.2,1
2642,10001.0,0,0,2020-05-05 09:00:00,8.8,0.0,30.0,0.0,0.0,100.0,14.8,0
2643,10001.0,0,0,2020-05-05 06:00:00,9.8,0.0,26.0,0.0,0.0,88.0,15.3,0
2644,10023.0,0,0,2020-05-05 15:00:00,12.1,0.0,4.0,0.0,0.0,13.0,16.1,0
2645,10032.0,0,0,2020-05-05 11:00:00,9.1,0.0,29.0,0.0,0.0,96.0,13.5,0
2646,10013.0,1,0,2020-05-05 23:00:00,15.5,0.0,50.0,0.0,60.0,47.0,4.1,1
2647,10035.0,0,0,2020-05-05 18:00:00,14.3,0.0,67.0,0.0,61.0,100.0,13.7,0
2648,10023.0,1,0,2020-05-05 15:00:00,12.1,0.0,4.0,0.0,0.0,13.0,16.1,1
2649,10016.0,0,0,2020-05-05 08:00:00,9.3,0.0,30.0,0.0,0.0,99.0,14.5,0
2650,10013.0,1,0,2020-05-05 23:00:00,15.5,0.0,50.0,0.0,60.0,47.0,4.1,1
2651,10002.0,0,0,2020-05-05 09:00:00,8.8,0.0,30.0,0.0,0.0,100.0,14.8,0
2652,10038.0,0,0,2020-05-05 10:00:00,9.0,0.0,29.0,0.0,0.0,96.0,13.8,0
2653,10040.0,0,0,2020-05-04 02:00:00,20.0,0.0,26.0,0.0,0.0,87.0,11.7,0
2654,10035.0,1,0,2020-05-04 20:00:00,16.8,0.0,23.0,3.0,34.0,0.0,26.3,1
2655,10001.0,1,0,2020-05-04 13:00:00,17.3,0.0,0.0,0.0,0.0,0.0,4.7,1
2656,10039.0,2,0,2020-05-04 21:00:00,16.3,0.0,5.0,0.0,9.0,0.0,26.1,1
2657,10023.0,0,0,2020-05-04 12:00:00,16.7,0.0,9.0,0.0,2.0,26.0,3.1,0
2658,10016.0,1,0,2020-05-04 12:00:00,16.7,0.0,9.0,0.0,2.0,26.0,3.1,1
2659,10065.0,1,0,2020-05-04 17:00:00,19.4,0.0,26.0,0.0,44.0,0.0,18.6,1
2660,10029.0,0,0,2020-05-04 20:00:00,16.8,0.0,23.0,3.0,34.0,0.0,26.3,0
2661,10021.0,0,0,2020-05-04 19:00:00,17.6,0.0,38.0,16.0,39.0,0.0,25.7,0
2662,10036.0,0,0,2020-05-04 09:00:00,16.0,0.0,38.0,0.0,13.0,100.0,9.4,0
2663,10031.0,0,0,2020-05-03 01:00:00,18.2,0.0,13.0,0.0,21.0,2.0,11.8,0
2664,10035.0,0,0,2020-05-03 18:00:00,21.2,0.0,25.0,1.0,0.0,79.0,15.2,0
2665,10029.0,1,0,2020-05-03 13:00:00,14.5,0.0,21.0,1.0,29.0,9.0,12.3,1
2666,10029.0,0,0,2020-05-03 16:00:00,18.4,0.0,34.0,0.0,8.0,97.0,13.0,0
2667,10016.0,1,0,2020-05-03 00:00:00,18.9,0.0,7.0,0.0,12.0,0.0,10.3,1
2668,10027.0,0,0,2020-05-03 16:00:00,18.4,0.0,34.0,0.0,8.0,97.0,13.0,0
2669,10029.0,0,0,2020-05-03 11:00:00,12.9,0.2,14.0,4.0,17.0,2.0,11.5,0
2670,10022.0,0,0,2020-05-03 20:00:00,23.4,0.0,9.0,0.0,15.0,0.0,14.2,0
2671,10013.0,1,0,2020-05-03 12:00:00,13.6,0.0,28.0,3.0,38.0,7.0,10.1,1
2672,10033.0,0,0,2020-05-03 21:00:00,23.2,0.0,19.0,2.0,25.0,8.0,9.7,0
2673,10037.0,2,0,2020-05-02 20:00:00,21.0,0.0,4.0,0.0,6.0,0.0,15.7,1
2674,10013.0,0,0,2020-05-02 14:00:00,14.9,0.0,24.0,0.0,0.0,80.0,15.9,0
2675,10001.0,1,0,2020-05-02 14:00:00,14.9,0.0,24.0,0.0,0.0,80.0,15.9,1
2676,10075.0,0,0,2020-05-02 10:00:00,11.7,0.0,0.0,0.0,0.0,0.0,17.3,0
2677,10027.0,1,0,2020-05-02 14:00:00,14.9,0.0,24.0,0.0,0.0,80.0,15.9,1
2678,10029.0,1,0,2020-05-02 00:00:00,15.3,0.2,47.0,21.0,22.0,49.0,11.5,1
2679,10035.0,1,0,2020-05-02 16:00:00,18.1,0.0,21.0,0.0,0.0,69.0,17.4,1
2680,10029.0,0,0,2020-05-02 20:00:00,21.0,0.0,4.0,0.0,6.0,0.0,15.7,0
2681,10028.0,0,0,2020-05-02 14:00:00,14.9,0.0,24.0,0.0,0.0,80.0,15.9,0
2682,10027.0,1,0,2020-05-02 09:00:00,11.8,0.0,0.0,0.0,0.0,0.0,18.5,1
2683,10002.0,0,0,2020-05-02 16:00:00,18.1,0.0,21.0,0.0,0.0,69.0,17.4,0
2684,10012.0,0,0,2020-05-02 11:00:00,12.0,0.0,0.0,0.0,0.0,0.0,16.1,0
2685,10016.0,1,0,2020-05-02 17:00:00,19.1,0.0,17.0,0.0,0.0,56.0,17.1,1
2686,10013.0,0,0,2020-05-02 13:00:00,13.5,0.0,5.0,0.0,0.0,15.0,14.1,0
2687,10031.0,0,0,2020-05-02 20:00:00,21.0,0.0,4.0,0.0,6.0,0.0,15.7,0
2688,10033.0,0,0,2020-05-01 19:00:00,17.3,1.5,80.0,42.0,47.0,45.0,9.2,0
2689,10004.0,0,0,2020-05-01 21:00:00,17.0,1.1,88.0,47.0,62.0,29.0,12.0,0
2690,10128.0,0,0,2020-05-01 15:00:00,15.2,0.0,100.0,92.0,32.0,0.0,7.0,0
2691,10033.0,2,0,2020-05-01 01:00:00,14.1,3.6,100.0,93.0,100.0,100.0,31.8,1
2692,10025.0,0,0,2020-05-01 01:00:00,14.1,3.6,100.0,93.0,100.0,100.0,31.8,0
2693,10024.0,0,0,2020-05-01 09:00:00,12.9,0.3,100.0,81.0,51.0,100.0,5.1,0
2694,10040.0,1,0,2020-05-01 14:00:00,14.8,0.0,100.0,92.0,46.0,1.0,6.4,1
2695,10065.0,0,0,2020-05-01 12:00:00,13.3,0.0,100.0,100.0,21.0,97.0,7.3,0
2696,10018.0,0,0,2020-05-01 09:00:00,12.9,0.3,100.0,81.0,51.0,100.0,5.1,0
2697,10025.0,0,0,2020-05-01 17:00:00,17.4,0.6,100.0,99.0,39.0,9.0,6.7,0
2698,10029.0,0,0,2020-05-01 23:00:00,16.0,0.4,60.0,25.0,32.0,62.0,9.9,0
2699,10027.0,0,0,2020-05-01 12:00:00,13.3,0.0,100.0,100.0,21.0,97.0,7.3,0
2700,10018.0,0,0,2020-05-01 08:00:00,13.0,0.4,100.0,85.0,100.0,100.0,6.1,0
2701,10017.0,1,0,2020-04-30 22:00:00,14.8,0.0,100.0,67.0,100.0,100.0,32.1,1
2702,10002.0,0,0,2020-04-30 18:00:00,15.5,0.0,100.0,94.0,50.0,100.0,29.8,0
2703,10024.0,0,0,2020-04-30 00:00:00,10.6,0.0,100.0,100.0,24.0,98.0,21.4,0
2704,10030.0,1,0,2020-04-30 23:00:00,14.8,0.4,100.0,45.0,100.0,100.0,31.1,1
2705,10016.0,0,0,2020-04-30 00:00:00,10.6,0.0,100.0,100.0,24.0,98.0,21.4,0
2706,10002.0,0,0,2020-04-30 18:00:00,15.5,0.0,100.0,94.0,50.0,100.0,29.8,0
2707,10029.0,0,0,2020-04-30 06:00:00,10.7,0.5,100.0,100.0,87.0,89.0,21.0,0
2708,10036.0,0,0,2020-04-30 09:00:00,10.3,0.3,100.0,100.0,92.0,100.0,19.3,0
2709,10016.0,0,0,2020-04-30 19:00:00,15.5,0.1,100.0,88.0,47.0,100.0,29.6,0
2710,10075.0,0,0,2020-04-30 12:00:00,11.7,0.8,100.0,76.0,51.0,98.0,19.6,0
2711,10029.0,0,0,2020-04-30 13:00:00,12.7,0.9,100.0,53.0,66.0,100.0,19.4,0
2712,10026.0,0,0,2020-04-30 21:00:00,15.2,0.0,100.0,62.0,100.0,100.0,30.4,0
2713,10018.0,0,0,2020-04-30 19:00:00,15.5,0.1,100.0,88.0,47.0,100.0,29.6,0
2714,10022.0,0,0,2020-04-29 16:00:00,11.9,0.0,58.0,22.0,48.0,30.0,17.2,0
2715,10024.0,0,0,2020-04-29 18:00:00,13.0,0.0,100.0,97.0,79.0,68.0,21.2,0
2716,10002.0,0,0,2020-04-29 13:00:00,9.3,0.0,64.0,4.0,95.0,12.0,12.9,0
2717,10035.0,0,0,2020-04-29 06:00:00,9.6,0.0,0.0,0.0,0.0,0.0,1.8,0
2718,10018.0,1,0,2020-04-29 12:00:00,8.9,0.0,62.0,5.0,94.0,5.0,12.1,1
2719,10034.0,1,0,2020-04-29 01:00:00,12.7,0.0,19.0,0.0,32.0,0.0,7.4,1
2720,10001.0,0,0,2020-04-29 12:00:00,8.9,0.0,62.0,5.0,94.0,5.0,12.1,0
2721,10012.0,1,0,2020-04-29 07:00:00,9.2,0.0,1.0,0.0,1.0,0.0,1.9,1
2722,10017.0,1,0,2020-04-29 15:00:00,11.5,0.0,66.0,10.0,70.0,51.0,15.0,1
2723,10033.0,0,0,2020-04-28 13:00:00,7.8,0.0,0.0,0.0,0.0,0.0,9.2,0
2724,10029.0,0,0,2020-04-28 07:00:00,6.3,0.0,0.0,0.0,0.0,0.0,11.0,0
2725,10022.0,0,0,2020-04-28 16:00:00,12.4,0.0,51.0,27.0,45.0,0.0,14.6,0
2726,10035.0,1,0,2020-04-28 15:00:00,11.1,0.0,21.0,23.0,0.0,0.0,12.0,1
2727,10033.0,0,0,2020-04-28 22:00:00,15.8,0.0,49.0,0.0,82.0,0.0,2.6,0
2728,10011.0,0,0,2020-04-28 02:00:00,7.2,0.0,100.0,31.0,96.0,58.0,13.6,0
2729,10032.0,0,0,2020-04-28 05:00:00,6.6,0.0,8.0,6.0,5.0,0.0,12.6,0
2730,10029.0,0,0,2020-04-28 16:00:00,12.4,0.0,51.0,27.0,45.0,0.0,14.6,0
2731,10040.0,2,0,2020-04-28 18:00:00,15.1,0.0,15.0,0.0,25.0,0.0,16.8,1
2732,10027.0,0,0,2020-04-28 23:00:00,17.0,0.0,42.0,0.0,70.0,0.0,6.5,0
2733,10029.0,0,0,2020-04-28 21:00:00,16.3,0.0,54.0,0.0,89.0,1.0,8.2,0
2734,10029.0,1,0,2020-04-28 13:00:00,7.8,0.0,0.0,0.0,0.0,0.0,9.2,1
2735,10009.0,0,0,2020-04-28 15:00:00,11.1,0.0,21.0,23.0,0.0,0.0,12.0,0
2736,10118.0,0,0,2020-04-28 06:00:00,6.3,0.0,0.0,0.0,0.0,0.0,12.2,0
2737,10039.0,1,0,2020-04-28 11:00:00,6.0,0.0,15.0,1.0,3.0,41.0,9.2,1
2738,10028.0,0,0,2020-04-28 20:00:00,17.0,0.0,60.0,0.0,96.0,8.0,15.0,0
2739,10019.0,0,0,2020-04-28 17:00:00,14.0,0.0,31.0,4.0,45.0,0.0,16.9,0
2740,10004.0,0,0,2020-04-27 23:00:00,8.6,0.0,61.0,2.0,82.0,32.0,15.0,0
2741,10033.0,0,0,2020-04-27 01:00:00,7.9,0.1,100.0,100.0,64.0,14.0,21.2,0
2742,10027.0,1,0,2020-04-27 16:00:00,7.9,0.1,100.0,96.0,100.0,0.0,21.1,1
2743,10027.0,0,0,2020-04-27 10:00:00,5.1,0.1,100.0,89.0,32.0,86.0,15.4,0
2744,10003.0,1,0,2020-04-27 14:00:00,6.8,0.2,100.0,99.0,99.0,0.0,22.8,1
2745,10029.0,1,0,2020-04-27 10:00:00,5.1,0.1,100.0,89.0,32.0,86.0,15.4,1
2746,10001.0,0,0,2020-04-27 14:00:00,6.8,0.2,100.0,99.0,99.0,0.0,22.8,0
2747,10027.0,0,0,2020-04-27 01:00:00,7.9,0.1,100.0,100.0,64.0,14.0,21.2,0
2748,10033.0,0,0,2020-04-27 01:00:00,7.9,0.1,100.0,100.0,64.0,14.0,21.2,0
2749,10032.0,0,0,2020-04-27 12:00:00,5.7,0.0,100.0,94.0,83.0,19.0,17.1,0
2750,10029.0,1,0,2020-04-27 09:00:00,5.2,0.2,100.0,98.0,49.0,91.0,17.6,1
2751,10038.0,0,0,2020-04-27 01:00:00,7.9,0.1,100.0,100.0,64.0,14.0,21.2,0
2752,10029.0,0,0,2020-04-27 21:00:00,9.2,0.0,100.0,79.0,87.0,0.0,20.8,0
2753,10036.0,1,0,2020-04-26 15:00:00,9.7,0.1,100.0,63.0,95.0,0.0,22.2,1
2754,10035.0,0,0,2020-04-26 15:00:00,9.7,0.1,100.0,63.0,95.0,0.0,22.2,0
2755,10038.0,0,0,2020-04-26 21:00:00,8.9,1.0,100.0,100.0,81.0,92.0,22.4,0
2756,10003.0,0,0,2020-04-26 17:00:00,9.5,0.0,100.0,100.0,91.0,0.0,24.2,0
2757,10031.0,0,0,2020-04-26 08:00:00,9.3,0.0,88.0,0.0,97.0,100.0,11.6,0
2758,10037.0,0,0,2020-04-25 10:00:00,5.8,0.0,90.0,100.0,0.0,0.0,4.7,0
2759,10016.0,0,0,2020-04-25 12:00:00,7.4,0.0,100.0,100.0,0.0,43.0,3.1,0
2760,10016.0,0,0,2020-04-25 11:00:00,5.9,0.0,100.0,100.0,0.0,32.0,4.7,0
2761,10032.0,0,0,2020-04-25 12:00:00,7.4,0.0,100.0,100.0,0.0,43.0,3.1,0
2762,10002.0,1,0,2020-04-24 13:00:00,7.4,1.1,100.0,98.0,99.0,86.0,17.9,1
2763,10029.0,1,0,2020-04-24 20:00:00,9.6,0.3,100.0,100.0,100.0,26.0,16.4,1
2764,10014.0,0,0,2020-04-24 10:00:00,6.9,0.0,100.0,100.0,100.0,93.0,16.3,0
2765,10032.0,1,0,2020-04-24 19:00:00,9.5,0.2,100.0,100.0,100.0,86.0,17.3,1
2766,10009.0,1,0,2020-04-24 16:00:00,8.4,0.5,100.0,100.0,100.0,56.0,18.7,1
2767,10032.0,0,0,2020-04-24 19:00:00,9.5,0.2,100.0,100.0,100.0,86.0,17.3,0
2768,10023.0,0,0,2020-04-24 14:00:00,7.5,1.1,100.0,100.0,99.0,96.0,17.4,0
2769,10035.0,2,0,2020-04-24 00:00:00,8.1,0.0,89.0,1.0,99.0,94.0,10.2,1
2770,10021.0,0,0,2020-04-24 08:00:00,6.7,2.3,100.0,100.0,100.0,93.0,13.8,0
2771,10037.0,0,0,2020-04-24 06:00:00,6.5,2.4,100.0,99.0,100.0,100.0,12.9,0
2772,10032.0,0,0,2020-04-24 18:00:00,9.3,0.7,100.0,100.0,100.0,58.0,17.7,0
2773,10022.0,0,0,2020-04-23 10:00:00,4.9,0.0,55.0,0.0,92.0,0.0,4.4,0
2774,10029.0,0,0,2020-04-23 17:00:00,7.3,0.0,68.0,0.0,65.0,97.0,3.3,0
2775,10012.0,0,0,2020-04-23 16:00:00,6.8,0.0,77.0,0.0,84.0,89.0,1.8,0
2776,10065.0,0,0,2020-04-23 22:00:00,8.9,0.0,81.0,0.0,85.0,100.0,10.2,0
2777,10021.0,0,0,2020-04-23 15:00:00,6.4,0.0,76.0,2.0,91.0,64.0,1.9,0
2778,10002.0,0,0,2020-04-22 20:00:00,9.9,0.0,55.0,0.0,92.0,0.0,28.7,0
2779,10035.0,0,0,2020-04-22 10:00:00,3.4,0.0,2.0,2.0,0.0,0.0,16.3,0
2780,10021.0,0,0,2020-04-22 18:00:00,8.5,0.0,60.0,0.0,100.0,0.0,29.7,0
2781,10029.0,1,0,2020-04-22 14:00:00,5.0,0.0,60.0,1.0,98.0,0.0,28.0,1
2782,10040.0,1,0,2020-04-22 13:00:00,4.3,0.0,59.0,20.0,69.0,0.0,26.6,1
2783,10009.0,0,0,2020-04-22 16:00:00,7.3,0.0,62.0,2.0,100.0,0.0,27.5,0
2784,10018.0,0,0,2020-04-22 12:00:00,3.8,0.0,3.0,3.0,0.0,0.0,20.3,0
2785,10075.0,0,0,2020-04-22 21:00:00,10.4,0.0,53.0,0.0,88.0,0.0,28.5,0
2786,10037.0,0,0,2020-04-22 12:00:00,3.8,0.0,3.0,3.0,0.0,0.0,20.3,0
2787,10002.0,0,0,2020-04-22 13:00:00,4.3,0.0,59.0,20.0,69.0,0.0,26.6,0
2788,10029.0,0,0,2020-04-22 17:00:00,8.0,0.0,59.0,0.0,99.0,0.0,28.9,0
2789,10021.0,0,0,2020-04-22 12:00:00,3.8,0.0,3.0,3.0,0.0,0.0,20.3,0
2790,10035.0,0,0,2020-04-22 17:00:00,8.0,0.0,59.0,0.0,99.0,0.0,28.9,0
2791,10010.0,1,0,2020-04-22 17:00:00,8.0,0.0,59.0,0.0,99.0,0.0,28.9,1
2792,10027.0,0,0,2020-04-22 17:00:00,8.0,0.0,59.0,0.0,99.0,0.0,28.9,0
2793,10031.0,3,0,2020-04-21 13:00:00,10.0,0.0,32.0,17.0,27.0,2.0,18.8,1
2794,10001.0,0,0,2020-04-21 20:00:00,12.8,0.8,77.0,7.0,95.0,47.0,15.8,0
2795,10011.0,0,0,2020-04-21 15:00:00,13.1,0.0,100.0,30.0,98.0,79.0,25.7,0
2796,10037.0,1,0,2020-04-21 19:00:00,11.6,5.3,86.0,14.0,83.0,78.0,21.8,1
2797,10029.0,0,0,2020-04-21 11:00:00,7.9,0.0,8.0,4.0,7.0,0.0,12.6,0
2798,10011.0,1,0,2020-04-21 18:00:00,12.8,1.6,89.0,15.0,81.0,89.0,18.6,1
2799,10033.0,1,0,2020-04-21 08:00:00,6.3,0.0,11.0,3.0,5.0,17.0,12.4,1
2800,10037.0,2,0,2020-04-20 22:00:00,11.4,0.0,30.0,0.0,0.0,100.0,1.9,1
2801,10022.0,2,0,2020-04-20 12:00:00,10.2,0.0,84.0,0.0,90.0,100.0,11.9,1
2802,10035.0,0,0,2020-04-20 07:00:00,11.0,0.0,82.0,0.0,87.0,100.0,9.4,0
2803,10023.0,0,0,2020-04-20 15:00:00,10.1,0.0,90.0,0.0,100.0,100.0,15.5,0
2804,10029.0,2,0,2020-04-20 10:00:00,10.5,0.0,88.0,1.0,95.0,100.0,8.0,1
2805,10021.0,0,0,2020-04-20 12:00:00,10.2,0.0,84.0,0.0,90.0,100.0,11.9,0
2806,10009.0,0,0,2020-04-20 07:00:00,11.0,0.0,82.0,0.0,87.0,100.0,9.4,0
2807,10032.0,0,0,2020-04-20 07:00:00,11.0,0.0,82.0,0.0,87.0,100.0,9.4,0
2808,10030.0,1,0,2020-04-20 22:00:00,11.4,0.0,30.0,0.0,0.0,100.0,1.9,1
2809,10027.0,0,0,2020-04-20 16:00:00,10.0,0.0,89.0,0.0,99.0,100.0,15.8,0
2810,10032.0,0,0,2020-04-20 12:00:00,10.2,0.0,84.0,0.0,90.0,100.0,11.9,0
2811,10033.0,0,0,2020-04-19 02:00:00,6.6,0.0,0.0,0.0,0.0,0.0,10.4,0
2812,10019.0,0,0,2020-04-19 20:00:00,15.1,0.0,43.0,0.0,21.0,100.0,23.2,0
2813,10029.0,0,0,2020-04-19 05:00:00,5.3,0.0,0.0,0.0,0.0,0.0,11.5,0
2814,10034.0,0,0,2020-04-19 17:00:00,13.6,0.0,15.0,0.0,0.0,51.0,21.7,0
2815,10029.0,0,0,2020-04-19 05:00:00,5.3,0.0,0.0,0.0,0.0,0.0,11.5,0
2816,10001.0,0,0,2020-04-19 20:00:00,15.1,0.0,43.0,0.0,21.0,100.0,23.2,0
2817,10019.0,0,0,2020-04-18 20:00:00,6.8,0.0,82.0,44.0,70.0,0.0,22.1,0
2818,10030.0,0,0,2020-04-18 18:00:00,5.8,0.4,100.0,84.0,50.0,0.0,20.6,0
2819,10027.0,0,0,2020-04-18 08:00:00,5.6,1.0,100.0,98.0,100.0,0.0,8.2,0
2820,10065.0,0,0,2020-04-18 14:00:00,6.3,0.4,100.0,100.0,89.0,97.0,12.7,0
2821,10033.0,0,0,2020-04-18 15:00:00,6.2,0.7,100.0,100.0,99.0,91.0,13.3,0
2822,10036.0,1,0,2020-04-18 09:00:00,5.9,1.0,100.0,100.0,100.0,0.0,8.4,1
2823,10002.0,0,0,2020-04-18 00:00:00,7.0,0.2,100.0,51.0,100.0,94.0,3.8,0
2824,10029.0,1,0,2020-04-18 07:00:00,5.6,1.0,100.0,84.0,100.0,33.0,9.7,1
2825,10016.0,0,0,2020-04-17 08:00:00,3.0,0.0,1.0,0.0,0.0,3.0,9.7,0
2826,10023.0,0,0,2020-04-17 13:00:00,4.7,0.0,0.0,0.0,0.0,0.0,12.6,0
2827,10039.0,2,0,2020-04-17 19:00:00,9.0,0.0,90.0,0.0,100.0,100.0,19.8,1
2828,10016.0,0,0,2020-04-17 19:00:00,9.0,0.0,90.0,0.0,100.0,100.0,19.8,0
2829,10009.0,0,0,2020-04-17 20:00:00,8.7,0.0,100.0,29.0,100.0,100.0,17.4,0
2830,10035.0,0,0,2020-04-17 15:00:00,7.5,0.0,78.0,36.0,34.0,84.0,15.8,0
2831,10017.0,1,0,2020-04-17 00:00:00,7.2,0.0,19.0,1.0,30.0,0.0,18.0,1
2832,10027.0,0,0,2020-04-17 15:00:00,7.5,0.0,78.0,36.0,34.0,84.0,15.8,0
2833,10001.0,0,0,2020-04-17 14:00:00,5.7,0.0,0.0,0.0,0.0,0.0,14.8,0
2834,10011.0,1,0,2020-04-17 16:00:00,8.2,0.0,35.0,0.0,9.0,100.0,15.2,1
2835,10032.0,0,0,2020-04-17 08:00:00,3.0,0.0,1.0,0.0,0.0,3.0,9.7,0
2836,10010.0,0,0,2020-04-16 08:00:00,7.1,0.0,50.0,0.0,84.0,0.0,17.4,0
2837,10006.0,0,0,2020-04-16 07:00:00,7.5,0.0,53.0,0.0,89.0,0.0,18.7,0
2838,10034.0,0,0,2020-04-16 15:00:00,7.4,0.0,23.0,20.0,9.0,0.0,19.9,0
2839,10027.0,0,0,2020-04-16 17:00:00,8.1,0.0,55.0,0.0,91.0,0.0,25.0,0
2840,10168.0,1,0,2020-04-16 14:00:00,6.5,0.0,18.0,20.0,0.0,0.0,18.4,1
2841,10002.0,0,0,2020-04-16 04:00:00,7.5,0.0,3.0,0.0,5.0,0.0,15.6,0
2842,10017.0,0,0,2020-04-16 12:00:00,5.9,0.0,3.0,3.0,0.0,0.0,18.6,0
2843,10035.0,1,0,2020-04-16 19:00:00,8.3,0.0,38.0,0.0,64.0,0.0,25.0,1
2844,10036.0,0,0,2020-04-16 16:00:00,7.6,0.0,27.0,1.0,43.0,0.0,22.2,0
2845,10065.0,1,0,2020-04-16 00:00:00,10.4,0.0,0.0,0.0,0.0,0.0,10.2,1
2846,10021.0,0,0,2020-04-16 22:00:00,8.1,0.1,35.0,0.0,58.0,0.0,16.9,0
2847,10002.0,2,0,2020-04-16 21:00:00,8.5,0.0,41.0,0.0,69.0,0.0,22.5,1
2848,10001.0,1,0,2020-04-16 17:00:00,8.1,0.0,55.0,0.0,91.0,0.0,25.0,1
2849,10032.0,0,0,2020-04-16 05:00:00,7.5,0.0,19.0,0.0,32.0,0.0,17.3,0
2850,10001.0,0,0,2020-04-16 03:00:00,7.8,0.0,2.0,0.0,4.0,0.0,13.4,0
2851,10075.0,0,0,2020-04-16 11:00:00,6.1,0.0,1.0,0.0,1.0,0.0,14.3,0
2852,10001.0,0,0,2020-04-16 18:00:00,8.2,0.0,40.0,0.0,66.0,0.0,25.6,0
2853,10012.0,1,0,2020-04-15 13:00:00,5.8,0.0,74.0,0.0,92.0,63.0,14.4,1
2854,10032.0,0,0,2020-04-15 05:00:00,9.6,0.1,92.0,3.0,99.0,100.0,13.7,0
2855,10033.0,0,0,2020-04-15 14:00:00,6.2,0.0,35.0,0.0,59.0,0.0,13.4,0
2856,10036.0,2,0,2020-04-15 10:00:00,5.9,0.3,89.0,1.0,100.0,93.0,11.5,1
2857,10001.0,1,0,2020-04-15 22:00:00,10.4,0.0,28.0,0.0,47.0,0.0,12.6,1
2858,10031.0,0,0,2020-04-15 15:00:00,7.9,0.0,13.0,4.0,16.0,0.0,11.5,0
2859,10035.0,1,0,2020-04-15 14:00:00,6.2,0.0,35.0,0.0,59.0,0.0,13.4,1
2860,10029.0,0,0,2020-04-15 18:00:00,9.9,0.0,60.0,0.0,100.0,0.0,18.4,0
2861,10026.0,1,0,2020-04-14 12:00:00,9.2,0.0,25.0,0.0,41.0,0.0,12.6,1
2862,10022.0,0,0,2020-04-14 14:00:00,9.8,0.0,62.0,0.0,61.0,83.0,12.5,0
2863,10037.0,0,0,2020-04-14 15:00:00,10.8,0.0,68.0,0.0,67.0,94.0,12.2,0
2864,10025.0,0,0,2020-04-14 12:00:00,9.2,0.0,25.0,0.0,41.0,0.0,12.6,0
2865,10003.0,1,0,2020-04-14 14:00:00,9.8,0.0,62.0,0.0,61.0,83.0,12.5,1
2866,10001.0,1,0,2020-04-14 09:00:00,9.0,0.0,9.0,0.0,3.0,24.0,19.4,1
2867,10038.0,0,0,2020-04-13 06:00:00,13.3,0.8,90.0,0.0,100.0,100.0,23.9,0
2868,10006.0,0,0,2020-04-13 13:00:00,14.5,3.3,100.0,100.0,100.0,100.0,37.3,0
2869,10021.0,0,0,2020-04-13 17:00:00,16.3,2.4,100.0,100.0,41.0,98.0,38.2,0
2870,10035.0,0,0,2020-04-13 10:00:00,13.4,1.9,100.0,19.0,100.0,100.0,23.9,0
2871,10038.0,0,0,2020-04-13 20:00:00,17.2,2.5,91.0,73.0,26.0,31.0,35.4,0
2872,10002.0,0,0,2020-04-12 12:00:00,6.5,0.0,9.0,0.0,0.0,31.0,9.6,0
2873,10022.0,0,0,2020-04-12 03:00:00,7.7,0.0,3.0,0.0,0.0,9.0,8.0,0
2874,10026.0,0,0,2020-04-12 22:00:00,15.5,0.0,70.0,0.0,67.0,99.0,13.2,0
2875,10036.0,0,0,2020-04-12 08:00:00,5.5,0.0,0.0,0.0,0.0,0.0,4.1,0
2876,10018.0,0,0,2020-04-11 18:00:00,11.0,0.0,55.0,0.0,91.0,0.0,23.3,0
2877,10031.0,0,0,2020-04-11 01:00:00,7.5,0.0,0.0,0.0,0.0,0.0,24.4,0
2878,10037.0,0,0,2020-04-11 00:00:00,7.5,0.0,0.0,0.0,0.0,0.0,26.6,0
2879,10019.0,0,0,2020-04-11 15:00:00,8.6,0.0,51.0,0.0,85.0,0.0,23.8,0
2880,10034.0,1,0,2020-04-11 01:00:00,7.5,0.0,0.0,0.0,0.0,0.0,24.4,1
2881,10032.0,0,0,2020-04-11 14:00:00,6.7,0.0,4.0,4.0,1.0,0.0,21.5,0
2882,10010.0,1,0,2020-04-11 20:00:00,12.1,0.0,56.0,0.0,93.0,0.0,24.3,1
2883,10002.0,0,0,2020-04-10 14:00:00,6.9,0.1,23.0,6.0,30.0,0.0,34.0,0
2884,10016.0,0,0,2020-04-10 16:00:00,7.8,0.0,29.0,0.0,48.0,0.0,31.3,0
2885,10035.0,0,0,2020-04-10 00:00:00,10.2,0.0,0.0,0.0,0.0,0.0,17.9,0
2886,10035.0,0,0,2020-04-10 10:00:00,5.2,0.0,14.0,6.0,14.0,0.0,24.8,0
2887,10128.0,0,0,2020-04-10 20:00:00,8.0,0.0,78.0,17.0,84.0,42.0,36.5,0
2888,10013.0,0,0,2020-04-09 16:00:00,13.4,4.3,100.0,100.0,72.0,24.0,17.7,0
2889,10016.0,1,0,2020-04-09 13:00:00,9.9,0.5,97.0,18.0,86.0,96.0,17.1,1
2890,10027.0,1,0,2020-04-09 21:00:00,12.7,0.0,1.0,0.0,2.0,0.0,24.7,1
2891,10002.0,1,0,2020-04-09 04:00:00,9.0,0.0,4.0,3.0,2.0,0.0,10.3,1
2892,10025.0,1,0,2020-04-09 08:00:00,8.3,0.0,33.0,3.0,0.0,100.0,9.4,1
2893,10037.0,0,0,2020-04-09 17:00:00,15.4,0.6,100.0,90.0,92.0,39.0,20.7,0
2894,10011.0,0,0,2020-04-09 13:00:00,9.9,0.5,97.0,18.0,86.0,96.0,17.1,0
2895,10014.0,0,0,2020-04-09 07:00:00,8.4,0.0,17.0,2.0,0.0,50.0,10.0,0
2896,10023.0,1,0,2020-04-09 17:00:00,15.4,0.6,100.0,90.0,92.0,39.0,20.7,1
2897,10029.0,0,0,2020-04-08 21:00:00,18.1,0.0,25.0,3.0,37.0,0.0,6.5,0
2898,10010.0,0,0,2020-04-08 16:00:00,13.3,0.0,71.0,79.0,0.0,0.0,9.8,0
2899,10022.0,1,0,2020-04-08 15:00:00,12.5,0.0,35.0,39.0,0.0,0.0,9.4,1
2900,10034.0,0,0,2020-04-08 10:00:00,11.6,1.4,100.0,27.0,80.0,100.0,6.5,0
2901,10009.0,0,0,2020-04-08 13:00:00,11.7,0.0,49.0,54.0,0.0,1.0,10.9,0
2902,10009.0,0,0,2020-04-08 08:00:00,10.8,1.4,98.0,11.0,97.0,99.0,9.7,0
2903,10019.0,0,0,2020-04-08 21:00:00,18.1,0.0,25.0,3.0,37.0,0.0,6.5,0
2904,10013.0,0,0,2020-04-07 12:00:00,10.7,0.0,4.0,0.0,6.0,2.0,6.5,0
2905,10027.0,0,0,2020-04-07 17:00:00,14.9,0.0,28.0,0.0,1.0,90.0,7.9,0
2906,10030.0,0,0,2020-04-07 16:00:00,13.9,0.0,19.0,0.0,0.0,64.0,5.0,0
2907,10002.0,0,0,2020-04-07 10:00:00,11.0,0.0,59.0,0.0,66.0,65.0,6.5,0
2908,10030.0,2,0,2020-04-07 13:00:00,11.1,0.0,22.0,0.0,20.0,33.0,5.1,1
2909,10011.0,1,0,2020-04-07 17:00:00,14.9,0.0,28.0,0.0,1.0,90.0,7.9,1
2910,10033.0,0,0,2020-04-07 10:00:00,11.0,0.0,59.0,0.0,66.0,65.0,6.5,0
2911,10036.0,0,0,2020-04-07 08:00:00,11.4,0.0,60.0,0.0,52.0,96.0,8.4,0
2912,10013.0,0,0,2020-04-06 07:00:00,10.8,0.0,27.0,6.0,36.0,0.0,9.4,0
2913,10010.0,0,0,2020-04-06 08:00:00,10.5,0.0,21.0,1.0,33.0,0.0,10.9,0
2914,10035.0,0,0,2020-04-06 18:00:00,14.8,0.0,4.0,4.0,0.0,0.0,8.7,0
2915,10022.0,1,0,2020-04-06 17:00:00,13.9,0.0,2.0,2.0,0.0,0.0,8.7,1
2916,10009.0,3,0,2020-04-06 22:00:00,15.6,0.0,0.0,0.0,0.0,0.0,6.5,1
2917,10027.0,0,0,2020-04-06 15:00:00,13.0,0.0,2.0,0.0,0.0,5.0,9.0,0
2918,10035.0,0,0,2020-04-06 05:00:00,10.8,0.0,51.0,9.0,72.0,0.0,5.1,0
2919,10016.0,0,0,2020-04-06 03:00:00,11.2,0.0,65.0,15.0,64.0,43.0,3.2,0
2920,10010.0,0,0,2020-04-06 04:00:00,11.1,0.0,58.0,14.0,75.0,0.0,4.0,0
2921,10025.0,0,0,2020-04-06 18:00:00,14.8,0.0,4.0,4.0,0.0,0.0,8.7,0
2922,10021.0,0,0,2020-04-05 16:00:00,11.6,0.0,90.0,25.0,65.0,96.0,3.4,0
2923,10033.0,2,0,2020-04-05 20:00:00,14.7,0.0,100.0,70.0,72.0,86.0,7.7,1
2924,10281.0,1,0,2020-04-05 15:00:00,11.2,0.0,100.0,41.0,72.0,94.0,2.3,1
2925,10033.0,0,0,2020-04-04 12:00:00,8.6,0.0,100.0,93.0,99.0,0.0,10.0,0
2926,10031.0,2,0,2020-04-04 08:00:00,9.0,0.0,100.0,100.0,48.0,0.0,13.7,1
2927,10039.0,1,0,2020-04-04 16:00:00,10.7,0.0,100.0,97.0,47.0,0.0,9.7,1
2928,10037.0,0,0,2020-04-04 20:00:00,13.9,0.0,100.0,98.0,63.0,0.0,1.8,0
2929,10036.0,0,0,2020-04-04 09:00:00,8.8,0.0,100.0,100.0,91.0,0.0,13.4,0
2930,10026.0,0,0,2020-04-04 16:00:00,10.7,0.0,100.0,97.0,47.0,0.0,9.7,0
2931,10029.0,0,0,2020-04-04 20:00:00,13.9,0.0,100.0,98.0,63.0,0.0,1.8,0
2932,10032.0,0,0,2020-04-04 18:00:00,12.8,0.0,98.0,100.0,13.0,0.0,8.0,0
2933,10002.0,0,0,2020-04-03 12:00:00,7.7,0.0,100.0,83.0,81.0,69.0,19.6,0
2934,10034.0,0,0,2020-04-03 15:00:00,9.6,0.3,100.0,70.0,96.0,34.0,22.4,0
2935,10029.0,0,0,2020-04-03 11:00:00,7.8,0.2,100.0,65.0,95.0,47.0,20.1,0
2936,10036.0,0,0,2020-04-03 06:00:00,9.5,0.0,77.0,0.0,89.0,79.0,23.1,0
2937,10022.0,0,0,2020-04-03 18:00:00,10.8,0.5,100.0,100.0,100.0,100.0,22.6,0
2938,10009.0,0,0,2020-04-03 10:00:00,7.7,0.3,100.0,44.0,94.0,70.0,19.3,0
2939,10027.0,0,0,2020-04-03 09:00:00,7.9,0.5,80.0,6.0,86.0,77.0,21.6,0
2940,10025.0,0,0,2020-04-03 20:00:00,10.7,0.2,100.0,100.0,100.0,12.0,23.1,0
2941,10030.0,2,0,2020-04-03 16:00:00,10.0,0.6,100.0,99.0,99.0,52.0,22.8,1
2942,10032.0,0,0,2020-04-03 20:00:00,10.7,0.2,100.0,100.0,100.0,12.0,23.1,0
2943,10022.0,0,0,2020-04-03 21:00:00,10.6,0.4,100.0,100.0,100.0,14.0,22.6,0
2944,10011.0,0,0,2020-04-03 10:00:00,7.7,0.3,100.0,44.0,94.0,70.0,19.3,0
2945,10016.0,1,0,2020-04-02 14:00:00,7.7,0.0,23.0,26.0,0.0,0.0,26.8,1
2946,10281.0,0,0,2020-04-02 18:00:00,13.6,0.0,53.0,1.0,86.0,0.0,28.7,0
2947,10013.0,0,0,2020-04-02 09:00:00,5.0,0.0,0.0,0.0,0.0,0.0,18.9,0
2948,10035.0,0,0,2020-04-02 09:00:00,5.0,0.0,0.0,0.0,0.0,0.0,18.9,0
2949,10065.0,1,0,2020-04-02 15:00:00,9.9,0.0,1.0,1.0,0.0,0.0,25.8,1
2950,10037.0,4,0,2020-04-02 17:00:00,12.6,0.0,46.0,27.0,36.0,0.0,27.7,1
2951,10016.0,0,0,2020-04-02 10:00:00,4.8,0.0,1.0,1.0,0.0,0.0,17.4,0
2952,10282.0,0,0,2020-04-02 10:00:00,4.8,0.0,1.0,1.0,0.0,0.0,17.4,0
2953,10029.0,0,0,2020-04-02 17:00:00,12.6,0.0,46.0,27.0,36.0,0.0,27.7,0
2954,10065.0,0,0,2020-04-02 14:00:00,7.7,0.0,23.0,26.0,0.0,0.0,26.8,0
2955,10022.0,0,0,2020-04-02 18:00:00,13.6,0.0,53.0,1.0,86.0,0.0,28.7,0
2956,10036.0,0,0,2020-04-02 10:00:00,4.8,0.0,1.0,1.0,0.0,0.0,17.4,0
2957,10035.0,0,0,2020-04-01 14:00:00,5.8,0.0,39.0,10.0,0.0,99.0,14.0,0
2958,10021.0,0,0,2020-04-01 21:00:00,11.9,0.0,63.0,4.0,95.0,8.0,14.8,0
2959,10031.0,0,0,2020-04-01 11:00:00,3.9,0.0,56.0,14.0,27.0,90.0,13.8,0
2960,10029.0,0,0,2020-04-01 18:00:00,10.3,0.0,78.0,36.0,44.0,63.0,14.8,0
2961,10035.0,0,0,2020-04-01 07:00:00,5.2,0.0,100.0,76.0,92.0,67.0,11.9,0
2962,10031.0,1,0,2020-04-01 23:00:00,11.0,0.0,24.0,0.0,40.0,0.0,7.7,1
2963,10029.0,0,0,2020-04-01 12:00:00,4.0,0.0,50.0,11.0,28.0,78.0,15.4,0
2964,10012.0,0,0,2020-04-01 17:00:00,9.6,0.0,94.0,80.0,1.0,72.0,13.3,0
2965,10009.0,0,0,2020-04-01 14:00:00,5.8,0.0,39.0,10.0,0.0,99.0,14.0,0
2966,10031.0,0,0,2020-04-01 00:00:00,6.7,0.0,100.0,81.0,0.0,96.0,6.9,0
2967,10032.0,0,0,2020-04-01 16:00:00,8.3,0.0,86.0,67.0,0.0,85.0,13.6,0
2968,10035.0,2,0,2020-04-01 17:00:00,9.6,0.0,94.0,80.0,1.0,72.0,13.3,1
2969,10026.0,2,0,2020-04-01 06:00:00,5.5,0.0,100.0,83.0,84.0,57.0,10.8,1
2970,10016.0,0,0,2020-04-01 17:00:00,9.6,0.0,94.0,80.0,1.0,72.0,13.3,0
2971,10040.0,1,0,2020-03-31 11:00:00,5.3,0.2,100.0,100.0,88.0,0.0,10.6,1
2972,10016.0,0,0,2020-03-31 10:00:00,5.6,0.2,100.0,100.0,84.0,0.0,9.8,0
2973,10019.0,0,0,2020-03-31 07:00:00,6.1,0.0,100.0,100.0,96.0,3.0,9.7,0
2974,10033.0,0,0,2020-03-31 19:00:00,7.5,0.0,100.0,100.0,2.0,49.0,4.2,0
2975,10029.0,0,0,2020-03-31 09:00:00,5.5,0.0,100.0,100.0,95.0,0.0,11.7,0
2976,10022.0,0,0,2020-03-31 11:00:00,5.3,0.2,100.0,100.0,88.0,0.0,10.6,0
2977,10036.0,1,0,2020-03-31 11:00:00,5.3,0.2,100.0,100.0,88.0,0.0,10.6,1
2978,10031.0,0,0,2020-03-31 10:00:00,5.6,0.2,100.0,100.0,84.0,0.0,9.8,0
2979,10030.0,0,0,2020-03-31 11:00:00,5.3,0.2,100.0,100.0,88.0,0.0,10.6,0
2980,10037.0,0,0,2020-03-31 15:00:00,6.4,0.0,100.0,100.0,71.0,0.0,8.6,0
2981,10029.0,0,0,2020-03-31 08:00:00,5.9,0.0,100.0,100.0,92.0,0.0,10.5,0
2982,10006.0,0,0,2020-03-30 16:00:00,8.1,0.0,98.0,99.0,14.0,0.0,6.9,0
2983,10006.0,0,0,2020-03-30 00:00:00,8.1,0.0,100.0,100.0,15.0,2.0,11.5,0
2984,10031.0,0,0,2020-03-30 10:00:00,7.1,0.0,90.0,100.0,0.0,0.0,8.6,0
2985,10001.0,0,0,2020-03-30 13:00:00,6.8,0.0,97.0,100.0,11.0,0.0,5.1,0
2986,10038.0,1,0,2020-03-30 08:00:00,8.1,0.0,95.0,99.0,3.0,14.0,9.2,1
2987,10023.0,0,0,2020-03-30 17:00:00,8.8,0.0,93.0,100.0,5.0,0.0,7.7,0
2988,10027.0,0,0,2020-03-30 19:00:00,9.4,0.0,100.0,86.0,84.0,0.0,5.5,0
2989,10017.0,1,0,2020-03-29 13:00:00,8.8,0.0,100.0,100.0,45.0,100.0,15.6,1
2990,10016.0,0,0,2020-03-29 09:00:00,8.0,0.5,100.0,100.0,78.0,46.0,18.5,0
2991,10075.0,0,0,2020-03-29 15:00:00,9.7,0.0,100.0,100.0,76.0,100.0,12.0,0
2992,10026.0,0,0,2020-03-29 13:00:00,8.8,0.0,100.0,100.0,45.0,100.0,15.6,0
2993,10013.0,0,0,2020-03-29 11:00:00,8.3,0.0,100.0,100.0,44.0,100.0,14.0,0
2994,10016.0,0,0,2020-03-28 19:00:00,8.0,2.0,100.0,40.0,100.0,100.0,11.6,0
2995,10029.0,1,0,2020-03-28 20:00:00,7.9,0.0,100.0,71.0,100.0,100.0,12.1,1
2996,10035.0,1,0,2020-03-28 11:00:00,7.9,0.0,14.0,0.0,16.0,15.0,13.8,1
2997,10128.0,0,0,2020-03-28 06:00:00,9.4,0.0,21.0,0.0,0.0,71.0,12.4,0
2998,10035.0,1,0,2020-03-28 18:00:00,8.4,0.9,92.0,2.0,100.0,100.0,11.6,1
2999,10034.0,0,0,2020-03-28 22:00:00,8.1,0.5,100.0,100.0,100.0,99.0,11.0,0
3000,10022.0,0,0,2020-03-28 23:00:00,8.0,0.3,100.0,100.0,100.0,100.0,13.1,0
3001,10011.0,0,0,2020-03-28 06:00:00,9.4,0.0,21.0,0.0,0.0,71.0,12.4,0
3002,10023.0,0,0,2020-03-28 17:00:00,8.6,1.0,89.0,0.0,100.0,98.0,9.8,0
3003,10128.0,0,0,2020-03-28 08:00:00,8.6,0.0,42.0,0.0,23.0,95.0,12.8,0
3004,10016.0,0,0,2020-03-28 21:00:00,7.7,0.2,100.0,100.0,100.0,100.0,13.1,0
3005,10013.0,0,0,2020-03-28 15:00:00,8.9,0.0,86.0,0.0,100.0,86.0,10.1,0
3006,10010.0,0,0,2020-03-27 18:00:00,16.5,0.0,0.0,0.0,0.0,0.0,13.0,0
3007,10075.0,0,0,2020-03-27 22:00:00,17.3,0.0,0.0,0.0,0.0,0.0,6.4,0
3008,10038.0,0,0,2020-03-27 17:00:00,16.0,0.0,0.0,0.0,0.0,0.0,13.3,0
3009,10028.0,0,0,2020-03-27 15:00:00,14.6,0.0,6.0,0.0,6.0,8.0,14.1,0
3010,10027.0,1,0,2020-03-27 18:00:00,16.5,0.0,0.0,0.0,0.0,0.0,13.0,1
3011,10013.0,1,0,2020-03-27 05:00:00,9.8,0.0,89.0,0.0,100.0,98.0,14.6,1
3012,10280.0,0,0,2020-03-27 14:00:00,12.3,0.0,19.0,7.0,21.0,0.0,9.7,0
3013,10026.0,0,0,2020-03-27 08:00:00,9.6,0.0,71.0,0.0,99.0,37.0,11.2,0
3014,10065.0,0,0,2020-03-27 17:00:00,16.0,0.0,0.0,0.0,0.0,0.0,13.3,0
3015,10018.0,0,0,2020-03-27 16:00:00,15.3,0.0,1.0,0.0,0.0,3.0,13.6,0
3016,10011.0,0,0,2020-03-27 10:00:00,9.6,0.0,48.0,0.0,79.0,1.0,8.0,0
3017,10002.0,1,0,2020-03-27 20:00:00,16.9,0.0,0.0,0.0,0.0,0.0,9.3,1
3018,10035.0,1,0,2020-03-27 15:00:00,14.6,0.0,6.0,0.0,6.0,8.0,14.1,1
3019,10025.0,0,0,2020-03-27 17:00:00,16.0,0.0,0.0,0.0,0.0,0.0,13.3,0
3020,10013.0,4,0,2020-03-27 00:00:00,10.6,0.0,66.0,0.0,68.0,84.0,12.2,1
3021,10007.0,0,0,2020-03-27 14:00:00,12.3,0.0,19.0,7.0,21.0,0.0,9.7,0
3022,10026.0,0,0,2020-03-27 18:00:00,16.5,0.0,0.0,0.0,0.0,0.0,13.0,0
3023,10022.0,1,0,2020-03-26 07:00:00,4.1,0.0,0.0,0.0,0.0,0.0,9.0,1
3024,10002.0,1,0,2020-03-26 14:00:00,5.6,0.0,0.0,0.0,0.0,0.0,2.3,1
3025,10002.0,0,0,2020-03-26 11:00:00,3.0,0.0,0.0,0.0,0.0,0.0,5.5,0
3026,10026.0,0,0,2020-03-26 08:00:00,3.7,0.0,1.0,1.0,0.0,0.0,8.4,0
3027,10029.0,0,0,2020-03-26 17:00:00,9.9,0.0,5.0,0.0,0.0,18.0,7.6,0
3028,10002.0,1,0,2020-03-26 15:00:00,7.7,0.0,0.0,0.0,0.0,0.0,4.5,1
3029,10016.0,0,0,2020-03-26 13:00:00,4.2,0.0,0.0,0.0,0.0,0.0,3.2,0
3030,10032.0,0,0,2020-03-26 17:00:00,9.9,0.0,5.0,0.0,0.0,18.0,7.6,0
3031,10031.0,0,0,2020-03-26 18:00:00,10.9,0.0,0.0,0.0,0.0,0.0,9.7,0
3032,10025.0,0,0,2020-03-26 22:00:00,12.1,0.0,0.0,0.0,0.0,0.0,9.7,0
3033,10028.0,1,0,2020-03-26 19:00:00,11.5,0.0,0.0,0.0,0.0,0.0,11.0,1
3034,10035.0,0,0,2020-03-26 20:00:00,12.4,0.0,0.0,0.0,0.0,0.0,11.7,0
3035,10027.0,0,0,2020-03-25 10:00:00,4.9,0.0,100.0,14.0,100.0,99.0,12.8,0
3036,10011.0,0,0,2020-03-25 15:00:00,6.6,0.0,100.0,98.0,98.0,85.0,20.7,0
3037,10033.0,0,0,2020-03-25 16:00:00,7.0,0.0,100.0,100.0,98.0,67.0,22.4,0
3038,10034.0,2,0,2020-03-25 06:00:00,5.1,0.0,42.0,0.0,44.0,53.0,14.0,1
3039,10009.0,0,0,2020-03-25 17:00:00,7.1,0.1,100.0,83.0,97.0,70.0,21.4,0
3040,10001.0,0,0,2020-03-25 13:00:00,5.5,0.0,100.0,91.0,94.0,82.0,18.1,0
3041,10029.0,0,0,2020-03-25 07:00:00,5.1,0.0,58.0,0.0,85.0,22.0,14.3,0
3042,10065.0,0,0,2020-03-25 14:00:00,6.0,0.0,100.0,98.0,98.0,81.0,19.3,0
3043,10012.0,1,0,2020-03-25 12:00:00,5.3,0.0,100.0,95.0,93.0,96.0,13.7,1
3044,10128.0,2,0,2020-03-25 19:00:00,7.3,0.0,100.0,48.0,100.0,7.0,21.6,1
3045,10016.0,0,0,2020-03-25 16:00:00,7.0,0.0,100.0,100.0,98.0,67.0,22.4,0
3046,10022.0,1,0,2020-03-25 12:00:00,5.3,0.0,100.0,95.0,93.0,96.0,13.7,1
3047,10016.0,0,0,2020-03-25 20:00:00,7.4,0.0,100.0,62.0,96.0,1.0,19.8,0
3048,10029.0,0,0,2020-03-25 20:00:00,7.4,0.0,100.0,62.0,96.0,1.0,19.8,0
3049,10033.0,0,0,2020-03-25 15:00:00,6.6,0.0,100.0,98.0,98.0,85.0,20.7,0
3050,10007.0,0,0,2020-03-25 08:00:00,4.7,0.0,77.0,1.0,96.0,61.0,15.0,0
3051,10032.0,0,0,2020-03-25 22:00:00,7.0,0.0,88.0,71.0,40.0,0.0,17.3,0
3052,10035.0,0,0,2020-03-25 22:00:00,7.0,0.0,88.0,71.0,40.0,0.0,17.3,0
3053,10128.0,2,0,2020-03-25 14:00:00,6.0,0.0,100.0,98.0,98.0,81.0,19.3,1
3054,10075.0,0,0,2020-03-25 14:00:00,6.0,0.0,100.0,98.0,98.0,81.0,19.3,0
3055,10029.0,0,0,2020-03-25 15:00:00,6.6,0.0,100.0,98.0,98.0,85.0,20.7,0
3056,10035.0,0,0,2020-03-25 12:00:00,5.3,0.0,100.0,95.0,93.0,96.0,13.7,0
3057,10035.0,1,0,2020-03-24 12:00:00,4.0,0.0,2.0,2.0,0.0,0.0,11.1,1
3058,10022.0,0,0,2020-03-24 06:00:00,3.2,0.0,78.0,87.0,0.0,0.0,13.6,0
3059,10018.0,0,0,2020-03-24 13:00:00,5.0,0.0,5.0,6.0,0.0,0.0,12.1,0
3060,10032.0,3,0,2020-03-24 15:00:00,8.1,0.0,16.0,16.0,0.0,5.0,14.8,1
3061,10029.0,0,0,2020-03-24 13:00:00,5.0,0.0,5.0,6.0,0.0,0.0,12.1,0
3062,10032.0,0,0,2020-03-24 23:00:00,10.5,0.0,25.0,0.0,0.0,83.0,6.2,0
3063,10029.0,0,0,2020-03-24 17:00:00,9.5,0.0,76.0,84.0,0.0,0.0,9.2,0
3064,10029.0,0,0,2020-03-24 12:00:00,4.0,0.0,2.0,2.0,0.0,0.0,11.1,0
3065,10032.0,0,0,2020-03-24 22:00:00,10.5,0.0,15.0,1.0,2.0,44.0,5.8,0
3066,10032.0,0,0,2020-03-24 19:00:00,10.6,0.0,81.0,89.0,1.0,0.0,10.2,0
3067,10036.0,1,0,2020-03-24 12:00:00,4.0,0.0,2.0,2.0,0.0,0.0,11.1,1
3068,10025.0,0,0,2020-03-24 14:00:00,6.0,0.0,11.0,12.0,0.0,0.0,15.6,0
3069,10017.0,0,0,2020-03-24 16:00:00,8.7,0.0,25.0,28.0,0.0,0.0,10.8,0
3070,10021.0,1,0,2020-03-24 10:00:00,3.0,0.0,2.0,2.0,0.0,0.0,6.9,1
3071,10065.0,0,0,2020-03-24 12:00:00,4.0,0.0,2.0,2.0,0.0,0.0,11.1,0
3072,10029.0,0,0,2020-03-24 12:00:00,4.0,0.0,2.0,2.0,0.0,0.0,11.1,0
3073,10013.0,0,0,2020-03-24 14:00:00,6.0,0.0,11.0,12.0,0.0,0.0,15.6,0
3074,10010.0,0,0,2020-03-24 08:00:00,2.8,0.0,26.0,29.0,0.0,0.0,11.0,0
3075,10029.0,1,0,2020-03-24 08:00:00,2.8,0.0,26.0,29.0,0.0,0.0,11.0,1
3076,10025.0,0,0,2020-03-24 18:00:00,10.1,0.0,78.0,85.0,0.0,4.0,9.4,0
3077,10019.0,0,0,2020-03-24 16:00:00,8.7,0.0,25.0,28.0,0.0,0.0,10.8,0
3078,10039.0,0,0,2020-03-23 11:00:00,3.1,0.2,100.0,90.0,98.0,22.0,19.4,0
3079,10019.0,0,0,2020-03-23 17:00:00,3.9,1.7,100.0,100.0,97.0,100.0,23.2,0
3080,10007.0,0,0,2020-03-23 15:00:00,3.8,0.8,100.0,97.0,100.0,100.0,23.8,0
3081,10012.0,0,0,2020-03-23 08:00:00,3.6,0.0,100.0,52.0,100.0,100.0,13.9,0
3082,10038.0,0,0,2020-03-23 07:00:00,3.6,0.0,100.0,32.0,99.0,100.0,14.5,0
3083,10035.0,0,0,2020-03-23 09:00:00,3.2,0.2,100.0,47.0,100.0,100.0,16.4,0
3084,10032.0,0,0,2020-03-23 16:00:00,4.2,1.3,100.0,99.0,100.0,100.0,23.4,0
3085,10033.0,0,0,2020-03-23 06:00:00,3.6,0.0,98.0,13.0,94.0,100.0,15.3,0
3086,10028.0,0,0,2020-03-23 23:00:00,5.0,1.3,100.0,100.0,100.0,40.0,20.0,0
3087,10029.0,0,0,2020-03-23 06:00:00,3.6,0.0,98.0,13.0,94.0,100.0,15.3,0
3088,10022.0,2,0,2020-03-23 19:00:00,4.5,1.5,100.0,100.0,100.0,100.0,24.1,1
3089,10065.0,0,0,2020-03-23 08:00:00,3.6,0.0,100.0,52.0,100.0,100.0,13.9,0
3090,10028.0,1,0,2020-03-23 11:00:00,3.1,0.2,100.0,90.0,98.0,22.0,19.4,1
3091,10021.0,0,0,2020-03-23 07:00:00,3.6,0.0,100.0,32.0,99.0,100.0,14.5,0
3092,10029.0,0,0,2020-03-23 17:00:00,3.9,1.7,100.0,100.0,97.0,100.0,23.2,0
3093,10002.0,0,0,2020-03-23 06:00:00,3.6,0.0,98.0,13.0,94.0,100.0,15.3,0
3094,10007.0,0,0,2020-03-23 15:00:00,3.8,0.8,100.0,97.0,100.0,100.0,23.8,0
3095,10012.0,0,0,2020-03-23 12:00:00,3.1,0.4,100.0,94.0,100.0,94.0,22.0,0
3096,10035.0,0,0,2020-03-23 10:00:00,3.3,0.3,100.0,70.0,95.0,4.0,15.3,0
3097,10029.0,0,0,2020-03-23 21:00:00,5.3,2.2,100.0,100.0,92.0,91.0,23.6,0
3098,10003.0,0,0,2020-03-23 17:00:00,3.9,1.7,100.0,100.0,97.0,100.0,23.2,0
3099,10017.0,0,0,2020-03-23 11:00:00,3.1,0.2,100.0,90.0,98.0,22.0,19.4,0
3100,10016.0,0,0,2020-03-23 11:00:00,3.1,0.2,100.0,90.0,98.0,22.0,19.4,0
3101,10013.0,0,0,2020-03-22 13:00:00,1.1,0.0,71.0,72.0,11.0,0.0,17.4,0
3102,10018.0,0,0,2020-03-22 21:00:00,5.4,0.0,100.0,99.0,0.0,93.0,12.6,0
3103,10065.0,0,0,2020-03-22 10:00:00,1.1,0.0,49.0,32.0,34.0,0.0,16.3,0
3104,10003.0,0,0,2020-03-22 13:00:00,1.1,0.0,71.0,72.0,11.0,0.0,17.4,0
3105,10001.0,0,0,2020-03-22 15:00:00,2.9,0.0,89.0,89.0,4.0,21.0,14.8,0
3106,10001.0,0,0,2020-03-22 08:00:00,2.6,0.0,37.0,14.0,41.0,0.0,17.9,0
3107,10036.0,0,0,2020-03-22 00:00:00,8.1,0.0,4.0,0.0,6.0,0.0,5.9,0
3108,10035.0,0,0,2020-03-22 09:00:00,1.8,0.0,34.0,16.0,33.0,0.0,18.2,0
3109,10016.0,0,0,2020-03-22 15:00:00,2.9,0.0,89.0,89.0,4.0,21.0,14.8,0
3110,10128.0,0,0,2020-03-22 15:00:00,2.9,0.0,89.0,89.0,4.0,21.0,14.8,0
3111,10036.0,0,0,2020-03-22 15:00:00,2.9,0.0,89.0,89.0,4.0,21.0,14.8,0
3112,10038.0,0,0,2020-03-22 17:00:00,4.1,0.0,100.0,90.0,31.0,2.0,10.9,0
3113,10029.0,1,0,2020-03-22 16:00:00,3.4,0.0,86.0,90.0,8.0,0.0,13.2,1
3114,10035.0,0,0,2020-03-21 16:00:00,7.8,0.0,16.0,0.0,0.0,53.0,15.9,0
3115,10032.0,0,0,2020-03-21 19:00:00,9.5,0.0,0.0,0.0,0.0,0.0,10.4,0
3116,10033.0,0,0,2020-03-21 13:00:00,6.1,0.0,35.0,0.0,9.0,97.0,16.3,0
3117,10019.0,0,0,2020-03-21 08:00:00,11.7,0.0,77.0,0.0,78.0,100.0,23.3,0
3118,10013.0,0,0,2020-03-21 14:00:00,6.1,0.0,30.0,0.0,2.0,95.0,16.0,0
3119,10003.0,1,0,2020-03-21 18:00:00,9.2,0.0,0.0,0.0,0.0,0.0,12.5,1
3120,10033.0,0,0,2020-03-21 14:00:00,6.1,0.0,30.0,0.0,2.0,95.0,16.0,0
3121,10019.0,0,0,2020-03-21 10:00:00,7.3,0.0,82.0,0.0,87.0,100.0,18.8,0
3122,10037.0,0,0,2020-03-21 08:00:00,11.7,0.0,77.0,0.0,78.0,100.0,23.3,0
3123,10013.0,1,0,2020-03-21 13:00:00,6.1,0.0,35.0,0.0,9.0,97.0,16.3,1
3124,10029.0,0,0,2020-03-21 15:00:00,7.2,0.0,27.0,0.0,0.0,89.0,16.2,0
3125,10038.0,0,0,2020-03-21 19:00:00,9.5,0.0,0.0,0.0,0.0,0.0,10.4,0
3126,10065.0,0,0,2020-03-21 05:00:00,16.3,0.0,51.0,0.0,39.0,92.0,14.6,0
3127,10032.0,0,0,2020-03-21 11:00:00,6.6,0.0,66.0,0.0,60.0,100.0,18.0,0
3128,10019.0,0,0,2020-03-21 23:00:00,9.2,0.0,8.0,0.0,13.0,0.0,6.4,0
3129,10018.0,0,0,2020-03-21 14:00:00,6.1,0.0,30.0,0.0,2.0,95.0,16.0,0
3130,10029.0,0,0,2020-03-21 16:00:00,7.8,0.0,16.0,0.0,0.0,53.0,15.9,0
3131,10032.0,1,0,2020-03-21 12:00:00,6.3,0.0,55.0,0.0,41.0,100.0,17.6,1
3132,10036.0,0,0,2020-03-21 02:00:00,19.5,0.0,86.0,0.0,94.0,100.0,17.1,0
3133,10021.0,0,0,2020-03-21 15:00:00,7.2,0.0,27.0,0.0,0.0,89.0,16.2,0
3134,10022.0,0,0,2020-03-21 13:00:00,6.1,0.0,35.0,0.0,9.0,97.0,16.3,0
3135,10017.0,0,0,2020-03-20 08:00:00,7.5,0.1,78.0,42.0,17.0,100.0,8.7,0
3136,10022.0,0,0,2020-03-20 18:00:00,17.2,0.0,56.0,2.0,41.0,99.0,18.4,0
3137,10016.0,1,0,2020-03-20 08:00:00,7.5,0.1,78.0,42.0,17.0,100.0,8.7,1
3138,10032.0,0,0,2020-03-20 12:00:00,8.0,0.0,100.0,100.0,95.0,100.0,4.3,0
3139,10026.0,0,0,2020-03-20 07:00:00,7.9,0.0,53.0,23.0,4.0,100.0,9.8,0
3140,10018.0,0,0,2020-03-20 08:00:00,7.5,0.1,78.0,42.0,17.0,100.0,8.7,0
3141,10034.0,0,0,2020-03-20 15:00:00,14.6,0.9,100.0,70.0,49.0,100.0,8.7,0
3142,10029.0,1,0,2020-03-20 07:00:00,7.9,0.0,53.0,23.0,4.0,100.0,9.8,1
3143,10018.0,0,0,2020-03-20 11:00:00,7.4,0.0,100.0,100.0,100.0,100.0,2.8,0
3144,10002.0,0,0,2020-03-20 21:00:00,21.7,0.0,27.0,12.0,26.0,2.0,22.2,0
3145,10013.0,1,0,2020-03-20 16:00:00,15.5,0.3,92.0,31.0,56.0,100.0,8.9,1
3146,10009.0,1,0,2020-03-20 00:00:00,9.1,0.0,100.0,88.0,12.0,100.0,2.5,1
3147,10016.0,0,0,2020-03-20 18:00:00,17.2,0.0,56.0,2.0,41.0,99.0,18.4,0
3148,10033.0,0,0,2020-03-20 12:00:00,8.0,0.0,100.0,100.0,95.0,100.0,4.3,0
3149,10006.0,0,0,2020-03-20 14:00:00,10.8,0.5,100.0,95.0,41.0,100.0,7.7,0
3150,10016.0,0,0,2020-03-20 19:00:00,18.5,0.0,30.0,0.0,2.0,96.0,19.4,0
3151,10030.0,0,0,2020-03-20 19:00:00,18.5,0.0,30.0,0.0,2.0,96.0,19.4,0
3152,10022.0,0,0,2020-03-20 13:00:00,8.8,0.0,100.0,100.0,25.0,89.0,7.0,0
3153,10003.0,1,0,2020-03-20 16:00:00,15.5,0.3,92.0,31.0,56.0,100.0,8.9,1
3154,10016.0,0,0,2020-03-20 11:00:00,7.4,0.0,100.0,100.0,100.0,100.0,2.8,0
3155,10011.0,0,0,2020-03-20 10:00:00,7.6,0.0,100.0,100.0,96.0,100.0,3.0,0
3156,10028.0,0,0,2020-03-20 09:00:00,7.6,0.4,100.0,100.0,70.0,98.0,8.3,0
3157,10022.0,1,0,2020-03-20 13:00:00,8.8,0.0,100.0,100.0,25.0,89.0,7.0,1
3158,10026.0,0,0,2020-03-20 23:00:00,20.6,0.0,47.0,11.0,25.0,73.0,12.4,0
3159,10016.0,0,0,2020-03-20 08:00:00,7.5,0.1,78.0,42.0,17.0,100.0,8.7,0
3160,10001.0,1,0,2020-03-20 13:00:00,8.8,0.0,100.0,100.0,25.0,89.0,7.0,1
3161,10036.0,0,0,2020-03-20 16:00:00,15.5,0.3,92.0,31.0,56.0,100.0,8.9,0
3162,10038.0,0,0,2020-03-20 04:00:00,8.6,0.0,100.0,32.0,89.0,100.0,6.8,0
3163,10009.0,0,0,2020-03-20 17:00:00,16.5,0.7,86.0,3.0,90.0,99.0,16.9,0
3164,10035.0,0,0,2020-03-19 19:00:00,9.0,0.0,100.0,100.0,0.0,100.0,7.1,0
3165,10029.0,0,0,2020-03-19 07:00:00,6.0,2.0,100.0,100.0,100.0,100.0,11.2,0
3166,10030.0,0,0,2020-03-19 00:00:00,8.0,0.0,86.0,0.0,93.0,100.0,14.0,0
3167,10010.0,0,0,2020-03-19 14:00:00,6.5,0.0,100.0,100.0,53.0,0.0,14.8,0
3168,10004.0,0,0,2020-03-19 06:00:00,6.4,1.3,100.0,100.0,100.0,100.0,9.2,0
3169,10036.0,0,0,2020-03-19 13:00:00,6.4,0.0,100.0,100.0,79.0,6.0,14.7,0
3170,10034.0,0,0,2020-03-19 19:00:00,9.0,0.0,100.0,100.0,0.0,100.0,7.1,0
3171,10036.0,0,0,2020-03-19 00:00:00,8.0,0.0,86.0,0.0,93.0,100.0,14.0,0
3172,10009.0,0,0,2020-03-19 05:00:00,6.9,0.1,100.0,100.0,100.0,100.0,11.0,0
3173,10029.0,0,0,2020-03-19 20:00:00,9.1,0.0,100.0,100.0,2.0,100.0,5.7,0
3174,10010.0,2,0,2020-03-19 14:00:00,6.5,0.0,100.0,100.0,53.0,0.0,14.8,1
3175,10001.0,1,0,2020-03-19 13:00:00,6.4,0.0,100.0,100.0,79.0,6.0,14.7,1
3176,10027.0,0,0,2020-03-19 20:00:00,9.1,0.0,100.0,100.0,2.0,100.0,5.7,0
3177,10019.0,0,0,2020-03-19 17:00:00,8.2,0.0,100.0,100.0,2.0,100.0,11.1,0
3178,10002.0,1,0,2020-03-19 07:00:00,6.0,2.0,100.0,100.0,100.0,100.0,11.2,1
3179,10016.0,0,0,2020-03-19 11:00:00,6.1,2.4,100.0,100.0,100.0,40.0,12.7,0
3180,10033.0,0,0,2020-03-19 23:00:00,9.1,0.0,100.0,99.0,18.0,100.0,4.3,0
3181,10035.0,0,0,2020-03-19 08:00:00,5.7,2.7,100.0,100.0,100.0,100.0,13.3,0
3182,10035.0,0,0,2020-03-18 07:00:00,7.1,0.0,0.0,0.0,0.0,0.0,7.9,0
3183,10128.0,1,0,2020-03-18 19:00:00,10.3,0.0,30.0,0.0,0.0,100.0,9.4,1
3184,10017.0,0,0,2020-03-18 10:00:00,3.9,0.0,10.0,0.0,0.0,33.0,7.9,0
3185,10035.0,0,0,2020-03-18 12:00:00,3.5,0.0,3.0,0.0,0.0,11.0,5.6,0
3186,10030.0,0,0,2020-03-18 17:00:00,9.4,0.0,30.0,0.0,0.0,99.0,8.4,0
3187,10027.0,0,0,2020-03-18 09:00:00,5.5,0.0,0.0,0.0,0.0,0.0,7.9,0
3188,10012.0,0,0,2020-03-18 21:00:00,9.9,0.0,30.0,0.0,0.0,99.0,12.4,0
3189,10010.0,1,0,2020-03-18 11:00:00,3.9,0.0,28.0,0.0,0.0,92.0,7.5,1
3190,10016.0,0,0,2020-03-18 10:00:00,3.9,0.0,10.0,0.0,0.0,33.0,7.9,0
3191,10017.0,0,0,2020-03-18 20:00:00,10.2,0.0,30.0,0.0,0.0,100.0,10.5,0
3192,10029.0,1,0,2020-03-18 14:00:00,6.9,0.0,0.0,0.0,0.0,0.0,4.0,1
3193,10032.0,0,0,2020-03-18 11:00:00,3.9,0.0,28.0,0.0,0.0,92.0,7.5,0
3194,10017.0,0,0,2020-03-18 06:00:00,7.4,0.0,3.0,3.0,0.0,0.0,8.2,0
3195,10002.0,0,0,2020-03-18 17:00:00,9.4,0.0,30.0,0.0,0.0,99.0,8.4,0
3196,10029.0,0,0,2020-03-18 15:00:00,8.7,0.0,0.0,0.0,0.0,0.0,3.6,0
3197,10035.0,0,0,2020-03-18 16:00:00,9.3,0.0,11.0,0.0,0.0,38.0,4.4,0
3198,10032.0,0,0,2020-03-18 14:00:00,6.9,0.0,0.0,0.0,0.0,0.0,4.0,0
3199,10035.0,0,0,2020-03-18 11:00:00,3.9,0.0,28.0,0.0,0.0,92.0,7.5,0
3200,10016.0,0,0,2020-03-18 13:00:00,5.6,0.0,0.0,0.0,0.0,0.0,4.1,0
3201,10075.0,0,0,2020-03-18 15:00:00,8.7,0.0,0.0,0.0,0.0,0.0,3.6,0
3202,10280.0,0,0,2020-03-18 15:00:00,8.7,0.0,0.0,0.0,0.0,0.0,3.6,0
3203,10033.0,0,0,2020-03-18 13:00:00,5.6,0.0,0.0,0.0,0.0,0.0,4.1,0
3204,10016.0,0,0,2020-03-18 11:00:00,3.9,0.0,28.0,0.0,0.0,92.0,7.5,0
3205,10027.0,0,0,2020-03-18 01:00:00,9.2,0.0,56.0,62.0,0.0,0.0,9.4,0
3206,10013.0,0,0,2020-03-18 13:00:00,5.6,0.0,0.0,0.0,0.0,0.0,4.1,0
3207,10007.0,0,0,2020-03-17 07:00:00,5.6,0.0,76.0,7.0,77.0,78.0,8.3,0
3208,10029.0,0,0,2020-03-17 07:00:00,5.6,0.0,76.0,7.0,77.0,78.0,8.3,0
3209,10039.0,0,0,2020-03-17 12:00:00,5.6,1.0,90.0,15.0,99.0,56.0,8.5,0
3210,10128.0,0,0,2020-03-17 00:00:00,5.1,0.0,65.0,35.0,12.0,88.0,11.0,0
3211,10018.0,0,0,2020-03-17 15:00:00,7.3,0.2,100.0,38.0,87.0,76.0,3.3,0
3212,10032.0,0,0,2020-03-17 11:00:00,4.9,0.3,87.0,20.0,95.0,40.0,6.0,0
3213,10002.0,2,0,2020-03-17 17:00:00,8.8,0.0,100.0,98.0,67.0,0.0,4.5,1
3214,10018.0,0,0,2020-03-17 13:00:00,5.5,0.4,88.0,11.0,97.0,67.0,5.6,0
3215,10007.0,1,0,2020-03-17 17:00:00,8.8,0.0,100.0,98.0,67.0,0.0,4.5,1
3216,10003.0,0,0,2020-03-17 21:00:00,10.7,0.0,54.0,48.0,18.0,0.0,14.4,0
3217,10003.0,0,0,2020-03-17 05:00:00,5.4,0.0,69.0,4.0,98.0,21.0,10.6,0
3218,10018.0,0,0,2020-03-17 14:00:00,6.2,1.0,100.0,26.0,84.0,95.0,3.6,0
3219,10009.0,0,0,2020-03-17 14:00:00,6.2,1.0,100.0,26.0,84.0,95.0,3.6,0
3220,10018.0,0,0,2020-03-17 07:00:00,5.6,0.0,76.0,7.0,77.0,78.0,8.3,0
3221,10001.0,0,0,2020-03-17 14:00:00,6.2,1.0,100.0,26.0,84.0,95.0,3.6,0
3222,10016.0,0,0,2020-03-17 13:00:00,5.5,0.4,88.0,11.0,97.0,67.0,5.6,0
3223,10009.0,0,0,2020-03-17 12:00:00,5.6,1.0,90.0,15.0,99.0,56.0,8.5,0
3224,10032.0,0,0,2020-03-17 14:00:00,6.2,1.0,100.0,26.0,84.0,95.0,3.6,0
3225,10012.0,1,0,2020-03-17 15:00:00,7.3,0.2,100.0,38.0,87.0,76.0,3.3,1
3226,10022.0,1,0,2020-03-17 08:00:00,5.4,0.3,74.0,4.0,89.0,55.0,8.8,1
3227,10025.0,0,0,2020-03-17 05:00:00,5.4,0.0,69.0,4.0,98.0,21.0,10.6,0
3228,10022.0,0,0,2020-03-17 18:00:00,9.2,0.0,100.0,100.0,85.0,0.0,8.3,0
3229,10017.0,1,0,2020-03-17 07:00:00,5.6,0.0,76.0,7.0,77.0,78.0,8.3,1
3230,10002.0,0,0,2020-03-17 00:00:00,5.1,0.0,65.0,35.0,12.0,88.0,11.0,0
3231,10018.0,0,0,2020-03-17 11:00:00,4.9,0.3,87.0,20.0,95.0,40.0,6.0,0
3232,10012.0,0,0,2020-03-17 10:00:00,5.3,0.2,82.0,23.0,80.0,44.0,5.1,0
3233,10022.0,0,0,2020-03-17 22:00:00,10.8,0.0,16.0,12.0,8.0,0.0,8.0,0
3234,10011.0,0,0,2020-03-17 08:00:00,5.4,0.3,74.0,4.0,89.0,55.0,8.8,0
3235,10018.0,0,0,2020-03-16 06:00:00,3.6,0.0,0.0,0.0,0.0,0.0,16.1,0
3236,10002.0,0,0,2020-03-16 16:00:00,4.3,0.0,50.0,41.0,0.0,45.0,12.3,0
3237,10016.0,0,0,2020-03-16 14:00:00,1.8,0.0,10.0,7.0,0.0,13.0,14.2,0
3238,10030.0,0,0,2020-03-16 14:00:00,1.8,0.0,10.0,7.0,0.0,13.0,14.2,0
3239,10032.0,0,0,2020-03-16 00:00:00,8.7,0.0,0.0,0.0,0.0,0.0,7.0,0
3240,10027.0,0,0,2020-03-16 10:00:00,0.2,0.0,0.0,0.0,0.0,0.0,13.8,0
3241,10019.0,0,0,2020-03-16 16:00:00,4.3,0.0,50.0,41.0,0.0,45.0,12.3,0
3242,10021.0,0,0,2020-03-16 09:00:00,1.1,0.0,0.0,0.0,0.0,0.0,14.3,0
3243,10029.0,0,0,2020-03-16 08:00:00,1.8,0.0,0.0,0.0,0.0,0.0,15.0,0
3244,10017.0,0,0,2020-03-16 09:00:00,1.1,0.0,0.0,0.0,0.0,0.0,14.3,0
3245,10017.0,0,0,2020-03-16 00:00:00,8.7,0.0,0.0,0.0,0.0,0.0,7.0,0
3246,10001.0,0,0,2020-03-16 13:00:00,0.9,0.0,4.0,4.0,0.0,0.0,14.6,0
3247,10033.0,0,0,2020-03-16 16:00:00,4.3,0.0,50.0,41.0,0.0,45.0,12.3,0
3248,10002.0,0,0,2020-03-16 08:00:00,1.8,0.0,0.0,0.0,0.0,0.0,15.0,0
3249,10001.0,0,0,2020-03-16 09:00:00,1.1,0.0,0.0,0.0,0.0,0.0,14.3,0
3250,10035.0,1,0,2020-03-16 02:00:00,6.9,0.0,0.0,0.0,0.0,0.0,7.7,1
3251,10032.0,0,0,2020-03-16 16:00:00,4.3,0.0,50.0,41.0,0.0,45.0,12.3,0
3252,10026.0,0,0,2020-03-16 15:00:00,3.7,0.0,17.0,19.0,0.0,0.0,12.4,0
3253,10016.0,0,0,2020-03-16 09:00:00,1.1,0.0,0.0,0.0,0.0,0.0,14.3,0
3254,10018.0,0,0,2020-03-16 08:00:00,1.8,0.0,0.0,0.0,0.0,0.0,15.0,0
3255,10065.0,0,0,2020-03-16 18:00:00,5.4,0.0,100.0,98.0,0.0,94.0,12.1,0
3256,10034.0,1,0,2020-03-16 07:00:00,2.6,0.0,0.0,0.0,0.0,0.0,15.7,1
3257,10013.0,0,0,2020-03-16 03:00:00,5.3,0.0,0.0,0.0,0.0,0.0,8.4,0
3258,10036.0,0,0,2020-03-16 09:00:00,1.1,0.0,0.0,0.0,0.0,0.0,14.3,0
3259,10029.0,0,0,2020-03-16 09:00:00,1.1,0.0,0.0,0.0,0.0,0.0,14.3,0
3260,10012.0,1,0,2020-03-16 18:00:00,5.4,0.0,100.0,98.0,0.0,94.0,12.1,1
3261,10029.0,0,0,2020-03-16 13:00:00,0.9,0.0,4.0,4.0,0.0,0.0,14.6,0
3262,10029.0,0,0,2020-03-16 09:00:00,1.1,0.0,0.0,0.0,0.0,0.0,14.3,0
3263,10011.0,0,0,2020-03-16 14:00:00,1.8,0.0,10.0,7.0,0.0,13.0,14.2,0
3264,10017.0,0,0,2020-03-16 15:00:00,3.7,0.0,17.0,19.0,0.0,0.0,12.4,0
3265,10022.0,0,0,2020-03-16 16:00:00,4.3,0.0,50.0,41.0,0.0,45.0,12.3,0
3266,10029.0,0,0,2020-03-16 10:00:00,0.2,0.0,0.0,0.0,0.0,0.0,13.8,0
3267,10002.0,0,0,2020-03-16 15:00:00,3.7,0.0,17.0,19.0,0.0,0.0,12.4,0
3268,10002.0,0,0,2020-03-16 11:00:00,-0.2,0.0,0.0,0.0,0.0,0.0,14.2,0
3269,10010.0,0,0,2020-03-16 09:00:00,1.1,0.0,0.0,0.0,0.0,0.0,14.3,0
3270,10013.0,0,0,2020-03-16 16:00:00,4.3,0.0,50.0,41.0,0.0,45.0,12.3,0
3271,10022.0,0,0,2020-03-16 09:00:00,1.1,0.0,0.0,0.0,0.0,0.0,14.3,0
3272,10019.0,0,0,2020-03-16 15:00:00,3.7,0.0,17.0,19.0,0.0,0.0,12.4,0
3273,10018.0,0,0,2020-03-16 13:00:00,0.9,0.0,4.0,4.0,0.0,0.0,14.6,0
3274,10038.0,0,0,2020-03-16 16:00:00,4.3,0.0,50.0,41.0,0.0,45.0,12.3,0
3275,10022.0,2,0,2020-03-15 22:00:00,10.4,0.0,0.0,0.0,0.0,0.0,6.1,1
3276,10027.0,0,0,2020-03-15 19:00:00,10.3,0.0,9.0,0.0,15.0,0.0,8.8,0
3277,10032.0,0,0,2020-03-15 13:00:00,5.9,0.0,5.0,0.0,8.0,0.0,10.7,0
3278,10028.0,1,0,2020-03-15 13:00:00,5.9,0.0,5.0,0.0,8.0,0.0,10.7,1
3279,10027.0,0,0,2020-03-15 03:00:00,8.2,0.0,89.0,0.0,98.0,100.0,11.3,0
3280,10013.0,0,0,2020-03-15 20:00:00,11.0,0.0,8.0,0.0,14.0,0.0,10.1,0
3281,10002.0,0,0,2020-03-15 17:00:00,9.3,0.0,4.0,4.0,0.0,0.0,9.0,0
3282,10013.0,0,0,2020-03-15 12:00:00,5.6,0.0,45.0,0.0,73.0,5.0,7.9,0
3283,10036.0,0,0,2020-03-15 03:00:00,8.2,0.0,89.0,0.0,98.0,100.0,11.3,0
3284,10065.0,0,0,2020-03-15 16:00:00,8.5,0.0,0.0,0.0,0.0,0.0,10.1,0
3285,10039.0,0,0,2020-03-15 00:00:00,10.0,0.0,89.0,0.0,99.0,100.0,8.4,0
3286,10033.0,2,0,2020-03-15 14:00:00,6.3,0.0,4.0,0.0,7.0,0.0,12.9,1
3287,10027.0,0,0,2020-03-15 15:00:00,7.8,0.0,2.0,0.0,3.0,0.0,11.7,0
3288,10019.0,0,0,2020-03-15 09:00:00,5.9,0.0,65.0,0.0,79.0,60.0,6.8,0
3289,10029.0,0,0,2020-03-15 15:00:00,7.8,0.0,2.0,0.0,3.0,0.0,11.7,0
3290,10034.0,0,0,2020-03-15 05:00:00,7.5,0.1,85.0,0.0,99.0,85.0,9.6,0
3291,10017.0,1,0,2020-03-15 22:00:00,10.4,0.0,0.0,0.0,0.0,0.0,6.1,1
3292,10002.0,0,0,2020-03-15 20:00:00,11.0,0.0,8.0,0.0,14.0,0.0,10.1,0
3293,10001.0,0,0,2020-03-15 12:00:00,5.6,0.0,45.0,0.0,73.0,5.0,7.9,0
3294,10014.0,0,0,2020-03-15 11:00:00,5.7,0.0,74.0,0.0,89.0,68.0,6.2,0
3295,10016.0,0,0,2020-03-15 17:00:00,9.3,0.0,4.0,4.0,0.0,0.0,9.0,0
3296,10019.0,0,0,2020-03-15 01:00:00,9.7,0.0,90.0,0.0,100.0,100.0,10.1,0
3297,10003.0,0,0,2020-03-15 22:00:00,10.4,0.0,0.0,0.0,0.0,0.0,6.1,0
3298,10027.0,1,0,2020-03-15 15:00:00,7.8,0.0,2.0,0.0,3.0,0.0,11.7,1
3299,10023.0,2,0,2020-03-15 17:00:00,9.3,0.0,4.0,4.0,0.0,0.0,9.0,1
3300,10019.0,0,0,2020-03-14 16:00:00,9.5,0.0,9.0,0.0,0.0,31.0,15.5,0
3301,10031.0,0,0,2020-03-14 20:00:00,11.7,0.0,31.0,0.0,1.0,100.0,14.6,0
3302,10010.0,0,0,2020-03-14 11:00:00,6.1,0.0,6.0,0.0,0.0,20.0,13.9,0
3303,10004.0,0,0,2020-03-14 17:00:00,10.4,0.0,14.0,0.0,0.0,45.0,16.3,0
3304,10035.0,1,0,2020-03-14 09:00:00,7.0,0.0,0.0,0.0,0.0,0.0,14.2,1
3305,10035.0,0,0,2020-03-14 19:00:00,11.1,0.0,26.0,0.0,0.0,88.0,15.0,0
3306,10009.0,1,0,2020-03-14 03:00:00,11.5,0.0,7.0,0.0,0.0,22.0,15.3,1
3307,10016.0,0,0,2020-03-14 11:00:00,6.1,0.0,6.0,0.0,0.0,20.0,13.9,0
3308,10022.0,0,0,2020-03-14 14:00:00,7.3,0.0,0.0,0.0,0.0,1.0,17.9,0
3309,10036.0,0,0,2020-03-14 22:00:00,10.8,0.0,64.0,0.0,56.0,100.0,9.7,0
3310,10011.0,0,0,2020-03-14 19:00:00,11.1,0.0,26.0,0.0,0.0,88.0,15.0,0
3311,10033.0,1,0,2020-03-14 15:00:00,8.9,0.0,0.0,0.0,0.0,0.0,19.3,1
3312,10036.0,0,0,2020-03-14 13:00:00,6.9,0.0,0.0,0.0,0.0,0.0,13.0,0
3313,10018.0,0,0,2020-03-14 08:00:00,7.8,0.0,0.0,0.0,0.0,0.0,15.3,0
3314,10025.0,0,0,2020-03-14 14:00:00,7.3,0.0,0.0,0.0,0.0,1.0,17.9,0
3315,10031.0,0,0,2020-03-14 10:00:00,6.3,0.0,4.0,0.0,0.0,14.0,15.8,0
3316,10030.0,0,0,2020-03-14 14:00:00,7.3,0.0,0.0,0.0,0.0,1.0,17.9,0
3317,10035.0,0,0,2020-03-14 08:00:00,7.8,0.0,0.0,0.0,0.0,0.0,15.3,0
3318,10010.0,0,0,2020-03-14 15:00:00,8.9,0.0,0.0,0.0,0.0,0.0,19.3,0
3319,10034.0,0,0,2020-03-14 14:00:00,7.3,0.0,0.0,0.0,0.0,1.0,17.9,0
3320,10039.0,0,0,2020-03-14 01:00:00,14.5,0.0,0.0,0.0,0.0,0.0,17.0,0
3321,10038.0,0,0,2020-03-14 23:00:00,10.4,0.0,85.0,0.0,91.0,100.0,6.4,0
3322,10039.0,0,0,2020-03-14 04:00:00,10.8,0.0,0.0,0.0,0.0,0.0,15.8,0
3323,10009.0,0,0,2020-03-14 09:00:00,7.0,0.0,0.0,0.0,0.0,0.0,14.2,0
3324,10040.0,1,0,2020-03-14 16:00:00,9.5,0.0,9.0,0.0,0.0,31.0,15.5,1
3325,10019.0,0,0,2020-03-14 12:00:00,6.3,0.0,6.0,0.0,0.0,20.0,15.0,0
3326,10002.0,1,0,2020-03-14 17:00:00,10.4,0.0,14.0,0.0,0.0,45.0,16.3,1
3327,10001.0,1,0,2020-03-14 16:00:00,9.5,0.0,9.0,0.0,0.0,31.0,15.5,1
3328,10013.0,0,0,2020-03-14 05:00:00,9.5,0.0,0.0,0.0,0.0,0.0,15.5,0
3329,10026.0,0,0,2020-03-14 18:00:00,10.9,0.0,24.0,0.0,0.0,81.0,13.4,0
3330,10002.0,0,0,2020-03-14 23:00:00,10.4,0.0,85.0,0.0,91.0,100.0,6.4,0
3331,10039.0,1,0,2020-03-14 15:00:00,8.9,0.0,0.0,0.0,0.0,0.0,19.3,1
3332,10019.0,0,0,2020-03-14 07:00:00,8.4,0.0,0.0,0.0,0.0,0.0,15.6,0
3333,10003.0,1,0,2020-03-14 12:00:00,6.3,0.0,6.0,0.0,0.0,20.0,15.0,1
3334,10011.0,0,0,2020-03-14 23:00:00,10.4,0.0,85.0,0.0,91.0,100.0,6.4,0
3335,10005.0,0,0,2020-03-13 23:00:00,16.4,0.0,9.0,0.0,0.0,31.0,15.6,0
3336,10002.0,3,0,2020-03-13 14:00:00,11.3,1.9,100.0,100.0,99.0,8.0,11.9,1
3337,10001.0,0,0,2020-03-13 13:00:00,10.9,0.8,100.0,100.0,100.0,60.0,16.0,0
3338,10010.0,0,0,2020-03-13 08:00:00,8.6,0.5,100.0,93.0,71.0,100.0,13.4,0
3339,10002.0,0,0,2020-03-13 18:00:00,16.8,0.0,63.0,70.0,0.0,0.0,23.4,0
3340,10027.0,0,0,2020-03-13 08:00:00,8.6,0.5,100.0,93.0,71.0,100.0,13.4,0
3341,10011.0,0,0,2020-03-13 16:00:00,14.1,0.0,90.0,100.0,0.0,0.0,14.8,0
3342,10018.0,0,0,2020-03-13 07:00:00,8.3,0.0,100.0,99.0,35.0,100.0,15.1,0
3343,10040.0,0,0,2020-03-13 18:00:00,16.8,0.0,63.0,70.0,0.0,0.0,23.4,0
3344,10039.0,0,0,2020-03-13 22:00:00,17.6,0.0,0.0,0.0,0.0,0.0,20.7,0
3345,10014.0,0,0,2020-03-13 08:00:00,8.6,0.5,100.0,93.0,71.0,100.0,13.4,0
3346,10009.0,0,0,2020-03-13 10:00:00,10.1,0.9,100.0,100.0,98.0,100.0,13.3,0
3347,10017.0,1,0,2020-03-13 20:00:00,19.0,0.0,41.0,46.0,0.0,0.0,23.0,1
3348,10013.0,0,0,2020-03-13 10:00:00,10.1,0.9,100.0,100.0,98.0,100.0,13.3,0
3349,10025.0,0,0,2020-03-13 07:00:00,8.3,0.0,100.0,99.0,35.0,100.0,15.1,0
3350,10037.0,0,0,2020-03-13 09:00:00,8.7,0.6,100.0,75.0,100.0,100.0,12.4,0
3351,10010.0,0,0,2020-03-13 17:00:00,16.1,0.0,73.0,81.0,0.0,0.0,20.8,0
3352,10003.0,0,0,2020-03-13 00:00:00,7.9,0.0,74.0,35.0,71.0,0.0,11.8,0
3353,10028.0,0,0,2020-03-13 07:00:00,8.3,0.0,100.0,99.0,35.0,100.0,15.1,0
3354,10028.0,0,0,2020-03-13 13:00:00,10.9,0.8,100.0,100.0,100.0,60.0,16.0,0
3355,10014.0,0,0,2020-03-13 22:00:00,17.6,0.0,0.0,0.0,0.0,0.0,20.7,0
3356,10018.0,0,0,2020-03-13 10:00:00,10.1,0.9,100.0,100.0,98.0,100.0,13.3,0
3357,10029.0,0,0,2020-03-13 08:00:00,8.6,0.5,100.0,93.0,71.0,100.0,13.4,0
3358,10029.0,0,0,2020-03-13 12:00:00,10.5,1.4,100.0,100.0,77.0,82.0,15.8,0
3359,10021.0,0,0,2020-03-13 06:00:00,8.1,1.1,100.0,98.0,26.0,100.0,16.1,0
3360,10024.0,1,0,2020-03-13 08:00:00,8.6,0.5,100.0,93.0,71.0,100.0,13.4,1
3361,10007.0,1,0,2020-03-13 06:00:00,8.1,1.1,100.0,98.0,26.0,100.0,16.1,1
3362,10029.0,0,0,2020-03-13 08:00:00,8.6,0.5,100.0,93.0,71.0,100.0,13.4,0
3363,10027.0,0,0,2020-03-13 11:00:00,10.4,1.7,100.0,100.0,100.0,96.0,14.2,0
3364,10031.0,0,0,2020-03-13 12:00:00,10.5,1.4,100.0,100.0,77.0,82.0,15.8,0
3365,10019.0,0,0,2020-03-13 13:00:00,10.9,0.8,100.0,100.0,100.0,60.0,16.0,0
3366,10021.0,0,0,2020-03-13 10:00:00,10.1,0.9,100.0,100.0,98.0,100.0,13.3,0
3367,10016.0,0,0,2020-03-13 08:00:00,8.6,0.5,100.0,93.0,71.0,100.0,13.4,0
3368,10029.0,0,0,2020-03-13 07:00:00,8.3,0.0,100.0,99.0,35.0,100.0,15.1,0
3369,10035.0,0,0,2020-03-13 16:00:00,14.1,0.0,90.0,100.0,0.0,0.0,14.8,0
3370,10036.0,0,0,2020-03-13 10:00:00,10.1,0.9,100.0,100.0,98.0,100.0,13.3,0
3371,10011.0,0,0,2020-03-13 14:00:00,11.3,1.9,100.0,100.0,99.0,8.0,11.9,0
3372,10028.0,0,0,2020-03-13 17:00:00,16.1,0.0,73.0,81.0,0.0,0.0,20.8,0
3373,10016.0,1,0,2020-03-13 10:00:00,10.1,0.9,100.0,100.0,98.0,100.0,13.3,1
3374,10002.0,0,0,2020-03-13 10:00:00,10.1,0.9,100.0,100.0,98.0,100.0,13.3,0
3375,10018.0,0,0,2020-03-13 14:00:00,11.3,1.9,100.0,100.0,99.0,8.0,11.9,0
3376,10013.0,0,0,2020-03-13 17:00:00,16.1,0.0,73.0,81.0,0.0,0.0,20.8,0
3377,10036.0,0,0,2020-03-13 20:00:00,19.0,0.0,41.0,46.0,0.0,0.0,23.0,0
3378,10002.0,0,0,2020-03-13 14:00:00,11.3,1.9,100.0,100.0,99.0,8.0,11.9,0
3379,10016.0,0,0,2020-03-13 13:00:00,10.9,0.8,100.0,100.0,100.0,60.0,16.0,0
3380,10020.0,0,0,2020-03-13 20:00:00,19.0,0.0,41.0,46.0,0.0,0.0,23.0,0
3381,10003.0,0,0,2020-03-13 07:00:00,8.3,0.0,100.0,99.0,35.0,100.0,15.1,0
3382,10028.0,0,0,2020-03-13 16:00:00,14.1,0.0,90.0,100.0,0.0,0.0,14.8,0
3383,10001.0,0,0,2020-03-13 00:00:00,7.9,0.0,74.0,35.0,71.0,0.0,11.8,0
3384,10001.0,1,0,2020-03-13 19:00:00,17.8,0.0,42.0,47.0,0.0,0.0,21.3,1
3385,10002.0,0,0,2020-03-13 15:00:00,12.5,0.4,100.0,100.0,54.0,0.0,11.4,0
3386,10027.0,0,0,2020-03-13 19:00:00,17.8,0.0,42.0,47.0,0.0,0.0,21.3,0
3387,10010.0,0,0,2020-03-13 09:00:00,8.7,0.6,100.0,75.0,100.0,100.0,12.4,0
3388,10029.0,0,0,2020-03-13 17:00:00,16.1,0.0,73.0,81.0,0.0,0.0,20.8,0
3389,10038.0,0,0,2020-03-13 13:00:00,10.9,0.8,100.0,100.0,100.0,60.0,16.0,0
3390,10027.0,1,0,2020-03-13 20:00:00,19.0,0.0,41.0,46.0,0.0,0.0,23.0,1
3391,10035.0,0,0,2020-03-13 09:00:00,8.7,0.6,100.0,75.0,100.0,100.0,12.4,0
3392,10028.0,1,0,2020-03-13 18:00:00,16.8,0.0,63.0,70.0,0.0,0.0,23.4,1
3393,10029.0,0,0,2020-03-13 17:00:00,16.1,0.0,73.0,81.0,0.0,0.0,20.8,0
3394,10002.0,1,0,2020-03-13 13:00:00,10.9,0.8,100.0,100.0,100.0,60.0,16.0,1
3395,10018.0,0,0,2020-03-12 19:00:00,8.2,0.0,100.0,99.0,93.0,0.0,10.2,0
3396,10016.0,0,0,2020-03-12 13:00:00,5.6,0.0,100.0,69.0,81.0,22.0,5.6,0
3397,10012.0,1,0,2020-03-12 11:00:00,4.5,0.0,100.0,58.0,66.0,65.0,7.9,1
3398,10036.0,0,0,2020-03-12 07:00:00,5.4,0.0,17.0,10.0,0.0,25.0,6.1,0
3399,10003.0,0,0,2020-03-12 08:00:00,5.0,0.0,54.0,34.0,1.0,76.0,4.7,0
3400,10019.0,0,0,2020-03-12 23:00:00,8.1,0.0,100.0,64.0,74.0,59.0,10.2,0
3401,10016.0,0,0,2020-03-12 20:00:00,8.1,0.0,100.0,97.0,73.0,0.0,10.6,0
3402,10021.0,0,0,2020-03-12 20:00:00,8.1,0.0,100.0,97.0,73.0,0.0,10.6,0
3403,10029.0,0,0,2020-03-12 12:00:00,5.1,0.0,100.0,70.0,76.0,45.0,7.5,0
3404,10038.0,0,0,2020-03-12 17:00:00,7.7,0.0,100.0,98.0,99.0,0.0,10.2,0
3405,10022.0,1,0,2020-03-12 20:00:00,8.1,0.0,100.0,97.0,73.0,0.0,10.6,1
3406,10024.0,0,0,2020-03-12 00:00:00,9.4,0.0,47.0,0.0,73.0,11.0,5.7,0
3407,10035.0,0,0,2020-03-12 17:00:00,7.7,0.0,100.0,98.0,99.0,0.0,10.2,0
3408,10023.0,0,0,2020-03-12 11:00:00,4.5,0.0,100.0,58.0,66.0,65.0,7.9,0
3409,10035.0,0,0,2020-03-12 08:00:00,5.0,0.0,54.0,34.0,1.0,76.0,4.7,0
3410,10021.0,1,0,2020-03-12 10:00:00,4.7,0.0,89.0,50.0,54.0,37.0,7.4,1
3411,10032.0,0,0,2020-03-12 12:00:00,5.1,0.0,100.0,70.0,76.0,45.0,7.5,0
3412,10029.0,0,0,2020-03-12 10:00:00,4.7,0.0,89.0,50.0,54.0,37.0,7.4,0
3413,10017.0,0,0,2020-03-12 23:00:00,8.1,0.0,100.0,64.0,74.0,59.0,10.2,0
3414,10010.0,0,0,2020-03-12 16:00:00,7.2,0.0,100.0,97.0,98.0,0.0,9.2,0
3415,10003.0,0,0,2020-03-12 14:00:00,5.9,0.0,100.0,87.0,97.0,44.0,5.4,0
3416,10014.0,0,0,2020-03-12 11:00:00,4.5,0.0,100.0,58.0,66.0,65.0,7.9,0
3417,10003.0,0,0,2020-03-12 12:00:00,5.1,0.0,100.0,70.0,76.0,45.0,7.5,0
3418,10016.0,0,0,2020-03-12 20:00:00,8.1,0.0,100.0,97.0,73.0,0.0,10.6,0
3419,10026.0,0,0,2020-03-12 22:00:00,8.1,0.0,100.0,100.0,93.0,0.0,9.7,0
3420,10032.0,0,0,2020-03-12 07:00:00,5.4,0.0,17.0,10.0,0.0,25.0,6.1,0
3421,10006.0,0,0,2020-03-12 10:00:00,4.7,0.0,89.0,50.0,54.0,37.0,7.4,0
3422,10002.0,0,0,2020-03-12 00:00:00,9.4,0.0,47.0,0.0,73.0,11.0,5.7,0
3423,10012.0,1,0,2020-03-12 16:00:00,7.2,0.0,100.0,97.0,98.0,0.0,9.2,1
3424,10025.0,1,0,2020-03-12 06:00:00,5.8,0.0,3.0,2.0,0.0,3.0,6.2,1
3425,10035.0,0,0,2020-03-12 08:00:00,5.0,0.0,54.0,34.0,1.0,76.0,4.7,0
3426,10036.0,1,0,2020-03-12 05:00:00,6.1,0.0,5.0,0.0,0.0,18.0,5.9,1
3427,10028.0,0,0,2020-03-12 15:00:00,6.9,0.0,100.0,97.0,100.0,8.0,7.2,0
3428,10033.0,0,0,2020-03-12 09:00:00,4.5,0.0,83.0,58.0,14.0,74.0,5.2,0
3429,10013.0,0,0,2020-03-12 12:00:00,5.1,0.0,100.0,70.0,76.0,45.0,7.5,0
3430,10018.0,0,0,2020-03-12 14:00:00,5.9,0.0,100.0,87.0,97.0,44.0,5.4,0
3431,10016.0,0,0,2020-03-12 11:00:00,4.5,0.0,100.0,58.0,66.0,65.0,7.9,0
3432,10065.0,0,0,2020-03-12 14:00:00,5.9,0.0,100.0,87.0,97.0,44.0,5.4,0
3433,10010.0,1,0,2020-03-12 19:00:00,8.2,0.0,100.0,99.0,93.0,0.0,10.2,1
3434,10013.0,0,0,2020-03-12 18:00:00,8.0,0.0,100.0,98.0,100.0,0.0,10.2,0
3435,10009.0,1,0,2020-03-12 23:00:00,8.1,0.0,100.0,64.0,74.0,59.0,10.2,1
3436,10035.0,0,0,2020-03-12 22:00:00,8.1,0.0,100.0,100.0,93.0,0.0,9.7,0
3437,10003.0,1,0,2020-03-12 15:00:00,6.9,0.0,100.0,97.0,100.0,8.0,7.2,1
3438,10029.0,0,0,2020-03-12 09:00:00,4.5,0.0,83.0,58.0,14.0,74.0,5.2,0
3439,10006.0,0,0,2020-03-12 21:00:00,8.3,0.0,100.0,91.0,53.0,0.0,11.6,0
3440,10018.0,0,0,2020-03-12 23:00:00,8.1,0.0,100.0,64.0,74.0,59.0,10.2,0
3441,10278.0,0,0,2020-03-12 17:00:00,7.7,0.0,100.0,98.0,99.0,0.0,10.2,0
3442,10033.0,0,0,2020-03-12 14:00:00,5.9,0.0,100.0,87.0,97.0,44.0,5.4,0
3443,10012.0,1,0,2020-03-12 20:00:00,8.1,0.0,100.0,97.0,73.0,0.0,10.6,1
3444,10280.0,0,0,2020-03-12 12:00:00,5.1,0.0,100.0,70.0,76.0,45.0,7.5,0
3445,10000.0,1,0,2020-03-12 18:00:00,8.0,0.0,100.0,98.0,100.0,0.0,10.2,1
3446,10021.0,0,0,2020-03-11 13:00:00,6.7,0.0,20.0,0.0,0.0,68.0,8.2,0
3447,10035.0,0,0,2020-03-11 08:00:00,9.2,0.0,25.0,25.0,0.0,9.0,14.9,0
3448,10037.0,2,0,2020-03-11 17:00:00,9.6,0.0,38.0,0.0,13.0,99.0,6.2,1
3449,10065.0,0,0,2020-03-11 18:00:00,9.7,0.0,66.0,0.0,61.0,97.0,4.1,0
3450,10019.0,0,0,2020-03-11 16:00:00,9.4,0.0,29.0,0.0,0.0,98.0,7.0,0
3451,10038.0,1,0,2020-03-11 13:00:00,6.7,0.0,20.0,0.0,0.0,68.0,8.2,1
3452,10065.0,0,0,2020-03-11 06:00:00,10.5,0.0,38.0,17.0,0.0,75.0,17.5,0
3453,10021.0,0,0,2020-03-11 12:00:00,5.9,0.0,17.0,1.0,0.0,54.0,7.7,0
3454,10009.0,0,0,2020-03-11 00:00:00,16.4,0.2,49.0,10.0,37.0,59.0,15.3,0
3455,10011.0,0,0,2020-03-11 15:00:00,9.2,0.0,30.0,0.0,0.0,99.0,7.8,0
3456,10016.0,1,0,2020-03-11 19:00:00,11.4,0.0,64.0,0.0,76.0,62.0,3.4,1
3457,10027.0,0,0,2020-03-11 00:00:00,16.4,0.2,49.0,10.0,37.0,59.0,15.3,0
3458,10019.0,0,0,2020-03-11 17:00:00,9.6,0.0,38.0,0.0,13.0,99.0,6.2,0
3459,10004.0,0,0,2020-03-11 14:00:00,7.6,0.0,30.0,0.0,0.0,99.0,8.6,0
3460,10013.0,0,0,2020-03-11 11:00:00,5.9,0.0,6.0,2.0,0.0,15.0,7.1,0
3461,10029.0,0,0,2020-03-11 08:00:00,9.2,0.0,25.0,25.0,0.0,9.0,14.9,0
3462,10010.0,1,0,2020-03-11 12:00:00,5.9,0.0,17.0,1.0,0.0,54.0,7.7,1
3463,10024.0,0,0,2020-03-11 19:00:00,11.4,0.0,64.0,0.0,76.0,62.0,3.4,0
3464,10029.0,0,0,2020-03-11 15:00:00,9.2,0.0,30.0,0.0,0.0,99.0,7.8,0
3465,10278.0,0,0,2020-03-11 19:00:00,11.4,0.0,64.0,0.0,76.0,62.0,3.4,0
3466,10036.0,0,0,2020-03-11 10:00:00,6.1,0.0,4.0,4.0,0.0,0.0,7.1,0
3467,10033.0,0,0,2020-03-11 12:00:00,5.9,0.0,17.0,1.0,0.0,54.0,7.7,0
3468,10016.0,0,0,2020-03-11 07:00:00,10.1,0.0,41.0,31.0,0.0,45.0,16.7,0
3469,10001.0,1,0,2020-03-11 07:00:00,10.1,0.0,41.0,31.0,0.0,45.0,16.7,1
3470,10001.0,0,0,2020-03-11 15:00:00,9.2,0.0,30.0,0.0,0.0,99.0,7.8,0
3471,10028.0,0,0,2020-03-11 16:00:00,9.4,0.0,29.0,0.0,0.0,98.0,7.0,0
3472,10012.0,0,0,2020-03-11 11:00:00,5.9,0.0,6.0,2.0,0.0,15.0,7.1,0
3473,10128.0,1,0,2020-03-11 08:00:00,9.2,0.0,25.0,25.0,0.0,9.0,14.9,1
3474,10010.0,0,0,2020-03-11 12:00:00,5.9,0.0,17.0,1.0,0.0,54.0,7.7,0
3475,10029.0,0,0,2020-03-11 11:00:00,5.9,0.0,6.0,2.0,0.0,15.0,7.1,0
3476,10016.0,1,0,2020-03-11 22:00:00,9.9,0.0,89.0,0.0,98.0,100.0,3.0,1
3477,10023.0,0,0,2020-03-11 08:00:00,9.2,0.0,25.0,25.0,0.0,9.0,14.9,0
3478,10128.0,1,0,2020-03-11 07:00:00,10.1,0.0,41.0,31.0,0.0,45.0,16.7,1
3479,10019.0,0,0,2020-03-11 21:00:00,10.4,0.0,68.0,0.0,63.0,100.0,6.4,0
3480,10035.0,0,0,2020-03-11 15:00:00,9.2,0.0,30.0,0.0,0.0,99.0,7.8,0
3481,10013.0,0,0,2020-03-11 13:00:00,6.7,0.0,20.0,0.0,0.0,68.0,8.2,0
3482,10001.0,0,0,2020-03-11 01:00:00,16.3,0.3,70.0,7.0,73.0,65.0,16.2,0
3483,10036.0,0,0,2020-03-11 23:00:00,9.7,0.2,77.0,0.0,83.0,89.0,4.3,0
3484,10028.0,0,0,2020-03-11 13:00:00,6.7,0.0,20.0,0.0,0.0,68.0,8.2,0
3485,10035.0,0,0,2020-03-11 08:00:00,9.2,0.0,25.0,25.0,0.0,9.0,14.9,0
3486,10016.0,0,0,2020-03-11 10:00:00,6.1,0.0,4.0,4.0,0.0,0.0,7.1,0
3487,10012.0,0,0,2020-03-11 10:00:00,6.1,0.0,4.0,4.0,0.0,0.0,7.1,0
3488,10023.0,0,0,2020-03-11 11:00:00,5.9,0.0,6.0,2.0,0.0,15.0,7.1,0
3489,10013.0,0,0,2020-03-11 16:00:00,9.4,0.0,29.0,0.0,0.0,98.0,7.0,0
3490,10040.0,0,0,2020-03-11 06:00:00,10.5,0.0,38.0,17.0,0.0,75.0,17.5,0
3491,10036.0,0,0,2020-03-11 10:00:00,6.1,0.0,4.0,4.0,0.0,0.0,7.1,0
3492,10013.0,0,0,2020-03-11 21:00:00,10.4,0.0,68.0,0.0,63.0,100.0,6.4,0
3493,10003.0,0,0,2020-03-11 23:00:00,9.7,0.2,77.0,0.0,83.0,89.0,4.3,0
3494,10037.0,0,0,2020-03-11 16:00:00,9.4,0.0,29.0,0.0,0.0,98.0,7.0,0
3495,10001.0,0,0,2020-03-11 12:00:00,5.9,0.0,17.0,1.0,0.0,54.0,7.7,0
3496,10036.0,1,0,2020-03-11 12:00:00,5.9,0.0,17.0,1.0,0.0,54.0,7.7,1
3497,10038.0,0,0,2020-03-11 13:00:00,6.7,0.0,20.0,0.0,0.0,68.0,8.2,0
3498,10003.0,1,0,2020-03-10 23:00:00,16.7,0.0,54.0,4.0,63.0,43.0,13.9,1
3499,10016.0,1,0,2020-03-10 16:00:00,14.8,0.0,76.0,3.0,96.0,52.0,16.6,1
3500,10038.0,0,0,2020-03-10 12:00:00,9.2,0.0,87.0,0.0,97.0,97.0,12.3,0
3501,10017.0,1,0,2020-03-10 09:00:00,9.6,0.0,18.0,0.0,0.0,60.0,11.5,1
3502,10001.0,0,0,2020-03-10 18:00:00,16.4,0.0,100.0,27.0,99.0,94.0,21.4,0
3503,10065.0,0,0,2020-03-10 10:00:00,8.8,0.0,30.0,0.0,0.0,100.0,9.7,0
3504,10075.0,0,0,2020-03-10 14:00:00,11.7,0.0,86.0,0.0,93.0,100.0,13.8,0
3505,10022.0,0,0,2020-03-10 00:00:00,14.7,0.0,30.0,0.0,10.0,80.0,11.7,0
3506,10032.0,0,0,2020-03-10 10:00:00,8.8,0.0,30.0,0.0,0.0,100.0,9.7,0
3507,10032.0,0,0,2020-03-10 20:00:00,16.5,0.0,49.0,18.0,38.0,32.0,23.5,0
3508,10002.0,0,0,2020-03-10 15:00:00,14.0,0.0,88.0,1.0,95.0,100.0,14.9,0
3509,10013.0,0,0,2020-03-10 11:00:00,9.0,0.0,66.0,0.0,60.0,100.0,10.2,0
3510,10022.0,0,0,2020-03-10 16:00:00,14.8,0.0,76.0,3.0,96.0,52.0,16.6,0
3511,10010.0,1,0,2020-03-10 19:00:00,16.7,0.0,71.0,6.0,73.0,74.0,22.1,1
3512,10010.0,0,0,2020-03-10 10:00:00,8.8,0.0,30.0,0.0,0.0,100.0,9.7,0
3513,10009.0,1,0,2020-03-10 15:00:00,14.0,0.0,88.0,1.0,95.0,100.0,14.9,1
3514,10001.0,0,0,2020-03-10 18:00:00,16.4,0.0,100.0,27.0,99.0,94.0,21.4,0
3515,10033.0,0,0,2020-03-10 12:00:00,9.2,0.0,87.0,0.0,97.0,97.0,12.3,0
3516,10029.0,0,0,2020-03-10 07:00:00,10.8,0.0,30.0,0.0,0.0,100.0,12.9,0
3517,10013.0,0,0,2020-03-10 11:00:00,9.0,0.0,66.0,0.0,60.0,100.0,10.2,0
3518,10024.0,0,0,2020-03-10 09:00:00,9.6,0.0,18.0,0.0,0.0,60.0,11.5,0
3519,10065.0,0,0,2020-03-10 15:00:00,14.0,0.0,88.0,1.0,95.0,100.0,14.9,0
3520,10016.0,0,0,2020-03-10 18:00:00,16.4,0.0,100.0,27.0,99.0,94.0,21.4,0
3521,10001.0,0,0,2020-03-10 18:00:00,16.4,0.0,100.0,27.0,99.0,94.0,21.4,0
3522,10011.0,0,0,2020-03-10 09:00:00,9.6,0.0,18.0,0.0,0.0,60.0,11.5,0
3523,10027.0,0,0,2020-03-10 16:00:00,14.8,0.0,76.0,3.0,96.0,52.0,16.6,0
3524,10028.0,0,0,2020-03-10 19:00:00,16.7,0.0,71.0,6.0,73.0,74.0,22.1,0
3525,10018.0,0,0,2020-03-10 09:00:00,9.6,0.0,18.0,0.0,0.0,60.0,11.5,0
3526,10034.0,0,0,2020-03-10 12:00:00,9.2,0.0,87.0,0.0,97.0,97.0,12.3,0
3527,10065.0,0,0,2020-03-10 13:00:00,10.3,0.0,89.0,0.0,99.0,99.0,13.7,0
3528,10002.0,0,0,2020-03-10 07:00:00,10.8,0.0,30.0,0.0,0.0,100.0,12.9,0
3529,10013.0,0,0,2020-03-10 06:00:00,11.4,0.0,30.0,0.0,0.0,100.0,13.1,0
3530,10013.0,1,0,2020-03-10 14:00:00,11.7,0.0,86.0,0.0,93.0,100.0,13.8,1
3531,10011.0,0,0,2020-03-10 16:00:00,14.8,0.0,76.0,3.0,96.0,52.0,16.6,0
3532,10035.0,0,0,2020-03-10 15:00:00,14.0,0.0,88.0,1.0,95.0,100.0,14.9,0
3533,10036.0,0,0,2020-03-10 16:00:00,14.8,0.0,76.0,3.0,96.0,52.0,16.6,0
3534,10001.0,1,0,2020-03-10 22:00:00,17.3,1.0,55.0,3.0,76.0,23.0,13.4,1
3535,10013.0,0,0,2020-03-10 14:00:00,11.7,0.0,86.0,0.0,93.0,100.0,13.8,0
3536,10039.0,0,0,2020-03-10 15:00:00,14.0,0.0,88.0,1.0,95.0,100.0,14.9,0
3537,10010.0,0,0,2020-03-10 19:00:00,16.7,0.0,71.0,6.0,73.0,74.0,22.1,0
3538,10019.0,0,0,2020-03-10 18:00:00,16.4,0.0,100.0,27.0,99.0,94.0,21.4,0
3539,10037.0,0,0,2020-03-10 10:00:00,8.8,0.0,30.0,0.0,0.0,100.0,9.7,0
3540,10002.0,0,0,2020-03-10 15:00:00,14.0,0.0,88.0,1.0,95.0,100.0,14.9,0
3541,10003.0,0,0,2020-03-10 18:00:00,16.4,0.0,100.0,27.0,99.0,94.0,21.4,0
3542,10035.0,0,0,2020-03-10 08:00:00,10.0,0.0,16.0,0.0,0.0,54.0,11.8,0
3543,10039.0,0,0,2020-03-10 17:00:00,16.0,0.0,81.0,18.0,100.0,16.0,17.8,0
3544,10002.0,0,0,2020-03-10 09:00:00,9.6,0.0,18.0,0.0,0.0,60.0,11.5,0
3545,10027.0,0,0,2020-03-10 08:00:00,10.0,0.0,16.0,0.0,0.0,54.0,11.8,0
3546,10021.0,0,0,2020-03-10 12:00:00,9.2,0.0,87.0,0.0,97.0,97.0,12.3,0
3547,10026.0,0,0,2020-03-10 18:00:00,16.4,0.0,100.0,27.0,99.0,94.0,21.4,0
3548,10022.0,1,0,2020-03-10 14:00:00,11.7,0.0,86.0,0.0,93.0,100.0,13.8,1
3549,10022.0,0,0,2020-03-10 11:00:00,9.0,0.0,66.0,0.0,60.0,100.0,10.2,0
3550,10014.0,0,0,2020-03-10 08:00:00,10.0,0.0,16.0,0.0,0.0,54.0,11.8,0
3551,10010.0,0,0,2020-03-10 03:00:00,12.7,0.0,34.0,0.0,23.0,68.0,13.2,0
3552,10022.0,0,0,2020-03-10 13:00:00,10.3,0.0,89.0,0.0,99.0,99.0,13.7,0
3553,10037.0,0,0,2020-03-10 07:00:00,10.8,0.0,30.0,0.0,0.0,100.0,12.9,0
3554,10026.0,0,0,2020-03-10 07:00:00,10.8,0.0,30.0,0.0,0.0,100.0,12.9,0
3555,10023.0,0,0,2020-03-10 14:00:00,11.7,0.0,86.0,0.0,93.0,100.0,13.8,0
3556,10037.0,2,0,2020-03-10 13:00:00,10.3,0.0,89.0,0.0,99.0,99.0,13.7,1
3557,10035.0,0,0,2020-03-10 08:00:00,10.0,0.0,16.0,0.0,0.0,54.0,11.8,0
3558,10001.0,1,0,2020-03-10 12:00:00,9.2,0.0,87.0,0.0,97.0,97.0,12.3,1
3559,10035.0,0,0,2020-03-10 18:00:00,16.4,0.0,100.0,27.0,99.0,94.0,21.4,0
3560,10003.0,1,0,2020-03-10 18:00:00,16.4,0.0,100.0,27.0,99.0,94.0,21.4,1
3561,10036.0,0,0,2020-03-10 12:00:00,9.2,0.0,87.0,0.0,97.0,97.0,12.3,0
3562,10002.0,0,0,2020-03-09 16:00:00,14.4,0.0,0.0,0.0,0.0,0.0,13.8,0
3563,10017.0,0,0,2020-03-09 10:00:00,5.3,0.0,0.0,0.0,0.0,0.0,11.5,0
3564,10075.0,0,0,2020-03-09 09:00:00,6.2,0.0,5.0,0.0,0.0,17.0,14.0,0
3565,10001.0,0,0,2020-03-09 11:00:00,5.3,0.0,0.0,0.0,0.0,0.0,11.3,0
3566,10168.0,0,0,2020-03-09 21:00:00,18.5,0.0,0.0,0.0,0.0,0.0,12.5,0
3567,10025.0,0,0,2020-03-09 16:00:00,14.4,0.0,0.0,0.0,0.0,0.0,13.8,0
3568,10019.0,0,0,2020-03-09 09:00:00,6.2,0.0,5.0,0.0,0.0,17.0,14.0,0
3569,10024.0,0,0,2020-03-09 15:00:00,12.0,0.0,0.0,0.0,0.0,0.0,12.7,0
3570,10003.0,0,0,2020-03-09 08:00:00,6.7,0.0,20.0,0.0,0.0,65.0,14.5,0
3571,10075.0,0,0,2020-03-09 13:00:00,6.8,0.0,0.0,0.0,0.0,0.0,12.6,0
3572,10003.0,0,0,2020-03-09 00:00:00,10.7,0.0,8.0,0.0,0.0,25.0,14.2,0
3573,10128.0,0,0,2020-03-09 06:00:00,7.1,0.0,18.0,0.0,0.0,61.0,15.2,0
3574,10026.0,1,0,2020-03-09 00:00:00,10.7,0.0,8.0,0.0,0.0,25.0,14.2,1
3575,10075.0,0,0,2020-03-09 12:00:00,5.0,0.0,0.0,0.0,0.0,0.0,12.2,0
3576,10011.0,0,0,2020-03-09 15:00:00,12.0,0.0,0.0,0.0,0.0,0.0,12.7,0
3577,10012.0,0,0,2020-03-09 12:00:00,5.0,0.0,0.0,0.0,0.0,0.0,12.2,0
3578,10021.0,0,0,2020-03-09 13:00:00,6.8,0.0,0.0,0.0,0.0,0.0,12.6,0
3579,10036.0,0,0,2020-03-09 10:00:00,5.3,0.0,0.0,0.0,0.0,0.0,11.5,0
3580,10036.0,0,0,2020-03-09 19:00:00,18.8,0.0,0.0,0.0,0.0,0.0,15.6,0
3581,10021.0,0,0,2020-03-09 07:00:00,7.2,0.0,21.0,0.0,0.0,71.0,15.0,0
3582,10022.0,0,0,2020-03-09 12:00:00,5.0,0.0,0.0,0.0,0.0,0.0,12.2,0
3583,10036.0,1,0,2020-03-09 09:00:00,6.2,0.0,5.0,0.0,0.0,17.0,14.0,1
3584,10019.0,0,0,2020-03-09 14:00:00,9.1,0.0,0.0,0.0,0.0,0.0,12.6,0
3585,10036.0,0,0,2020-03-09 14:00:00,9.1,0.0,0.0,0.0,0.0,0.0,12.6,0
3586,10040.0,1,0,2020-03-09 05:00:00,7.4,0.0,11.0,0.0,0.0,37.0,15.4,1
3587,10003.0,0,0,2020-03-09 14:00:00,9.1,0.0,0.0,0.0,0.0,0.0,12.6,0
3588,10019.0,0,0,2020-03-09 09:00:00,6.2,0.0,5.0,0.0,0.0,17.0,14.0,0
3589,10034.0,0,0,2020-03-09 12:00:00,5.0,0.0,0.0,0.0,0.0,0.0,12.2,0
3590,10022.0,0,0,2020-03-09 18:00:00,18.0,0.0,0.0,0.0,0.0,0.0,15.2,0
3591,10019.0,0,0,2020-03-09 22:00:00,16.7,0.0,2.0,0.0,0.0,6.0,10.6,0
3592,10013.0,0,0,2020-03-09 19:00:00,18.8,0.0,0.0,0.0,0.0,0.0,15.6,0
3593,10018.0,0,0,2020-03-09 08:00:00,6.7,0.0,20.0,0.0,0.0,65.0,14.5,0
3594,10036.0,0,0,2020-03-09 17:00:00,16.7,0.0,0.0,0.0,0.0,0.0,14.6,0
3595,10037.0,0,0,2020-03-09 07:00:00,7.2,0.0,21.0,0.0,0.0,71.0,15.0,0
3596,10017.0,2,0,2020-03-09 10:00:00,5.3,0.0,0.0,0.0,0.0,0.0,11.5,1
3597,10007.0,0,0,2020-03-09 13:00:00,6.8,0.0,0.0,0.0,0.0,0.0,12.6,0
3598,10014.0,0,0,2020-03-09 13:00:00,6.8,0.0,0.0,0.0,0.0,0.0,12.6,0
3599,10033.0,0,0,2020-03-09 13:00:00,6.8,0.0,0.0,0.0,0.0,0.0,12.6,0
3600,10035.0,0,0,2020-03-09 07:00:00,7.2,0.0,21.0,0.0,0.0,71.0,15.0,0
3601,10019.0,3,0,2020-03-09 23:00:00,15.9,0.0,21.0,0.0,0.0,70.0,11.2,1
3602,10001.0,0,0,2020-03-09 13:00:00,6.8,0.0,0.0,0.0,0.0,0.0,12.6,0
3603,10036.0,1,0,2020-03-09 12:00:00,5.0,0.0,0.0,0.0,0.0,0.0,12.2,1
3604,10002.0,1,0,2020-03-09 12:00:00,5.0,0.0,0.0,0.0,0.0,0.0,12.2,1
3605,10065.0,0,0,2020-03-09 09:00:00,6.2,0.0,5.0,0.0,0.0,17.0,14.0,0
3606,10016.0,0,0,2020-03-09 08:00:00,6.7,0.0,20.0,0.0,0.0,65.0,14.5,0
3607,10038.0,1,0,2020-03-09 16:00:00,14.4,0.0,0.0,0.0,0.0,0.0,13.8,1
3608,10033.0,0,0,2020-03-09 07:00:00,7.2,0.0,21.0,0.0,0.0,71.0,15.0,0
3609,10036.0,0,0,2020-03-09 23:00:00,15.9,0.0,21.0,0.0,0.0,70.0,11.2,0
3610,10013.0,1,0,2020-03-09 21:00:00,18.5,0.0,0.0,0.0,0.0,0.0,12.5,1
3611,10001.0,0,0,2020-03-09 10:00:00,5.3,0.0,0.0,0.0,0.0,0.0,11.5,0
3612,10036.0,0,0,2020-03-09 13:00:00,6.8,0.0,0.0,0.0,0.0,0.0,12.6,0
3613,10032.0,1,0,2020-03-09 09:00:00,6.2,0.0,5.0,0.0,0.0,17.0,14.0,1
3614,10016.0,0,0,2020-03-09 12:00:00,5.0,0.0,0.0,0.0,0.0,0.0,12.2,0
3615,10035.0,0,0,2020-03-09 09:00:00,6.2,0.0,5.0,0.0,0.0,17.0,14.0,0
3616,10002.0,0,0,2020-03-09 17:00:00,16.7,0.0,0.0,0.0,0.0,0.0,14.6,0
3617,10030.0,0,0,2020-03-09 18:00:00,18.0,0.0,0.0,0.0,0.0,0.0,15.2,0
3618,10016.0,0,0,2020-03-09 10:00:00,5.3,0.0,0.0,0.0,0.0,0.0,11.5,0
3619,10035.0,1,0,2020-03-09 15:00:00,12.0,0.0,0.0,0.0,0.0,0.0,12.7,1
3620,10036.0,0,0,2020-03-09 10:00:00,5.3,0.0,0.0,0.0,0.0,0.0,11.5,0
3621,10027.0,0,0,2020-03-09 10:00:00,5.3,0.0,0.0,0.0,0.0,0.0,11.5,0
3622,10028.0,0,0,2020-03-09 14:00:00,9.1,0.0,0.0,0.0,0.0,0.0,12.6,0
3623,10021.0,0,0,2020-03-09 18:00:00,18.0,0.0,0.0,0.0,0.0,0.0,15.2,0
3624,10023.0,0,0,2020-03-09 19:00:00,18.8,0.0,0.0,0.0,0.0,0.0,15.6,0
3625,10035.0,0,0,2020-03-09 11:00:00,5.3,0.0,0.0,0.0,0.0,0.0,11.3,0
3626,10022.0,0,0,2020-03-09 09:00:00,6.2,0.0,5.0,0.0,0.0,17.0,14.0,0
3627,10035.0,1,0,2020-03-09 11:00:00,5.3,0.0,0.0,0.0,0.0,0.0,11.3,1
3628,10021.0,1,0,2020-03-09 19:00:00,18.8,0.0,0.0,0.0,0.0,0.0,15.6,1
3629,10010.0,1,0,2020-03-09 08:00:00,6.7,0.0,20.0,0.0,0.0,65.0,14.5,1
3630,10035.0,1,0,2020-03-08 03:00:00,2.9,0.0,0.0,0.0,0.0,0.0,13.2,1
3631,10012.0,0,0,2020-03-08 13:00:00,1.5,0.0,4.0,0.0,7.0,0.0,9.4,0
3632,10034.0,0,0,2020-03-08 18:00:00,10.8,0.0,0.0,0.0,0.0,0.0,15.6,0
3633,10036.0,1,0,2020-03-08 15:00:00,7.1,0.0,0.0,0.0,0.0,0.0,10.5,1
3634,10035.0,0,0,2020-03-08 11:00:00,0.1,0.0,0.0,0.0,0.0,0.0,8.7,0
3635,10075.0,0,0,2020-03-08 09:00:00,0.9,0.0,4.0,0.0,7.0,0.0,9.8,0
3636,10128.0,0,0,2020-03-08 22:00:00,12.4,0.0,0.0,0.0,0.0,0.0,9.4,0
3637,10033.0,0,0,2020-03-08 03:00:00,2.9,0.0,0.0,0.0,0.0,0.0,13.2,0
3638,10029.0,0,0,2020-03-08 20:00:00,12.5,0.0,0.0,0.0,0.0,0.0,16.0,0
3639,10016.0,0,0,2020-03-08 00:00:00,5.7,0.0,0.0,0.0,0.0,0.0,10.5,0
3640,10034.0,0,0,2020-03-08 17:00:00,9.5,0.0,0.0,0.0,0.0,0.0,13.7,0
3641,10013.0,0,0,2020-03-08 12:00:00,0.1,0.0,4.0,0.0,6.0,0.0,10.1,0
3642,10039.0,0,0,2020-03-08 10:00:00,0.0,0.0,11.0,0.0,17.0,4.0,9.7,0
3643,10038.0,1,0,2020-03-08 14:00:00,3.7,0.0,1.0,0.0,1.0,0.0,10.4,1
3644,10013.0,0,0,2020-03-08 21:00:00,12.8,0.0,0.0,0.0,0.0,0.0,13.5,0
3645,10013.0,0,0,2020-03-08 14:00:00,3.7,0.0,1.0,0.0,1.0,0.0,10.4,0
3646,10038.0,2,0,2020-03-08 01:00:00,4.9,0.0,0.0,0.0,0.0,0.0,12.5,1
3647,10016.0,0,0,2020-03-08 03:00:00,2.9,0.0,0.0,0.0,0.0,0.0,13.2,0
3648,10075.0,0,0,2020-03-08 00:00:00,5.7,0.0,0.0,0.0,0.0,0.0,10.5,0
3649,10033.0,0,0,2020-03-08 18:00:00,10.8,0.0,0.0,0.0,0.0,0.0,15.6,0
3650,10013.0,0,0,2020-03-08 16:00:00,8.5,0.0,0.0,0.0,0.0,0.0,11.5,0
3651,10034.0,0,0,2020-03-08 21:00:00,12.8,0.0,0.0,0.0,0.0,0.0,13.5,0
3652,10036.0,1,0,2020-03-08 15:00:00,7.1,0.0,0.0,0.0,0.0,0.0,10.5,1
3653,10029.0,0,0,2020-03-08 19:00:00,11.8,0.0,0.0,0.0,0.0,0.0,16.3,0
3654,10027.0,0,0,2020-03-08 11:00:00,0.1,0.0,0.0,0.0,0.0,0.0,8.7,0
3655,10065.0,0,0,2020-03-08 15:00:00,7.1,0.0,0.0,0.0,0.0,0.0,10.5,0
3656,10003.0,1,0,2020-03-08 21:00:00,12.8,0.0,0.0,0.0,0.0,0.0,13.5,1
3657,10010.0,0,0,2020-03-08 03:00:00,2.9,0.0,0.0,0.0,0.0,0.0,13.2,0
3658,10001.0,1,0,2020-03-08 22:00:00,12.4,0.0,0.0,0.0,0.0,0.0,9.4,1
3659,10004.0,0,0,2020-03-08 00:00:00,5.7,0.0,0.0,0.0,0.0,0.0,10.5,0
3660,10033.0,0,0,2020-03-08 22:00:00,12.4,0.0,0.0,0.0,0.0,0.0,9.4,0
3661,10011.0,0,0,2020-03-08 00:00:00,5.7,0.0,0.0,0.0,0.0,0.0,10.5,0
3662,10029.0,0,0,2020-03-08 13:00:00,1.5,0.0,4.0,0.0,7.0,0.0,9.4,0
3663,10022.0,0,0,2020-03-08 00:00:00,5.7,0.0,0.0,0.0,0.0,0.0,10.5,0
3664,10001.0,0,0,2020-03-08 14:00:00,3.7,0.0,1.0,0.0,1.0,0.0,10.4,0
3665,10032.0,1,0,2020-03-08 08:00:00,1.2,0.0,6.0,0.0,10.0,1.0,9.7,1
3666,10001.0,1,0,2020-03-08 21:00:00,12.8,0.0,0.0,0.0,0.0,0.0,13.5,1
3667,10034.0,1,0,2020-03-08 16:00:00,8.5,0.0,0.0,0.0,0.0,0.0,11.5,1
3668,10002.0,0,0,2020-03-08 03:00:00,2.9,0.0,0.0,0.0,0.0,0.0,13.2,0
3669,10036.0,0,0,2020-03-08 05:00:00,1.9,0.0,0.0,0.0,0.0,0.0,12.0,0
3670,10011.0,0,0,2020-03-08 16:00:00,8.5,0.0,0.0,0.0,0.0,0.0,11.5,0
3671,10002.0,0,0,2020-03-08 18:00:00,10.8,0.0,0.0,0.0,0.0,0.0,15.6,0
3672,10019.0,0,0,2020-03-08 10:00:00,0.0,0.0,11.0,0.0,17.0,4.0,9.7,0
3673,10039.0,0,0,2020-03-08 06:00:00,1.7,0.0,0.0,0.0,0.0,0.0,10.4,0
3674,10012.0,1,0,2020-03-08 22:00:00,12.4,0.0,0.0,0.0,0.0,0.0,9.4,1
3675,10022.0,0,0,2020-03-08 18:00:00,10.8,0.0,0.0,0.0,0.0,0.0,15.6,0
3676,10002.0,1,0,2020-03-08 03:00:00,2.9,0.0,0.0,0.0,0.0,0.0,13.2,1
3677,10035.0,0,0,2020-03-08 08:00:00,1.2,0.0,6.0,0.0,10.0,1.0,9.7,0
3678,10033.0,0,0,2020-03-07 13:00:00,2.3,0.0,50.0,23.0,0.0,99.0,20.3,0
3679,10007.0,0,0,2020-03-07 09:00:00,2.4,0.0,82.0,5.0,79.0,100.0,17.0,0
3680,10013.0,0,0,2020-03-07 15:00:00,3.8,0.0,6.0,0.0,0.0,21.0,26.1,0
3681,10034.0,0,0,2020-03-07 14:00:00,2.5,0.0,24.0,12.0,4.0,37.0,26.4,0
3682,10038.0,0,0,2020-03-07 11:00:00,1.9,0.0,74.0,30.0,29.0,100.0,17.4,0
3683,10010.0,0,0,2020-03-07 20:00:00,7.6,0.0,0.0,0.0,0.0,0.0,21.4,0
3684,10019.0,0,0,2020-03-07 01:00:00,4.3,0.2,100.0,27.0,100.0,100.0,12.8,0
3685,10016.0,0,0,2020-03-07 02:00:00,3.8,0.0,97.0,9.0,98.0,100.0,12.2,0
3686,10024.0,0,0,2020-03-07 15:00:00,3.8,0.0,6.0,0.0,0.0,21.0,26.1,0
3687,10035.0,0,0,2020-03-07 14:00:00,2.5,0.0,24.0,12.0,4.0,37.0,26.4,0
3688,10003.0,1,0,2020-03-07 21:00:00,7.9,0.0,0.0,0.0,0.0,0.0,19.5,1
3689,10035.0,1,0,2020-03-07 22:00:00,7.2,0.0,0.0,0.0,0.0,0.0,11.2,1
3690,10013.0,0,0,2020-03-07 10:00:00,2.0,0.0,77.0,12.0,61.0,100.0,16.0,0
3691,10022.0,0,0,2020-03-07 11:00:00,1.9,0.0,74.0,30.0,29.0,100.0,17.4,0
3692,10011.0,0,0,2020-03-07 08:00:00,2.9,0.0,81.0,0.0,85.0,100.0,15.3,0
3693,10028.0,0,0,2020-03-07 17:00:00,5.5,0.0,0.0,0.0,0.0,0.0,25.2,0
3694,10002.0,0,0,2020-03-07 22:00:00,7.2,0.0,0.0,0.0,0.0,0.0,11.2,0
3695,10023.0,0,0,2020-03-07 21:00:00,7.9,0.0,0.0,0.0,0.0,0.0,19.5,0
3696,10019.0,0,0,2020-03-07 12:00:00,1.9,0.0,79.0,54.0,0.0,100.0,19.8,0
3697,10128.0,5,0,2020-03-07 11:00:00,1.9,0.0,74.0,30.0,29.0,100.0,17.4,1
3698,10036.0,1,0,2020-03-07 12:00:00,1.9,0.0,79.0,54.0,0.0,100.0,19.8,1
3699,10012.0,0,0,2020-03-07 21:00:00,7.9,0.0,0.0,0.0,0.0,0.0,19.5,0
3700,10029.0,0,0,2020-03-07 19:00:00,7.0,0.0,0.0,0.0,0.0,0.0,22.2,0
3701,10003.0,1,0,2020-03-07 19:00:00,7.0,0.0,0.0,0.0,0.0,0.0,22.2,1
3702,10013.0,0,0,2020-03-07 12:00:00,1.9,0.0,79.0,54.0,0.0,100.0,19.8,0
3703,10002.0,0,0,2020-03-07 02:00:00,3.8,0.0,97.0,9.0,98.0,100.0,12.2,0
3704,10021.0,0,0,2020-03-07 14:00:00,2.5,0.0,24.0,12.0,4.0,37.0,26.4,0
3705,10035.0,0,0,2020-03-07 14:00:00,2.5,0.0,24.0,12.0,4.0,37.0,26.4,0
3706,10036.0,1,0,2020-03-07 09:00:00,2.4,0.0,82.0,5.0,79.0,100.0,17.0,1
3707,10017.0,1,0,2020-03-07 17:00:00,5.5,0.0,0.0,0.0,0.0,0.0,25.2,1
3708,10022.0,0,0,2020-03-07 15:00:00,3.8,0.0,6.0,0.0,0.0,21.0,26.1,0
3709,10001.0,0,0,2020-03-07 23:00:00,6.3,0.0,0.0,0.0,0.0,0.0,8.7,0
3710,10013.0,0,0,2020-03-07 06:00:00,3.0,0.0,100.0,25.0,98.0,100.0,14.5,0
3711,10002.0,0,0,2020-03-07 04:00:00,3.3,0.0,99.0,11.0,98.0,100.0,12.6,0
3712,10027.0,0,0,2020-03-07 19:00:00,7.0,0.0,0.0,0.0,0.0,0.0,22.2,0
3713,10033.0,0,0,2020-03-07 15:00:00,3.8,0.0,6.0,0.0,0.0,21.0,26.1,0
3714,10002.0,1,0,2020-03-07 23:00:00,6.3,0.0,0.0,0.0,0.0,0.0,8.7,1
3715,10011.0,0,0,2020-03-07 13:00:00,2.3,0.0,50.0,23.0,0.0,99.0,20.3,0
3716,10013.0,0,0,2020-03-07 22:00:00,7.2,0.0,0.0,0.0,0.0,0.0,11.2,0
3717,10027.0,0,0,2020-03-07 16:00:00,4.4,0.0,0.0,0.0,0.0,0.0,26.1,0
3718,10009.0,0,0,2020-03-07 00:00:00,4.3,0.6,100.0,25.0,100.0,100.0,12.9,0
3719,10016.0,0,0,2020-03-07 21:00:00,7.9,0.0,0.0,0.0,0.0,0.0,19.5,0
3720,10036.0,0,0,2020-03-07 14:00:00,2.5,0.0,24.0,12.0,4.0,37.0,26.4,0
3721,10016.0,0,0,2020-03-07 08:00:00,2.9,0.0,81.0,0.0,85.0,100.0,15.3,0
3722,10002.0,0,0,2020-03-07 00:00:00,4.3,0.6,100.0,25.0,100.0,100.0,12.9,0
3723,10035.0,0,0,2020-03-07 15:00:00,3.8,0.0,6.0,0.0,0.0,21.0,26.1,0
3724,10007.0,0,0,2020-03-07 19:00:00,7.0,0.0,0.0,0.0,0.0,0.0,22.2,0
3725,10023.0,0,0,2020-03-07 14:00:00,2.5,0.0,24.0,12.0,4.0,37.0,26.4,0
3726,10003.0,0,0,2020-03-07 09:00:00,2.4,0.0,82.0,5.0,79.0,100.0,17.0,0
3727,10028.0,0,0,2020-03-07 12:00:00,1.9,0.0,79.0,54.0,0.0,100.0,19.8,0
3728,10010.0,1,0,2020-03-06 23:00:00,4.6,0.9,100.0,22.0,100.0,100.0,12.7,1
3729,10019.0,0,0,2020-03-06 09:00:00,3.4,0.0,5.0,0.0,0.0,15.0,6.4,0
3730,10034.0,0,0,2020-03-06 16:00:00,7.1,0.0,75.0,7.0,100.0,30.0,10.6,0
3731,10035.0,0,0,2020-03-06 02:00:00,5.0,0.0,29.0,0.0,0.0,97.0,9.1,0
3732,10017.0,0,0,2020-03-06 20:00:00,6.3,0.5,90.0,0.0,100.0,100.0,14.8,0
3733,10007.0,0,0,2020-03-06 18:00:00,7.2,0.5,100.0,40.0,100.0,96.0,10.7,0
3734,10033.0,0,0,2020-03-06 18:00:00,7.2,0.5,100.0,40.0,100.0,96.0,10.7,0
3735,10036.0,0,0,2020-03-06 10:00:00,2.6,0.0,4.0,0.0,0.0,12.0,6.2,0
3736,10002.0,1,0,2020-03-06 14:00:00,4.9,0.0,54.0,1.0,88.0,0.0,12.0,1
3737,10013.0,0,0,2020-03-06 18:00:00,7.2,0.5,100.0,40.0,100.0,96.0,10.7,0
3738,10018.0,0,0,2020-03-06 09:00:00,3.4,0.0,5.0,0.0,0.0,15.0,6.4,0
3739,10019.0,1,0,2020-03-06 20:00:00,6.3,0.5,90.0,0.0,100.0,100.0,14.8,1
3740,10041.0,0,0,2020-03-06 11:00:00,2.4,0.0,3.0,0.0,0.0,9.0,8.1,0
3741,10025.0,0,0,2020-03-06 15:00:00,6.5,0.0,69.0,3.0,100.0,22.0,12.0,0
3742,10010.0,0,0,2020-03-06 09:00:00,3.4,0.0,5.0,0.0,0.0,15.0,6.4,0
3743,10021.0,0,0,2020-03-06 12:00:00,2.1,0.0,8.0,1.0,11.0,0.0,10.7,0
3744,10030.0,0,0,2020-03-06 08:00:00,3.6,0.0,16.0,0.0,0.0,52.0,6.2,0
3745,10023.0,0,0,2020-03-06 14:00:00,4.9,0.0,54.0,1.0,88.0,0.0,12.0,0
3746,10014.0,0,0,2020-03-06 07:00:00,3.6,0.0,26.0,0.0,0.0,88.0,8.0,0
3747,10128.0,0,0,2020-03-06 11:00:00,2.4,0.0,3.0,0.0,0.0,9.0,8.1,0
3748,10023.0,0,0,2020-03-06 19:00:00,7.0,0.5,90.0,0.0,100.0,99.0,13.0,0
3749,10010.0,0,0,2020-03-06 18:00:00,7.2,0.5,100.0,40.0,100.0,96.0,10.7,0
3750,10022.0,0,0,2020-03-06 11:00:00,2.4,0.0,3.0,0.0,0.0,9.0,8.1,0
3751,10033.0,0,0,2020-03-06 17:00:00,6.9,0.2,91.0,15.0,100.0,57.0,10.6,0
3752,10075.0,0,0,2020-03-06 14:00:00,4.9,0.0,54.0,1.0,88.0,0.0,12.0,0
3753,10027.0,0,0,2020-03-06 17:00:00,6.9,0.2,91.0,15.0,100.0,57.0,10.6,0
3754,10016.0,0,0,2020-03-06 12:00:00,2.1,0.0,8.0,1.0,11.0,0.0,10.7,0
3755,10035.0,0,0,2020-03-06 00:00:00,6.9,0.0,29.0,0.0,0.0,95.0,8.9,0
3756,10039.0,1,0,2020-03-06 22:00:00,4.7,0.7,100.0,26.0,100.0,100.0,11.2,1
3757,10003.0,0,0,2020-03-06 13:00:00,3.0,0.0,28.0,1.0,45.0,0.0,10.2,0
3758,10001.0,0,0,2020-03-06 13:00:00,3.0,0.0,28.0,1.0,45.0,0.0,10.2,0
3759,10017.0,0,0,2020-03-06 20:00:00,6.3,0.5,90.0,0.0,100.0,100.0,14.8,0
3760,10036.0,0,0,2020-03-06 00:00:00,6.9,0.0,29.0,0.0,0.0,95.0,8.9,0
3761,10032.0,0,0,2020-03-06 21:00:00,5.4,0.6,100.0,22.0,100.0,100.0,12.3,0
3762,10002.0,1,0,2020-03-06 21:00:00,5.4,0.6,100.0,22.0,100.0,100.0,12.3,1
3763,10035.0,0,0,2020-03-06 10:00:00,2.6,0.0,4.0,0.0,0.0,12.0,6.2,0
3764,10028.0,0,0,2020-03-06 04:00:00,3.8,0.0,28.0,0.0,0.0,92.0,7.4,0
3765,10030.0,0,0,2020-03-06 13:00:00,3.0,0.0,28.0,1.0,45.0,0.0,10.2,0
3766,10001.0,0,0,2020-03-06 18:00:00,7.2,0.5,100.0,40.0,100.0,96.0,10.7,0
3767,10003.0,0,0,2020-03-06 20:00:00,6.3,0.5,90.0,0.0,100.0,100.0,14.8,0
3768,10009.0,0,0,2020-03-06 21:00:00,5.4,0.6,100.0,22.0,100.0,100.0,12.3,0
3769,10019.0,0,0,2020-03-06 14:00:00,4.9,0.0,54.0,1.0,88.0,0.0,12.0,0
3770,10013.0,0,0,2020-03-06 17:00:00,6.9,0.2,91.0,15.0,100.0,57.0,10.6,0
3771,10002.0,0,0,2020-03-06 13:00:00,3.0,0.0,28.0,1.0,45.0,0.0,10.2,0
3772,10019.0,0,0,2020-03-06 14:00:00,4.9,0.0,54.0,1.0,88.0,0.0,12.0,0
3773,10022.0,0,0,2020-03-06 09:00:00,3.4,0.0,5.0,0.0,0.0,15.0,6.4,0
3774,10009.0,1,0,2020-03-06 00:00:00,6.9,0.0,29.0,0.0,0.0,95.0,8.9,1
3775,10037.0,0,0,2020-03-06 10:00:00,2.6,0.0,4.0,0.0,0.0,12.0,6.2,0
3776,10032.0,0,0,2020-03-06 18:00:00,7.2,0.5,100.0,40.0,100.0,96.0,10.7,0
3777,10065.0,0,0,2020-03-06 06:00:00,3.4,0.0,27.0,0.0,0.0,89.0,10.2,0
3778,10035.0,0,0,2020-03-06 11:00:00,2.4,0.0,3.0,0.0,0.0,9.0,8.1,0
3779,10035.0,0,0,2020-03-06 17:00:00,6.9,0.2,91.0,15.0,100.0,57.0,10.6,0
3780,10002.0,1,0,2020-03-06 18:00:00,7.2,0.5,100.0,40.0,100.0,96.0,10.7,1
3781,10035.0,0,0,2020-03-06 23:00:00,4.6,0.9,100.0,22.0,100.0,100.0,12.7,0
3782,10019.0,1,0,2020-03-06 21:00:00,5.4,0.6,100.0,22.0,100.0,100.0,12.3,1
3783,10019.0,0,0,2020-03-06 20:00:00,6.3,0.5,90.0,0.0,100.0,100.0,14.8,0
3784,10032.0,0,0,2020-03-06 15:00:00,6.5,0.0,69.0,3.0,100.0,22.0,12.0,0
3785,10001.0,0,0,2020-03-06 21:00:00,5.4,0.6,100.0,22.0,100.0,100.0,12.3,0
3786,10019.0,0,0,2020-03-06 23:00:00,4.6,0.9,100.0,22.0,100.0,100.0,12.7,0
3787,10002.0,0,0,2020-03-06 16:00:00,7.1,0.0,75.0,7.0,100.0,30.0,10.6,0
3788,10003.0,0,0,2020-03-06 23:00:00,4.6,0.9,100.0,22.0,100.0,100.0,12.7,0
3789,10017.0,0,0,2020-03-06 04:00:00,3.8,0.0,28.0,0.0,0.0,92.0,7.4,0
3790,10013.0,0,0,2020-03-06 09:00:00,3.4,0.0,5.0,0.0,0.0,15.0,6.4,0
3791,10033.0,0,0,2020-03-06 16:00:00,7.1,0.0,75.0,7.0,100.0,30.0,10.6,0
3792,10019.0,0,0,2020-03-06 07:00:00,3.6,0.0,26.0,0.0,0.0,88.0,8.0,0
3793,10014.0,0,0,2020-03-06 14:00:00,4.9,0.0,54.0,1.0,88.0,0.0,12.0,0
3794,10013.0,0,0,2020-03-06 18:00:00,7.2,0.5,100.0,40.0,100.0,96.0,10.7,0
3795,10016.0,0,0,2020-03-06 19:00:00,7.0,0.5,90.0,0.0,100.0,99.0,13.0,0
3796,10278.0,0,0,2020-03-06 10:00:00,2.6,0.0,4.0,0.0,0.0,12.0,6.2,0
3797,10029.0,0,0,2020-03-06 05:00:00,3.8,0.0,29.0,0.0,0.0,95.0,9.4,0
3798,10003.0,0,0,2020-03-06 22:00:00,4.7,0.7,100.0,26.0,100.0,100.0,11.2,0
3799,10003.0,0,0,2020-03-06 11:00:00,2.4,0.0,3.0,0.0,0.0,9.0,8.1,0
3800,10029.0,1,0,2020-03-06 21:00:00,5.4,0.6,100.0,22.0,100.0,100.0,12.3,1
3801,10033.0,0,0,2020-03-06 14:00:00,4.9,0.0,54.0,1.0,88.0,0.0,12.0,0
3802,10001.0,0,0,2020-03-06 22:00:00,4.7,0.7,100.0,26.0,100.0,100.0,11.2,0
3803,10001.0,0,0,2020-03-06 10:00:00,2.6,0.0,4.0,0.0,0.0,12.0,6.2,0
3804,10003.0,0,0,2020-03-06 02:00:00,5.0,0.0,29.0,0.0,0.0,97.0,9.1,0
3805,10018.0,0,0,2020-03-06 17:00:00,6.9,0.2,91.0,15.0,100.0,57.0,10.6,0
3806,10003.0,0,0,2020-03-06 09:00:00,3.4,0.0,5.0,0.0,0.0,15.0,6.4,0
3807,10019.0,0,0,2020-03-06 21:00:00,5.4,0.6,100.0,22.0,100.0,100.0,12.3,0
3808,10010.0,0,0,2020-03-06 23:00:00,4.6,0.9,100.0,22.0,100.0,100.0,12.7,0
3809,10033.0,0,0,2020-03-06 18:00:00,7.2,0.5,100.0,40.0,100.0,96.0,10.7,0
3810,10001.0,0,0,2020-03-06 23:00:00,4.6,0.9,100.0,22.0,100.0,100.0,12.7,0
3811,10029.0,0,0,2020-03-06 22:00:00,4.7,0.7,100.0,26.0,100.0,100.0,11.2,0
3812,10023.0,0,0,2020-03-06 18:00:00,7.2,0.5,100.0,40.0,100.0,96.0,10.7,0
3813,10033.0,0,0,2020-03-06 18:00:00,7.2,0.5,100.0,40.0,100.0,96.0,10.7,0
3814,10075.0,0,0,2020-03-06 22:00:00,4.7,0.7,100.0,26.0,100.0,100.0,11.2,0
3815,10003.0,0,0,2020-03-06 07:00:00,3.6,0.0,26.0,0.0,0.0,88.0,8.0,0
3816,10019.0,0,0,2020-03-06 18:00:00,7.2,0.5,100.0,40.0,100.0,96.0,10.7,0
3817,10128.0,1,0,2020-03-06 17:00:00,6.9,0.2,91.0,15.0,100.0,57.0,10.6,1
3818,10014.0,0,0,2020-03-06 11:00:00,2.4,0.0,3.0,0.0,0.0,9.0,8.1,0
3819,10013.0,0,0,2020-03-06 13:00:00,3.0,0.0,28.0,1.0,45.0,0.0,10.2,0
3820,10031.0,0,0,2020-03-06 16:00:00,7.1,0.0,75.0,7.0,100.0,30.0,10.6,0
3821,10001.0,0,0,2020-03-06 16:00:00,7.1,0.0,75.0,7.0,100.0,30.0,10.6,0
3822,10032.0,0,0,2020-03-06 15:00:00,6.5,0.0,69.0,3.0,100.0,22.0,12.0,0
3823,10024.0,0,0,2020-03-06 00:00:00,6.9,0.0,29.0,0.0,0.0,95.0,8.9,0
3824,10036.0,0,0,2020-03-06 17:00:00,6.9,0.2,91.0,15.0,100.0,57.0,10.6,0
3825,10022.0,0,0,2020-03-05 13:00:00,4.6,0.0,0.0,0.0,0.0,0.0,9.2,0
3826,10001.0,0,0,2020-03-05 14:00:00,5.4,0.0,0.0,0.0,0.0,0.0,14.0,0
3827,10021.0,1,0,2020-03-05 18:00:00,7.9,0.0,3.0,0.0,0.0,11.0,6.2,1
3828,10035.0,0,0,2020-03-05 16:00:00,7.3,0.0,0.0,0.0,0.0,0.0,9.2,0
3829,10036.0,0,0,2020-03-05 16:00:00,7.3,0.0,0.0,0.0,0.0,0.0,9.2,0
3830,10018.0,1,0,2020-03-05 18:00:00,7.9,0.0,3.0,0.0,0.0,11.0,6.2,1
3831,10013.0,0,0,2020-03-05 13:00:00,4.6,0.0,0.0,0.0,0.0,0.0,9.2,0
3832,10019.0,0,0,2020-03-05 11:00:00,3.9,0.0,0.0,0.0,0.0,0.0,10.9,0
3833,10012.0,0,0,2020-03-05 10:00:00,4.0,0.0,0.0,0.0,0.0,0.0,16.1,0
3834,10002.0,0,0,2020-03-05 08:00:00,5.9,0.0,0.0,0.0,0.0,0.0,17.8,0
3835,10003.0,0,0,2020-03-05 12:00:00,4.0,0.0,0.0,0.0,0.0,0.0,9.9,0
3836,10034.0,0,0,2020-03-05 13:00:00,4.6,0.0,0.0,0.0,0.0,0.0,9.2,0
3837,10032.0,1,0,2020-03-05 21:00:00,8.8,0.0,29.0,0.0,0.0,97.0,6.1,1
3838,10024.0,0,0,2020-03-05 19:00:00,8.3,0.0,3.0,0.0,0.0,10.0,6.6,0
3839,10016.0,0,0,2020-03-05 09:00:00,5.2,0.0,0.0,0.0,0.0,0.0,17.6,0
3840,10019.0,0,0,2020-03-05 19:00:00,8.3,0.0,3.0,0.0,0.0,10.0,6.6,0
3841,10035.0,1,0,2020-03-05 23:00:00,8.1,0.0,29.0,0.0,0.0,97.0,8.1,1
3842,10016.0,0,0,2020-03-05 18:00:00,7.9,0.0,3.0,0.0,0.0,11.0,6.2,0
3843,10128.0,0,0,2020-03-05 22:00:00,8.2,0.0,29.0,0.0,0.0,98.0,5.6,0
3844,10003.0,0,0,2020-03-05 12:00:00,4.0,0.0,0.0,0.0,0.0,0.0,9.9,0
3845,10022.0,0,0,2020-03-05 17:00:00,7.7,0.0,0.0,0.0,0.0,1.0,6.9,0
3846,10022.0,0,0,2020-03-05 13:00:00,4.6,0.0,0.0,0.0,0.0,0.0,9.2,0
3847,10003.0,0,0,2020-03-05 14:00:00,5.4,0.0,0.0,0.0,0.0,0.0,14.0,0
3848,10018.0,0,0,2020-03-05 22:00:00,8.2,0.0,29.0,0.0,0.0,98.0,5.6,0
3849,10032.0,4,0,2020-03-05 10:00:00,4.0,0.0,0.0,0.0,0.0,0.0,16.1,1
3850,10016.0,0,0,2020-03-05 00:00:00,10.5,0.0,36.0,0.0,60.0,0.0,10.5,0
3851,10002.0,1,0,2020-03-05 16:00:00,7.3,0.0,0.0,0.0,0.0,0.0,9.2,1
3852,10035.0,2,0,2020-03-05 13:00:00,4.6,0.0,0.0,0.0,0.0,0.0,9.2,1
3853,10036.0,0,0,2020-03-05 08:00:00,5.9,0.0,0.0,0.0,0.0,0.0,17.8,0
3854,10030.0,0,0,2020-03-05 17:00:00,7.7,0.0,0.0,0.0,0.0,1.0,6.9,0
3855,10012.0,0,0,2020-03-05 20:00:00,8.6,0.0,22.0,0.0,0.0,72.0,7.2,0
3856,10001.0,0,0,2020-03-05 11:00:00,3.9,0.0,0.0,0.0,0.0,0.0,10.9,0
3857,10001.0,1,0,2020-03-05 15:00:00,6.8,0.0,0.0,0.0,0.0,0.0,12.0,1
3858,10006.0,0,0,2020-03-05 20:00:00,8.6,0.0,22.0,0.0,0.0,72.0,7.2,0
3859,10012.0,0,0,2020-03-05 00:00:00,10.5,0.0,36.0,0.0,60.0,0.0,10.5,0
3860,10026.0,0,0,2020-03-05 10:00:00,4.0,0.0,0.0,0.0,0.0,0.0,16.1,0
3861,10036.0,0,0,2020-03-05 16:00:00,7.3,0.0,0.0,0.0,0.0,0.0,9.2,0
3862,10001.0,0,0,2020-03-05 17:00:00,7.7,0.0,0.0,0.0,0.0,1.0,6.9,0
3863,10037.0,0,0,2020-03-05 13:00:00,4.6,0.0,0.0,0.0,0.0,0.0,9.2,0
3864,10013.0,0,0,2020-03-05 14:00:00,5.4,0.0,0.0,0.0,0.0,0.0,14.0,0
3865,10001.0,0,0,2020-03-05 11:00:00,3.9,0.0,0.0,0.0,0.0,0.0,10.9,0
3866,10065.0,0,0,2020-03-05 12:00:00,4.0,0.0,0.0,0.0,0.0,0.0,9.9,0
3867,10022.0,0,0,2020-03-05 17:00:00,7.7,0.0,0.0,0.0,0.0,1.0,6.9,0
3868,10002.0,0,0,2020-03-05 14:00:00,5.4,0.0,0.0,0.0,0.0,0.0,14.0,0
3869,10004.0,0,0,2020-03-05 14:00:00,5.4,0.0,0.0,0.0,0.0,0.0,14.0,0
3870,10017.0,0,0,2020-03-05 19:00:00,8.3,0.0,3.0,0.0,0.0,10.0,6.6,0
3871,10003.0,0,0,2020-03-05 05:00:00,7.9,0.0,16.0,0.0,26.0,0.0,10.7,0
3872,10016.0,0,0,2020-03-05 10:00:00,4.0,0.0,0.0,0.0,0.0,0.0,16.1,0
3873,10019.0,0,0,2020-03-05 14:00:00,5.4,0.0,0.0,0.0,0.0,0.0,14.0,0
3874,10036.0,0,0,2020-03-05 08:00:00,5.9,0.0,0.0,0.0,0.0,0.0,17.8,0
3875,10037.0,0,0,2020-03-05 11:00:00,3.9,0.0,0.0,0.0,0.0,0.0,10.9,0
3876,10035.0,0,0,2020-03-05 11:00:00,3.9,0.0,0.0,0.0,0.0,0.0,10.9,0
3877,10024.0,0,0,2020-03-05 17:00:00,7.7,0.0,0.0,0.0,0.0,1.0,6.9,0
3878,10032.0,0,0,2020-03-05 04:00:00,8.6,0.0,6.0,0.0,10.0,0.0,9.1,0
3879,10018.0,1,0,2020-03-05 20:00:00,8.6,0.0,22.0,0.0,0.0,72.0,7.2,1
3880,10021.0,0,0,2020-03-05 12:00:00,4.0,0.0,0.0,0.0,0.0,0.0,9.9,0
3881,10033.0,0,0,2020-03-05 13:00:00,4.6,0.0,0.0,0.0,0.0,0.0,9.2,0
3882,10029.0,0,0,2020-03-05 10:00:00,4.0,0.0,0.0,0.0,0.0,0.0,16.1,0
3883,10017.0,1,0,2020-03-05 22:00:00,8.2,0.0,29.0,0.0,0.0,98.0,5.6,1
3884,10002.0,1,0,2020-03-05 16:00:00,7.3,0.0,0.0,0.0,0.0,0.0,9.2,1
3885,10016.0,0,0,2020-03-05 10:00:00,4.0,0.0,0.0,0.0,0.0,0.0,16.1,0
3886,10002.0,0,0,2020-03-05 06:00:00,7.1,0.0,4.0,0.0,6.0,0.0,14.0,0
3887,10018.0,0,0,2020-03-05 12:00:00,4.0,0.0,0.0,0.0,0.0,0.0,9.9,0
3888,10002.0,0,0,2020-03-05 12:00:00,4.0,0.0,0.0,0.0,0.0,0.0,9.9,0
3889,10017.0,0,0,2020-03-05 19:00:00,8.3,0.0,3.0,0.0,0.0,10.0,6.6,0
3890,10024.0,0,0,2020-03-05 13:00:00,4.6,0.0,0.0,0.0,0.0,0.0,9.2,0
3891,10019.0,0,0,2020-03-04 17:00:00,11.0,0.0,38.0,2.0,61.0,0.0,29.4,0
3892,10025.0,0,0,2020-03-04 13:00:00,7.5,0.0,56.0,62.0,0.0,0.0,20.5,0
3893,10022.0,0,0,2020-03-04 17:00:00,11.0,0.0,38.0,2.0,61.0,0.0,29.4,0
3894,10024.0,0,0,2020-03-04 09:00:00,7.6,0.0,0.0,0.0,0.0,0.0,20.6,0
3895,10128.0,0,0,2020-03-04 14:00:00,8.2,0.0,82.0,91.0,0.0,0.0,25.2,0
3896,10031.0,0,0,2020-03-04 08:00:00,8.2,0.0,0.0,0.0,0.0,0.0,20.2,0
3897,10029.0,0,0,2020-03-04 08:00:00,8.2,0.0,0.0,0.0,0.0,0.0,20.2,0
3898,10002.0,1,0,2020-03-04 12:00:00,6.8,0.0,10.0,11.0,0.0,0.0,19.2,1
3899,10023.0,1,0,2020-03-04 08:00:00,8.2,0.0,0.0,0.0,0.0,0.0,20.2,1
3900,10027.0,0,0,2020-03-04 21:00:00,12.2,0.0,4.0,0.0,7.0,0.0,22.0,0
3901,10032.0,0,0,2020-03-04 06:00:00,9.1,0.0,1.0,0.0,1.0,0.0,22.7,0
3902,10007.0,0,0,2020-03-04 20:00:00,12.1,0.0,46.0,0.0,77.0,0.0,25.3,0
3903,10003.0,0,0,2020-03-04 11:00:00,7.1,0.0,0.0,0.0,0.0,0.0,19.9,0
3904,10001.0,1,0,2020-03-04 20:00:00,12.1,0.0,46.0,0.0,77.0,0.0,25.3,1
3905,10019.0,1,0,2020-03-04 18:00:00,11.0,0.0,22.0,0.0,37.0,0.0,27.5,1
3906,10007.0,0,0,2020-03-04 15:00:00,9.1,0.0,18.0,20.0,0.0,0.0,27.1,0
3907,10011.0,0,0,2020-03-04 10:00:00,7.1,0.0,0.0,0.0,0.0,0.0,19.7,0
3908,10065.0,0,0,2020-03-04 11:00:00,7.1,0.0,0.0,0.0,0.0,0.0,19.9,0
3909,10022.0,0,0,2020-03-04 13:00:00,7.5,0.0,56.0,62.0,0.0,0.0,20.5,0
3910,10040.0,1,0,2020-03-04 20:00:00,12.1,0.0,46.0,0.0,77.0,0.0,25.3,1
3911,10019.0,0,0,2020-03-04 18:00:00,11.0,0.0,22.0,0.0,37.0,0.0,27.5,0
3912,10013.0,0,0,2020-03-04 13:00:00,7.5,0.0,56.0,62.0,0.0,0.0,20.5,0
3913,10001.0,1,0,2020-03-04 15:00:00,9.1,0.0,18.0,20.0,0.0,0.0,27.1,1
3914,10018.0,0,0,2020-03-04 14:00:00,8.2,0.0,82.0,91.0,0.0,0.0,25.2,0
3915,10013.0,0,0,2020-03-04 06:00:00,9.1,0.0,1.0,0.0,1.0,0.0,22.7,0
3916,10019.0,1,0,2020-03-04 18:00:00,11.0,0.0,22.0,0.0,37.0,0.0,27.5,1
3917,10011.0,0,0,2020-03-04 16:00:00,9.9,0.0,25.0,11.0,25.0,1.0,28.2,0
3918,10017.0,0,0,2020-03-04 22:00:00,11.5,0.0,6.0,0.0,9.0,2.0,14.0,0
3919,10036.0,0,0,2020-03-04 20:00:00,12.1,0.0,46.0,0.0,77.0,0.0,25.3,0
3920,10033.0,0,0,2020-03-04 23:00:00,11.0,0.0,65.0,0.0,100.0,15.0,13.0,0
3921,10032.0,1,0,2020-03-04 20:00:00,12.1,0.0,46.0,0.0,77.0,0.0,25.3,1
3922,10019.0,0,0,2020-03-04 10:00:00,7.1,0.0,0.0,0.0,0.0,0.0,19.7,0
3923,10017.0,0,0,2020-03-04 11:00:00,7.1,0.0,0.0,0.0,0.0,0.0,19.9,0
3924,10027.0,1,0,2020-03-04 15:00:00,9.1,0.0,18.0,20.0,0.0,0.0,27.1,1
3925,10010.0,0,0,2020-03-04 09:00:00,7.6,0.0,0.0,0.0,0.0,0.0,20.6,0
3926,10012.0,0,0,2020-03-04 03:00:00,10.6,1.0,100.0,77.0,96.0,43.0,17.2,0
3927,10016.0,0,0,2020-03-04 12:00:00,6.8,0.0,10.0,11.0,0.0,0.0,19.2,0
3928,10001.0,0,0,2020-03-04 11:00:00,7.1,0.0,0.0,0.0,0.0,0.0,19.9,0
3929,10022.0,0,0,2020-03-04 06:00:00,9.1,0.0,1.0,0.0,1.0,0.0,22.7,0
3930,10001.0,2,0,2020-03-04 12:00:00,6.8,0.0,10.0,11.0,0.0,0.0,19.2,1
3931,10128.0,0,0,2020-03-04 07:00:00,8.6,0.0,0.0,0.0,0.0,0.0,20.6,0
3932,10029.0,0,0,2020-03-04 17:00:00,11.0,0.0,38.0,2.0,61.0,0.0,29.4,0
3933,10011.0,0,0,2020-03-04 15:00:00,9.1,0.0,18.0,20.0,0.0,0.0,27.1,0
3934,10036.0,0,0,2020-03-04 22:00:00,11.5,0.0,6.0,0.0,9.0,2.0,14.0,0
3935,10009.0,0,0,2020-03-04 10:00:00,7.1,0.0,0.0,0.0,0.0,0.0,19.7,0
3936,10128.0,0,0,2020-03-04 07:00:00,8.6,0.0,0.0,0.0,0.0,0.0,20.6,0
3937,10013.0,0,0,2020-03-04 16:00:00,9.9,0.0,25.0,11.0,25.0,1.0,28.2,0
3938,10022.0,0,0,2020-03-04 11:00:00,7.1,0.0,0.0,0.0,0.0,0.0,19.9,0
3939,10014.0,0,0,2020-03-04 02:00:00,10.6,0.0,76.0,42.0,43.0,40.0,14.6,0
3940,10017.0,0,0,2020-03-04 12:00:00,6.8,0.0,10.0,11.0,0.0,0.0,19.2,0
3941,10018.0,0,0,2020-03-04 19:00:00,11.6,0.0,50.0,0.0,84.0,0.0,27.8,0
3942,10009.0,1,0,2020-03-04 15:00:00,9.1,0.0,18.0,20.0,0.0,0.0,27.1,1
3943,10065.0,0,0,2020-03-04 06:00:00,9.1,0.0,1.0,0.0,1.0,0.0,22.7,0
3944,10019.0,0,0,2020-03-04 21:00:00,12.2,0.0,4.0,0.0,7.0,0.0,22.0,0
3945,10007.0,0,0,2020-03-04 12:00:00,6.8,0.0,10.0,11.0,0.0,0.0,19.2,0
3946,10036.0,0,0,2020-03-04 18:00:00,11.0,0.0,22.0,0.0,37.0,0.0,27.5,0
3947,10014.0,1,0,2020-03-04 13:00:00,7.5,0.0,56.0,62.0,0.0,0.0,20.5,1
3948,10019.0,0,0,2020-03-04 12:00:00,6.8,0.0,10.0,11.0,0.0,0.0,19.2,0
3949,10028.0,0,0,2020-03-04 22:00:00,11.5,0.0,6.0,0.0,9.0,2.0,14.0,0
3950,10128.0,0,0,2020-03-04 18:00:00,11.0,0.0,22.0,0.0,37.0,0.0,27.5,0
3951,10036.0,0,0,2020-03-04 21:00:00,12.2,0.0,4.0,0.0,7.0,0.0,22.0,0
3952,10027.0,0,0,2020-03-04 14:00:00,8.2,0.0,82.0,91.0,0.0,0.0,25.2,0
3953,10023.0,0,0,2020-03-04 14:00:00,8.2,0.0,82.0,91.0,0.0,0.0,25.2,0
3954,10017.0,0,0,2020-03-04 18:00:00,11.0,0.0,22.0,0.0,37.0,0.0,27.5,0
3955,10010.0,0,0,2020-03-04 10:00:00,7.1,0.0,0.0,0.0,0.0,0.0,19.7,0
3956,10032.0,2,0,2020-03-04 08:00:00,8.2,0.0,0.0,0.0,0.0,0.0,20.2,1
3957,10019.0,0,0,2020-03-04 15:00:00,9.1,0.0,18.0,20.0,0.0,0.0,27.1,0
3958,10029.0,0,0,2020-03-04 18:00:00,11.0,0.0,22.0,0.0,37.0,0.0,27.5,0
3959,10022.0,1,0,2020-03-04 11:00:00,7.1,0.0,0.0,0.0,0.0,0.0,19.9,1
3960,10128.0,0,0,2020-03-03 11:00:00,7.9,0.0,90.0,78.0,9.0,48.0,8.2,0
3961,10003.0,0,0,2020-03-03 17:00:00,11.8,0.0,100.0,25.0,92.0,93.0,10.2,0
3962,10039.0,0,0,2020-03-03 13:00:00,9.4,0.0,37.0,6.0,2.0,100.0,6.8,0
3963,10007.0,0,0,2020-03-03 15:00:00,11.5,0.0,35.0,6.0,0.0,99.0,5.4,0
3964,10011.0,0,0,2020-03-03 15:00:00,11.5,0.0,35.0,6.0,0.0,99.0,5.4,0
3965,10034.0,0,0,2020-03-03 10:00:00,8.0,0.0,82.0,76.0,3.0,38.0,9.0,0
3966,10009.0,1,0,2020-03-03 08:00:00,9.9,0.4,100.0,100.0,90.0,90.0,9.9,1
3967,10002.0,1,0,2020-03-03 18:00:00,11.5,0.0,98.0,15.0,100.0,81.0,9.7,1
3968,10002.0,1,0,2020-03-03 14:00:00,11.1,0.0,34.0,4.0,0.0,100.0,2.9,1
3969,10012.0,0,0,2020-03-03 13:00:00,9.4,0.0,37.0,6.0,2.0,100.0,6.8,0
3970,10032.0,0,0,2020-03-03 00:00:00,11.9,0.0,89.0,0.0,98.0,99.0,17.9,0
3971,10032.0,0,0,2020-03-03 08:00:00,9.9,0.4,100.0,100.0,90.0,90.0,9.9,0
3972,10024.0,0,0,2020-03-03 11:00:00,7.9,0.0,90.0,78.0,9.0,48.0,8.2,0
3973,10036.0,0,0,2020-03-03 17:00:00,11.8,0.0,100.0,25.0,92.0,93.0,10.2,0
3974,10017.0,0,0,2020-03-03 01:00:00,11.9,0.0,78.0,0.0,80.0,100.0,20.6,0
3975,10023.0,0,0,2020-03-03 17:00:00,11.8,0.0,100.0,25.0,92.0,93.0,10.2,0
3976,10281.0,0,0,2020-03-03 00:00:00,11.9,0.0,89.0,0.0,98.0,99.0,17.9,0
3977,10019.0,0,0,2020-03-03 10:00:00,8.0,0.0,82.0,76.0,3.0,38.0,9.0,0
3978,10022.0,0,0,2020-03-03 11:00:00,7.9,0.0,90.0,78.0,9.0,48.0,8.2,0
3979,10075.0,0,0,2020-03-03 13:00:00,9.4,0.0,37.0,6.0,2.0,100.0,6.8,0
3980,10027.0,0,0,2020-03-03 07:00:00,10.4,0.5,100.0,35.0,92.0,95.0,11.5,0
3981,10029.0,0,0,2020-03-03 16:00:00,9.9,0.0,66.0,19.0,31.0,100.0,8.3,0
3982,10011.0,0,0,2020-03-03 11:00:00,7.9,0.0,90.0,78.0,9.0,48.0,8.2,0
3983,10016.0,0,0,2020-03-03 20:00:00,10.7,1.2,86.0,8.0,92.0,79.0,11.2,0
3984,10019.0,0,0,2020-03-03 16:00:00,9.9,0.0,66.0,19.0,31.0,100.0,8.3,0
3985,10013.0,0,0,2020-03-03 07:00:00,10.4,0.5,100.0,35.0,92.0,95.0,11.5,0
3986,10016.0,0,0,2020-03-03 17:00:00,11.8,0.0,100.0,25.0,92.0,93.0,10.2,0
3987,10007.0,0,0,2020-03-03 15:00:00,11.5,0.0,35.0,6.0,0.0,99.0,5.4,0
3988,10011.0,0,0,2020-03-03 10:00:00,8.0,0.0,82.0,76.0,3.0,38.0,9.0,0
3989,10036.0,0,0,2020-03-03 09:00:00,9.1,0.1,100.0,100.0,41.0,76.0,7.9,0
3990,10002.0,1,0,2020-03-03 14:00:00,11.1,0.0,34.0,4.0,0.0,100.0,2.9,1
3991,10012.0,0,0,2020-03-03 12:00:00,7.8,0.0,46.0,32.0,1.0,56.0,7.1,0
3992,10037.0,0,0,2020-03-03 10:00:00,8.0,0.0,82.0,76.0,3.0,38.0,9.0,0
3993,10012.0,0,0,2020-03-03 11:00:00,7.9,0.0,90.0,78.0,9.0,48.0,8.2,0
3994,10001.0,1,0,2020-03-03 16:00:00,9.9,0.0,66.0,19.0,31.0,100.0,8.3,1
3995,10036.0,0,0,2020-03-03 04:00:00,11.4,0.1,100.0,55.0,90.0,99.0,17.6,0
3996,10016.0,0,0,2020-03-03 14:00:00,11.1,0.0,34.0,4.0,0.0,100.0,2.9,0
3997,10022.0,0,0,2020-03-03 02:00:00,11.8,0.1,38.0,0.0,13.0,100.0,17.6,0
3998,10022.0,0,0,2020-03-03 12:00:00,7.8,0.0,46.0,32.0,1.0,56.0,7.1,0
3999,10017.0,1,0,2020-03-03 21:00:00,10.0,1.8,100.0,90.0,93.0,24.0,11.7,1
4000,10020.0,0,0,2020-03-03 12:00:00,7.8,0.0,46.0,32.0,1.0,56.0,7.1,0
4001,10036.0,0,0,2020-03-03 11:00:00,7.9,0.0,90.0,78.0,9.0,48.0,8.2,0
4002,10035.0,0,0,2020-03-03 09:00:00,9.1,0.1,100.0,100.0,41.0,76.0,7.9,0
4003,10033.0,0,0,2020-03-03 09:00:00,9.1,0.1,100.0,100.0,41.0,76.0,7.9,0
4004,10006.0,1,0,2020-03-03 12:00:00,7.8,0.0,46.0,32.0,1.0,56.0,7.1,1
4005,10065.0,0,0,2020-03-03 20:00:00,10.7,1.2,86.0,8.0,92.0,79.0,11.2,0
4006,10034.0,0,0,2020-03-03 09:00:00,9.1,0.1,100.0,100.0,41.0,76.0,7.9,0
4007,10019.0,1,0,2020-03-03 01:00:00,11.9,0.0,78.0,0.0,80.0,100.0,20.6,1
4008,10035.0,0,0,2020-03-03 10:00:00,8.0,0.0,82.0,76.0,3.0,38.0,9.0,0
4009,10016.0,0,0,2020-03-03 09:00:00,9.1,0.1,100.0,100.0,41.0,76.0,7.9,0
4010,10018.0,0,0,2020-03-03 08:00:00,9.9,0.4,100.0,100.0,90.0,90.0,9.9,0
4011,10006.0,0,0,2020-03-03 11:00:00,7.9,0.0,90.0,78.0,9.0,48.0,8.2,0
4012,10022.0,0,0,2020-03-03 14:00:00,11.1,0.0,34.0,4.0,0.0,100.0,2.9,0
4013,10016.0,0,0,2020-03-03 00:00:00,11.9,0.0,89.0,0.0,98.0,99.0,17.9,0
4014,10065.0,0,0,2020-03-03 15:00:00,11.5,0.0,35.0,6.0,0.0,99.0,5.4,0
4015,10007.0,0,0,2020-03-03 08:00:00,9.9,0.4,100.0,100.0,90.0,90.0,9.9,0
4016,10023.0,0,0,2020-03-03 12:00:00,7.8,0.0,46.0,32.0,1.0,56.0,7.1,0
4017,10029.0,0,0,2020-03-03 17:00:00,11.8,0.0,100.0,25.0,92.0,93.0,10.2,0
4018,10025.0,0,0,2020-03-03 18:00:00,11.5,0.0,98.0,15.0,100.0,81.0,9.7,0
4019,10075.0,0,0,2020-03-03 07:00:00,10.4,0.5,100.0,35.0,92.0,95.0,11.5,0
4020,10038.0,0,0,2020-03-03 13:00:00,9.4,0.0,37.0,6.0,2.0,100.0,6.8,0
4021,10036.0,1,0,2020-03-03 19:00:00,11.2,0.1,77.0,9.0,93.0,43.0,12.2,1
4022,10023.0,1,0,2020-03-03 22:00:00,9.2,1.0,100.0,99.0,88.0,4.0,11.8,1
4023,10017.0,0,0,2020-03-03 16:00:00,9.9,0.0,66.0,19.0,31.0,100.0,8.3,0
4024,10016.0,1,0,2020-03-03 22:00:00,9.2,1.0,100.0,99.0,88.0,4.0,11.8,1
4025,10001.0,0,0,2020-03-03 16:00:00,9.9,0.0,66.0,19.0,31.0,100.0,8.3,0
4026,10009.0,0,0,2020-03-03 17:00:00,11.8,0.0,100.0,25.0,92.0,93.0,10.2,0
4027,10029.0,0,0,2020-03-03 09:00:00,9.1,0.1,100.0,100.0,41.0,76.0,7.9,0
4028,10002.0,0,0,2020-03-03 17:00:00,11.8,0.0,100.0,25.0,92.0,93.0,10.2,0
4029,10010.0,0,0,2020-03-03 20:00:00,10.7,1.2,86.0,8.0,92.0,79.0,11.2,0
4030,10007.0,0,0,2020-03-03 16:00:00,9.9,0.0,66.0,19.0,31.0,100.0,8.3,0
4031,10020.0,0,0,2020-03-03 16:00:00,9.9,0.0,66.0,19.0,31.0,100.0,8.3,0
4032,10002.0,2,0,2020-03-03 18:00:00,11.5,0.0,98.0,15.0,100.0,81.0,9.7,1
4033,10013.0,0,0,2020-03-03 08:00:00,9.9,0.4,100.0,100.0,90.0,90.0,9.9,0
4034,10026.0,1,0,2020-03-03 18:00:00,11.5,0.0,98.0,15.0,100.0,81.0,9.7,1
4035,10128.0,0,0,2020-03-03 11:00:00,7.9,0.0,90.0,78.0,9.0,48.0,8.2,0
4036,10024.0,0,0,2020-03-02 18:00:00,11.9,0.0,0.0,0.0,0.0,0.0,13.1,0
4037,10031.0,0,0,2020-03-02 09:00:00,0.4,0.0,1.0,0.0,0.0,4.0,11.3,0
4038,10025.0,0,0,2020-03-02 03:00:00,1.9,0.0,69.0,0.0,72.0,86.0,7.7,0
4039,10001.0,1,0,2020-03-02 10:00:00,1.3,0.0,3.0,0.0,0.0,11.0,8.6,1
4040,10009.0,1,0,2020-03-02 16:00:00,9.1,0.0,20.0,0.0,3.0,59.0,12.3,1
4041,10031.0,0,0,2020-03-02 12:00:00,1.8,0.0,26.0,0.0,18.0,49.0,9.8,0
4042,10013.0,0,0,2020-03-02 16:00:00,9.1,0.0,20.0,0.0,3.0,59.0,12.3,0
4043,10001.0,1,0,2020-03-02 11:00:00,1.4,0.0,12.0,0.0,0.0,41.0,9.7,1
4044,10009.0,0,0,2020-03-02 03:00:00,1.9,0.0,69.0,0.0,72.0,86.0,7.7,0
4045,10023.0,0,0,2020-03-02 18:00:00,11.9,0.0,0.0,0.0,0.0,0.0,13.1,0
4046,10007.0,0,0,2020-03-02 08:00:00,0.8,0.0,3.0,0.0,4.0,3.0,10.4,0
4047,10128.0,0,0,2020-03-02 07:00:00,0.6,0.0,14.0,0.0,20.0,7.0,10.1,0
4048,10001.0,0,0,2020-03-02 08:00:00,0.8,0.0,3.0,0.0,4.0,3.0,10.4,0
4049,10065.0,0,0,2020-03-02 16:00:00,9.1,0.0,20.0,0.0,3.0,59.0,12.3,0
4050,10018.0,0,0,2020-03-02 11:00:00,1.4,0.0,12.0,0.0,0.0,41.0,9.7,0
4051,10029.0,0,0,2020-03-02 15:00:00,7.3,0.0,23.0,0.0,6.0,64.0,11.4,0
4052,10019.0,0,0,2020-03-02 17:00:00,10.5,0.0,0.0,0.0,0.0,0.0,12.9,0
4053,10003.0,0,0,2020-03-02 11:00:00,1.4,0.0,12.0,0.0,0.0,41.0,9.7,0
4054,10019.0,0,0,2020-03-02 13:00:00,2.9,0.0,25.0,0.0,13.0,56.0,10.2,0
4055,10027.0,0,0,2020-03-02 08:00:00,0.8,0.0,3.0,0.0,4.0,3.0,10.4,0
4056,10035.0,0,0,2020-03-02 13:00:00,2.9,0.0,25.0,0.0,13.0,56.0,10.2,0
4057,10011.0,0,0,2020-03-02 18:00:00,11.9,0.0,0.0,0.0,0.0,0.0,13.1,0
4058,10034.0,2,0,2020-03-02 14:00:00,4.8,0.0,20.0,0.0,9.0,48.0,10.0,1
4059,10007.0,0,0,2020-03-02 08:00:00,0.8,0.0,3.0,0.0,4.0,3.0,10.4,0
4060,10020.0,0,0,2020-03-02 08:00:00,0.8,0.0,3.0,0.0,4.0,3.0,10.4,0
4061,10022.0,1,0,2020-03-02 14:00:00,4.8,0.0,20.0,0.0,9.0,48.0,10.0,1
4062,10035.0,0,0,2020-03-02 14:00:00,4.8,0.0,20.0,0.0,9.0,48.0,10.0,0
4063,10019.0,0,0,2020-03-02 10:00:00,1.3,0.0,3.0,0.0,0.0,11.0,8.6,0
4064,10027.0,2,0,2020-03-02 01:00:00,3.6,0.0,2.0,0.0,3.0,0.0,8.8,1
4065,10035.0,1,0,2020-03-02 10:00:00,1.3,0.0,3.0,0.0,0.0,11.0,8.6,1
4066,10013.0,1,0,2020-03-02 16:00:00,9.1,0.0,20.0,0.0,3.0,59.0,12.3,1
4067,10026.0,1,0,2020-03-02 16:00:00,9.1,0.0,20.0,0.0,3.0,59.0,12.3,1
4068,10001.0,0,0,2020-03-02 12:00:00,1.8,0.0,26.0,0.0,18.0,49.0,9.8,0
4069,10019.0,0,0,2020-03-02 07:00:00,0.6,0.0,14.0,0.0,20.0,7.0,10.1,0
4070,10033.0,0,0,2020-03-02 09:00:00,0.4,0.0,1.0,0.0,0.0,4.0,11.3,0
4071,10065.0,0,0,2020-03-02 11:00:00,1.4,0.0,12.0,0.0,0.0,41.0,9.7,0
4072,10026.0,0,0,2020-03-02 11:00:00,1.4,0.0,12.0,0.0,0.0,41.0,9.7,0
4073,10040.0,0,0,2020-03-02 10:00:00,1.3,0.0,3.0,0.0,0.0,11.0,8.6,0
4074,10014.0,0,0,2020-03-02 06:00:00,0.9,0.0,24.0,0.0,39.0,2.0,9.4,0
4075,10013.0,1,0,2020-03-02 14:00:00,4.8,0.0,20.0,0.0,9.0,48.0,10.0,1
4076,10022.0,1,0,2020-03-02 12:00:00,1.8,0.0,26.0,0.0,18.0,49.0,9.8,1
4077,10033.0,1,0,2020-03-02 11:00:00,1.4,0.0,12.0,0.0,0.0,41.0,9.7,1
4078,10022.0,0,0,2020-03-02 14:00:00,4.8,0.0,20.0,0.0,9.0,48.0,10.0,0
4079,10022.0,0,0,2020-03-02 17:00:00,10.5,0.0,0.0,0.0,0.0,0.0,12.9,0
4080,10013.0,0,0,2020-03-02 10:00:00,1.3,0.0,3.0,0.0,0.0,11.0,8.6,0
4081,10018.0,0,0,2020-03-02 14:00:00,4.8,0.0,20.0,0.0,9.0,48.0,10.0,0
4082,10019.0,0,0,2020-03-02 16:00:00,9.1,0.0,20.0,0.0,3.0,59.0,12.3,0
4083,10128.0,0,0,2020-03-02 10:00:00,1.3,0.0,3.0,0.0,0.0,11.0,8.6,0
4084,10023.0,0,0,2020-03-02 11:00:00,1.4,0.0,12.0,0.0,0.0,41.0,9.7,0
4085,10013.0,0,0,2020-03-02 11:00:00,1.4,0.0,12.0,0.0,0.0,41.0,9.7,0
4086,10022.0,1,0,2020-03-02 07:00:00,0.6,0.0,14.0,0.0,20.0,7.0,10.1,1
4087,10032.0,0,0,2020-03-02 09:00:00,0.4,0.0,1.0,0.0,0.0,4.0,11.3,0
4088,10028.0,1,0,2020-03-02 14:00:00,4.8,0.0,20.0,0.0,9.0,48.0,10.0,1
4089,10010.0,0,0,2020-03-02 12:00:00,1.8,0.0,26.0,0.0,18.0,49.0,9.8,0
4090,10029.0,0,0,2020-03-02 16:00:00,9.1,0.0,20.0,0.0,3.0,59.0,12.3,0
4091,10019.0,0,0,2020-03-02 10:00:00,1.3,0.0,3.0,0.0,0.0,11.0,8.6,0
4092,10001.0,0,0,2020-03-02 15:00:00,7.3,0.0,23.0,0.0,6.0,64.0,11.4,0
4093,10010.0,0,0,2020-03-02 12:00:00,1.8,0.0,26.0,0.0,18.0,49.0,9.8,0
4094,10036.0,0,0,2020-03-02 14:00:00,4.8,0.0,20.0,0.0,9.0,48.0,10.0,0
4095,10019.0,0,0,2020-03-02 13:00:00,2.9,0.0,25.0,0.0,13.0,56.0,10.2,0
4096,10032.0,0,0,2020-03-02 09:00:00,0.4,0.0,1.0,0.0,0.0,4.0,11.3,0
4097,10128.0,0,0,2020-03-02 09:00:00,0.4,0.0,1.0,0.0,0.0,4.0,11.3,0
4098,10010.0,0,0,2020-03-02 11:00:00,1.4,0.0,12.0,0.0,0.0,41.0,9.7,0
4099,10038.0,0,0,2020-03-02 11:00:00,1.4,0.0,12.0,0.0,0.0,41.0,9.7,0
4100,10011.0,0,0,2020-03-02 14:00:00,4.8,0.0,20.0,0.0,9.0,48.0,10.0,0
4101,10023.0,0,0,2020-03-02 17:00:00,10.5,0.0,0.0,0.0,0.0,0.0,12.9,0
4102,10009.0,0,0,2020-03-02 11:00:00,1.4,0.0,12.0,0.0,0.0,41.0,9.7,0
4103,10029.0,0,0,2020-03-02 08:00:00,0.8,0.0,3.0,0.0,4.0,3.0,10.4,0
4104,10017.0,0,0,2020-03-01 22:00:00,5.6,0.0,0.0,0.0,0.0,0.0,7.8,0
4105,10035.0,0,0,2020-03-01 07:00:00,-2.8,0.0,0.0,0.0,0.0,0.0,14.6,0
4106,10002.0,0,0,2020-03-01 14:00:00,-1.0,0.0,24.0,27.0,0.0,0.0,20.4,0
4107,10036.0,0,0,2020-03-01 18:00:00,3.8,0.0,53.0,54.0,8.0,0.0,19.2,0
4108,10011.0,0,0,2020-03-01 00:00:00,-1.0,0.0,0.0,0.0,0.0,0.0,15.8,0
4109,10032.0,0,0,2020-03-01 08:00:00,-2.9,0.0,0.0,0.0,0.0,0.0,13.9,0
4110,10012.0,0,0,2020-03-01 23:00:00,5.4,0.0,0.0,0.0,0.0,0.0,8.6,0
4111,10017.0,1,0,2020-03-01 16:00:00,1.8,0.0,79.0,88.0,0.0,0.0,18.4,1
4112,10016.0,1,0,2020-03-01 21:00:00,5.9,0.0,0.0,0.0,0.0,0.0,15.4,1
4113,10036.0,0,0,2020-03-01 17:00:00,2.9,0.0,47.0,52.0,0.0,0.0,18.0,0
4114,10021.0,0,0,2020-03-01 01:00:00,-1.4,0.0,0.0,0.0,0.0,0.0,16.1,0
4115,10023.0,0,0,2020-03-01 18:00:00,3.8,0.0,53.0,54.0,8.0,0.0,19.2,0
4116,10005.0,0,0,2020-03-01 10:00:00,-3.3,0.0,4.0,4.0,0.0,0.0,13.9,0
4117,10029.0,0,0,2020-03-01 15:00:00,1.0,0.0,61.0,68.0,0.0,0.0,18.5,0
4118,10022.0,1,0,2020-03-01 19:00:00,4.6,0.0,0.0,0.0,0.0,0.0,18.4,1
4119,10002.0,0,0,2020-03-01 16:00:00,1.8,0.0,79.0,88.0,0.0,0.0,18.4,0
4120,10065.0,0,0,2020-03-01 10:00:00,-3.3,0.0,4.0,4.0,0.0,0.0,13.9,0
4121,10013.0,1,0,2020-03-01 10:00:00,-3.3,0.0,4.0,4.0,0.0,0.0,13.9,1
4122,10029.0,1,0,2020-03-01 04:00:00,-2.5,0.0,0.0,0.0,0.0,0.0,17.1,1
4123,10024.0,0,0,2020-03-01 14:00:00,-1.0,0.0,24.0,27.0,0.0,0.0,20.4,0
4124,10018.0,0,0,2020-03-01 20:00:00,5.3,0.0,0.0,0.0,0.0,0.0,18.3,0
4125,10075.0,0,0,2020-03-01 14:00:00,-1.0,0.0,24.0,27.0,0.0,0.0,20.4,0
4126,10010.0,0,0,2020-03-01 16:00:00,1.8,0.0,79.0,88.0,0.0,0.0,18.4,0
4127,10035.0,0,0,2020-03-01 20:00:00,5.3,0.0,0.0,0.0,0.0,0.0,18.3,0
4128,10016.0,0,0,2020-03-01 20:00:00,5.3,0.0,0.0,0.0,0.0,0.0,18.3,0
4129,10002.0,0,0,2020-03-01 17:00:00,2.9,0.0,47.0,52.0,0.0,0.0,18.0,0
4130,10001.0,0,0,2020-03-01 15:00:00,1.0,0.0,61.0,68.0,0.0,0.0,18.5,0
4131,10003.0,0,0,2020-03-01 01:00:00,-1.4,0.0,0.0,0.0,0.0,0.0,16.1,0
4132,10011.0,0,0,2020-03-01 11:00:00,-3.2,0.0,1.0,1.0,0.0,0.0,13.6,0
4133,10002.0,0,0,2020-03-01 04:00:00,-2.5,0.0,0.0,0.0,0.0,0.0,17.1,0
4134,10128.0,0,0,2020-03-01 22:00:00,5.6,0.0,0.0,0.0,0.0,0.0,7.8,0
4135,10024.0,0,0,2020-03-01 14:00:00,-1.0,0.0,24.0,27.0,0.0,0.0,20.4,0
4136,10036.0,0,0,2020-03-01 00:00:00,-1.0,0.0,0.0,0.0,0.0,0.0,15.8,0
4137,10012.0,0,0,2020-03-01 16:00:00,1.8,0.0,79.0,88.0,0.0,0.0,18.4,0
4138,10002.0,0,0,2020-03-01 12:00:00,-3.0,0.0,0.0,0.0,0.0,0.0,14.0,0
4139,10002.0,0,0,2020-03-01 20:00:00,5.3,0.0,0.0,0.0,0.0,0.0,18.3,0
4140,10065.0,0,0,2020-03-01 19:00:00,4.6,0.0,0.0,0.0,0.0,0.0,18.4,0
4141,10029.0,0,0,2020-03-01 09:00:00,-3.0,0.0,0.0,0.0,0.0,0.0,14.0,0
4142,10013.0,0,0,2020-03-01 20:00:00,5.3,0.0,0.0,0.0,0.0,0.0,18.3,0
4143,10014.0,0,0,2020-03-01 15:00:00,1.0,0.0,61.0,68.0,0.0,0.0,18.5,0
4144,10011.0,0,0,2020-03-01 22:00:00,5.6,0.0,0.0,0.0,0.0,0.0,7.8,0
4145,10003.0,1,0,2020-03-01 17:00:00,2.9,0.0,47.0,52.0,0.0,0.0,18.0,1
4146,10035.0,0,0,2020-03-01 12:00:00,-3.0,0.0,0.0,0.0,0.0,0.0,14.0,0
4147,10013.0,0,0,2020-03-01 17:00:00,2.9,0.0,47.0,52.0,0.0,0.0,18.0,0
4148,10002.0,0,0,2020-03-01 01:00:00,-1.4,0.0,0.0,0.0,0.0,0.0,16.1,0
4149,10013.0,2,0,2020-03-01 19:00:00,4.6,0.0,0.0,0.0,0.0,0.0,18.4,1
4150,10016.0,0,0,2020-03-01 09:00:00,-3.0,0.0,0.0,0.0,0.0,0.0,14.0,0
4151,10065.0,0,0,2020-03-01 14:00:00,-1.0,0.0,24.0,27.0,0.0,0.0,20.4,0
4152,10001.0,0,0,2020-03-01 23:00:00,5.4,0.0,0.0,0.0,0.0,0.0,8.6,0
4153,10009.0,0,0,2020-03-01 19:00:00,4.6,0.0,0.0,0.0,0.0,0.0,18.4,0
4154,10001.0,0,0,2020-03-01 22:00:00,5.6,0.0,0.0,0.0,0.0,0.0,7.8,0
4155,10027.0,0,0,2020-03-01 15:00:00,1.0,0.0,61.0,68.0,0.0,0.0,18.5,0
4156,10037.0,0,0,2020-03-01 14:00:00,-1.0,0.0,24.0,27.0,0.0,0.0,20.4,0
4157,10065.0,0,0,2020-03-01 00:00:00,-1.0,0.0,0.0,0.0,0.0,0.0,15.8,0
4158,10037.0,0,0,2020-02-29 23:00:00,-0.6,0.0,0.0,0.0,0.0,0.0,17.7,0
4159,10016.0,0,0,2020-02-29 19:00:00,1.1,0.0,66.0,9.0,97.0,0.0,24.1,0
4160,10031.0,0,0,2020-02-29 15:00:00,0.7,0.0,100.0,63.0,100.0,0.0,20.8,0
4161,10003.0,0,0,2020-02-29 12:00:00,-2.0,0.0,14.0,0.0,15.0,17.0,11.9,0
4162,10013.0,0,0,2020-02-29 16:00:00,0.9,0.0,66.0,8.0,98.0,0.0,21.7,0
4163,10027.0,1,0,2020-02-29 10:00:00,-2.1,0.0,8.0,0.0,14.0,0.0,13.4,1
4164,10031.0,2,0,2020-02-29 01:00:00,2.8,0.0,53.0,0.0,89.0,0.0,7.3,1
4165,10018.0,0,0,2020-02-29 16:00:00,0.9,0.0,66.0,8.0,98.0,0.0,21.7,0
4166,10001.0,0,0,2020-02-29 11:00:00,-2.0,0.0,5.0,0.0,7.0,1.0,11.4,0
4167,10016.0,0,0,2020-02-29 04:00:00,1.3,0.0,1.0,0.0,2.0,0.0,10.9,0
4168,10002.0,1,0,2020-02-29 08:00:00,-0.9,0.0,0.0,0.0,0.0,0.0,13.0,1
4169,10003.0,1,0,2020-02-29 10:00:00,-2.1,0.0,8.0,0.0,14.0,0.0,13.4,1
4170,10013.0,0,0,2020-02-29 03:00:00,1.5,0.0,24.0,3.0,35.0,0.0,10.4,0
4171,10010.0,0,0,2020-02-29 19:00:00,1.1,0.0,66.0,9.0,97.0,0.0,24.1,0
4172,10075.0,0,0,2020-02-29 14:00:00,-0.6,0.0,100.0,73.0,59.0,1.0,19.3,0
4173,10013.0,0,0,2020-02-29 10:00:00,-2.1,0.0,8.0,0.0,14.0,0.0,13.4,0
4174,10013.0,0,0,2020-02-29 18:00:00,1.1,0.0,71.0,13.0,99.0,0.0,23.2,0
4175,10035.0,0,0,2020-02-29 04:00:00,1.3,0.0,1.0,0.0,2.0,0.0,10.9,0
4176,10035.0,0,0,2020-02-29 11:00:00,-2.0,0.0,5.0,0.0,7.0,1.0,11.4,0
4177,10010.0,0,0,2020-02-29 17:00:00,1.1,0.0,62.0,3.0,99.0,0.0,22.8,0
4178,10011.0,0,0,2020-02-29 17:00:00,1.1,0.0,62.0,3.0,99.0,0.0,22.8,0
4179,10001.0,0,0,2020-02-29 09:00:00,-1.3,0.0,0.0,0.0,0.0,0.0,12.3,0
4180,10029.0,0,0,2020-02-29 23:00:00,-0.6,0.0,0.0,0.0,0.0,0.0,17.7,0
4181,10016.0,1,0,2020-02-29 20:00:00,0.9,0.0,64.0,6.0,97.0,0.0,24.7,1
4182,10018.0,2,0,2020-02-29 01:00:00,2.8,0.0,53.0,0.0,89.0,0.0,7.3,1
4183,10027.0,0,0,2020-02-29 15:00:00,0.7,0.0,100.0,63.0,100.0,0.0,20.8,0
4184,10013.0,0,0,2020-02-29 20:00:00,0.9,0.0,64.0,6.0,97.0,0.0,24.7,0
4185,10025.0,0,0,2020-02-29 15:00:00,0.7,0.0,100.0,63.0,100.0,0.0,20.8,0
4186,10013.0,0,0,2020-02-29 11:00:00,-2.0,0.0,5.0,0.0,7.0,1.0,11.4,0
4187,10039.0,0,0,2020-02-29 10:00:00,-2.1,0.0,8.0,0.0,14.0,0.0,13.4,0
4188,10019.0,0,0,2020-02-29 08:00:00,-0.9,0.0,0.0,0.0,0.0,0.0,13.0,0
4189,10035.0,0,0,2020-02-29 19:00:00,1.1,0.0,66.0,9.0,97.0,0.0,24.1,0
4190,10036.0,0,0,2020-02-29 12:00:00,-2.0,0.0,14.0,0.0,15.0,17.0,11.9,0
4191,10036.0,0,0,2020-02-29 10:00:00,-2.1,0.0,8.0,0.0,14.0,0.0,13.4,0
4192,10019.0,1,0,2020-02-29 10:00:00,-2.1,0.0,8.0,0.0,14.0,0.0,13.4,1
4193,10012.0,0,0,2020-02-29 09:00:00,-1.3,0.0,0.0,0.0,0.0,0.0,12.3,0
4194,10001.0,0,0,2020-02-29 01:00:00,2.8,0.0,53.0,0.0,89.0,0.0,7.3,0
4195,10035.0,0,0,2020-02-29 17:00:00,1.1,0.0,62.0,3.0,99.0,0.0,22.8,0
4196,10009.0,0,0,2020-02-29 07:00:00,-0.3,0.0,0.0,0.0,0.0,0.0,13.3,0
4197,10002.0,1,0,2020-02-29 12:00:00,-2.0,0.0,14.0,0.0,15.0,17.0,11.9,1
4198,10037.0,1,0,2020-02-29 07:00:00,-0.3,0.0,0.0,0.0,0.0,0.0,13.3,1
4199,10027.0,0,0,2020-02-29 12:00:00,-2.0,0.0,14.0,0.0,15.0,17.0,11.9,0
4200,10037.0,0,0,2020-02-29 02:00:00,2.2,0.0,48.0,3.0,76.0,0.0,8.0,0
4201,10069.0,0,0,2020-02-28 08:00:00,-0.3,0.0,0.0,0.0,0.0,0.0,23.7,0
4202,10001.0,0,0,2020-02-28 10:00:00,-1.1,0.0,0.0,0.0,0.0,0.0,19.4,0
4203,10002.0,0,0,2020-02-28 14:00:00,-0.1,0.0,24.0,7.0,0.0,60.0,25.5,0
4204,10036.0,0,0,2020-02-28 22:00:00,3.9,0.0,43.0,0.0,72.0,0.0,16.3,0
4205,10018.0,0,0,2020-02-28 15:00:00,1.6,0.0,68.0,35.0,38.0,47.0,28.1,0
4206,10022.0,0,0,2020-02-28 02:00:00,1.2,0.0,4.0,0.0,6.0,0.0,25.4,0
4207,10011.0,0,0,2020-02-28 01:00:00,1.4,0.0,1.0,0.0,2.0,0.0,24.9,0
4208,10018.0,0,0,2020-02-28 13:00:00,-0.6,0.0,14.0,0.0,0.0,46.0,20.9,0
4209,10075.0,0,0,2020-02-28 03:00:00,0.8,0.0,0.0,0.0,0.0,0.0,25.9,0
4210,10035.0,0,0,2020-02-28 14:00:00,-0.1,0.0,24.0,7.0,0.0,60.0,25.5,0
4211,10035.0,0,0,2020-02-28 15:00:00,1.6,0.0,68.0,35.0,38.0,47.0,28.1,0
4212,10017.0,1,0,2020-02-28 05:00:00,0.1,0.0,12.0,11.0,4.0,0.0,20.8,1
4213,10019.0,1,0,2020-02-28 17:00:00,3.1,0.0,53.0,0.0,79.0,17.0,29.8,1
4214,10018.0,0,0,2020-02-28 08:00:00,-0.3,0.0,0.0,0.0,0.0,0.0,23.7,0
4215,10021.0,0,0,2020-02-28 18:00:00,3.5,0.0,58.0,0.0,95.0,3.0,30.7,0
4216,10033.0,1,0,2020-02-28 20:00:00,4.3,0.0,60.0,0.0,100.0,0.0,28.6,1
4217,10036.0,0,0,2020-02-28 01:00:00,1.4,0.0,1.0,0.0,2.0,0.0,24.9,0
4218,10002.0,0,0,2020-02-28 17:00:00,3.1,0.0,53.0,0.0,79.0,17.0,29.8,0
4219,10033.0,0,0,2020-02-28 12:00:00,-1.0,0.0,15.0,1.0,0.0,46.0,16.6,0
4220,10013.0,0,0,2020-02-28 05:00:00,0.1,0.0,12.0,11.0,4.0,0.0,20.8,0
4221,10029.0,0,0,2020-02-28 07:00:00,-0.1,0.0,0.0,0.0,0.0,0.0,21.7,0
4222,10001.0,1,0,2020-02-28 10:00:00,-1.1,0.0,0.0,0.0,0.0,0.0,19.4,1
4223,10032.0,1,0,2020-02-28 14:00:00,-0.1,0.0,24.0,7.0,0.0,60.0,25.5,1
4224,10035.0,0,0,2020-02-28 14:00:00,-0.1,0.0,24.0,7.0,0.0,60.0,25.5,0
4225,10024.0,0,0,2020-02-28 07:00:00,-0.1,0.0,0.0,0.0,0.0,0.0,21.7,0
4226,10034.0,2,0,2020-02-28 06:00:00,-0.2,0.0,26.0,8.0,32.0,0.0,20.6,1
4227,10019.0,0,0,2020-02-28 17:00:00,3.1,0.0,53.0,0.0,79.0,17.0,29.8,0
4228,10075.0,0,0,2020-02-28 14:00:00,-0.1,0.0,24.0,7.0,0.0,60.0,25.5,0
4229,10035.0,0,0,2020-02-28 16:00:00,2.1,0.0,65.0,0.0,89.0,40.0,28.6,0
4230,10033.0,0,0,2020-02-28 14:00:00,-0.1,0.0,24.0,7.0,0.0,60.0,25.5,0
4231,10002.0,1,0,2020-02-28 17:00:00,3.1,0.0,53.0,0.0,79.0,17.0,29.8,1
4232,10016.0,0,0,2020-02-28 11:00:00,-1.1,0.0,4.0,1.0,0.0,9.0,17.6,0
4233,10010.0,0,0,2020-02-28 05:00:00,0.1,0.0,12.0,11.0,4.0,0.0,20.8,0
4234,10065.0,0,0,2020-02-28 15:00:00,1.6,0.0,68.0,35.0,38.0,47.0,28.1,0
4235,10009.0,0,0,2020-02-28 12:00:00,-1.0,0.0,15.0,1.0,0.0,46.0,16.6,0
4236,10032.0,0,0,2020-02-28 14:00:00,-0.1,0.0,24.0,7.0,0.0,60.0,25.5,0
4237,10029.0,0,0,2020-02-28 00:00:00,1.7,0.0,1.0,0.0,2.0,0.0,26.7,0
4238,10021.0,0,0,2020-02-28 01:00:00,1.4,0.0,1.0,0.0,2.0,0.0,24.9,0
4239,10065.0,0,0,2020-02-28 08:00:00,-0.3,0.0,0.0,0.0,0.0,0.0,23.7,0
4240,10021.0,0,0,2020-02-28 08:00:00,-0.3,0.0,0.0,0.0,0.0,0.0,23.7,0
4241,10029.0,0,0,2020-02-28 22:00:00,3.9,0.0,43.0,0.0,72.0,0.0,16.3,0
4242,10016.0,0,0,2020-02-28 03:00:00,0.8,0.0,0.0,0.0,0.0,0.0,25.9,0
4243,10018.0,0,0,2020-02-28 18:00:00,3.5,0.0,58.0,0.0,95.0,3.0,30.7,0
4244,10021.0,0,0,2020-02-28 08:00:00,-0.3,0.0,0.0,0.0,0.0,0.0,23.7,0
4245,10029.0,0,0,2020-02-28 14:00:00,-0.1,0.0,24.0,7.0,0.0,60.0,25.5,0
4246,10013.0,1,0,2020-02-28 03:00:00,0.8,0.0,0.0,0.0,0.0,0.0,25.9,1
4247,10033.0,0,0,2020-02-28 10:00:00,-1.1,0.0,0.0,0.0,0.0,0.0,19.4,0
4248,10003.0,0,0,2020-02-28 15:00:00,1.6,0.0,68.0,35.0,38.0,47.0,28.1,0
4249,10017.0,0,0,2020-02-28 01:00:00,1.4,0.0,1.0,0.0,2.0,0.0,24.9,0
4250,10036.0,0,0,2020-02-28 15:00:00,1.6,0.0,68.0,35.0,38.0,47.0,28.1,0
4251,10017.0,0,0,2020-02-28 08:00:00,-0.3,0.0,0.0,0.0,0.0,0.0,23.7,0
4252,10022.0,0,0,2020-02-28 17:00:00,3.1,0.0,53.0,0.0,79.0,17.0,29.8,0
4253,10033.0,0,0,2020-02-28 19:00:00,3.8,0.0,55.0,0.0,91.0,0.0,30.6,0
4254,10030.0,0,0,2020-02-28 18:00:00,3.5,0.0,58.0,0.0,95.0,3.0,30.7,0
4255,10009.0,0,0,2020-02-28 19:00:00,3.8,0.0,55.0,0.0,91.0,0.0,30.6,0
4256,10034.0,0,0,2020-02-28 00:00:00,1.7,0.0,1.0,0.0,2.0,0.0,26.7,0
4257,10007.0,0,0,2020-02-28 17:00:00,3.1,0.0,53.0,0.0,79.0,17.0,29.8,0
4258,10016.0,0,0,2020-02-28 10:00:00,-1.1,0.0,0.0,0.0,0.0,0.0,19.4,0
4259,10019.0,0,0,2020-02-28 15:00:00,1.6,0.0,68.0,35.0,38.0,47.0,28.1,0
4260,10013.0,0,0,2020-02-28 15:00:00,1.6,0.0,68.0,35.0,38.0,47.0,28.1,0
4261,10035.0,1,0,2020-02-28 10:00:00,-1.1,0.0,0.0,0.0,0.0,0.0,19.4,1
4262,10003.0,0,0,2020-02-28 15:00:00,1.6,0.0,68.0,35.0,38.0,47.0,28.1,0
4263,10024.0,0,0,2020-02-28 12:00:00,-1.0,0.0,15.0,1.0,0.0,46.0,16.6,0
4264,10032.0,0,0,2020-02-28 23:00:00,3.7,0.0,35.0,1.0,57.0,0.0,10.5,0
4265,10035.0,0,0,2020-02-27 13:00:00,5.3,0.0,55.0,21.0,60.0,0.0,29.2,0
4266,10003.0,1,0,2020-02-27 14:00:00,4.8,0.0,80.0,63.0,38.0,0.0,30.0,1
4267,10025.0,1,0,2020-02-27 10:00:00,7.2,1.2,100.0,100.0,100.0,0.0,1.5,1
4268,10012.0,0,0,2020-02-27 01:00:00,6.9,0.0,100.0,100.0,3.0,100.0,12.3,0
4269,10021.0,0,0,2020-02-27 11:00:00,6.7,0.3,100.0,99.0,54.0,0.0,17.0,0
4270,10028.0,1,0,2020-02-27 23:00:00,2.3,0.0,0.0,0.0,0.0,0.0,28.8,1
4271,10018.0,0,0,2020-02-27 12:00:00,6.0,0.0,59.0,63.0,4.0,0.0,24.9,0
4272,10009.0,0,0,2020-02-27 16:00:00,4.6,0.0,85.0,94.0,0.0,0.0,33.4,0
4273,10075.0,0,0,2020-02-27 15:00:00,4.8,0.0,95.0,98.0,12.0,0.0,32.5,0
4274,10017.0,0,0,2020-02-27 08:00:00,7.1,2.6,100.0,100.0,93.0,96.0,18.4,0
4275,10021.0,0,0,2020-02-27 15:00:00,4.8,0.0,95.0,98.0,12.0,0.0,32.5,0
4276,10065.0,0,0,2020-02-27 04:00:00,6.8,0.2,100.0,100.0,85.0,100.0,19.5,0
4277,10011.0,1,0,2020-02-27 08:00:00,7.1,2.6,100.0,100.0,93.0,96.0,18.4,1
4278,10024.0,0,0,2020-02-27 11:00:00,6.7,0.3,100.0,99.0,54.0,0.0,17.0,0
4279,10037.0,0,0,2020-02-27 09:00:00,8.2,1.8,100.0,100.0,100.0,51.0,9.9,0
4280,10002.0,1,0,2020-02-27 19:00:00,4.8,0.0,8.0,1.0,12.0,0.0,34.7,1
4281,10032.0,0,0,2020-02-27 17:00:00,4.8,0.0,48.0,53.0,0.0,0.0,33.7,0
4282,10035.0,0,0,2020-02-27 15:00:00,4.8,0.0,95.0,98.0,12.0,0.0,32.5,0
4283,10027.0,2,0,2020-02-27 07:00:00,6.6,3.6,100.0,100.0,99.0,99.0,18.4,1
4284,10014.0,0,0,2020-02-27 13:00:00,5.3,0.0,55.0,21.0,60.0,0.0,29.2,0
4285,10033.0,0,0,2020-02-27 01:00:00,6.9,0.0,100.0,100.0,3.0,100.0,12.3,0
4286,10033.0,0,0,2020-02-27 10:00:00,7.2,1.2,100.0,100.0,100.0,0.0,1.5,0
4287,10021.0,0,0,2020-02-27 08:00:00,7.1,2.6,100.0,100.0,93.0,96.0,18.4,0
4288,10032.0,0,0,2020-02-27 05:00:00,6.6,1.5,100.0,100.0,91.0,100.0,20.7,0
4289,10036.0,1,0,2020-02-27 12:00:00,6.0,0.0,59.0,63.0,4.0,0.0,24.9,1
4290,10014.0,0,0,2020-02-27 12:00:00,6.0,0.0,59.0,63.0,4.0,0.0,24.9,0
4291,10001.0,0,0,2020-02-27 21:00:00,4.5,0.0,4.0,0.0,7.0,0.0,31.7,0
4292,10003.0,0,0,2020-02-27 16:00:00,4.6,0.0,85.0,94.0,0.0,0.0,33.4,0
4293,10065.0,0,0,2020-02-27 10:00:00,7.2,1.2,100.0,100.0,100.0,0.0,1.5,0
4294,10016.0,0,0,2020-02-27 04:00:00,6.8,0.2,100.0,100.0,85.0,100.0,19.5,0
4295,10017.0,0,0,2020-02-27 18:00:00,4.7,0.0,62.0,32.0,56.0,0.0,36.8,0
4296,10022.0,0,0,2020-02-27 16:00:00,4.6,0.0,85.0,94.0,0.0,0.0,33.4,0
4297,10023.0,0,0,2020-02-27 17:00:00,4.8,0.0,48.0,53.0,0.0,0.0,33.7,0
4298,10011.0,2,0,2020-02-27 07:00:00,6.6,3.6,100.0,100.0,99.0,99.0,18.4,1
4299,10013.0,0,0,2020-02-27 11:00:00,6.7,0.3,100.0,99.0,54.0,0.0,17.0,0
4300,10001.0,0,0,2020-02-27 11:00:00,6.7,0.3,100.0,99.0,54.0,0.0,17.0,0
4301,10018.0,0,0,2020-02-27 12:00:00,6.0,0.0,59.0,63.0,4.0,0.0,24.9,0
4302,10014.0,0,0,2020-02-27 13:00:00,5.3,0.0,55.0,21.0,60.0,0.0,29.2,0
4303,10012.0,0,0,2020-02-27 11:00:00,6.7,0.3,100.0,99.0,54.0,0.0,17.0,0
4304,10012.0,0,0,2020-02-27 14:00:00,4.8,0.0,80.0,63.0,38.0,0.0,30.0,0
4305,10037.0,2,0,2020-02-27 23:00:00,2.3,0.0,0.0,0.0,0.0,0.0,28.8,1
4306,10023.0,1,0,2020-02-27 22:00:00,3.1,0.0,2.0,0.0,4.0,0.0,29.5,1
4307,10028.0,0,0,2020-02-27 00:00:00,7.1,0.0,100.0,99.0,13.0,100.0,11.2,0
4308,10075.0,0,0,2020-02-27 11:00:00,6.7,0.3,100.0,99.0,54.0,0.0,17.0,0
4309,10036.0,0,0,2020-02-27 04:00:00,6.8,0.2,100.0,100.0,85.0,100.0,19.5,0
4310,10017.0,0,0,2020-02-27 10:00:00,7.2,1.2,100.0,100.0,100.0,0.0,1.5,0
4311,10029.0,0,0,2020-02-27 15:00:00,4.8,0.0,95.0,98.0,12.0,0.0,32.5,0
4312,10024.0,0,0,2020-02-27 10:00:00,7.2,1.2,100.0,100.0,100.0,0.0,1.5,0
4313,10018.0,0,0,2020-02-27 21:00:00,4.5,0.0,4.0,0.0,7.0,0.0,31.7,0
4314,10022.0,0,0,2020-02-27 13:00:00,5.3,0.0,55.0,21.0,60.0,0.0,29.2,0
4315,10018.0,0,0,2020-02-27 18:00:00,4.7,0.0,62.0,32.0,56.0,0.0,36.8,0
4316,10002.0,0,0,2020-02-27 13:00:00,5.3,0.0,55.0,21.0,60.0,0.0,29.2,0
4317,10019.0,0,0,2020-02-27 08:00:00,7.1,2.6,100.0,100.0,93.0,96.0,18.4,0
4318,10001.0,0,0,2020-02-27 17:00:00,4.8,0.0,48.0,53.0,0.0,0.0,33.7,0
4319,10034.0,0,0,2020-02-27 12:00:00,6.0,0.0,59.0,63.0,4.0,0.0,24.9,0
4320,10016.0,0,0,2020-02-27 11:00:00,6.7,0.3,100.0,99.0,54.0,0.0,17.0,0
4321,10039.0,0,0,2020-02-27 12:00:00,6.0,0.0,59.0,63.0,4.0,0.0,24.9,0
4322,10001.0,0,0,2020-02-27 12:00:00,6.0,0.0,59.0,63.0,4.0,0.0,24.9,0
4323,10022.0,0,0,2020-02-27 13:00:00,5.3,0.0,55.0,21.0,60.0,0.0,29.2,0
4324,10036.0,0,0,2020-02-27 18:00:00,4.7,0.0,62.0,32.0,56.0,0.0,36.8,0
4325,10019.0,0,0,2020-02-27 09:00:00,8.2,1.8,100.0,100.0,100.0,51.0,9.9,0
4326,10001.0,0,0,2020-02-27 19:00:00,4.8,0.0,8.0,1.0,12.0,0.0,34.7,0
4327,10012.0,0,0,2020-02-27 16:00:00,4.6,0.0,85.0,94.0,0.0,0.0,33.4,0
4328,10018.0,0,0,2020-02-27 00:00:00,7.1,0.0,100.0,99.0,13.0,100.0,11.2,0
4329,10029.0,1,0,2020-02-27 10:00:00,7.2,1.2,100.0,100.0,100.0,0.0,1.5,1
4330,10165.0,1,0,2020-02-27 20:00:00,4.7,0.0,1.0,0.0,1.0,0.0,32.4,1
4331,10001.0,1,0,2020-02-27 14:00:00,4.8,0.0,80.0,63.0,38.0,0.0,30.0,1
4332,10022.0,0,0,2020-02-27 11:00:00,6.7,0.3,100.0,99.0,54.0,0.0,17.0,0
4333,10013.0,0,0,2020-02-27 12:00:00,6.0,0.0,59.0,63.0,4.0,0.0,24.9,0
4334,10065.0,0,0,2020-02-27 10:00:00,7.2,1.2,100.0,100.0,100.0,0.0,1.5,0
4335,10013.0,0,0,2020-02-27 19:00:00,4.8,0.0,8.0,1.0,12.0,0.0,34.7,0
4336,10028.0,0,0,2020-02-27 11:00:00,6.7,0.3,100.0,99.0,54.0,0.0,17.0,0
4337,10036.0,1,0,2020-02-27 21:00:00,4.5,0.0,4.0,0.0,7.0,0.0,31.7,1
4338,10004.0,0,0,2020-02-27 09:00:00,8.2,1.8,100.0,100.0,100.0,51.0,9.9,0
4339,10033.0,0,0,2020-02-27 16:00:00,4.6,0.0,85.0,94.0,0.0,0.0,33.4,0
4340,10010.0,0,0,2020-02-27 07:00:00,6.6,3.6,100.0,100.0,99.0,99.0,18.4,0
4341,10022.0,1,0,2020-02-27 04:00:00,6.8,0.2,100.0,100.0,85.0,100.0,19.5,1
4342,10065.0,0,0,2020-02-27 09:00:00,8.2,1.8,100.0,100.0,100.0,51.0,9.9,0
4343,10019.0,0,0,2020-02-26 07:00:00,7.4,0.0,100.0,99.0,30.0,6.0,6.0,0
4344,10018.0,0,0,2020-02-26 06:00:00,7.5,0.0,100.0,100.0,55.0,0.0,5.9,0
4345,10128.0,1,0,2020-02-26 13:00:00,7.5,0.0,100.0,98.0,25.0,0.0,5.0,1
4346,10017.0,0,0,2020-02-26 21:00:00,7.2,0.0,100.0,100.0,63.0,97.0,10.9,0
4347,10022.0,0,0,2020-02-26 09:00:00,7.4,0.0,99.0,98.0,17.0,3.0,6.2,0
4348,10002.0,0,0,2020-02-26 18:00:00,7.9,0.0,100.0,100.0,76.0,0.0,8.7,0
4349,10032.0,1,0,2020-02-26 15:00:00,8.1,0.0,100.0,100.0,44.0,0.0,7.2,1
4350,10029.0,0,0,2020-02-26 10:00:00,7.4,0.0,100.0,98.0,32.0,0.0,5.4,0
4351,10018.0,0,0,2020-02-26 12:00:00,7.5,0.0,100.0,100.0,25.0,0.0,6.4,0
4352,10011.0,0,0,2020-02-26 09:00:00,7.4,0.0,99.0,98.0,17.0,3.0,6.2,0
4353,10019.0,0,0,2020-02-26 10:00:00,7.4,0.0,100.0,98.0,32.0,0.0,5.4,0
4354,10028.0,0,0,2020-02-26 22:00:00,7.0,0.0,100.0,100.0,46.0,97.0,5.9,0
4355,10002.0,1,0,2020-02-26 14:00:00,7.7,0.0,100.0,97.0,26.0,0.0,7.3,1
4356,10018.0,0,0,2020-02-26 22:00:00,7.0,0.0,100.0,100.0,46.0,97.0,5.9,0
4357,10013.0,1,0,2020-02-26 21:00:00,7.2,0.0,100.0,100.0,63.0,97.0,10.9,1
4358,10039.0,0,0,2020-02-26 07:00:00,7.4,0.0,100.0,99.0,30.0,6.0,6.0,0
4359,10019.0,0,0,2020-02-26 11:00:00,7.4,0.0,100.0,99.0,22.0,0.0,6.3,0
4360,10010.0,0,0,2020-02-26 01:00:00,7.9,0.0,100.0,100.0,97.0,0.0,5.8,0
4361,10036.0,0,0,2020-02-26 00:00:00,8.0,0.0,100.0,100.0,100.0,7.0,5.6,0
4362,10036.0,0,0,2020-02-26 12:00:00,7.5,0.0,100.0,100.0,25.0,0.0,6.4,0
4363,10128.0,1,0,2020-02-26 06:00:00,7.5,0.0,100.0,100.0,55.0,0.0,5.9,1
4364,10128.0,1,0,2020-02-26 12:00:00,7.5,0.0,100.0,100.0,25.0,0.0,6.4,1
4365,10001.0,0,0,2020-02-26 22:00:00,7.0,0.0,100.0,100.0,46.0,97.0,5.9,0
4366,10035.0,1,0,2020-02-26 05:00:00,7.5,0.0,100.0,100.0,67.0,0.0,5.7,1
4367,10036.0,0,0,2020-02-26 06:00:00,7.5,0.0,100.0,100.0,55.0,0.0,5.9,0
4368,10039.0,1,0,2020-02-26 11:00:00,7.4,0.0,100.0,99.0,22.0,0.0,6.3,1
4369,10022.0,0,0,2020-02-26 05:00:00,7.5,0.0,100.0,100.0,67.0,0.0,5.7,0
4370,10036.0,0,0,2020-02-26 21:00:00,7.2,0.0,100.0,100.0,63.0,97.0,10.9,0
4371,10016.0,0,0,2020-02-26 07:00:00,7.4,0.0,100.0,99.0,30.0,6.0,6.0,0
4372,10016.0,1,0,2020-02-26 08:00:00,7.3,0.0,98.0,97.0,14.0,9.0,5.8,1
4373,10035.0,0,0,2020-02-26 15:00:00,8.1,0.0,100.0,100.0,44.0,0.0,7.2,0
4374,10016.0,0,0,2020-02-26 20:00:00,7.2,0.0,100.0,100.0,56.0,55.0,10.5,0
4375,10003.0,0,0,2020-02-26 13:00:00,7.5,0.0,100.0,98.0,25.0,0.0,5.0,0
4376,10023.0,0,0,2020-02-26 22:00:00,7.0,0.0,100.0,100.0,46.0,97.0,5.9,0
4377,10016.0,0,0,2020-02-26 23:00:00,6.9,0.0,100.0,100.0,28.0,99.0,9.0,0
4378,10019.0,0,0,2020-02-26 11:00:00,7.4,0.0,100.0,99.0,22.0,0.0,6.3,0
4379,10001.0,0,0,2020-02-26 13:00:00,7.5,0.0,100.0,98.0,25.0,0.0,5.0,0
4380,10028.0,0,0,2020-02-26 08:00:00,7.3,0.0,98.0,97.0,14.0,9.0,5.8,0
4381,10009.0,0,0,2020-02-26 22:00:00,7.0,0.0,100.0,100.0,46.0,97.0,5.9,0
4382,10036.0,0,0,2020-02-26 06:00:00,7.5,0.0,100.0,100.0,55.0,0.0,5.9,0
4383,10035.0,1,0,2020-02-26 14:00:00,7.7,0.0,100.0,97.0,26.0,0.0,7.3,1
4384,10022.0,0,0,2020-02-26 17:00:00,7.9,0.0,100.0,100.0,78.0,0.0,6.9,0
4385,10036.0,1,0,2020-02-26 09:00:00,7.4,0.0,99.0,98.0,17.0,3.0,6.2,1
4386,10009.0,0,0,2020-02-26 00:00:00,8.0,0.0,100.0,100.0,100.0,7.0,5.6,0
4387,10016.0,0,0,2020-02-26 15:00:00,8.1,0.0,100.0,100.0,44.0,0.0,7.2,0
4388,10039.0,0,0,2020-02-26 22:00:00,7.0,0.0,100.0,100.0,46.0,97.0,5.9,0
4389,10028.0,0,0,2020-02-26 11:00:00,7.4,0.0,100.0,99.0,22.0,0.0,6.3,0
4390,10128.0,0,0,2020-02-26 06:00:00,7.5,0.0,100.0,100.0,55.0,0.0,5.9,0
4391,10022.0,0,0,2020-02-26 21:00:00,7.2,0.0,100.0,100.0,63.0,97.0,10.9,0
4392,10033.0,0,0,2020-02-26 14:00:00,7.7,0.0,100.0,97.0,26.0,0.0,7.3,0
4393,10014.0,0,0,2020-02-26 13:00:00,7.5,0.0,100.0,98.0,25.0,0.0,5.0,0
4394,10024.0,0,0,2020-02-26 14:00:00,7.7,0.0,100.0,97.0,26.0,0.0,7.3,0
4395,10010.0,0,0,2020-02-26 08:00:00,7.3,0.0,98.0,97.0,14.0,9.0,5.8,0
4396,10013.0,1,0,2020-02-26 22:00:00,7.0,0.0,100.0,100.0,46.0,97.0,5.9,1
4397,10016.0,0,0,2020-02-26 08:00:00,7.3,0.0,98.0,97.0,14.0,9.0,5.8,0
4398,10038.0,0,0,2020-02-26 10:00:00,7.4,0.0,100.0,98.0,32.0,0.0,5.4,0
4399,10075.0,0,0,2020-02-26 22:00:00,7.0,0.0,100.0,100.0,46.0,97.0,5.9,0
4400,10007.0,0,0,2020-02-26 05:00:00,7.5,0.0,100.0,100.0,67.0,0.0,5.7,0
4401,10023.0,0,0,2020-02-26 11:00:00,7.4,0.0,100.0,99.0,22.0,0.0,6.3,0
4402,10023.0,0,0,2020-02-26 12:00:00,7.5,0.0,100.0,100.0,25.0,0.0,6.4,0
4403,10016.0,0,0,2020-02-25 17:00:00,9.3,0.9,100.0,100.0,100.0,96.0,4.7,0
4404,10037.0,0,0,2020-02-25 06:00:00,7.9,0.0,50.0,0.0,33.0,100.0,8.6,0
4405,10033.0,0,0,2020-02-25 16:00:00,8.6,0.8,100.0,100.0,99.0,100.0,5.1,0
4406,10013.0,0,0,2020-02-25 11:00:00,6.4,0.0,74.0,0.0,73.0,100.0,6.8,0
4407,10022.0,0,0,2020-02-25 14:00:00,6.8,0.0,100.0,17.0,99.0,100.0,3.3,0
4408,10065.0,0,0,2020-02-25 20:00:00,8.8,0.9,100.0,100.0,84.0,0.0,5.1,0
4409,10038.0,1,0,2020-02-25 14:00:00,6.8,0.0,100.0,17.0,99.0,100.0,3.3,1
4410,10003.0,0,0,2020-02-25 06:00:00,7.9,0.0,50.0,0.0,33.0,100.0,8.6,0
4411,10025.0,0,0,2020-02-25 12:00:00,7.4,0.0,63.0,0.0,56.0,98.0,5.4,0
4412,10024.0,0,0,2020-02-25 21:00:00,8.6,0.7,100.0,100.0,78.0,0.0,6.2,0
4413,10016.0,2,0,2020-02-25 12:00:00,7.4,0.0,63.0,0.0,56.0,98.0,5.4,1
4414,10019.0,1,0,2020-02-25 20:00:00,8.8,0.9,100.0,100.0,84.0,0.0,5.1,1
4415,10001.0,0,0,2020-02-25 18:00:00,9.4,1.5,100.0,100.0,95.0,44.0,4.6,0
4416,10040.0,1,0,2020-02-25 15:00:00,7.4,0.0,100.0,61.0,97.0,100.0,5.4,1
4417,10128.0,0,0,2020-02-25 17:00:00,9.3,0.9,100.0,100.0,100.0,96.0,4.7,0
4418,10034.0,0,0,2020-02-25 19:00:00,9.4,0.4,100.0,100.0,86.0,0.0,4.3,0
4419,10022.0,0,0,2020-02-25 17:00:00,9.3,0.9,100.0,100.0,100.0,96.0,4.7,0
4420,10022.0,3,0,2020-02-25 22:00:00,8.1,0.5,100.0,100.0,100.0,22.0,5.1,1
4421,10003.0,1,0,2020-02-25 12:00:00,7.4,0.0,63.0,0.0,56.0,98.0,5.4,1
4422,10003.0,1,0,2020-02-25 06:00:00,7.9,0.0,50.0,0.0,33.0,100.0,8.6,1
4423,10028.0,0,0,2020-02-25 08:00:00,7.8,0.0,70.0,0.0,66.0,100.0,8.7,0
4424,10019.0,0,0,2020-02-25 14:00:00,6.8,0.0,100.0,17.0,99.0,100.0,3.3,0
4425,10026.0,0,0,2020-02-25 18:00:00,9.4,1.5,100.0,100.0,95.0,44.0,4.6,0
4426,10027.0,0,0,2020-02-25 12:00:00,7.4,0.0,63.0,0.0,56.0,98.0,5.4,0
4427,10027.0,0,0,2020-02-25 13:00:00,7.3,0.0,60.0,0.0,50.0,100.0,3.8,0
4428,10019.0,0,0,2020-02-25 12:00:00,7.4,0.0,63.0,0.0,56.0,98.0,5.4,0
4429,10128.0,1,0,2020-02-25 19:00:00,9.4,0.4,100.0,100.0,86.0,0.0,4.3,1
4430,10003.0,1,0,2020-02-25 11:00:00,6.4,0.0,74.0,0.0,73.0,100.0,6.8,1
4431,10017.0,0,0,2020-02-25 21:00:00,8.6,0.7,100.0,100.0,78.0,0.0,6.2,0
4432,10035.0,0,0,2020-02-25 15:00:00,7.4,0.0,100.0,61.0,97.0,100.0,5.4,0
4433,10019.0,0,0,2020-02-25 15:00:00,7.4,0.0,100.0,61.0,97.0,100.0,5.4,0
4434,10003.0,0,0,2020-02-25 01:00:00,8.1,0.0,59.0,0.0,50.0,98.0,7.0,0
4435,10016.0,0,0,2020-02-25 14:00:00,6.8,0.0,100.0,17.0,99.0,100.0,3.3,0
4436,10001.0,0,0,2020-02-25 13:00:00,7.3,0.0,60.0,0.0,50.0,100.0,3.8,0
4437,10023.0,1,0,2020-02-25 21:00:00,8.6,0.7,100.0,100.0,78.0,0.0,6.2,1
4438,10029.0,0,0,2020-02-25 12:00:00,7.4,0.0,63.0,0.0,56.0,98.0,5.4,0
4439,10036.0,0,0,2020-02-25 08:00:00,7.8,0.0,70.0,0.0,66.0,100.0,8.7,0
4440,10016.0,0,0,2020-02-25 00:00:00,8.8,0.0,32.0,0.0,33.0,40.0,8.0,0
4441,10013.0,0,0,2020-02-25 06:00:00,7.9,0.0,50.0,0.0,33.0,100.0,8.6,0
4442,10128.0,0,0,2020-02-25 19:00:00,9.4,0.4,100.0,100.0,86.0,0.0,4.3,0
4443,10014.0,0,0,2020-02-25 11:00:00,6.4,0.0,74.0,0.0,73.0,100.0,6.8,0
4444,10002.0,0,0,2020-02-25 14:00:00,6.8,0.0,100.0,17.0,99.0,100.0,3.3,0
4445,10036.0,0,0,2020-02-25 17:00:00,9.3,0.9,100.0,100.0,100.0,96.0,4.7,0
4446,10002.0,0,0,2020-02-25 09:00:00,7.1,0.0,90.0,0.0,100.0,100.0,8.0,0
4447,10002.0,0,0,2020-02-25 09:00:00,7.1,0.0,90.0,0.0,100.0,100.0,8.0,0
4448,10026.0,0,0,2020-02-25 16:00:00,8.6,0.8,100.0,100.0,99.0,100.0,5.1,0
4449,10022.0,0,0,2020-02-25 13:00:00,7.3,0.0,60.0,0.0,50.0,100.0,3.8,0
4450,10016.0,0,0,2020-02-25 22:00:00,8.1,0.5,100.0,100.0,100.0,22.0,5.1,0
4451,10003.0,0,0,2020-02-25 15:00:00,7.4,0.0,100.0,61.0,97.0,100.0,5.4,0
4452,10016.0,0,0,2020-02-25 22:00:00,8.1,0.5,100.0,100.0,100.0,22.0,5.1,0
4453,10011.0,0,0,2020-02-25 00:00:00,8.8,0.0,32.0,0.0,33.0,40.0,8.0,0
4454,10036.0,0,0,2020-02-25 16:00:00,8.6,0.8,100.0,100.0,99.0,100.0,5.1,0
4455,10013.0,0,0,2020-02-25 18:00:00,9.4,1.5,100.0,100.0,95.0,44.0,4.6,0
4456,10001.0,1,0,2020-02-25 23:00:00,8.0,0.0,100.0,100.0,100.0,8.0,5.2,1
4457,10002.0,1,0,2020-02-24 02:00:00,5.9,0.0,0.0,0.0,0.0,0.0,10.7,1
4458,10018.0,0,0,2020-02-24 09:00:00,2.2,0.0,10.0,0.0,16.0,0.0,6.5,0
4459,10037.0,0,0,2020-02-24 09:00:00,2.2,0.0,10.0,0.0,16.0,0.0,6.5,0
4460,10024.0,0,0,2020-02-24 13:00:00,1.1,0.0,0.0,0.0,0.0,0.0,4.6,0
4461,10002.0,0,0,2020-02-24 20:00:00,11.6,0.0,29.0,0.0,0.0,97.0,7.7,0
4462,10032.0,0,0,2020-02-24 11:00:00,0.4,0.0,0.0,0.0,0.0,0.0,8.4,0
4463,10021.0,0,0,2020-02-24 14:00:00,3.6,0.0,0.0,0.0,0.0,0.0,3.6,0
4464,10016.0,0,0,2020-02-24 16:00:00,9.0,0.0,1.0,0.0,0.0,3.0,4.1,0
4465,10128.0,0,0,2020-02-24 17:00:00,11.0,0.0,5.0,0.0,0.0,17.0,5.6,0
4466,10128.0,0,0,2020-02-24 10:00:00,0.1,0.0,0.0,0.0,0.0,0.0,8.6,0
4467,10019.0,0,0,2020-02-24 16:00:00,9.0,0.0,1.0,0.0,0.0,3.0,4.1,0
4468,10016.0,0,0,2020-02-24 11:00:00,0.4,0.0,0.0,0.0,0.0,0.0,8.4,0
4469,10026.0,0,0,2020-02-24 12:00:00,0.6,0.0,0.0,0.0,0.0,0.0,6.6,0
4470,10022.0,0,0,2020-02-24 10:00:00,0.1,0.0,0.0,0.0,0.0,0.0,8.6,0
4471,10006.0,0,0,2020-02-24 11:00:00,0.4,0.0,0.0,0.0,0.0,0.0,8.4,0
4472,10009.0,0,0,2020-02-24 11:00:00,0.4,0.0,0.0,0.0,0.0,0.0,8.4,0
4473,10036.0,2,0,2020-02-24 12:00:00,0.6,0.0,0.0,0.0,0.0,0.0,6.6,1
4474,10001.0,1,0,2020-02-24 17:00:00,11.0,0.0,5.0,0.0,0.0,17.0,5.6,1
4475,10012.0,1,0,2020-02-24 15:00:00,6.2,0.0,0.0,0.0,0.0,0.0,3.9,1
4476,10003.0,1,0,2020-02-24 22:00:00,10.0,0.0,29.0,0.0,0.0,96.0,8.6,1
4477,10021.0,1,0,2020-02-24 14:00:00,3.6,0.0,0.0,0.0,0.0,0.0,3.6,1
4478,10001.0,0,0,2020-02-24 11:00:00,0.4,0.0,0.0,0.0,0.0,0.0,8.4,0
4479,10037.0,0,0,2020-02-24 10:00:00,0.1,0.0,0.0,0.0,0.0,0.0,8.6,0
4480,10029.0,0,0,2020-02-24 12:00:00,0.6,0.0,0.0,0.0,0.0,0.0,6.6,0
4481,10013.0,0,0,2020-02-24 13:00:00,1.1,0.0,0.0,0.0,0.0,0.0,4.6,0
4482,10005.0,0,0,2020-02-24 10:00:00,0.1,0.0,0.0,0.0,0.0,0.0,8.6,0
4483,10027.0,1,0,2020-02-24 08:00:00,2.9,0.0,28.0,0.0,47.0,0.0,5.9,1
4484,10012.0,0,0,2020-02-24 11:00:00,0.4,0.0,0.0,0.0,0.0,0.0,8.4,0
4485,10026.0,0,0,2020-02-24 10:00:00,0.1,0.0,0.0,0.0,0.0,0.0,8.6,0
4486,10038.0,0,0,2020-02-24 12:00:00,0.6,0.0,0.0,0.0,0.0,0.0,6.6,0
4487,10001.0,0,0,2020-02-24 15:00:00,6.2,0.0,0.0,0.0,0.0,0.0,3.9,0
4488,10022.0,0,0,2020-02-24 12:00:00,0.6,0.0,0.0,0.0,0.0,0.0,6.6,0
4489,10016.0,0,0,2020-02-24 17:00:00,11.0,0.0,5.0,0.0,0.0,17.0,5.6,0
4490,10013.0,0,0,2020-02-24 18:00:00,11.3,0.0,29.0,0.0,0.0,95.0,5.8,0
4491,10024.0,0,0,2020-02-24 01:00:00,6.7,0.0,0.0,0.0,0.0,0.0,10.1,0
4492,10014.0,0,0,2020-02-24 10:00:00,0.1,0.0,0.0,0.0,0.0,0.0,8.6,0
4493,10013.0,0,0,2020-02-24 18:00:00,11.3,0.0,29.0,0.0,0.0,95.0,5.8,0
4494,10016.0,0,0,2020-02-24 08:00:00,2.9,0.0,28.0,0.0,47.0,0.0,5.9,0
4495,10035.0,0,0,2020-02-24 17:00:00,11.0,0.0,5.0,0.0,0.0,17.0,5.6,0
4496,10002.0,1,0,2020-02-24 08:00:00,2.9,0.0,28.0,0.0,47.0,0.0,5.9,1
4497,10035.0,0,0,2020-02-24 14:00:00,3.6,0.0,0.0,0.0,0.0,0.0,3.6,0
4498,10017.0,1,0,2020-02-24 19:00:00,11.3,0.0,30.0,0.0,0.0,99.0,6.8,1
4499,10016.0,0,0,2020-02-24 07:00:00,3.5,0.0,51.0,0.0,85.0,0.0,6.9,0
4500,10009.0,0,0,2020-02-24 08:00:00,2.9,0.0,28.0,0.0,47.0,0.0,5.9,0
4501,10017.0,0,0,2020-02-24 16:00:00,9.0,0.0,1.0,0.0,0.0,3.0,4.1,0
4502,10009.0,1,0,2020-02-24 18:00:00,11.3,0.0,29.0,0.0,0.0,95.0,5.8,1
4503,10036.0,0,0,2020-02-24 20:00:00,11.6,0.0,29.0,0.0,0.0,97.0,7.7,0
4504,10011.0,0,0,2020-02-24 14:00:00,3.6,0.0,0.0,0.0,0.0,0.0,3.6,0
4505,10016.0,0,0,2020-02-24 12:00:00,0.6,0.0,0.0,0.0,0.0,0.0,6.6,0
4506,10017.0,0,0,2020-02-23 11:00:00,-1.5,0.0,0.0,0.0,0.0,0.0,7.2,0
4507,10013.0,0,0,2020-02-23 10:00:00,-1.3,0.0,0.0,0.0,0.0,0.0,7.6,0
4508,10030.0,0,0,2020-02-23 10:00:00,-1.3,0.0,0.0,0.0,0.0,0.0,7.6,0
4509,10036.0,0,0,2020-02-23 10:00:00,-1.3,0.0,0.0,0.0,0.0,0.0,7.6,0
4510,10028.0,0,0,2020-02-23 12:00:00,-1.7,0.0,0.0,0.0,0.0,0.0,6.9,0
4511,10029.0,1,0,2020-02-23 11:00:00,-1.5,0.0,0.0,0.0,0.0,0.0,7.2,1
4512,10075.0,1,0,2020-02-23 11:00:00,-1.5,0.0,0.0,0.0,0.0,0.0,7.2,1
4513,10016.0,0,0,2020-02-23 00:00:00,5.9,0.0,0.0,0.0,0.0,0.0,10.8,0
4514,10016.0,0,0,2020-02-23 10:00:00,-1.3,0.0,0.0,0.0,0.0,0.0,7.6,0
4515,10017.0,0,0,2020-02-23 14:00:00,3.3,0.0,0.0,0.0,0.0,0.0,7.8,0
4516,10030.0,0,0,2020-02-23 23:00:00,8.8,0.0,0.0,0.0,0.0,0.0,8.4,0
4517,10011.0,0,0,2020-02-23 19:00:00,10.6,0.0,0.0,0.0,0.0,0.0,12.7,0
4518,10017.0,0,0,2020-02-23 20:00:00,11.0,0.0,2.0,0.0,0.0,5.0,12.3,0
4519,10019.0,0,0,2020-02-23 13:00:00,-0.5,0.0,0.0,0.0,0.0,0.0,9.3,0
4520,10002.0,0,0,2020-02-23 13:00:00,-0.5,0.0,0.0,0.0,0.0,0.0,9.3,0
4521,10024.0,0,0,2020-02-23 13:00:00,-0.5,0.0,0.0,0.0,0.0,0.0,9.3,0
4522,10027.0,2,0,2020-02-23 19:00:00,10.6,0.0,0.0,0.0,0.0,0.0,12.7,1
4523,10018.0,0,0,2020-02-23 16:00:00,8.0,0.0,0.0,0.0,0.0,0.0,9.7,0
4524,10022.0,0,0,2020-02-23 17:00:00,9.2,0.0,0.0,0.0,0.0,0.0,10.5,0
4525,10024.0,0,0,2020-02-23 17:00:00,9.2,0.0,0.0,0.0,0.0,0.0,10.5,0
4526,10009.0,0,0,2020-02-23 02:00:00,3.7,0.0,1.0,0.0,0.0,3.0,10.0,0
4527,10036.0,0,0,2020-02-23 23:00:00,8.8,0.0,0.0,0.0,0.0,0.0,8.4,0
4528,10002.0,0,0,2020-02-23 04:00:00,2.2,0.0,0.0,0.0,0.0,0.0,8.9,0
4529,10002.0,0,0,2020-02-23 16:00:00,8.0,0.0,0.0,0.0,0.0,0.0,9.7,0
4530,10013.0,2,0,2020-02-23 02:00:00,3.7,0.0,1.0,0.0,0.0,3.0,10.0,1
4531,10012.0,0,0,2020-02-23 01:00:00,4.7,0.0,0.0,0.0,0.0,1.0,10.7,0
4532,10103.0,0,0,2020-02-23 14:00:00,3.3,0.0,0.0,0.0,0.0,0.0,7.8,0
4533,10075.0,0,0,2020-02-23 16:00:00,8.0,0.0,0.0,0.0,0.0,0.0,9.7,0
4534,10011.0,0,0,2020-02-23 15:00:00,6.8,0.0,0.0,0.0,0.0,0.0,8.2,0
4535,10013.0,0,0,2020-02-23 23:00:00,8.8,0.0,0.0,0.0,0.0,0.0,8.4,0
4536,10002.0,0,0,2020-02-23 22:00:00,9.2,0.0,0.0,0.0,0.0,0.0,8.1,0
4537,10027.0,0,0,2020-02-23 18:00:00,10.0,0.0,0.0,0.0,0.0,0.0,12.1,0
4538,10010.0,1,0,2020-02-23 18:00:00,10.0,0.0,0.0,0.0,0.0,0.0,12.1,1
4539,10006.0,0,0,2020-02-23 13:00:00,-0.5,0.0,0.0,0.0,0.0,0.0,9.3,0
4540,10010.0,0,0,2020-02-23 01:00:00,4.7,0.0,0.0,0.0,0.0,1.0,10.7,0
4541,10010.0,0,0,2020-02-23 01:00:00,4.7,0.0,0.0,0.0,0.0,1.0,10.7,0
4542,10019.0,0,0,2020-02-23 13:00:00,-0.5,0.0,0.0,0.0,0.0,0.0,9.3,0
4543,10033.0,0,0,2020-02-23 17:00:00,9.2,0.0,0.0,0.0,0.0,0.0,10.5,0
4544,10007.0,0,0,2020-02-23 16:00:00,8.0,0.0,0.0,0.0,0.0,0.0,9.7,0
4545,10022.0,0,0,2020-02-23 20:00:00,11.0,0.0,2.0,0.0,0.0,5.0,12.3,0
4546,10021.0,0,0,2020-02-23 12:00:00,-1.7,0.0,0.0,0.0,0.0,0.0,6.9,0
4547,10011.0,1,0,2020-02-23 04:00:00,2.2,0.0,0.0,0.0,0.0,0.0,8.9,1
4548,10038.0,0,0,2020-02-23 16:00:00,8.0,0.0,0.0,0.0,0.0,0.0,9.7,0
4549,10032.0,1,0,2020-02-23 23:00:00,8.8,0.0,0.0,0.0,0.0,0.0,8.4,1
4550,10040.0,0,0,2020-02-23 03:00:00,2.4,0.0,0.0,0.0,0.0,0.0,9.3,0
4551,10016.0,0,0,2020-02-23 01:00:00,4.7,0.0,0.0,0.0,0.0,1.0,10.7,0
4552,10038.0,0,0,2020-02-23 03:00:00,2.4,0.0,0.0,0.0,0.0,0.0,9.3,0
4553,10009.0,0,0,2020-02-23 19:00:00,10.6,0.0,0.0,0.0,0.0,0.0,12.7,0
4554,10033.0,1,0,2020-02-23 04:00:00,2.2,0.0,0.0,0.0,0.0,0.0,8.9,1
4555,10029.0,0,0,2020-02-23 06:00:00,1.8,0.0,0.0,0.0,0.0,0.0,8.0,0
4556,10033.0,0,0,2020-02-22 15:00:00,3.4,0.0,0.0,0.0,0.0,0.0,13.3,0
4557,10040.0,0,0,2020-02-22 00:00:00,0.5,0.0,0.0,0.0,0.0,0.0,8.9,0
4558,10037.0,0,0,2020-02-22 12:00:00,-2.2,0.0,0.0,0.0,0.0,0.0,12.3,0
4559,10026.0,0,0,2020-02-22 14:00:00,0.1,0.0,0.0,0.0,0.0,0.0,12.4,0
4560,10017.0,0,0,2020-02-22 16:00:00,4.5,0.0,0.0,0.0,0.0,0.0,13.6,0
4561,10034.0,0,0,2020-02-22 18:00:00,6.8,0.0,0.0,0.0,0.0,0.0,15.7,0
4562,10011.0,0,0,2020-02-22 16:00:00,4.5,0.0,0.0,0.0,0.0,0.0,13.6,0
4563,10030.0,0,0,2020-02-22 03:00:00,-1.1,0.0,0.0,0.0,0.0,0.0,12.4,0
4564,10010.0,0,0,2020-02-22 11:00:00,-2.4,0.0,0.0,0.0,0.0,0.0,12.6,0
4565,10065.0,0,0,2020-02-22 14:00:00,0.1,0.0,0.0,0.0,0.0,0.0,12.4,0
4566,10001.0,0,0,2020-02-22 20:00:00,8.5,0.0,0.0,0.0,0.0,0.0,16.3,0
4567,10036.0,0,0,2020-02-22 10:00:00,-2.4,0.0,0.0,0.0,0.0,0.0,13.9,0
4568,10011.0,0,0,2020-02-22 17:00:00,5.9,0.0,0.0,0.0,0.0,0.0,14.4,0
4569,10019.0,0,0,2020-02-22 20:00:00,8.5,0.0,0.0,0.0,0.0,0.0,16.3,0
4570,10021.0,0,0,2020-02-22 12:00:00,-2.2,0.0,0.0,0.0,0.0,0.0,12.3,0
4571,10028.0,2,0,2020-02-22 13:00:00,-1.4,0.0,0.0,0.0,0.0,0.0,11.9,1
4572,10029.0,0,0,2020-02-22 08:00:00,-1.4,0.0,0.0,0.0,0.0,0.0,14.4,0
4573,10039.0,0,0,2020-02-22 21:00:00,8.8,0.0,0.0,0.0,0.0,0.0,13.7,0
4574,10019.0,1,0,2020-02-22 17:00:00,5.9,0.0,0.0,0.0,0.0,0.0,14.4,1
4575,10016.0,0,0,2020-02-22 19:00:00,7.7,0.0,0.0,0.0,0.0,0.0,16.5,0
4576,10037.0,0,0,2020-02-22 13:00:00,-1.4,0.0,0.0,0.0,0.0,0.0,11.9,0
4577,10036.0,0,0,2020-02-22 19:00:00,7.7,0.0,0.0,0.0,0.0,0.0,16.5,0
4578,10028.0,0,0,2020-02-22 08:00:00,-1.4,0.0,0.0,0.0,0.0,0.0,14.4,0
4579,10003.0,0,0,2020-02-22 19:00:00,7.7,0.0,0.0,0.0,0.0,0.0,16.5,0
4580,10065.0,0,0,2020-02-22 21:00:00,8.8,0.0,0.0,0.0,0.0,0.0,13.7,0
4581,10001.0,1,0,2020-02-22 07:00:00,-1.3,0.0,0.0,0.0,0.0,0.0,14.2,1
4582,10017.0,0,0,2020-02-22 03:00:00,-1.1,0.0,0.0,0.0,0.0,0.0,12.4,0
4583,10010.0,1,0,2020-02-22 04:00:00,-1.4,0.0,0.0,0.0,0.0,0.0,12.8,1
4584,10037.0,0,0,2020-02-22 20:00:00,8.5,0.0,0.0,0.0,0.0,0.0,16.3,0
4585,10065.0,0,0,2020-02-22 16:00:00,4.5,0.0,0.0,0.0,0.0,0.0,13.6,0
4586,10033.0,0,0,2020-02-22 17:00:00,5.9,0.0,0.0,0.0,0.0,0.0,14.4,0
4587,10018.0,0,0,2020-02-22 18:00:00,6.8,0.0,0.0,0.0,0.0,0.0,15.7,0
4588,10036.0,0,0,2020-02-22 21:00:00,8.8,0.0,0.0,0.0,0.0,0.0,13.7,0
4589,10033.0,0,0,2020-02-22 18:00:00,6.8,0.0,0.0,0.0,0.0,0.0,15.7,0
4590,10034.0,0,0,2020-02-22 08:00:00,-1.4,0.0,0.0,0.0,0.0,0.0,14.4,0
4591,10001.0,0,0,2020-02-22 07:00:00,-1.3,0.0,0.0,0.0,0.0,0.0,14.2,0
4592,10031.0,0,0,2020-02-22 17:00:00,5.9,0.0,0.0,0.0,0.0,0.0,14.4,0
4593,10036.0,0,0,2020-02-22 01:00:00,-0.2,0.0,0.0,0.0,0.0,0.0,11.0,0
4594,10023.0,1,0,2020-02-22 09:00:00,-1.4,0.0,0.0,0.0,0.0,0.0,13.7,1
4595,10013.0,1,0,2020-02-22 11:00:00,-2.4,0.0,0.0,0.0,0.0,0.0,12.6,1
4596,10016.0,0,0,2020-02-22 00:00:00,0.5,0.0,0.0,0.0,0.0,0.0,8.9,0
4597,10001.0,0,0,2020-02-22 13:00:00,-1.4,0.0,0.0,0.0,0.0,0.0,11.9,0
4598,10027.0,0,0,2020-02-22 20:00:00,8.5,0.0,0.0,0.0,0.0,0.0,16.3,0
4599,10016.0,0,0,2020-02-22 14:00:00,0.1,0.0,0.0,0.0,0.0,0.0,12.4,0
4600,10027.0,0,0,2020-02-22 16:00:00,4.5,0.0,0.0,0.0,0.0,0.0,13.6,0
4601,10022.0,0,0,2020-02-21 08:00:00,-4.2,0.0,0.0,0.0,0.0,0.0,17.6,0
4602,10033.0,0,0,2020-02-21 09:00:00,-4.8,0.0,0.0,0.0,0.0,0.0,16.5,0
4603,10009.0,0,0,2020-02-21 13:00:00,-5.2,0.0,1.0,1.0,0.0,0.0,15.6,0
4604,10034.0,0,0,2020-02-21 18:00:00,-0.7,0.0,0.0,0.0,0.0,0.0,7.6,0
4605,10009.0,0,0,2020-02-21 14:00:00,-4.6,0.0,2.0,2.0,0.0,0.0,14.4,0
4606,10023.0,0,0,2020-02-21 19:00:00,-0.0,0.0,0.0,0.0,0.0,0.0,6.6,0
4607,10036.0,0,0,2020-02-21 07:00:00,-3.8,0.0,0.0,0.0,0.0,0.0,17.9,0
4608,10029.0,0,0,2020-02-21 12:00:00,-5.8,0.0,34.0,38.0,0.0,0.0,17.0,0
4609,10009.0,0,0,2020-02-21 14:00:00,-4.6,0.0,2.0,2.0,0.0,0.0,14.4,0
4610,10003.0,0,0,2020-02-21 02:00:00,-0.8,0.0,5.0,0.0,4.0,8.0,15.1,0
4611,10002.0,0,0,2020-02-21 17:00:00,-1.4,0.0,0.0,0.0,0.0,0.0,10.0,0
4612,10013.0,0,0,2020-02-21 15:00:00,-2.8,0.0,0.0,0.0,0.0,0.0,13.4,0
4613,10032.0,0,0,2020-02-21 20:00:00,0.7,0.0,0.0,0.0,0.0,0.0,6.6,0
4614,10016.0,0,0,2020-02-21 05:00:00,-2.7,0.0,1.0,0.0,0.0,4.0,17.0,0
4615,10013.0,0,0,2020-02-21 23:00:00,1.5,0.0,0.0,0.0,0.0,0.0,6.4,0
4616,10016.0,0,0,2020-02-21 10:00:00,-5.9,0.0,0.0,0.0,0.0,0.0,19.8,0
4617,10016.0,0,0,2020-02-21 19:00:00,-0.0,0.0,0.0,0.0,0.0,0.0,6.6,0
4618,10037.0,0,0,2020-02-21 22:00:00,1.6,0.0,0.0,0.0,0.0,0.0,4.7,0
4619,10128.0,0,0,2020-02-21 20:00:00,0.7,0.0,0.0,0.0,0.0,0.0,6.6,0
4620,10022.0,0,0,2020-02-21 01:00:00,-0.3,0.0,4.0,1.0,4.0,1.0,13.2,0
4621,10032.0,1,0,2020-02-21 16:00:00,-2.3,0.0,0.0,0.0,0.0,0.0,11.7,1
4622,10009.0,0,0,2020-02-21 13:00:00,-5.2,0.0,1.0,1.0,0.0,0.0,15.6,0
4623,10002.0,0,0,2020-02-21 19:00:00,-0.0,0.0,0.0,0.0,0.0,0.0,6.6,0
4624,10001.0,0,0,2020-02-21 18:00:00,-0.7,0.0,0.0,0.0,0.0,0.0,7.6,0
4625,10034.0,0,0,2020-02-21 10:00:00,-5.9,0.0,0.0,0.0,0.0,0.0,19.8,0
4626,10018.0,0,0,2020-02-21 17:00:00,-1.4,0.0,0.0,0.0,0.0,0.0,10.0,0
4627,10036.0,0,0,2020-02-21 22:00:00,1.6,0.0,0.0,0.0,0.0,0.0,4.7,0
4628,10002.0,0,0,2020-02-21 09:00:00,-4.8,0.0,0.0,0.0,0.0,0.0,16.5,0
4629,10026.0,1,0,2020-02-21 22:00:00,1.6,0.0,0.0,0.0,0.0,0.0,4.7,1
4630,10027.0,0,0,2020-02-21 18:00:00,-0.7,0.0,0.0,0.0,0.0,0.0,7.6,0
4631,10029.0,0,0,2020-02-21 09:00:00,-4.8,0.0,0.0,0.0,0.0,0.0,16.5,0
4632,10029.0,0,0,2020-02-21 14:00:00,-4.6,0.0,2.0,2.0,0.0,0.0,14.4,0
4633,10018.0,0,0,2020-02-21 16:00:00,-2.3,0.0,0.0,0.0,0.0,0.0,11.7,0
4634,10004.0,0,0,2020-02-21 09:00:00,-4.8,0.0,0.0,0.0,0.0,0.0,16.5,0
4635,10128.0,0,0,2020-02-21 07:00:00,-3.8,0.0,0.0,0.0,0.0,0.0,17.9,0
4636,10018.0,0,0,2020-02-21 11:00:00,-5.8,0.0,0.0,0.0,0.0,0.0,18.0,0
4637,10001.0,0,0,2020-02-21 14:00:00,-4.6,0.0,2.0,2.0,0.0,0.0,14.4,0
4638,10036.0,0,0,2020-02-21 04:00:00,-2.1,0.0,2.0,0.0,1.0,3.0,15.8,0
4639,10128.0,0,0,2020-02-21 00:00:00,0.2,0.0,8.0,1.0,10.0,5.0,11.7,0
4640,10032.0,1,0,2020-02-21 13:00:00,-5.2,0.0,1.0,1.0,0.0,0.0,15.6,1
4641,10033.0,1,0,2020-02-21 16:00:00,-2.3,0.0,0.0,0.0,0.0,0.0,11.7,1
4642,10035.0,0,0,2020-02-21 05:00:00,-2.7,0.0,1.0,0.0,0.0,4.0,17.0,0
4643,10011.0,0,0,2020-02-21 15:00:00,-2.8,0.0,0.0,0.0,0.0,0.0,13.4,0
4644,10001.0,0,0,2020-02-21 20:00:00,0.7,0.0,0.0,0.0,0.0,0.0,6.6,0
4645,10075.0,1,0,2020-02-21 10:00:00,-5.9,0.0,0.0,0.0,0.0,0.0,19.8,1
4646,10022.0,0,0,2020-02-21 18:00:00,-0.7,0.0,0.0,0.0,0.0,0.0,7.6,0
4647,10018.0,0,0,2020-02-21 05:00:00,-2.7,0.0,1.0,0.0,0.0,4.0,17.0,0
4648,10022.0,0,0,2020-02-21 13:00:00,-5.2,0.0,1.0,1.0,0.0,0.0,15.6,0
4649,10009.0,0,0,2020-02-21 13:00:00,-5.2,0.0,1.0,1.0,0.0,0.0,15.6,0
4650,10027.0,0,0,2020-02-21 14:00:00,-4.6,0.0,2.0,2.0,0.0,0.0,14.4,0
4651,10035.0,0,0,2020-02-21 15:00:00,-2.8,0.0,0.0,0.0,0.0,0.0,13.4,0
4652,10128.0,0,0,2020-02-21 07:00:00,-3.8,0.0,0.0,0.0,0.0,0.0,17.9,0
4653,10027.0,0,0,2020-02-21 17:00:00,-1.4,0.0,0.0,0.0,0.0,0.0,10.0,0
4654,10014.0,0,0,2020-02-21 08:00:00,-4.2,0.0,0.0,0.0,0.0,0.0,17.6,0
4655,10017.0,0,0,2020-02-21 09:00:00,-4.8,0.0,0.0,0.0,0.0,0.0,16.5,0
4656,10001.0,1,0,2020-02-21 12:00:00,-5.8,0.0,34.0,38.0,0.0,0.0,17.0,1
4657,10016.0,1,0,2020-02-21 20:00:00,0.7,0.0,0.0,0.0,0.0,0.0,6.6,1
4658,10021.0,0,0,2020-02-21 11:00:00,-5.8,0.0,0.0,0.0,0.0,0.0,18.0,0
4659,10004.0,1,0,2020-02-21 08:00:00,-4.2,0.0,0.0,0.0,0.0,0.0,17.6,1
4660,10027.0,0,0,2020-02-21 09:00:00,-4.8,0.0,0.0,0.0,0.0,0.0,16.5,0
4661,10013.0,1,0,2020-02-21 13:00:00,-5.2,0.0,1.0,1.0,0.0,0.0,15.6,1
4662,10038.0,0,0,2020-02-21 12:00:00,-5.8,0.0,34.0,38.0,0.0,0.0,17.0,0
4663,10011.0,1,0,2020-02-21 19:00:00,-0.0,0.0,0.0,0.0,0.0,0.0,6.6,1
4664,10017.0,0,0,2020-02-21 07:00:00,-3.8,0.0,0.0,0.0,0.0,0.0,17.9,0
4665,10036.0,0,0,2020-02-21 16:00:00,-2.3,0.0,0.0,0.0,0.0,0.0,11.7,0
4666,10002.0,0,0,2020-02-21 12:00:00,-5.8,0.0,34.0,38.0,0.0,0.0,17.0,0
4667,10031.0,0,0,2020-02-21 09:00:00,-4.8,0.0,0.0,0.0,0.0,0.0,16.5,0
4668,10021.0,0,0,2020-02-21 11:00:00,-5.8,0.0,0.0,0.0,0.0,0.0,18.0,0
4669,10014.0,1,0,2020-02-21 14:00:00,-4.6,0.0,2.0,2.0,0.0,0.0,14.4,1
4670,10065.0,0,0,2020-02-21 21:00:00,1.3,0.0,0.0,0.0,0.0,0.0,6.8,0
4671,10026.0,0,0,2020-02-21 12:00:00,-5.8,0.0,34.0,38.0,0.0,0.0,17.0,0
4672,10035.0,0,0,2020-02-21 06:00:00,-3.5,0.0,0.0,0.0,0.0,0.0,17.8,0
4673,10128.0,1,0,2020-02-21 20:00:00,0.7,0.0,0.0,0.0,0.0,0.0,6.6,1
4674,10016.0,0,0,2020-02-21 17:00:00,-1.4,0.0,0.0,0.0,0.0,0.0,10.0,0
4675,10128.0,0,0,2020-02-20 09:00:00,-0.6,0.0,59.0,0.0,77.0,41.0,5.4,0
4676,10021.0,0,0,2020-02-20 04:00:00,1.1,0.0,0.0,0.0,0.0,0.0,8.0,0
4677,10012.0,0,0,2020-02-20 13:00:00,-1.6,0.0,33.0,0.0,16.0,78.0,10.3,0
4678,10038.0,1,0,2020-02-20 16:00:00,0.4,0.0,54.0,0.0,41.0,99.0,8.9,1
4679,10036.0,0,0,2020-02-20 16:00:00,0.4,0.0,54.0,0.0,41.0,99.0,8.9,0
4680,10016.0,2,0,2020-02-20 23:00:00,0.9,0.0,31.0,7.0,33.0,16.0,9.7,1
4681,10011.0,0,0,2020-02-20 20:00:00,1.9,0.0,86.0,22.0,99.0,21.0,13.0,0
4682,10027.0,0,0,2020-02-20 19:00:00,1.4,0.0,100.0,42.0,89.0,95.0,11.2,0
4683,10018.0,0,0,2020-02-20 14:00:00,-1.0,0.0,38.0,0.0,13.0,100.0,10.5,0
4684,10012.0,0,0,2020-02-20 18:00:00,0.9,0.0,100.0,33.0,89.0,100.0,10.8,0
4685,10016.0,0,0,2020-02-20 10:00:00,-1.8,0.0,60.0,0.0,82.0,37.0,7.5,0
4686,10001.0,0,0,2020-02-20 10:00:00,-1.8,0.0,60.0,0.0,82.0,37.0,7.5,0
4687,10025.0,1,0,2020-02-20 13:00:00,-1.6,0.0,33.0,0.0,16.0,78.0,10.3,1
4688,10032.0,0,0,2020-02-20 18:00:00,0.9,0.0,100.0,33.0,89.0,100.0,10.8,0
4689,10027.0,0,0,2020-02-20 16:00:00,0.4,0.0,54.0,0.0,41.0,99.0,8.9,0
4690,10075.0,0,0,2020-02-20 15:00:00,0.1,0.0,39.0,0.0,16.0,99.0,10.0,0
4691,10019.0,0,0,2020-02-20 07:00:00,-0.1,0.0,68.0,0.0,64.0,99.0,6.8,0
4692,10036.0,0,0,2020-02-20 15:00:00,0.1,0.0,39.0,0.0,16.0,99.0,10.0,0
4693,10029.0,0,0,2020-02-20 13:00:00,-1.6,0.0,33.0,0.0,16.0,78.0,10.3,0
4694,10035.0,0,0,2020-02-20 06:00:00,0.4,0.0,26.0,0.0,0.0,88.0,7.6,0
4695,10018.0,0,0,2020-02-20 03:00:00,1.4,0.0,0.0,0.0,0.0,0.0,8.4,0
4696,10002.0,0,0,2020-02-20 17:00:00,0.6,0.0,75.0,0.0,75.0,99.0,8.7,0
4697,10013.0,0,0,2020-02-20 07:00:00,-0.1,0.0,68.0,0.0,64.0,99.0,6.8,0
4698,10036.0,0,0,2020-02-20 23:00:00,0.9,0.0,31.0,7.0,33.0,16.0,9.7,0
4699,10021.0,0,0,2020-02-20 15:00:00,0.1,0.0,39.0,0.0,16.0,99.0,10.0,0
4700,10013.0,0,0,2020-02-20 17:00:00,0.6,0.0,75.0,0.0,75.0,99.0,8.7,0
4701,10023.0,1,0,2020-02-20 17:00:00,0.6,0.0,75.0,0.0,75.0,99.0,8.7,1
4702,10031.0,0,0,2020-02-20 13:00:00,-1.6,0.0,33.0,0.0,16.0,78.0,10.3,0
4703,10023.0,0,0,2020-02-20 12:00:00,-1.8,0.0,17.0,0.0,18.0,21.0,7.4,0
4704,10001.0,0,0,2020-02-20 07:00:00,-0.1,0.0,68.0,0.0,64.0,99.0,6.8,0
4705,10010.0,0,0,2020-02-20 08:00:00,-0.3,0.0,72.0,0.0,74.0,92.0,6.6,0
4706,10019.0,3,0,2020-02-20 10:00:00,-1.8,0.0,60.0,0.0,82.0,37.0,7.5,1
4707,10032.0,0,0,2020-02-20 18:00:00,0.9,0.0,100.0,33.0,89.0,100.0,10.8,0
4708,10002.0,1,0,2020-02-20 10:00:00,-1.8,0.0,60.0,0.0,82.0,37.0,7.5,1
4709,10002.0,0,0,2020-02-20 05:00:00,0.6,0.0,8.0,0.0,0.0,26.0,8.7,0
4710,10010.0,0,0,2020-02-20 18:00:00,0.9,0.0,100.0,33.0,89.0,100.0,10.8,0
4711,10019.0,0,0,2020-02-20 06:00:00,0.4,0.0,26.0,0.0,0.0,88.0,7.6,0
4712,10033.0,0,0,2020-02-20 18:00:00,0.9,0.0,100.0,33.0,89.0,100.0,10.8,0
4713,10002.0,1,0,2020-02-20 04:00:00,1.1,0.0,0.0,0.0,0.0,0.0,8.0,1
4714,10032.0,0,0,2020-02-20 18:00:00,0.9,0.0,100.0,33.0,89.0,100.0,10.8,0
4715,10023.0,0,0,2020-02-20 11:00:00,-1.7,0.0,34.0,0.0,55.0,4.0,5.6,0
4716,10007.0,0,0,2020-02-20 22:00:00,1.5,0.0,75.0,22.0,85.0,13.0,10.8,0
4717,10026.0,0,0,2020-02-20 19:00:00,1.4,0.0,100.0,42.0,89.0,95.0,11.2,0
4718,10025.0,0,0,2020-02-20 06:00:00,0.4,0.0,26.0,0.0,0.0,88.0,7.6,0
4719,10032.0,1,0,2020-02-20 18:00:00,0.9,0.0,100.0,33.0,89.0,100.0,10.8,1
4720,10013.0,0,0,2020-02-20 16:00:00,0.4,0.0,54.0,0.0,41.0,99.0,8.9,0
4721,10012.0,0,0,2020-02-20 13:00:00,-1.6,0.0,33.0,0.0,16.0,78.0,10.3,0
4722,10001.0,0,0,2020-02-20 10:00:00,-1.8,0.0,60.0,0.0,82.0,37.0,7.5,0
4723,10033.0,1,0,2020-02-20 08:00:00,-0.3,0.0,72.0,0.0,74.0,92.0,6.6,1
4724,10036.0,0,0,2020-02-20 00:00:00,4.4,0.0,0.0,0.0,0.0,0.0,9.3,0
4725,10013.0,0,0,2020-02-20 06:00:00,0.4,0.0,26.0,0.0,0.0,88.0,7.6,0
4726,10013.0,0,0,2020-02-20 09:00:00,-0.6,0.0,59.0,0.0,77.0,41.0,5.4,0
4727,10036.0,0,0,2020-02-20 20:00:00,1.9,0.0,86.0,22.0,99.0,21.0,13.0,0
4728,10016.0,0,0,2020-02-20 17:00:00,0.6,0.0,75.0,0.0,75.0,99.0,8.7,0
4729,10038.0,0,0,2020-02-20 14:00:00,-1.0,0.0,38.0,0.0,13.0,100.0,10.5,0
4730,10034.0,0,0,2020-02-20 18:00:00,0.9,0.0,100.0,33.0,89.0,100.0,10.8,0
4731,10022.0,1,0,2020-02-20 08:00:00,-0.3,0.0,72.0,0.0,74.0,92.0,6.6,1
4732,10022.0,0,0,2020-02-19 10:00:00,5.2,0.0,73.0,0.0,99.0,46.0,12.0,0
4733,10012.0,0,0,2020-02-19 12:00:00,5.0,0.0,22.0,0.0,35.0,3.0,8.7,0
4734,10002.0,0,0,2020-02-19 19:00:00,8.0,0.0,3.0,2.0,2.0,0.0,20.3,0
4735,10029.0,0,0,2020-02-19 16:00:00,7.1,0.0,3.0,0.0,0.0,10.0,17.6,0
4736,10012.0,0,0,2020-02-19 13:00:00,4.8,0.0,8.0,1.0,10.0,4.0,9.5,0
4737,10003.0,2,0,2020-02-19 20:00:00,7.8,0.0,5.0,3.0,4.0,0.0,19.7,1
4738,10037.0,0,0,2020-02-19 18:00:00,7.9,0.0,11.0,6.0,1.0,18.0,19.8,0
4739,10003.0,0,0,2020-02-19 00:00:00,4.9,0.0,100.0,98.0,97.0,98.0,5.9,0
4740,10025.0,1,0,2020-02-19 08:00:00,7.0,0.0,86.0,0.0,93.0,100.0,16.8,1
4741,10023.0,0,0,2020-02-19 10:00:00,5.2,0.0,73.0,0.0,99.0,46.0,12.0,0
4742,10034.0,1,0,2020-02-19 08:00:00,7.0,0.0,86.0,0.0,93.0,100.0,16.8,1
4743,10035.0,1,0,2020-02-19 11:00:00,5.1,0.0,47.0,0.0,74.0,8.0,10.4,1
4744,10065.0,0,0,2020-02-19 15:00:00,6.7,0.0,2.0,1.0,0.0,3.0,16.4,0
4745,10022.0,0,0,2020-02-19 00:00:00,4.9,0.0,100.0,98.0,97.0,98.0,5.9,0
4746,10016.0,0,0,2020-02-19 18:00:00,7.9,0.0,11.0,6.0,1.0,18.0,19.8,0
4747,10022.0,0,0,2020-02-19 14:00:00,5.5,0.0,6.0,5.0,1.0,4.0,11.3,0
4748,10023.0,2,0,2020-02-19 01:00:00,4.9,0.0,100.0,100.0,99.0,100.0,5.7,1
4749,10016.0,0,0,2020-02-19 20:00:00,7.8,0.0,5.0,3.0,4.0,0.0,19.7,0
4750,10012.0,0,0,2020-02-19 14:00:00,5.5,0.0,6.0,5.0,1.0,4.0,11.3,0
4751,10017.0,0,0,2020-02-19 20:00:00,7.8,0.0,5.0,3.0,4.0,0.0,19.7,0
4752,10035.0,0,0,2020-02-19 15:00:00,6.7,0.0,2.0,1.0,0.0,3.0,16.4,0
4753,10010.0,1,0,2020-02-19 10:00:00,5.2,0.0,73.0,0.0,99.0,46.0,12.0,1
4754,10036.0,0,0,2020-02-19 21:00:00,7.4,0.0,3.0,0.0,5.0,0.0,17.1,0
4755,10003.0,2,0,2020-02-19 20:00:00,7.8,0.0,5.0,3.0,4.0,0.0,19.7,1
4756,10036.0,2,0,2020-02-19 12:00:00,5.0,0.0,22.0,0.0,35.0,3.0,8.7,1
4757,10019.0,0,0,2020-02-19 14:00:00,5.5,0.0,6.0,5.0,1.0,4.0,11.3,0
4758,10019.0,1,0,2020-02-19 12:00:00,5.0,0.0,22.0,0.0,35.0,3.0,8.7,1
4759,10018.0,1,0,2020-02-19 08:00:00,7.0,0.0,86.0,0.0,93.0,100.0,16.8,1
4760,10016.0,1,0,2020-02-19 08:00:00,7.0,0.0,86.0,0.0,93.0,100.0,16.8,1
4761,10022.0,0,0,2020-02-19 16:00:00,7.1,0.0,3.0,0.0,0.0,10.0,17.6,0
4762,10128.0,0,0,2020-02-19 15:00:00,6.7,0.0,2.0,1.0,0.0,3.0,16.4,0
4763,10002.0,0,0,2020-02-19 20:00:00,7.8,0.0,5.0,3.0,4.0,0.0,19.7,0
4764,10012.0,1,0,2020-02-19 10:00:00,5.2,0.0,73.0,0.0,99.0,46.0,12.0,1
4765,10009.0,0,0,2020-02-19 15:00:00,6.7,0.0,2.0,1.0,0.0,3.0,16.4,0
4766,10030.0,0,0,2020-02-19 09:00:00,6.3,0.0,86.0,0.0,95.0,98.0,17.3,0
4767,10026.0,0,0,2020-02-19 14:00:00,5.5,0.0,6.0,5.0,1.0,4.0,11.3,0
4768,10075.0,0,0,2020-02-19 14:00:00,5.5,0.0,6.0,5.0,1.0,4.0,11.3,0
4769,10128.0,1,0,2020-02-19 10:00:00,5.2,0.0,73.0,0.0,99.0,46.0,12.0,1
4770,10019.0,0,0,2020-02-19 08:00:00,7.0,0.0,86.0,0.0,93.0,100.0,16.8,0
4771,10002.0,0,0,2020-02-19 14:00:00,5.5,0.0,6.0,5.0,1.0,4.0,11.3,0
4772,10025.0,0,0,2020-02-19 13:00:00,4.8,0.0,8.0,1.0,10.0,4.0,9.5,0
4773,10019.0,0,0,2020-02-19 10:00:00,5.2,0.0,73.0,0.0,99.0,46.0,12.0,0
4774,10010.0,0,0,2020-02-19 13:00:00,4.8,0.0,8.0,1.0,10.0,4.0,9.5,0
4775,10038.0,0,0,2020-02-19 13:00:00,4.8,0.0,8.0,1.0,10.0,4.0,9.5,0
4776,10016.0,0,0,2020-02-19 11:00:00,5.1,0.0,47.0,0.0,74.0,8.0,10.4,0
4777,10002.0,0,0,2020-02-19 22:00:00,6.0,0.0,2.0,0.0,2.0,4.0,10.5,0
4778,10003.0,0,0,2020-02-19 00:00:00,4.9,0.0,100.0,98.0,97.0,98.0,5.9,0
4779,10016.0,1,0,2020-02-19 03:00:00,5.2,0.0,100.0,99.0,97.0,100.0,4.6,1
4780,10029.0,0,0,2020-02-19 08:00:00,7.0,0.0,86.0,0.0,93.0,100.0,16.8,0
4781,10005.0,0,0,2020-02-19 21:00:00,7.4,0.0,3.0,0.0,5.0,0.0,17.1,0
4782,10036.0,0,0,2020-02-19 08:00:00,7.0,0.0,86.0,0.0,93.0,100.0,16.8,0
4783,10103.0,0,0,2020-02-19 22:00:00,6.0,0.0,2.0,0.0,2.0,4.0,10.5,0
4784,10036.0,0,0,2020-02-19 00:00:00,4.9,0.0,100.0,98.0,97.0,98.0,5.9,0
4785,10003.0,0,0,2020-02-19 03:00:00,5.2,0.0,100.0,99.0,97.0,100.0,4.6,0
4786,10016.0,0,0,2020-02-19 10:00:00,5.2,0.0,73.0,0.0,99.0,46.0,12.0,0
4787,10016.0,0,0,2020-02-19 21:00:00,7.4,0.0,3.0,0.0,5.0,0.0,17.1,0
4788,10017.0,1,0,2020-02-19 13:00:00,4.8,0.0,8.0,1.0,10.0,4.0,9.5,1
4789,10022.0,0,0,2020-02-19 18:00:00,7.9,0.0,11.0,6.0,1.0,18.0,19.8,0
4790,10013.0,0,0,2020-02-19 16:00:00,7.1,0.0,3.0,0.0,0.0,10.0,17.6,0
4791,10029.0,0,0,2020-02-19 11:00:00,5.1,0.0,47.0,0.0,74.0,8.0,10.4,0
4792,10028.0,0,0,2020-02-19 06:00:00,7.1,0.0,83.0,7.0,91.0,73.0,11.7,0
4793,10021.0,0,0,2020-02-19 16:00:00,7.1,0.0,3.0,0.0,0.0,10.0,17.6,0
4794,10002.0,0,0,2020-02-18 13:00:00,4.0,0.0,100.0,35.0,100.0,100.0,13.4,0
4795,10036.0,0,0,2020-02-18 08:00:00,1.8,0.0,78.0,0.0,97.0,67.0,15.3,0
4796,10038.0,0,0,2020-02-18 16:00:00,6.8,0.2,100.0,100.0,39.0,99.0,13.7,0
4797,10018.0,0,0,2020-02-18 15:00:00,5.8,0.3,100.0,100.0,78.0,100.0,13.1,0
4798,10021.0,0,0,2020-02-18 09:00:00,2.6,0.0,62.0,0.0,66.0,74.0,15.0,0
4799,10009.0,0,0,2020-02-18 20:00:00,8.2,0.0,100.0,100.0,21.0,83.0,7.6,0
4800,10010.0,0,0,2020-02-18 10:00:00,2.9,0.0,76.0,0.0,78.0,98.0,13.0,0
4801,10011.0,0,0,2020-02-18 19:00:00,8.0,0.0,100.0,100.0,20.0,87.0,8.3,0
4802,10009.0,0,0,2020-02-18 07:00:00,1.4,0.0,89.0,0.0,100.0,98.0,14.5,0
4803,10019.0,2,0,2020-02-18 21:00:00,7.5,0.0,100.0,94.0,20.0,55.0,6.2,1
4804,10036.0,1,0,2020-02-18 20:00:00,8.2,0.0,100.0,100.0,21.0,83.0,7.6,1
4805,10004.0,0,0,2020-02-18 08:00:00,1.8,0.0,78.0,0.0,97.0,67.0,15.3,0
4806,10019.0,0,0,2020-02-18 20:00:00,8.2,0.0,100.0,100.0,21.0,83.0,7.6,0
4807,10035.0,1,1,2020-02-18 17:00:00,7.4,0.0,100.0,100.0,37.0,94.0,11.4,2
4808,10018.0,0,0,2020-02-18 11:00:00,3.2,0.0,89.0,0.0,98.0,100.0,10.7,0
4809,10065.0,0,0,2020-02-18 20:00:00,8.2,0.0,100.0,100.0,21.0,83.0,7.6,0
4810,10029.0,1,0,2020-02-18 01:00:00,4.7,0.0,13.0,0.0,0.0,42.0,5.8,1
4811,10017.0,0,0,2020-02-18 08:00:00,1.8,0.0,78.0,0.0,97.0,67.0,15.3,0
4812,10019.0,0,0,2020-02-18 06:00:00,1.2,0.0,88.0,0.0,100.0,93.0,13.2,0
4813,10029.0,0,0,2020-02-18 08:00:00,1.8,0.0,78.0,0.0,97.0,67.0,15.3,0
4814,10022.0,0,0,2020-02-18 14:00:00,4.8,0.2,100.0,96.0,100.0,99.0,12.4,0
4815,10013.0,0,0,2020-02-18 08:00:00,1.8,0.0,78.0,0.0,97.0,67.0,15.3,0
4816,10022.0,0,0,2020-02-18 12:00:00,3.6,0.0,93.0,4.0,100.0,99.0,11.8,0
4817,10017.0,0,0,2020-02-18 09:00:00,2.6,0.0,62.0,0.0,66.0,74.0,15.0,0
4818,10065.0,0,0,2020-02-18 17:00:00,7.4,0.0,100.0,100.0,37.0,94.0,11.4,0
4819,10019.0,0,0,2020-02-18 09:00:00,2.6,0.0,62.0,0.0,66.0,74.0,15.0,0
4820,10013.0,1,0,2020-02-18 18:00:00,7.3,0.0,100.0,100.0,29.0,84.0,9.5,1
4821,10019.0,0,0,2020-02-18 10:00:00,2.9,0.0,76.0,0.0,78.0,98.0,13.0,0
4822,10029.0,0,0,2020-02-18 11:00:00,3.2,0.0,89.0,0.0,98.0,100.0,10.7,0
4823,10021.0,0,0,2020-02-18 18:00:00,7.3,0.0,100.0,100.0,29.0,84.0,9.5,0
4824,10023.0,0,0,2020-02-18 10:00:00,2.9,0.0,76.0,0.0,78.0,98.0,13.0,0
4825,10018.0,0,0,2020-02-18 20:00:00,8.2,0.0,100.0,100.0,21.0,83.0,7.6,0
4826,10021.0,0,0,2020-02-18 18:00:00,7.3,0.0,100.0,100.0,29.0,84.0,9.5,0
4827,10065.0,0,0,2020-02-18 12:00:00,3.6,0.0,93.0,4.0,100.0,99.0,11.8,0
4828,10003.0,1,0,2020-02-18 11:00:00,3.2,0.0,89.0,0.0,98.0,100.0,10.7,1
4829,10019.0,0,0,2020-02-18 00:00:00,5.6,0.0,0.0,0.0,0.0,1.0,6.9,0
4830,10018.0,0,0,2020-02-18 22:00:00,5.7,0.0,100.0,100.0,46.0,98.0,10.2,0
4831,10012.0,0,0,2020-02-18 09:00:00,2.6,0.0,62.0,0.0,66.0,74.0,15.0,0
4832,10128.0,0,0,2020-02-18 22:00:00,5.7,0.0,100.0,100.0,46.0,98.0,10.2,0
4833,10016.0,0,0,2020-02-18 05:00:00,1.4,0.0,58.0,0.0,96.0,0.0,13.2,0
4834,10017.0,1,0,2020-02-18 10:00:00,2.9,0.0,76.0,0.0,78.0,98.0,13.0,1
4835,10022.0,0,0,2020-02-18 15:00:00,5.8,0.3,100.0,100.0,78.0,100.0,13.1,0
4836,10003.0,0,0,2020-02-18 13:00:00,4.0,0.0,100.0,35.0,100.0,100.0,13.4,0
4837,10027.0,0,0,2020-02-18 19:00:00,8.0,0.0,100.0,100.0,20.0,87.0,8.3,0
4838,10035.0,1,0,2020-02-18 12:00:00,3.6,0.0,93.0,4.0,100.0,99.0,11.8,1
4839,10065.0,1,0,2020-02-18 08:00:00,1.8,0.0,78.0,0.0,97.0,67.0,15.3,1
4840,10065.0,0,0,2020-02-18 06:00:00,1.2,0.0,88.0,0.0,100.0,93.0,13.2,0
4841,10010.0,0,0,2020-02-18 08:00:00,1.8,0.0,78.0,0.0,97.0,67.0,15.3,0
4842,10016.0,0,0,2020-02-18 20:00:00,8.2,0.0,100.0,100.0,21.0,83.0,7.6,0
4843,10022.0,0,0,2020-02-18 16:00:00,6.8,0.2,100.0,100.0,39.0,99.0,13.7,0
4844,10014.0,0,0,2020-02-18 10:00:00,2.9,0.0,76.0,0.0,78.0,98.0,13.0,0
4845,10013.0,1,0,2020-02-17 12:00:00,0.8,0.0,1.0,0.0,0.0,2.0,7.4,1
4846,10035.0,0,0,2020-02-17 15:00:00,5.9,0.0,4.0,0.0,6.0,0.0,5.0,0
4847,10032.0,0,0,2020-02-17 13:00:00,1.6,0.0,20.0,0.0,4.0,60.0,7.6,0
4848,10003.0,0,0,2020-02-17 11:00:00,0.9,0.0,21.0,0.0,0.0,69.0,7.1,0
4849,10029.0,0,0,2020-02-17 10:00:00,0.8,0.0,29.0,0.0,0.0,98.0,5.9,0
4850,10033.0,0,0,2020-02-17 18:00:00,7.0,0.0,0.0,0.0,0.0,0.0,5.4,0
4851,10021.0,0,0,2020-02-17 16:00:00,6.1,0.0,0.0,0.0,0.0,0.0,3.2,0
4852,10036.0,1,0,2020-02-17 08:00:00,2.8,0.0,57.0,1.0,46.0,95.0,6.5,1
4853,10029.0,1,0,2020-02-17 12:00:00,0.8,0.0,1.0,0.0,0.0,2.0,7.4,1
4854,10035.0,1,1,2020-02-17 00:00:00,4.9,0.0,17.0,7.0,12.0,12.0,3.1,2
4855,10034.0,0,0,2020-02-17 11:00:00,0.9,0.0,21.0,0.0,0.0,69.0,7.1,0
4856,10033.0,0,0,2020-02-17 15:00:00,5.9,0.0,4.0,0.0,6.0,0.0,5.0,0
4857,10040.0,1,0,2020-02-17 17:00:00,6.6,0.0,0.0,0.0,0.0,0.0,3.6,1
4858,10002.0,0,0,2020-02-17 16:00:00,6.1,0.0,0.0,0.0,0.0,0.0,3.2,0
4859,10012.0,0,0,2020-02-17 15:00:00,5.9,0.0,4.0,0.0,6.0,0.0,5.0,0
4860,10001.0,0,0,2020-02-17 22:00:00,9.0,0.0,1.0,0.0,0.0,2.0,0.8,0
4861,10035.0,0,0,2020-02-17 14:00:00,3.5,0.0,30.0,0.0,29.0,41.0,3.9,0
4862,10039.0,0,0,2020-02-17 17:00:00,6.6,0.0,0.0,0.0,0.0,0.0,3.6,0
4863,10010.0,1,0,2020-02-17 22:00:00,9.0,0.0,1.0,0.0,0.0,2.0,0.8,1
4864,10018.0,0,0,2020-02-17 01:00:00,4.6,0.0,45.0,10.0,60.0,0.0,2.2,0
4865,10013.0,0,0,2020-02-17 07:00:00,3.1,0.0,72.0,2.0,68.0,98.0,4.6,0
4866,10033.0,0,0,2020-02-17 07:00:00,3.1,0.0,72.0,2.0,68.0,98.0,4.6,0
4867,10027.0,0,0,2020-02-17 11:00:00,0.9,0.0,21.0,0.0,0.0,69.0,7.1,0
4868,10009.0,0,0,2020-02-17 01:00:00,4.6,0.0,45.0,10.0,60.0,0.0,2.2,0
4869,10002.0,0,0,2020-02-17 14:00:00,3.5,0.0,30.0,0.0,29.0,41.0,3.9,0
4870,10013.0,0,0,2020-02-17 14:00:00,3.5,0.0,30.0,0.0,29.0,41.0,3.9,0
4871,10065.0,0,0,2020-02-17 17:00:00,6.6,0.0,0.0,0.0,0.0,0.0,3.6,0
4872,10001.0,0,0,2020-02-17 10:00:00,0.8,0.0,29.0,0.0,0.0,98.0,5.9,0
4873,10029.0,0,0,2020-02-16 17:00:00,3.0,0.0,88.0,0.0,98.0,96.0,11.4,0
4874,10065.0,0,0,2020-02-16 15:00:00,1.6,0.0,82.0,0.0,87.0,99.0,12.0,0
4875,10003.0,0,0,2020-02-16 09:00:00,-0.7,0.0,32.0,0.0,4.0,97.0,13.1,0
4876,10024.0,1,0,2020-02-16 13:00:00,-0.4,0.0,75.0,0.0,75.0,100.0,11.7,1
4877,10011.0,0,0,2020-02-16 04:00:00,-2.5,0.0,29.0,0.0,0.0,98.0,15.5,0
4878,10013.0,3,0,2020-02-16 00:00:00,-1.7,0.0,29.0,0.0,0.0,96.0,12.2,1
4879,10031.0,0,0,2020-02-16 16:00:00,2.3,0.0,86.0,0.0,95.0,98.0,11.8,0
4880,10027.0,0,0,2020-02-16 11:00:00,-0.9,0.0,35.0,0.0,8.0,99.0,10.7,0
4881,10013.0,0,0,2020-02-16 18:00:00,3.8,0.0,87.0,0.0,100.0,90.0,11.3,0
4882,10029.0,0,0,2020-02-16 07:00:00,-1.4,0.0,30.0,0.0,1.0,98.0,14.7,0
4883,10002.0,0,0,2020-02-16 00:00:00,-1.7,0.0,29.0,0.0,0.0,96.0,12.2,0
4884,10016.0,0,0,2020-02-16 12:00:00,-0.6,0.0,40.0,0.0,18.0,97.0,11.5,0
4885,10013.0,1,0,2020-02-16 01:00:00,-2.0,0.0,30.0,0.0,0.0,99.0,14.8,1
4886,10012.0,1,0,2020-02-16 11:00:00,-0.9,0.0,35.0,0.0,8.0,99.0,10.7,1
4887,10010.0,2,0,2020-02-16 10:00:00,-1.0,0.0,35.0,0.0,10.0,98.0,9.5,1
4888,10016.0,0,0,2020-02-16 18:00:00,3.8,0.0,87.0,0.0,100.0,90.0,11.3,0
4889,10019.0,1,0,2020-02-16 22:00:00,5.8,0.0,13.0,0.0,0.0,42.0,3.3,1
4890,10065.0,0,0,2020-02-16 00:00:00,-1.7,0.0,29.0,0.0,0.0,96.0,12.2,0
4891,10001.0,0,0,2020-02-16 17:00:00,3.0,0.0,88.0,0.0,98.0,96.0,11.4,0
4892,10019.0,0,0,2020-02-16 00:00:00,-1.7,0.0,29.0,0.0,0.0,96.0,12.2,0
4893,10065.0,0,0,2020-02-16 02:00:00,-2.4,0.0,23.0,0.0,0.0,77.0,16.2,0
4894,10002.0,0,0,2020-02-16 00:00:00,-1.7,0.0,29.0,0.0,0.0,96.0,12.2,0
4895,10027.0,0,0,2020-02-16 15:00:00,1.6,0.0,82.0,0.0,87.0,99.0,12.0,0
4896,10017.0,1,0,2020-02-16 14:00:00,0.0,0.0,84.0,0.0,91.0,98.0,11.7,1
4897,10022.0,0,0,2020-02-16 00:00:00,-1.7,0.0,29.0,0.0,0.0,96.0,12.2,0
4898,10013.0,0,0,2020-02-16 17:00:00,3.0,0.0,88.0,0.0,98.0,96.0,11.4,0
4899,10019.0,0,0,2020-02-16 22:00:00,5.8,0.0,13.0,0.0,0.0,42.0,3.3,0
4900,10036.0,0,0,2020-02-16 11:00:00,-0.9,0.0,35.0,0.0,8.0,99.0,10.7,0
4901,10001.0,0,0,2020-02-16 22:00:00,5.8,0.0,13.0,0.0,0.0,42.0,3.3,0
4902,10028.0,0,0,2020-02-16 04:00:00,-2.5,0.0,29.0,0.0,0.0,98.0,15.5,0
4903,10010.0,0,0,2020-02-16 01:00:00,-2.0,0.0,30.0,0.0,0.0,99.0,14.8,0
4904,10032.0,0,0,2020-02-16 14:00:00,0.0,0.0,84.0,0.0,91.0,98.0,11.7,0
4905,10065.0,0,0,2020-02-16 10:00:00,-1.0,0.0,35.0,0.0,10.0,98.0,9.5,0
4906,10012.0,1,0,2020-02-16 13:00:00,-0.4,0.0,75.0,0.0,75.0,100.0,11.7,1
4907,10010.0,0,0,2020-02-16 20:00:00,5.2,0.0,46.0,0.0,76.0,0.0,9.9,0
4908,10013.0,0,0,2020-02-16 07:00:00,-1.4,0.0,30.0,0.0,1.0,98.0,14.7,0
4909,10009.0,0,0,2020-02-15 19:00:00,-2.8,0.0,29.0,0.0,0.0,97.0,10.9,0
4910,10028.0,2,0,2020-02-15 12:00:00,-9.6,0.0,0.0,0.0,0.0,0.0,6.5,1
4911,10003.0,0,0,2020-02-15 17:00:00,-4.4,0.0,0.0,0.0,0.0,0.0,7.2,0
4912,10003.0,0,0,2020-02-15 00:00:00,-3.9,0.0,0.0,0.0,0.0,0.0,17.3,0
4913,10033.0,0,0,2020-02-15 04:00:00,-6.8,0.0,0.0,0.0,0.0,0.0,15.9,0
4914,10016.0,1,0,2020-02-15 19:00:00,-2.8,0.0,29.0,0.0,0.0,97.0,10.9,1
4915,10022.0,0,0,2020-02-15 20:00:00,-2.3,0.0,29.0,0.0,0.0,98.0,13.4,0
4916,10001.0,0,0,2020-02-15 12:00:00,-9.6,0.0,0.0,0.0,0.0,0.0,6.5,0
4917,10065.0,0,0,2020-02-15 09:00:00,-8.4,0.0,0.0,0.0,0.0,0.0,9.6,0
4918,10021.0,0,0,2020-02-15 14:00:00,-8.8,0.0,0.0,0.0,0.0,0.0,1.6,0
4919,10019.0,1,0,2020-02-15 22:00:00,-1.3,0.0,30.0,0.0,0.0,99.0,10.8,1
4920,10018.0,0,0,2020-02-15 20:00:00,-2.3,0.0,29.0,0.0,0.0,98.0,13.4,0
4921,10031.0,0,0,2020-02-15 02:00:00,-5.3,0.0,0.0,0.0,0.0,0.0,18.3,0
4922,10013.0,0,0,2020-02-15 08:00:00,-8.1,0.0,0.0,0.0,0.0,0.0,10.0,0
4923,10013.0,0,0,2020-02-15 11:00:00,-9.8,0.0,0.0,0.0,0.0,0.0,7.9,0
4924,10001.0,0,0,2020-02-15 16:00:00,-5.6,0.0,0.0,0.0,0.0,0.0,5.2,0
4925,10017.0,0,0,2020-02-15 17:00:00,-4.4,0.0,0.0,0.0,0.0,0.0,7.2,0
4926,10019.0,0,0,2020-02-15 20:00:00,-2.3,0.0,29.0,0.0,0.0,98.0,13.4,0
4927,10016.0,0,0,2020-02-15 12:00:00,-9.6,0.0,0.0,0.0,0.0,0.0,6.5,0
4928,10003.0,0,0,2020-02-15 05:00:00,-7.0,0.0,0.0,0.0,0.0,0.0,14.1,0
4929,10027.0,0,0,2020-02-15 07:00:00,-7.7,0.0,0.0,0.0,0.0,0.0,10.7,0
4930,10011.0,0,0,2020-02-15 02:00:00,-5.3,0.0,0.0,0.0,0.0,0.0,18.3,0
4931,10034.0,0,1,2020-02-15 18:00:00,-3.5,0.0,23.0,0.0,0.0,77.0,8.8,2
4932,10003.0,1,0,2020-02-15 11:00:00,-9.8,0.0,0.0,0.0,0.0,0.0,7.9,1
4933,10065.0,0,0,2020-02-15 09:00:00,-8.4,0.0,0.0,0.0,0.0,0.0,9.6,0
4934,10014.0,0,0,2020-02-15 01:00:00,-4.6,0.0,0.0,0.0,0.0,0.0,17.6,0
4935,10001.0,0,0,2020-02-15 22:00:00,-1.3,0.0,30.0,0.0,0.0,99.0,10.8,0
4936,10016.0,1,0,2020-02-15 23:00:00,-1.4,0.0,30.0,0.0,0.0,100.0,11.3,1
4937,10018.0,0,0,2020-02-15 10:00:00,-9.7,0.0,0.0,0.0,0.0,0.0,9.8,0
4938,10029.0,0,0,2020-02-15 22:00:00,-1.3,0.0,30.0,0.0,0.0,99.0,10.8,0
4939,10011.0,0,0,2020-02-15 19:00:00,-2.8,0.0,29.0,0.0,0.0,97.0,10.9,0
4940,10019.0,0,0,2020-02-15 21:00:00,-1.8,0.0,29.0,0.0,0.0,97.0,14.6,0
4941,10029.0,0,0,2020-02-15 00:00:00,-3.9,0.0,0.0,0.0,0.0,0.0,17.3,0
4942,10025.0,0,0,2020-02-15 11:00:00,-9.8,0.0,0.0,0.0,0.0,0.0,7.9,0
4943,10065.0,0,0,2020-02-15 13:00:00,-9.6,0.0,0.0,0.0,0.0,0.0,4.0,0
4944,10018.0,0,0,2020-02-15 22:00:00,-1.3,0.0,30.0,0.0,0.0,99.0,10.8,0
4945,10013.0,0,0,2020-02-15 15:00:00,-6.5,0.0,0.0,0.0,0.0,0.0,2.8,0
4946,10034.0,0,0,2020-02-15 23:00:00,-1.4,0.0,30.0,0.0,0.0,100.0,11.3,0
4947,10016.0,0,0,2020-02-15 21:00:00,-1.8,0.0,29.0,0.0,0.0,97.0,14.6,0
4948,10003.0,0,0,2020-02-15 19:00:00,-2.8,0.0,29.0,0.0,0.0,97.0,10.9,0
4949,10022.0,1,0,2020-02-15 21:00:00,-1.8,0.0,29.0,0.0,0.0,97.0,14.6,1
4950,10019.0,0,0,2020-02-15 23:00:00,-1.4,0.0,30.0,0.0,0.0,100.0,11.3,0
4951,10034.0,1,0,2020-02-15 10:00:00,-9.7,0.0,0.0,0.0,0.0,0.0,9.8,1
4952,10128.0,0,0,2020-02-15 08:00:00,-8.1,0.0,0.0,0.0,0.0,0.0,10.0,0
4953,10016.0,0,0,2020-02-15 20:00:00,-2.3,0.0,29.0,0.0,0.0,98.0,13.4,0
4954,10036.0,0,0,2020-02-15 00:00:00,-3.9,0.0,0.0,0.0,0.0,0.0,17.3,0
4955,10021.0,0,0,2020-02-15 10:00:00,-9.7,0.0,0.0,0.0,0.0,0.0,9.8,0
4956,10002.0,0,0,2020-02-15 06:00:00,-7.5,0.0,0.0,0.0,0.0,0.0,12.6,0
4957,10013.0,0,0,2020-02-15 02:00:00,-5.3,0.0,0.0,0.0,0.0,0.0,18.3,0
4958,10021.0,0,0,2020-02-15 19:00:00,-2.8,0.0,29.0,0.0,0.0,97.0,10.9,0
4959,10034.0,0,0,2020-02-15 17:00:00,-4.4,0.0,0.0,0.0,0.0,0.0,7.2,0
4960,10003.0,1,0,2020-02-15 17:00:00,-4.4,0.0,0.0,0.0,0.0,0.0,7.2,1
4961,10018.0,0,0,2020-02-15 22:00:00,-1.3,0.0,30.0,0.0,0.0,99.0,10.8,0
4962,10001.0,0,0,2020-02-14 12:00:00,0.2,0.0,16.0,18.0,0.0,0.0,16.7,0
4963,10012.0,0,0,2020-02-14 20:00:00,-1.0,0.0,0.0,0.0,0.0,0.0,20.1,0
4964,10001.0,1,0,2020-02-14 12:00:00,0.2,0.0,16.0,18.0,0.0,0.0,16.7,1
4965,10038.0,0,0,2020-02-14 09:00:00,2.4,0.0,2.0,2.0,0.0,0.0,13.6,0
4966,10039.0,0,0,2020-02-14 17:00:00,-1.0,0.0,0.0,0.0,0.0,0.0,22.1,0
4967,10017.0,0,0,2020-02-14 00:00:00,5.9,0.0,48.0,5.0,23.0,99.0,12.7,0
4968,10128.0,0,0,2020-02-14 11:00:00,0.7,0.0,0.0,0.0,0.0,0.0,13.9,0
4969,10028.0,0,0,2020-02-14 21:00:00,-1.2,0.0,0.0,0.0,0.0,0.0,19.5,0
4970,10004.0,0,0,2020-02-14 06:00:00,3.2,0.0,7.0,0.0,0.0,24.0,12.7,0
4971,10027.0,0,0,2020-02-14 13:00:00,-0.1,0.0,38.0,42.0,0.0,0.0,20.0,0
4972,10007.0,0,0,2020-02-14 03:00:00,4.1,0.0,30.0,0.0,0.0,100.0,15.1,0
4973,10022.0,1,0,2020-02-14 12:00:00,0.2,0.0,16.0,18.0,0.0,0.0,16.7,1
4974,10004.0,1,0,2020-02-14 11:00:00,0.7,0.0,0.0,0.0,0.0,0.0,13.9,1
4975,10004.0,1,0,2020-02-14 22:00:00,-2.6,0.0,0.0,0.0,0.0,0.0,15.8,1
4976,10011.0,0,0,2020-02-14 14:00:00,-0.5,0.0,32.0,35.0,0.0,0.0,21.9,0
4977,10001.0,0,0,2020-02-14 06:00:00,3.2,0.0,7.0,0.0,0.0,24.0,12.7,0
4978,10007.0,0,0,2020-02-14 12:00:00,0.2,0.0,16.0,18.0,0.0,0.0,16.7,0
4979,10021.0,0,0,2020-02-14 08:00:00,2.7,0.0,1.0,0.0,0.0,3.0,13.2,0
4980,10018.0,0,0,2020-02-14 12:00:00,0.2,0.0,16.0,18.0,0.0,0.0,16.7,0
4981,10037.0,0,0,2020-02-14 16:00:00,-0.9,0.0,12.0,13.0,0.0,0.0,21.3,0
4982,10002.0,0,0,2020-02-14 10:00:00,0.7,0.0,0.0,0.0,0.0,0.0,10.4,0
4983,10012.0,0,0,2020-02-14 17:00:00,-1.0,0.0,0.0,0.0,0.0,0.0,22.1,0
4984,10010.0,0,0,2020-02-14 15:00:00,-1.0,0.0,35.0,39.0,0.0,0.0,21.8,0
4985,10022.0,0,0,2020-02-14 17:00:00,-1.0,0.0,0.0,0.0,0.0,0.0,22.1,0
4986,10128.0,0,0,2020-02-14 12:00:00,0.2,0.0,16.0,18.0,0.0,0.0,16.7,0
4987,10002.0,1,0,2020-02-14 00:00:00,5.9,0.0,48.0,5.0,23.0,99.0,12.7,1
4988,10032.0,0,0,2020-02-14 09:00:00,2.4,0.0,2.0,2.0,0.0,0.0,13.6,0
4989,10011.0,1,0,2020-02-14 21:00:00,-1.2,0.0,0.0,0.0,0.0,0.0,19.5,1
4990,10016.0,0,0,2020-02-14 20:00:00,-1.0,0.0,0.0,0.0,0.0,0.0,20.1,0
4991,10016.0,1,0,2020-02-14 09:00:00,2.4,0.0,2.0,2.0,0.0,0.0,13.6,1
4992,10035.0,0,0,2020-02-14 00:00:00,5.9,0.0,48.0,5.0,23.0,99.0,12.7,0
4993,10018.0,0,0,2020-02-14 13:00:00,-0.1,0.0,38.0,42.0,0.0,0.0,20.0,0
4994,10001.0,0,0,2020-02-14 10:00:00,0.7,0.0,0.0,0.0,0.0,0.0,10.4,0
4995,10036.0,0,0,2020-02-14 12:00:00,0.2,0.0,16.0,18.0,0.0,0.0,16.7,0
4996,10019.0,1,0,2020-02-14 23:00:00,-3.3,0.0,0.0,0.0,0.0,0.0,16.3,1
4997,10024.0,0,0,2020-02-14 14:00:00,-0.5,0.0,32.0,35.0,0.0,0.0,21.9,0
4998,10011.0,0,0,2020-02-14 06:00:00,3.2,0.0,7.0,0.0,0.0,24.0,12.7,0
4999,10038.0,1,0,2020-02-14 19:00:00,-0.9,0.0,0.0,0.0,0.0,0.0,20.7,1
5000,10029.0,0,0,2020-02-14 11:00:00,0.7,0.0,0.0,0.0,0.0,0.0,13.9,0
5001,10001.0,1,0,2020-02-14 20:00:00,-1.0,0.0,0.0,0.0,0.0,0.0,20.1,1
5002,10029.0,1,0,2020-02-14 17:00:00,-1.0,0.0,0.0,0.0,0.0,0.0,22.1,1
5003,10018.0,0,0,2020-02-14 12:00:00,0.2,0.0,16.0,18.0,0.0,0.0,16.7,0
5004,10036.0,0,0,2020-02-14 16:00:00,-0.9,0.0,12.0,13.0,0.0,0.0,21.3,0
5005,10028.0,0,0,2020-02-14 16:00:00,-0.9,0.0,12.0,13.0,0.0,0.0,21.3,0
5006,10128.0,0,0,2020-02-14 10:00:00,0.7,0.0,0.0,0.0,0.0,0.0,10.4,0
5007,10012.0,0,0,2020-02-14 09:00:00,2.4,0.0,2.0,2.0,0.0,0.0,13.6,0
5008,10016.0,0,0,2020-02-14 00:00:00,5.9,0.0,48.0,5.0,23.0,99.0,12.7,0
5009,10010.0,0,0,2020-02-14 11:00:00,0.7,0.0,0.0,0.0,0.0,0.0,13.9,0
5010,10013.0,0,0,2020-02-14 08:00:00,2.7,0.0,1.0,0.0,0.0,3.0,13.2,0
5011,10001.0,0,0,2020-02-14 22:00:00,-2.6,0.0,0.0,0.0,0.0,0.0,15.8,0
5012,10003.0,0,0,2020-02-14 22:00:00,-2.6,0.0,0.0,0.0,0.0,0.0,15.8,0
5013,10036.0,0,0,2020-02-14 15:00:00,-1.0,0.0,35.0,39.0,0.0,0.0,21.8,0
5014,10019.0,1,0,2020-02-14 16:00:00,-0.9,0.0,12.0,13.0,0.0,0.0,21.3,1
5015,10023.0,1,0,2020-02-14 06:00:00,3.2,0.0,7.0,0.0,0.0,24.0,12.7,1
5016,10011.0,0,0,2020-02-14 15:00:00,-1.0,0.0,35.0,39.0,0.0,0.0,21.8,0
5017,10021.0,0,0,2020-02-14 11:00:00,0.7,0.0,0.0,0.0,0.0,0.0,13.9,0
5018,10023.0,0,0,2020-02-14 21:00:00,-1.2,0.0,0.0,0.0,0.0,0.0,19.5,0
5019,10002.0,0,0,2020-02-14 02:00:00,5.0,0.0,30.0,0.0,0.0,100.0,17.5,0
5020,10036.0,0,0,2020-02-14 17:00:00,-1.0,0.0,0.0,0.0,0.0,0.0,22.1,0
5021,10013.0,0,0,2020-02-14 18:00:00,-0.9,0.0,0.0,0.0,0.0,0.0,21.8,0
5022,10013.0,0,0,2020-02-14 09:00:00,2.4,0.0,2.0,2.0,0.0,0.0,13.6,0
5023,10036.0,0,0,2020-02-14 11:00:00,0.7,0.0,0.0,0.0,0.0,0.0,13.9,0
5024,10036.0,0,0,2020-02-14 11:00:00,0.7,0.0,0.0,0.0,0.0,0.0,13.9,0
5025,10002.0,0,0,2020-02-14 13:00:00,-0.1,0.0,38.0,42.0,0.0,0.0,20.0,0
5026,10075.0,0,0,2020-02-14 00:00:00,5.9,0.0,48.0,5.0,23.0,99.0,12.7,0
5027,10030.0,0,0,2020-02-14 19:00:00,-0.9,0.0,0.0,0.0,0.0,0.0,20.7,0
5028,10022.0,0,0,2020-02-14 17:00:00,-1.0,0.0,0.0,0.0,0.0,0.0,22.1,0
5029,10002.0,1,0,2020-02-14 02:00:00,5.0,0.0,30.0,0.0,0.0,100.0,17.5,1
5030,10024.0,0,0,2020-02-14 21:00:00,-1.2,0.0,0.0,0.0,0.0,0.0,19.5,0
5031,10012.0,0,0,2020-02-14 16:00:00,-0.9,0.0,12.0,13.0,0.0,0.0,21.3,0
5032,10036.0,1,0,2020-02-14 15:00:00,-1.0,0.0,35.0,39.0,0.0,0.0,21.8,1
5033,10016.0,2,0,2020-02-14 07:00:00,2.9,0.0,7.0,0.0,0.0,24.0,12.7,1
5034,10026.0,0,0,2020-02-14 08:00:00,2.7,0.0,1.0,0.0,0.0,3.0,13.2,0
5035,10039.0,0,0,2020-02-14 16:00:00,-0.9,0.0,12.0,13.0,0.0,0.0,21.3,0
5036,10012.0,0,0,2020-02-14 15:00:00,-1.0,0.0,35.0,39.0,0.0,0.0,21.8,0
5037,10024.0,0,0,2020-02-14 09:00:00,2.4,0.0,2.0,2.0,0.0,0.0,13.6,0
5038,10019.0,0,0,2020-02-14 16:00:00,-0.9,0.0,12.0,13.0,0.0,0.0,21.3,0
5039,10019.0,0,0,2020-02-14 15:00:00,-1.0,0.0,35.0,39.0,0.0,0.0,21.8,0
5040,10017.0,0,0,2020-02-14 00:00:00,5.9,0.0,48.0,5.0,23.0,99.0,12.7,0
5041,10029.0,0,0,2020-02-14 11:00:00,0.7,0.0,0.0,0.0,0.0,0.0,13.9,0
5042,10016.0,0,0,2020-02-13 11:00:00,2.4,0.2,100.0,100.0,100.0,93.0,7.2,0
5043,10037.0,0,0,2020-02-13 08:00:00,2.8,1.5,100.0,100.0,100.0,100.0,4.7,0
5044,10012.0,0,0,2020-02-13 16:00:00,4.3,0.7,100.0,100.0,92.0,100.0,1.8,0
5045,10010.0,0,0,2020-02-13 17:00:00,4.7,0.4,100.0,100.0,100.0,100.0,4.6,0
5046,10004.0,0,0,2020-02-13 09:00:00,3.1,1.8,100.0,100.0,99.0,99.0,3.7,0
5047,10019.0,0,0,2020-02-13 17:00:00,4.7,0.4,100.0,100.0,100.0,100.0,4.6,0
5048,10012.0,0,0,2020-02-13 23:00:00,5.7,0.0,66.0,0.0,61.0,99.0,8.1,0
5049,10021.0,0,0,2020-02-13 21:00:00,6.1,0.7,100.0,36.0,99.0,100.0,8.2,0
5050,10010.0,1,0,2020-02-13 08:00:00,2.8,1.5,100.0,100.0,100.0,100.0,4.7,1
5051,10038.0,0,0,2020-02-13 08:00:00,2.8,1.5,100.0,100.0,100.0,100.0,4.7,0
5052,10065.0,0,0,2020-02-13 17:00:00,4.7,0.4,100.0,100.0,100.0,100.0,4.6,0
5053,10010.0,0,0,2020-02-13 13:00:00,2.6,0.0,100.0,98.0,99.0,100.0,3.0,0
5054,10003.0,0,0,2020-02-13 12:00:00,2.5,0.1,100.0,100.0,96.0,99.0,5.4,0
5055,10022.0,0,0,2020-02-13 13:00:00,2.6,0.0,100.0,98.0,99.0,100.0,3.0,0
5056,10022.0,0,0,2020-02-13 17:00:00,4.7,0.4,100.0,100.0,100.0,100.0,4.6,0
5057,10036.0,0,0,2020-02-13 16:00:00,4.3,0.7,100.0,100.0,92.0,100.0,1.8,0
5058,10007.0,0,0,2020-02-13 12:00:00,2.5,0.1,100.0,100.0,96.0,99.0,5.4,0
5059,10027.0,1,0,2020-02-13 21:00:00,6.1,0.7,100.0,36.0,99.0,100.0,8.2,1
5060,10027.0,0,0,2020-02-13 13:00:00,2.6,0.0,100.0,98.0,99.0,100.0,3.0,0
5061,10016.0,1,0,2020-02-13 20:00:00,5.6,1.3,100.0,100.0,100.0,100.0,6.0,1
5062,10027.0,0,0,2020-02-13 09:00:00,3.1,1.8,100.0,100.0,99.0,99.0,3.7,0
5063,10003.0,1,0,2020-02-13 13:00:00,2.6,0.0,100.0,98.0,99.0,100.0,3.0,1
5064,10013.0,0,0,2020-02-13 07:00:00,2.8,2.7,100.0,100.0,100.0,100.0,3.6,0
5065,10029.0,0,0,2020-02-13 14:00:00,2.9,0.0,100.0,100.0,98.0,99.0,4.5,0
5066,10023.0,0,0,2020-02-13 09:00:00,3.1,1.8,100.0,100.0,99.0,99.0,3.7,0
5067,10019.0,0,0,2020-02-13 11:00:00,2.4,0.2,100.0,100.0,100.0,93.0,7.2,0
5068,10128.0,0,0,2020-02-13 14:00:00,2.9,0.0,100.0,100.0,98.0,99.0,4.5,0
5069,10128.0,1,0,2020-02-13 08:00:00,2.8,1.5,100.0,100.0,100.0,100.0,4.7,1
5070,10016.0,1,0,2020-02-13 08:00:00,2.8,1.5,100.0,100.0,100.0,100.0,4.7,1
5071,10003.0,0,0,2020-02-13 01:00:00,5.8,0.0,87.0,0.0,100.0,89.0,10.4,0
5072,10001.0,0,0,2020-02-13 16:00:00,4.3,0.7,100.0,100.0,92.0,100.0,1.8,0
5073,10023.0,0,0,2020-02-13 00:00:00,5.8,0.0,90.0,0.0,100.0,100.0,10.5,0
5074,10011.0,0,0,2020-02-13 15:00:00,3.7,0.1,100.0,100.0,100.0,99.0,2.0,0
5075,10036.0,0,0,2020-02-13 05:00:00,3.3,0.9,100.0,100.0,100.0,100.0,9.0,0
5076,10010.0,0,0,2020-02-13 17:00:00,4.7,0.4,100.0,100.0,100.0,100.0,4.6,0
5077,10002.0,1,0,2020-02-13 19:00:00,5.2,0.9,100.0,100.0,100.0,100.0,6.1,1
5078,10037.0,0,0,2020-02-13 00:00:00,5.8,0.0,90.0,0.0,100.0,100.0,10.5,0
5079,10017.0,0,0,2020-02-13 17:00:00,4.7,0.4,100.0,100.0,100.0,100.0,4.6,0
5080,10033.0,0,0,2020-02-13 18:00:00,4.6,0.7,100.0,100.0,100.0,100.0,4.6,0
5081,10002.0,3,0,2020-02-13 21:00:00,6.1,0.7,100.0,36.0,99.0,100.0,8.2,1
5082,10013.0,2,0,2020-02-13 20:00:00,5.6,1.3,100.0,100.0,100.0,100.0,6.0,1
5083,10001.0,0,0,2020-02-13 19:00:00,5.2,0.9,100.0,100.0,100.0,100.0,6.1,0
5084,10014.0,0,0,2020-02-13 09:00:00,3.1,1.8,100.0,100.0,99.0,99.0,3.7,0
5085,10013.0,0,0,2020-02-13 10:00:00,2.7,0.8,100.0,99.0,99.0,95.0,7.7,0
5086,10001.0,0,0,2020-02-13 13:00:00,2.6,0.0,100.0,98.0,99.0,100.0,3.0,0
5087,10033.0,0,0,2020-02-13 08:00:00,2.8,1.5,100.0,100.0,100.0,100.0,4.7,0
5088,10065.0,0,0,2020-02-13 19:00:00,5.2,0.9,100.0,100.0,100.0,100.0,6.1,0
5089,10033.0,0,0,2020-02-13 18:00:00,4.6,0.7,100.0,100.0,100.0,100.0,4.6,0
5090,10004.0,1,0,2020-02-13 17:00:00,4.7,0.4,100.0,100.0,100.0,100.0,4.6,1
5091,10019.0,0,0,2020-02-13 01:00:00,5.8,0.0,87.0,0.0,100.0,89.0,10.4,0
5092,10016.0,1,0,2020-02-12 09:00:00,4.0,0.0,22.0,0.0,0.0,73.0,15.1,1
5093,10029.0,0,0,2020-02-12 10:00:00,2.9,0.0,29.0,3.0,0.0,88.0,14.8,0
5094,10003.0,0,0,2020-02-12 01:00:00,7.8,0.0,90.0,7.0,97.0,86.0,9.3,0
5095,10065.0,0,0,2020-02-12 13:00:00,3.2,0.0,30.0,0.0,0.0,99.0,9.6,0
5096,10128.0,0,0,2020-02-12 10:00:00,2.9,0.0,29.0,3.0,0.0,88.0,14.8,0
5097,10022.0,1,0,2020-02-12 11:00:00,3.4,0.0,29.0,0.0,0.0,95.0,10.2,1
5098,10019.0,1,0,2020-02-12 09:00:00,4.0,0.0,22.0,0.0,0.0,73.0,15.1,1
5099,10011.0,0,0,2020-02-12 12:00:00,3.3,0.0,30.0,0.0,0.0,99.0,7.7,0
5100,10010.0,0,0,2020-02-12 08:00:00,4.8,0.0,21.0,0.0,0.0,70.0,16.3,0
5101,10002.0,0,0,2020-02-12 21:00:00,6.2,0.0,74.0,0.0,74.0,100.0,8.8,0
5102,10002.0,0,0,2020-02-12 23:00:00,6.0,0.0,89.0,0.0,98.0,99.0,9.3,0
5103,10280.0,0,0,2020-02-12 15:00:00,5.0,0.0,29.0,0.0,0.0,95.0,9.8,0
5104,10032.0,0,0,2020-02-12 12:00:00,3.3,0.0,30.0,0.0,0.0,99.0,7.7,0
5105,10019.0,0,0,2020-02-12 09:00:00,4.0,0.0,22.0,0.0,0.0,73.0,15.1,0
5106,10016.0,0,0,2020-02-12 23:00:00,6.0,0.0,89.0,0.0,98.0,99.0,9.3,0
5107,10038.0,0,0,2020-02-12 10:00:00,2.9,0.0,29.0,3.0,0.0,88.0,14.8,0
5108,10010.0,0,0,2020-02-12 10:00:00,2.9,0.0,29.0,3.0,0.0,88.0,14.8,0
5109,10002.0,0,0,2020-02-12 10:00:00,2.9,0.0,29.0,3.0,0.0,88.0,14.8,0
5110,10002.0,0,0,2020-02-12 08:00:00,4.8,0.0,21.0,0.0,0.0,70.0,16.3,0
5111,10029.0,0,0,2020-02-12 02:00:00,7.8,0.0,86.0,1.0,92.0,98.0,11.5,0
5112,10016.0,0,0,2020-02-12 11:00:00,3.4,0.0,29.0,0.0,0.0,95.0,10.2,0
5113,10021.0,0,0,2020-02-12 12:00:00,3.3,0.0,30.0,0.0,0.0,99.0,7.7,0
5114,10019.0,0,0,2020-02-12 20:00:00,6.1,0.0,47.0,0.0,28.0,100.0,9.5,0
5115,10037.0,0,0,2020-02-12 16:00:00,5.3,0.0,4.0,0.0,0.0,14.0,5.2,0
5116,10011.0,0,0,2020-02-12 11:00:00,3.4,0.0,29.0,0.0,0.0,95.0,10.2,0
5117,10016.0,0,0,2020-02-12 10:00:00,2.9,0.0,29.0,3.0,0.0,88.0,14.8,0
5118,10022.0,4,0,2020-02-12 06:00:00,6.1,0.0,72.0,0.0,74.0,91.0,16.1,1
5119,10019.0,0,0,2020-02-12 09:00:00,4.0,0.0,22.0,0.0,0.0,73.0,15.1,0
5120,10025.0,0,0,2020-02-12 17:00:00,5.5,0.0,29.0,0.0,0.0,98.0,6.2,0
5121,10009.0,0,0,2020-02-12 10:00:00,2.9,0.0,29.0,3.0,0.0,88.0,14.8,0
5122,10022.0,0,0,2020-02-12 21:00:00,6.2,0.0,74.0,0.0,74.0,100.0,8.8,0
5123,10001.0,0,0,2020-02-12 11:00:00,3.4,0.0,29.0,0.0,0.0,95.0,10.2,0
5124,10001.0,1,0,2020-02-12 12:00:00,3.3,0.0,30.0,0.0,0.0,99.0,7.7,1
5125,10012.0,0,0,2020-02-12 10:00:00,2.9,0.0,29.0,3.0,0.0,88.0,14.8,0
5126,10019.0,1,0,2020-02-12 10:00:00,2.9,0.0,29.0,3.0,0.0,88.0,14.8,1
5127,10036.0,1,0,2020-02-12 18:00:00,5.8,0.0,30.0,0.0,0.0,100.0,7.1,1
5128,10019.0,0,0,2020-02-12 18:00:00,5.8,0.0,30.0,0.0,0.0,100.0,7.1,0
5129,10018.0,0,0,2020-02-12 20:00:00,6.1,0.0,47.0,0.0,28.0,100.0,9.5,0
5130,10001.0,0,0,2020-02-12 17:00:00,5.5,0.0,29.0,0.0,0.0,98.0,6.2,0
5131,10013.0,0,0,2020-02-12 08:00:00,4.8,0.0,21.0,0.0,0.0,70.0,16.3,0
5132,10026.0,0,0,2020-02-12 09:00:00,4.0,0.0,22.0,0.0,0.0,73.0,15.1,0
5133,10014.0,1,0,2020-02-12 12:00:00,3.3,0.0,30.0,0.0,0.0,99.0,7.7,1
5134,10032.0,0,0,2020-02-12 03:00:00,7.0,0.0,88.0,0.0,97.0,98.0,10.8,0
5135,10017.0,0,0,2020-02-12 17:00:00,5.5,0.0,29.0,0.0,0.0,98.0,6.2,0
5136,10039.0,0,0,2020-02-12 09:00:00,4.0,0.0,22.0,0.0,0.0,73.0,15.1,0
5137,10028.0,1,0,2020-02-12 08:00:00,4.8,0.0,21.0,0.0,0.0,70.0,16.3,1
5138,10022.0,0,0,2020-02-12 14:00:00,4.0,0.0,30.0,0.0,0.0,100.0,7.6,0
5139,10019.0,1,0,2020-02-12 05:00:00,6.4,0.0,85.0,0.0,93.0,97.0,14.4,1
5140,10128.0,0,0,2020-02-12 12:00:00,3.3,0.0,30.0,0.0,0.0,99.0,7.7,0
5141,10019.0,0,0,2020-02-12 15:00:00,5.0,0.0,29.0,0.0,0.0,95.0,9.8,0
5142,10022.0,0,0,2020-02-12 14:00:00,4.0,0.0,30.0,0.0,0.0,100.0,7.6,0
5143,10001.0,1,0,2020-02-12 20:00:00,6.1,0.0,47.0,0.0,28.0,100.0,9.5,1
5144,10010.0,0,0,2020-02-12 09:00:00,4.0,0.0,22.0,0.0,0.0,73.0,15.1,0
5145,10019.0,0,0,2020-02-12 10:00:00,2.9,0.0,29.0,3.0,0.0,88.0,14.8,0
5146,10037.0,0,0,2020-02-12 15:00:00,5.0,0.0,29.0,0.0,0.0,95.0,9.8,0
5147,10029.0,0,0,2020-02-12 11:00:00,3.4,0.0,29.0,0.0,0.0,95.0,10.2,0
5148,10016.0,0,0,2020-02-12 07:00:00,5.6,0.0,23.0,0.0,0.0,76.0,17.3,0
5149,10011.0,0,0,2020-02-11 10:00:00,5.9,0.6,100.0,100.0,100.0,100.0,5.4,0
5150,10028.0,0,0,2020-02-11 18:00:00,6.8,0.5,100.0,100.0,100.0,100.0,5.6,0
5151,10018.0,0,0,2020-02-11 09:00:00,6.0,0.1,100.0,99.0,97.0,100.0,4.0,0
5152,10021.0,0,0,2020-02-11 13:00:00,6.0,1.5,100.0,100.0,100.0,100.0,4.5,0
5153,10003.0,0,0,2020-02-11 19:00:00,7.1,0.5,100.0,100.0,99.0,99.0,5.0,0
5154,10038.0,0,0,2020-02-11 12:00:00,5.9,1.9,100.0,100.0,100.0,100.0,4.2,0
5155,10011.0,0,0,2020-02-11 10:00:00,5.9,0.6,100.0,100.0,100.0,100.0,5.4,0
5156,10002.0,0,0,2020-02-11 12:00:00,5.9,1.9,100.0,100.0,100.0,100.0,4.2,0
5157,10036.0,0,0,2020-02-11 08:00:00,6.3,0.0,100.0,100.0,91.0,100.0,5.1,0
5158,10013.0,0,0,2020-02-11 16:00:00,6.6,0.1,100.0,100.0,68.0,100.0,5.1,0
5159,10019.0,0,0,2020-02-11 05:00:00,6.3,0.1,100.0,97.0,100.0,98.0,6.0,0
5160,10032.0,0,0,2020-02-11 09:00:00,6.0,0.1,100.0,99.0,97.0,100.0,4.0,0
5161,10021.0,0,0,2020-02-11 16:00:00,6.6,0.1,100.0,100.0,68.0,100.0,5.1,0
5162,10013.0,0,0,2020-02-11 22:00:00,8.2,0.0,100.0,96.0,74.0,0.0,4.4,0
5163,10032.0,0,0,2020-02-11 08:00:00,6.3,0.0,100.0,100.0,91.0,100.0,5.1,0
5164,10026.0,0,0,2020-02-11 20:00:00,7.3,0.2,100.0,100.0,99.0,54.0,3.9,0
5165,10027.0,1,0,2020-02-11 17:00:00,6.7,0.2,100.0,100.0,100.0,100.0,3.7,1
5166,10032.0,0,0,2020-02-11 17:00:00,6.7,0.2,100.0,100.0,100.0,100.0,3.7,0
5167,10001.0,0,0,2020-02-11 12:00:00,5.9,1.9,100.0,100.0,100.0,100.0,4.2,0
5168,10032.0,0,0,2020-02-11 09:00:00,6.0,0.1,100.0,99.0,97.0,100.0,4.0,0
5169,10018.0,0,0,2020-02-11 13:00:00,6.0,1.5,100.0,100.0,100.0,100.0,4.5,0
5170,10011.0,0,0,2020-02-11 14:00:00,6.0,1.0,100.0,100.0,100.0,100.0,4.6,0
5171,10030.0,0,0,2020-02-11 23:00:00,7.9,0.0,100.0,85.0,100.0,0.0,6.5,0
5172,10002.0,0,0,2020-02-11 20:00:00,7.3,0.2,100.0,100.0,99.0,54.0,3.9,0
5173,10003.0,1,0,2020-02-11 13:00:00,6.0,1.5,100.0,100.0,100.0,100.0,4.5,1
5174,10022.0,0,0,2020-02-11 06:00:00,6.3,0.0,100.0,100.0,100.0,100.0,6.2,0
5175,10036.0,0,0,2020-02-11 10:00:00,5.9,0.6,100.0,100.0,100.0,100.0,5.4,0
5176,10020.0,1,0,2020-02-11 12:00:00,5.9,1.9,100.0,100.0,100.0,100.0,4.2,1
5177,10016.0,0,0,2020-02-11 14:00:00,6.0,1.0,100.0,100.0,100.0,100.0,4.6,0
5178,10011.0,0,0,2020-02-11 19:00:00,7.1,0.5,100.0,100.0,99.0,99.0,5.0,0
5179,10036.0,1,0,2020-02-11 07:00:00,6.2,0.0,100.0,100.0,97.0,96.0,6.0,1
5180,10013.0,0,0,2020-02-11 11:00:00,5.8,3.0,100.0,100.0,100.0,100.0,5.4,0
5181,10002.0,0,0,2020-02-11 14:00:00,6.0,1.0,100.0,100.0,100.0,100.0,4.6,0
5182,10019.0,0,0,2020-02-11 15:00:00,6.3,0.4,100.0,100.0,100.0,100.0,5.2,0
5183,10029.0,0,0,2020-02-11 13:00:00,6.0,1.5,100.0,100.0,100.0,100.0,4.5,0
5184,10128.0,0,0,2020-02-11 08:00:00,6.3,0.0,100.0,100.0,91.0,100.0,5.1,0
5185,10011.0,1,0,2020-02-11 21:00:00,7.7,0.0,100.0,99.0,99.0,2.0,4.7,1
5186,10021.0,1,0,2020-02-11 19:00:00,7.1,0.5,100.0,100.0,99.0,99.0,5.0,1
5187,10128.0,0,0,2020-02-11 13:00:00,6.0,1.5,100.0,100.0,100.0,100.0,4.5,0
5188,10035.0,0,0,2020-02-11 06:00:00,6.3,0.0,100.0,100.0,100.0,100.0,6.2,0
5189,10010.0,0,0,2020-02-11 10:00:00,5.9,0.6,100.0,100.0,100.0,100.0,5.4,0
5190,10007.0,0,0,2020-02-11 13:00:00,6.0,1.5,100.0,100.0,100.0,100.0,4.5,0
5191,10018.0,0,0,2020-02-11 14:00:00,6.0,1.0,100.0,100.0,100.0,100.0,4.6,0
5192,10026.0,1,0,2020-02-11 21:00:00,7.7,0.0,100.0,99.0,99.0,2.0,4.7,1
5193,10021.0,0,0,2020-02-11 14:00:00,6.0,1.0,100.0,100.0,100.0,100.0,4.6,0
5194,10016.0,0,0,2020-02-11 16:00:00,6.6,0.1,100.0,100.0,68.0,100.0,5.1,0
5195,10003.0,0,0,2020-02-11 18:00:00,6.8,0.5,100.0,100.0,100.0,100.0,5.6,0
5196,10035.0,0,0,2020-02-11 07:00:00,6.2,0.0,100.0,100.0,97.0,96.0,6.0,0
5197,10013.0,0,0,2020-02-11 09:00:00,6.0,0.1,100.0,99.0,97.0,100.0,4.0,0
5198,10018.0,0,0,2020-02-11 09:00:00,6.0,0.1,100.0,99.0,97.0,100.0,4.0,0
5199,10032.0,0,0,2020-02-11 15:00:00,6.3,0.4,100.0,100.0,100.0,100.0,5.2,0
5200,10029.0,0,0,2020-02-11 15:00:00,6.3,0.4,100.0,100.0,100.0,100.0,5.2,0
5201,10002.0,0,0,2020-02-11 05:00:00,6.3,0.1,100.0,97.0,100.0,98.0,6.0,0
5202,10010.0,1,0,2020-02-10 19:00:00,7.5,0.7,100.0,67.0,97.0,100.0,12.5,1
5203,10017.0,0,0,2020-02-10 16:00:00,7.2,0.0,100.0,58.0,98.0,100.0,16.6,0
5204,10021.0,0,0,2020-02-10 17:00:00,7.7,0.0,100.0,58.0,99.0,50.0,17.1,0
5205,10001.0,0,0,2020-02-10 13:00:00,5.8,0.9,100.0,100.0,100.0,99.0,17.4,0
5206,10016.0,1,0,2020-02-10 07:00:00,4.3,0.2,90.0,1.0,99.0,98.0,15.7,1
5207,10010.0,0,0,2020-02-10 14:00:00,6.2,0.8,100.0,98.0,100.0,100.0,16.9,0
5208,10017.0,0,0,2020-02-10 13:00:00,5.8,0.9,100.0,100.0,100.0,99.0,17.4,0
5209,10036.0,1,0,2020-02-10 12:00:00,5.6,0.7,100.0,97.0,100.0,99.0,16.3,1
5210,10017.0,0,0,2020-02-10 15:00:00,6.9,0.3,100.0,99.0,100.0,100.0,17.3,0
5211,10019.0,0,0,2020-02-10 17:00:00,7.7,0.0,100.0,58.0,99.0,50.0,17.1,0
5212,10013.0,0,0,2020-02-10 16:00:00,7.2,0.0,100.0,58.0,98.0,100.0,16.6,0
5213,10020.0,0,0,2020-02-10 01:00:00,3.8,0.0,51.0,16.0,11.0,100.0,5.9,0
5214,10001.0,2,0,2020-02-10 11:00:00,5.3,0.7,100.0,84.0,100.0,96.0,16.6,1
5215,10001.0,0,0,2020-02-10 10:00:00,5.4,0.5,93.0,8.0,93.0,100.0,16.9,0
5216,10019.0,0,0,2020-02-10 10:00:00,5.4,0.5,93.0,8.0,93.0,100.0,16.9,0
5217,10003.0,0,0,2020-02-10 18:00:00,7.4,0.0,100.0,84.0,99.0,99.0,15.5,0
5218,10001.0,0,0,2020-02-10 11:00:00,5.3,0.7,100.0,84.0,100.0,96.0,16.6,0
5219,10035.0,0,0,2020-02-10 10:00:00,5.4,0.5,93.0,8.0,93.0,100.0,16.9,0
5220,10002.0,2,0,2020-02-10 15:00:00,6.9,0.3,100.0,99.0,100.0,100.0,17.3,1
5221,10022.0,1,0,2020-02-10 16:00:00,7.2,0.0,100.0,58.0,98.0,100.0,16.6,1
5222,10030.0,0,0,2020-02-10 16:00:00,7.2,0.0,100.0,58.0,98.0,100.0,16.6,0
5223,10019.0,1,0,2020-02-10 22:00:00,6.7,0.9,100.0,98.0,100.0,100.0,8.2,1
5224,10010.0,0,0,2020-02-10 18:00:00,7.4,0.0,100.0,84.0,99.0,99.0,15.5,0
5225,10018.0,0,0,2020-02-10 11:00:00,5.3,0.7,100.0,84.0,100.0,96.0,16.6,0
5226,10002.0,0,0,2020-02-10 08:00:00,4.5,0.1,91.0,1.0,100.0,100.0,16.4,0
5227,10011.0,1,0,2020-02-10 16:00:00,7.2,0.0,100.0,58.0,98.0,100.0,16.6,1
5228,10028.0,1,0,2020-02-10 19:00:00,7.5,0.7,100.0,67.0,97.0,100.0,12.5,1
5229,10036.0,1,0,2020-02-10 04:00:00,3.4,0.0,90.0,0.0,100.0,100.0,13.4,1
5230,10021.0,0,0,2020-02-10 11:00:00,5.3,0.7,100.0,84.0,100.0,96.0,16.6,0
5231,10029.0,0,0,2020-02-10 23:00:00,6.6,0.6,100.0,100.0,100.0,100.0,7.7,0
5232,10005.0,0,0,2020-02-10 14:00:00,6.2,0.8,100.0,98.0,100.0,100.0,16.9,0
5233,10025.0,0,0,2020-02-10 20:00:00,7.4,0.5,100.0,99.0,99.0,100.0,13.9,0
5234,10027.0,0,0,2020-02-10 13:00:00,5.8,0.9,100.0,100.0,100.0,99.0,17.4,0
5235,10165.0,0,0,2020-02-10 09:00:00,4.9,0.2,91.0,1.0,100.0,99.0,18.3,0
5236,10028.0,0,0,2020-02-10 19:00:00,7.5,0.7,100.0,67.0,97.0,100.0,12.5,0
5237,10002.0,0,0,2020-02-10 02:00:00,3.5,0.0,83.0,2.0,85.0,100.0,8.0,0
5238,10026.0,0,0,2020-02-10 16:00:00,7.2,0.0,100.0,58.0,98.0,100.0,16.6,0
5239,10027.0,0,0,2020-02-10 15:00:00,6.9,0.3,100.0,99.0,100.0,100.0,17.3,0
5240,10005.0,0,0,2020-02-10 14:00:00,6.2,0.8,100.0,98.0,100.0,100.0,16.9,0
5241,10001.0,0,0,2020-02-10 11:00:00,5.3,0.7,100.0,84.0,100.0,96.0,16.6,0
5242,10019.0,0,0,2020-02-10 14:00:00,6.2,0.8,100.0,98.0,100.0,100.0,16.9,0
5243,10022.0,0,0,2020-02-10 23:00:00,6.6,0.6,100.0,100.0,100.0,100.0,7.7,0
5244,10022.0,0,0,2020-02-10 15:00:00,6.9,0.3,100.0,99.0,100.0,100.0,17.3,0
5245,10030.0,0,0,2020-02-10 16:00:00,7.2,0.0,100.0,58.0,98.0,100.0,16.6,0
5246,10035.0,0,0,2020-02-10 11:00:00,5.3,0.7,100.0,84.0,100.0,96.0,16.6,0
5247,10023.0,0,0,2020-02-10 21:00:00,7.2,0.9,100.0,75.0,100.0,100.0,14.0,0
5248,10016.0,1,0,2020-02-10 21:00:00,7.2,0.9,100.0,75.0,100.0,100.0,14.0,1
5249,10028.0,0,0,2020-02-10 14:00:00,6.2,0.8,100.0,98.0,100.0,100.0,16.9,0
5250,10029.0,0,0,2020-02-10 06:00:00,4.1,0.2,90.0,0.0,100.0,100.0,16.3,0
5251,10002.0,1,0,2020-02-10 19:00:00,7.5,0.7,100.0,67.0,97.0,100.0,12.5,1
5252,10128.0,0,0,2020-02-10 07:00:00,4.3,0.2,90.0,1.0,99.0,98.0,15.7,0
5253,10010.0,1,0,2020-02-10 06:00:00,4.1,0.2,90.0,0.0,100.0,100.0,16.3,1
5254,10032.0,1,0,2020-02-10 21:00:00,7.2,0.9,100.0,75.0,100.0,100.0,14.0,1
5255,10020.0,0,0,2020-02-10 09:00:00,4.9,0.2,91.0,1.0,100.0,99.0,18.3,0
5256,10035.0,0,0,2020-02-10 13:00:00,5.8,0.9,100.0,100.0,100.0,99.0,17.4,0
5257,10017.0,1,0,2020-02-10 09:00:00,4.9,0.2,91.0,1.0,100.0,99.0,18.3,1
5258,10029.0,0,0,2020-02-10 16:00:00,7.2,0.0,100.0,58.0,98.0,100.0,16.6,0
5259,10128.0,0,0,2020-02-10 17:00:00,7.7,0.0,100.0,58.0,99.0,50.0,17.1,0
5260,10039.0,0,0,2020-02-10 11:00:00,5.3,0.7,100.0,84.0,100.0,96.0,16.6,0
5261,10001.0,1,0,2020-02-10 22:00:00,6.7,0.9,100.0,98.0,100.0,100.0,8.2,1
5262,10019.0,1,0,2020-02-10 00:00:00,4.6,0.0,68.0,37.0,8.0,100.0,4.3,1
5263,10029.0,0,0,2020-02-10 17:00:00,7.7,0.0,100.0,58.0,99.0,50.0,17.1,0
5264,10002.0,0,0,2020-02-10 01:00:00,3.8,0.0,51.0,16.0,11.0,100.0,5.9,0
5265,10032.0,0,0,2020-02-10 07:00:00,4.3,0.2,90.0,1.0,99.0,98.0,15.7,0
5266,10013.0,0,0,2020-02-10 09:00:00,4.9,0.2,91.0,1.0,100.0,99.0,18.3,0
5267,10036.0,0,0,2020-02-10 08:00:00,4.5,0.1,91.0,1.0,100.0,100.0,16.4,0
5268,10014.0,0,0,2020-02-10 09:00:00,4.9,0.2,91.0,1.0,100.0,99.0,18.3,0
5269,10036.0,0,0,2020-02-10 23:00:00,6.6,0.6,100.0,100.0,100.0,100.0,7.7,0
5270,10036.0,2,0,2020-02-09 19:00:00,4.7,0.0,70.0,63.0,22.0,0.0,8.5,1
5271,10022.0,0,0,2020-02-09 14:00:00,-0.2,0.0,100.0,60.0,85.0,0.0,8.4,0
5272,10002.0,0,0,2020-02-09 04:00:00,0.3,0.0,8.0,0.0,14.0,0.0,2.8,0
5273,10024.0,0,0,2020-02-09 14:00:00,-0.2,0.0,100.0,60.0,85.0,0.0,8.4,0
5274,10012.0,0,0,2020-02-09 01:00:00,2.3,0.0,4.0,0.0,7.0,0.0,6.9,0
5275,10014.0,0,0,2020-02-09 02:00:00,1.4,0.0,0.0,0.0,0.0,0.0,4.3,0
5276,10001.0,2,0,2020-02-09 00:00:00,2.8,0.0,3.0,0.0,5.0,0.0,6.0,1
5277,10013.0,0,0,2020-02-09 02:00:00,1.4,0.0,0.0,0.0,0.0,0.0,4.3,0
5278,10038.0,0,0,2020-02-09 10:00:00,-1.7,0.0,100.0,46.0,99.0,0.0,9.9,0
5279,10014.0,0,0,2020-02-09 14:00:00,-0.2,0.0,100.0,60.0,85.0,0.0,8.4,0
5280,10016.0,0,0,2020-02-09 20:00:00,5.1,0.0,67.0,68.0,9.0,0.0,7.6,0
5281,10032.0,0,0,2020-02-09 18:00:00,4.1,0.1,66.0,34.0,59.0,0.0,7.3,0
5282,10036.0,0,0,2020-02-09 14:00:00,-0.2,0.0,100.0,60.0,85.0,0.0,8.4,0
5283,10038.0,0,0,2020-02-09 22:00:00,5.0,0.0,79.0,67.0,31.0,0.0,3.6,0
5284,10034.0,0,0,2020-02-09 21:00:00,4.9,0.0,78.0,64.0,34.0,0.0,5.5,0
5285,10019.0,0,0,2020-02-09 23:00:00,5.0,0.0,83.0,54.0,8.0,100.0,1.5,0
5286,10011.0,0,0,2020-02-09 04:00:00,0.3,0.0,8.0,0.0,14.0,0.0,2.8,0
5287,10036.0,0,0,2020-02-09 23:00:00,5.0,0.0,83.0,54.0,8.0,100.0,1.5,0
5288,10065.0,1,0,2020-02-09 21:00:00,4.9,0.0,78.0,64.0,34.0,0.0,5.5,1
5289,10075.0,0,0,2020-02-09 12:00:00,-1.6,0.0,50.0,16.0,60.0,0.0,8.9,0
5290,10011.0,0,0,2020-02-09 20:00:00,5.1,0.0,67.0,68.0,9.0,0.0,7.6,0
5291,10009.0,0,0,2020-02-09 10:00:00,-1.7,0.0,100.0,46.0,99.0,0.0,9.9,0
5292,10021.0,0,0,2020-02-09 14:00:00,-0.2,0.0,100.0,60.0,85.0,0.0,8.4,0
5293,10013.0,0,0,2020-02-09 22:00:00,5.0,0.0,79.0,67.0,31.0,0.0,3.6,0
5294,10011.0,0,0,2020-02-09 16:00:00,2.7,0.0,88.0,33.0,97.0,0.0,7.7,0
5295,10009.0,0,0,2020-02-09 03:00:00,0.4,0.0,1.0,0.0,1.0,0.0,3.5,0
5296,10023.0,0,0,2020-02-09 12:00:00,-1.6,0.0,50.0,16.0,60.0,0.0,8.9,0
5297,10013.0,0,0,2020-02-09 14:00:00,-0.2,0.0,100.0,60.0,85.0,0.0,8.4,0
5298,10032.0,1,0,2020-02-09 23:00:00,5.0,0.0,83.0,54.0,8.0,100.0,1.5,1
5299,10026.0,0,0,2020-02-09 10:00:00,-1.7,0.0,100.0,46.0,99.0,0.0,9.9,0
5300,10001.0,0,0,2020-02-09 22:00:00,5.0,0.0,79.0,67.0,31.0,0.0,3.6,0
5301,10013.0,0,0,2020-02-09 01:00:00,2.3,0.0,4.0,0.0,7.0,0.0,6.9,0
5302,10032.0,0,0,2020-02-09 18:00:00,4.1,0.1,66.0,34.0,59.0,0.0,7.3,0
5303,10009.0,0,0,2020-02-09 08:00:00,-1.0,0.0,71.0,21.0,86.0,0.0,7.4,0
5304,10006.0,0,0,2020-02-09 12:00:00,-1.6,0.0,50.0,16.0,60.0,0.0,8.9,0
5305,10002.0,0,0,2020-02-09 11:00:00,-1.7,0.0,69.0,25.0,78.0,0.0,9.2,0
5306,10016.0,0,0,2020-02-09 15:00:00,2.0,0.0,100.0,49.0,94.0,0.0,8.0,0
5307,10001.0,0,0,2020-02-08 19:00:00,3.7,0.0,78.0,32.0,82.0,0.0,17.4,0
5308,10002.0,0,0,2020-02-08 23:00:00,3.2,0.0,1.0,0.0,1.0,0.0,6.2,0
5309,10012.0,0,0,2020-02-08 23:00:00,3.2,0.0,1.0,0.0,1.0,0.0,6.2,0
5310,10003.0,0,0,2020-02-08 00:00:00,2.4,0.0,20.0,22.0,0.0,0.0,23.9,0
5311,10023.0,0,0,2020-02-08 00:00:00,2.4,0.0,20.0,22.0,0.0,0.0,23.9,0
5312,10013.0,1,0,2020-02-08 04:00:00,1.6,0.0,90.0,99.0,1.0,0.0,20.8,1
5313,10027.0,1,0,2020-02-08 14:00:00,0.2,0.0,12.0,13.0,0.0,0.0,16.2,1
5314,10018.0,1,0,2020-02-08 22:00:00,3.6,0.0,10.0,0.0,16.0,0.0,9.5,1
5315,10036.0,1,0,2020-02-08 16:00:00,2.7,0.0,100.0,98.0,43.0,0.0,20.5,1
5316,10017.0,0,0,2020-02-08 02:00:00,2.3,0.0,72.0,73.0,10.0,0.0,20.5,0
5317,10012.0,0,0,2020-02-08 19:00:00,3.7,0.0,78.0,32.0,82.0,0.0,17.4,0
5318,10010.0,0,0,2020-02-08 20:00:00,3.9,0.0,66.0,20.0,80.0,0.0,17.1,0
5319,10032.0,0,0,2020-02-08 22:00:00,3.6,0.0,10.0,0.0,16.0,0.0,9.5,0
5320,10002.0,0,0,2020-02-08 15:00:00,2.0,0.0,56.0,62.0,0.0,0.0,19.2,0
5321,10027.0,0,0,2020-02-08 07:00:00,0.5,0.0,0.0,0.0,0.0,0.0,20.1,0
5322,10026.0,0,0,2020-02-08 10:00:00,-0.9,0.0,0.0,0.0,0.0,0.0,16.3,0
5323,10013.0,0,0,2020-02-08 17:00:00,3.3,0.0,100.0,100.0,100.0,0.0,20.9,0
5324,10009.0,0,0,2020-02-08 07:00:00,0.5,0.0,0.0,0.0,0.0,0.0,20.1,0
5325,10009.0,0,0,2020-02-08 22:00:00,3.6,0.0,10.0,0.0,16.0,0.0,9.5,0
5326,10016.0,0,0,2020-02-08 19:00:00,3.7,0.0,78.0,32.0,82.0,0.0,17.4,0
5327,10013.0,1,0,2020-02-08 02:00:00,2.3,0.0,72.0,73.0,10.0,0.0,20.5,1
5328,10002.0,0,0,2020-02-08 04:00:00,1.6,0.0,90.0,99.0,1.0,0.0,20.8,0
5329,10016.0,0,0,2020-02-08 22:00:00,3.6,0.0,10.0,0.0,16.0,0.0,9.5,0
5330,10020.0,0,0,2020-02-08 21:00:00,3.9,0.0,52.0,12.0,69.0,0.0,14.8,0
5331,10022.0,0,0,2020-02-08 16:00:00,2.7,0.0,100.0,98.0,43.0,0.0,20.5,0
5332,10003.0,0,0,2020-02-08 19:00:00,3.7,0.0,78.0,32.0,82.0,0.0,17.4,0
5333,10010.0,1,0,2020-02-08 18:00:00,3.7,0.0,100.0,48.0,95.0,0.0,19.5,1
5334,10033.0,0,0,2020-02-08 19:00:00,3.7,0.0,78.0,32.0,82.0,0.0,17.4,0
5335,10016.0,0,0,2020-02-08 18:00:00,3.7,0.0,100.0,48.0,95.0,0.0,19.5,0
5336,10013.0,0,0,2020-02-08 03:00:00,1.9,0.0,89.0,96.0,5.0,0.0,20.5,0
5337,10011.0,0,0,2020-02-08 16:00:00,2.7,0.0,100.0,98.0,43.0,0.0,20.5,0
5338,10016.0,1,0,2020-02-08 13:00:00,-0.7,0.0,0.0,0.0,0.0,0.0,11.3,1
5339,10016.0,0,0,2020-02-08 18:00:00,3.7,0.0,100.0,48.0,95.0,0.0,19.5,0
5340,10009.0,0,0,2020-02-08 17:00:00,3.3,0.0,100.0,100.0,100.0,0.0,20.9,0
5341,10002.0,0,0,2020-02-08 00:00:00,2.4,0.0,20.0,22.0,0.0,0.0,23.9,0
5342,10016.0,0,0,2020-02-08 22:00:00,3.6,0.0,10.0,0.0,16.0,0.0,9.5,0
5343,10034.0,0,0,2020-02-08 04:00:00,1.6,0.0,90.0,99.0,1.0,0.0,20.8,0
5344,10018.0,0,0,2020-02-08 16:00:00,2.7,0.0,100.0,98.0,43.0,0.0,20.5,0
5345,10028.0,1,0,2020-02-08 13:00:00,-0.7,0.0,0.0,0.0,0.0,0.0,11.3,1
5346,10026.0,0,0,2020-02-08 14:00:00,0.2,0.0,12.0,13.0,0.0,0.0,16.2,0
5347,10009.0,0,0,2020-02-08 22:00:00,3.6,0.0,10.0,0.0,16.0,0.0,9.5,0
5348,10012.0,0,0,2020-02-08 03:00:00,1.9,0.0,89.0,96.0,5.0,0.0,20.5,0
5349,10002.0,0,0,2020-02-08 15:00:00,2.0,0.0,56.0,62.0,0.0,0.0,19.2,0
5350,10014.0,0,0,2020-02-08 00:00:00,2.4,0.0,20.0,22.0,0.0,0.0,23.9,0
5351,10038.0,0,0,2020-02-08 16:00:00,2.7,0.0,100.0,98.0,43.0,0.0,20.5,0
5352,10029.0,0,0,2020-02-08 13:00:00,-0.7,0.0,0.0,0.0,0.0,0.0,11.3,0
5353,10065.0,0,0,2020-02-08 10:00:00,-0.9,0.0,0.0,0.0,0.0,0.0,16.3,0
5354,10018.0,0,0,2020-02-08 21:00:00,3.9,0.0,52.0,12.0,69.0,0.0,14.8,0
5355,10016.0,0,0,2020-02-08 08:00:00,0.1,0.0,0.0,0.0,0.0,0.0,18.8,0
5356,10010.0,0,0,2020-02-08 23:00:00,3.2,0.0,1.0,0.0,1.0,0.0,6.2,0
5357,10011.0,0,0,2020-02-08 23:00:00,3.2,0.0,1.0,0.0,1.0,0.0,6.2,0
5358,10026.0,0,0,2020-02-08 17:00:00,3.3,0.0,100.0,100.0,100.0,0.0,20.9,0
5359,10011.0,0,0,2020-02-08 22:00:00,3.6,0.0,10.0,0.0,16.0,0.0,9.5,0
5360,10022.0,0,0,2020-02-08 20:00:00,3.9,0.0,66.0,20.0,80.0,0.0,17.1,0
5361,10016.0,0,0,2020-02-08 21:00:00,3.9,0.0,52.0,12.0,69.0,0.0,14.8,0
5362,10011.0,0,0,2020-02-08 01:00:00,2.4,0.0,39.0,43.0,0.0,0.0,21.6,0
5363,10036.0,1,0,2020-02-08 23:00:00,3.2,0.0,1.0,0.0,1.0,0.0,6.2,1
5364,10065.0,2,0,2020-02-08 21:00:00,3.9,0.0,52.0,12.0,69.0,0.0,14.8,1
5365,10033.0,0,0,2020-02-08 02:00:00,2.3,0.0,72.0,73.0,10.0,0.0,20.5,0
5366,10024.0,0,0,2020-02-08 00:00:00,2.4,0.0,20.0,22.0,0.0,0.0,23.9,0
5367,10016.0,0,0,2020-02-08 14:00:00,0.2,0.0,12.0,13.0,0.0,0.0,16.2,0
5368,10029.0,0,0,2020-02-08 11:00:00,-1.0,0.0,0.0,0.0,0.0,0.0,14.6,0
5369,10018.0,0,0,2020-02-08 03:00:00,1.9,0.0,89.0,96.0,5.0,0.0,20.5,0
5370,10035.0,0,0,2020-02-08 17:00:00,3.3,0.0,100.0,100.0,100.0,0.0,20.9,0
5371,10035.0,0,0,2020-02-07 08:00:00,3.8,0.9,100.0,100.0,98.0,100.0,4.3,0
5372,10012.0,0,0,2020-02-07 19:00:00,7.8,0.3,100.0,96.0,81.0,0.0,30.9,0
5373,10075.0,0,0,2020-02-07 14:00:00,6.1,3.9,100.0,99.0,82.0,8.0,8.9,0
5374,10040.0,1,0,2020-02-07 09:00:00,3.8,1.1,100.0,100.0,98.0,100.0,10.9,1
5375,10011.0,1,0,2020-02-07 00:00:00,4.0,0.6,100.0,100.0,100.0,100.0,9.9,1
5376,10035.0,1,0,2020-02-07 06:00:00,3.8,0.5,100.0,100.0,99.0,100.0,7.7,1
5377,10014.0,0,0,2020-02-07 19:00:00,7.8,0.3,100.0,96.0,81.0,0.0,30.9,0
5378,10012.0,0,0,2020-02-07 17:00:00,12.2,0.0,100.0,90.0,41.0,0.0,28.4,0
5379,10016.0,0,0,2020-02-07 12:00:00,4.4,0.5,100.0,100.0,52.0,93.0,12.0,0
5380,10065.0,1,0,2020-02-07 07:00:00,3.8,0.4,100.0,100.0,99.0,100.0,4.0,1
5381,10036.0,0,0,2020-02-07 09:00:00,3.8,1.1,100.0,100.0,98.0,100.0,10.9,0
5382,10017.0,2,0,2020-02-07 11:00:00,3.9,0.2,100.0,100.0,22.0,100.0,13.8,1
5383,10036.0,0,0,2020-02-07 08:00:00,3.8,0.9,100.0,100.0,98.0,100.0,4.3,0
5384,10033.0,0,0,2020-02-07 07:00:00,3.8,0.4,100.0,100.0,99.0,100.0,4.0,0
5385,10021.0,0,0,2020-02-07 17:00:00,12.2,0.0,100.0,90.0,41.0,0.0,28.4,0
5386,10010.0,1,0,2020-02-07 13:00:00,5.2,1.3,100.0,100.0,81.0,90.0,11.9,1
5387,10032.0,0,0,2020-02-07 06:00:00,3.8,0.5,100.0,100.0,99.0,100.0,7.7,0
5388,10011.0,0,0,2020-02-07 15:00:00,7.3,3.6,100.0,98.0,87.0,0.0,6.7,0
5389,10065.0,0,0,2020-02-07 07:00:00,3.8,0.4,100.0,100.0,99.0,100.0,4.0,0
5390,10002.0,0,0,2020-02-07 19:00:00,7.8,0.3,100.0,96.0,81.0,0.0,30.9,0
5391,10023.0,0,0,2020-02-07 13:00:00,5.2,1.3,100.0,100.0,81.0,90.0,11.9,0
5392,10019.0,0,0,2020-02-07 01:00:00,4.0,0.5,100.0,100.0,100.0,100.0,9.0,0
5393,10003.0,0,0,2020-02-07 20:00:00,4.6,0.0,80.0,50.0,59.0,0.0,31.7,0
5394,10016.0,0,0,2020-02-07 22:00:00,2.7,0.0,31.0,3.0,47.0,0.0,27.4,0
5395,10065.0,0,0,2020-02-07 21:00:00,3.5,0.0,55.0,5.0,84.0,0.0,31.3,0
5396,10019.0,0,0,2020-02-07 08:00:00,3.8,0.9,100.0,100.0,98.0,100.0,4.3,0
5397,10036.0,0,0,2020-02-07 00:00:00,4.0,0.6,100.0,100.0,100.0,100.0,9.9,0
5398,10028.0,0,0,2020-02-07 11:00:00,3.9,0.2,100.0,100.0,22.0,100.0,13.8,0
5399,10033.0,1,0,2020-02-07 22:00:00,2.7,0.0,31.0,3.0,47.0,0.0,27.4,1
5400,10001.0,0,0,2020-02-07 22:00:00,2.7,0.0,31.0,3.0,47.0,0.0,27.4,0
5401,10011.0,0,0,2020-02-07 16:00:00,11.6,0.5,100.0,88.0,57.0,0.0,23.4,0
5402,10026.0,0,0,2020-02-07 14:00:00,6.1,3.9,100.0,99.0,82.0,8.0,8.9,0
5403,10010.0,0,0,2020-02-07 17:00:00,12.2,0.0,100.0,90.0,41.0,0.0,28.4,0
5404,10035.0,0,0,2020-02-07 09:00:00,3.8,1.1,100.0,100.0,98.0,100.0,10.9,0
5405,10022.0,0,0,2020-02-07 05:00:00,4.0,0.2,100.0,100.0,100.0,100.0,4.1,0
5406,10012.0,0,0,2020-02-07 15:00:00,7.3,3.6,100.0,98.0,87.0,0.0,6.7,0
5407,10002.0,0,0,2020-02-07 10:00:00,3.8,0.4,100.0,100.0,81.0,100.0,9.2,0
5408,10032.0,0,0,2020-02-07 23:00:00,2.4,0.0,5.0,5.0,0.0,0.0,26.8,0
5409,10007.0,0,0,2020-02-07 10:00:00,3.8,0.4,100.0,100.0,81.0,100.0,9.2,0
5410,10075.0,1,0,2020-02-07 14:00:00,6.1,3.9,100.0,99.0,82.0,8.0,8.9,1
5411,10029.0,0,0,2020-02-07 10:00:00,3.8,0.4,100.0,100.0,81.0,100.0,9.2,0
5412,10035.0,0,0,2020-02-07 08:00:00,3.8,0.9,100.0,100.0,98.0,100.0,4.3,0
5413,10003.0,0,0,2020-02-07 18:00:00,10.8,0.0,100.0,98.0,72.0,0.0,24.8,0
5414,10001.0,0,0,2020-02-07 09:00:00,3.8,1.1,100.0,100.0,98.0,100.0,10.9,0
5415,10034.0,0,0,2020-02-07 21:00:00,3.5,0.0,55.0,5.0,84.0,0.0,31.3,0
5416,10002.0,0,0,2020-02-07 13:00:00,5.2,1.3,100.0,100.0,81.0,90.0,11.9,0
5417,10065.0,0,0,2020-02-07 17:00:00,12.2,0.0,100.0,90.0,41.0,0.0,28.4,0
5418,10021.0,1,0,2020-02-07 07:00:00,3.8,0.4,100.0,100.0,99.0,100.0,4.0,1
5419,10128.0,0,0,2020-02-07 08:00:00,3.8,0.9,100.0,100.0,98.0,100.0,4.3,0
5420,10075.0,1,0,2020-02-07 11:00:00,3.9,0.2,100.0,100.0,22.0,100.0,13.8,1
5421,10017.0,0,0,2020-02-07 20:00:00,4.6,0.0,80.0,50.0,59.0,0.0,31.7,0
5422,10026.0,0,0,2020-02-07 19:00:00,7.8,0.3,100.0,96.0,81.0,0.0,30.9,0
5423,10013.0,0,0,2020-02-07 13:00:00,5.2,1.3,100.0,100.0,81.0,90.0,11.9,0
5424,10003.0,1,0,2020-02-07 08:00:00,3.8,0.9,100.0,100.0,98.0,100.0,4.3,1
5425,10017.0,0,0,2020-02-07 17:00:00,12.2,0.0,100.0,90.0,41.0,0.0,28.4,0
5426,10024.0,0,0,2020-02-07 09:00:00,3.8,1.1,100.0,100.0,98.0,100.0,10.9,0
5427,10019.0,0,0,2020-02-07 18:00:00,10.8,0.0,100.0,98.0,72.0,0.0,24.8,0
5428,10009.0,1,0,2020-02-07 18:00:00,10.8,0.0,100.0,98.0,72.0,0.0,24.8,1
5429,10065.0,0,0,2020-02-07 07:00:00,3.8,0.4,100.0,100.0,99.0,100.0,4.0,0
5430,10028.0,1,0,2020-02-07 15:00:00,7.3,3.6,100.0,98.0,87.0,0.0,6.7,1
5431,10016.0,0,0,2020-02-07 16:00:00,11.6,0.5,100.0,88.0,57.0,0.0,23.4,0
5432,10002.0,1,0,2020-02-07 11:00:00,3.9,0.2,100.0,100.0,22.0,100.0,13.8,1
5433,10010.0,0,0,2020-02-07 18:00:00,10.8,0.0,100.0,98.0,72.0,0.0,24.8,0
5434,10010.0,1,0,2020-02-07 08:00:00,3.8,0.9,100.0,100.0,98.0,100.0,4.3,1
5435,10004.0,1,0,2020-02-07 18:00:00,10.8,0.0,100.0,98.0,72.0,0.0,24.8,1
5436,10022.0,1,0,2020-02-07 07:00:00,3.8,0.4,100.0,100.0,99.0,100.0,4.0,1
5437,10035.0,1,0,2020-02-07 09:00:00,3.8,1.1,100.0,100.0,98.0,100.0,10.9,1
5438,10029.0,1,0,2020-02-07 12:00:00,4.4,0.5,100.0,100.0,52.0,93.0,12.0,1
5439,10010.0,0,0,2020-02-07 01:00:00,4.0,0.5,100.0,100.0,100.0,100.0,9.0,0
5440,10011.0,0,0,2020-02-07 19:00:00,7.8,0.3,100.0,96.0,81.0,0.0,30.9,0
5441,10026.0,1,0,2020-02-07 07:00:00,3.8,0.4,100.0,100.0,99.0,100.0,4.0,1
5442,10037.0,0,0,2020-02-07 16:00:00,11.6,0.5,100.0,88.0,57.0,0.0,23.4,0
5443,10001.0,0,0,2020-02-06 08:00:00,3.0,2.2,100.0,100.0,100.0,100.0,10.5,0
5444,10018.0,0,0,2020-02-06 07:00:00,2.8,3.0,100.0,100.0,100.0,100.0,9.9,0
5445,10019.0,0,0,2020-02-06 23:00:00,4.0,0.5,100.0,100.0,100.0,100.0,9.4,0
5446,10007.0,1,0,2020-02-06 12:00:00,3.8,0.1,100.0,100.0,63.0,100.0,13.2,1
5447,10027.0,0,0,2020-02-06 21:00:00,4.0,0.7,100.0,100.0,100.0,99.0,3.9,0
5448,10001.0,0,0,2020-02-06 20:00:00,4.0,0.3,100.0,100.0,99.0,100.0,2.6,0
5449,10035.0,0,0,2020-02-06 08:00:00,3.0,2.2,100.0,100.0,100.0,100.0,10.5,0
5450,10014.0,0,0,2020-02-06 12:00:00,3.8,0.1,100.0,100.0,63.0,100.0,13.2,0
5451,10011.0,1,0,2020-02-06 19:00:00,4.1,0.3,100.0,100.0,100.0,100.0,2.5,1
5452,10019.0,0,0,2020-02-06 06:00:00,3.0,0.6,100.0,100.0,100.0,100.0,10.4,0
5453,10029.0,1,0,2020-02-06 15:00:00,4.4,0.0,100.0,100.0,94.0,100.0,8.0,1
5454,10022.0,0,0,2020-02-06 22:00:00,4.2,0.5,100.0,100.0,100.0,100.0,8.1,0
5455,10002.0,1,0,2020-02-06 04:00:00,3.6,0.0,100.0,100.0,100.0,100.0,11.2,1
5456,10010.0,0,0,2020-02-06 06:00:00,3.0,0.6,100.0,100.0,100.0,100.0,10.4,0
5457,10035.0,0,0,2020-02-06 07:00:00,2.8,3.0,100.0,100.0,100.0,100.0,9.9,0
5458,10012.0,1,0,2020-02-06 20:00:00,4.0,0.3,100.0,100.0,99.0,100.0,2.6,1
5459,10014.0,0,0,2020-02-06 10:00:00,3.8,0.7,100.0,100.0,98.0,100.0,11.1,0
5460,10022.0,0,0,2020-02-06 16:00:00,4.5,0.0,100.0,100.0,73.0,100.0,6.3,0
5461,10012.0,1,0,2020-02-06 23:00:00,4.0,0.5,100.0,100.0,100.0,100.0,9.4,1
5462,10016.0,0,0,2020-02-06 00:00:00,3.9,0.0,100.0,94.0,92.0,100.0,5.1,0
5463,10001.0,0,0,2020-02-06 21:00:00,4.0,0.7,100.0,100.0,100.0,99.0,3.9,0
5464,10035.0,0,0,2020-02-06 09:00:00,3.3,1.0,100.0,100.0,100.0,98.0,10.1,0
5465,10010.0,0,0,2020-02-06 16:00:00,4.5,0.0,100.0,100.0,73.0,100.0,6.3,0
5466,10022.0,0,0,2020-02-06 13:00:00,4.0,0.0,100.0,100.0,55.0,100.0,12.0,0
5467,10033.0,0,0,2020-02-06 09:00:00,3.3,1.0,100.0,100.0,100.0,98.0,10.1,0
5468,10019.0,0,0,2020-02-06 07:00:00,2.8,3.0,100.0,100.0,100.0,100.0,9.9,0
5469,10016.0,1,0,2020-02-06 10:00:00,3.8,0.7,100.0,100.0,98.0,100.0,11.1,1
5470,10001.0,0,0,2020-02-06 17:00:00,4.3,0.1,100.0,100.0,63.0,100.0,5.7,0
5471,10036.0,1,0,2020-02-06 06:00:00,3.0,0.6,100.0,100.0,100.0,100.0,10.4,1
5472,10038.0,0,0,2020-02-06 13:00:00,4.0,0.0,100.0,100.0,55.0,100.0,12.0,0
5473,10033.0,1,0,2020-02-06 04:00:00,3.6,0.0,100.0,100.0,100.0,100.0,11.2,1
5474,10019.0,0,0,2020-02-06 23:00:00,4.0,0.5,100.0,100.0,100.0,100.0,9.4,0
5475,10027.0,0,0,2020-02-06 10:00:00,3.8,0.7,100.0,100.0,98.0,100.0,11.1,0
5476,10016.0,0,0,2020-02-06 19:00:00,4.1,0.3,100.0,100.0,100.0,100.0,2.5,0
5477,10018.0,0,0,2020-02-06 13:00:00,4.0,0.0,100.0,100.0,55.0,100.0,12.0,0
5478,10031.0,0,0,2020-02-06 19:00:00,4.1,0.3,100.0,100.0,100.0,100.0,2.5,0
5479,10013.0,0,0,2020-02-06 09:00:00,3.3,1.0,100.0,100.0,100.0,98.0,10.1,0
5480,10028.0,0,0,2020-02-06 00:00:00,3.9,0.0,100.0,94.0,92.0,100.0,5.1,0
5481,10013.0,0,0,2020-02-06 18:00:00,4.3,0.3,100.0,100.0,89.0,100.0,3.2,0
5482,10026.0,2,0,2020-02-06 12:00:00,3.8,0.1,100.0,100.0,63.0,100.0,13.2,1
5483,10002.0,1,0,2020-02-06 15:00:00,4.4,0.0,100.0,100.0,94.0,100.0,8.0,1
5484,10021.0,0,0,2020-02-06 13:00:00,4.0,0.0,100.0,100.0,55.0,100.0,12.0,0
5485,10039.0,0,0,2020-02-06 11:00:00,3.8,0.3,100.0,100.0,69.0,100.0,11.3,0
5486,10009.0,0,0,2020-02-06 12:00:00,3.8,0.1,100.0,100.0,63.0,100.0,13.2,0
5487,10013.0,0,0,2020-02-06 22:00:00,4.2,0.5,100.0,100.0,100.0,100.0,8.1,0
5488,10013.0,0,0,2020-02-06 13:00:00,4.0,0.0,100.0,100.0,55.0,100.0,12.0,0
5489,10019.0,0,0,2020-02-06 13:00:00,4.0,0.0,100.0,100.0,55.0,100.0,12.0,0
5490,10128.0,1,0,2020-02-06 11:00:00,3.8,0.3,100.0,100.0,69.0,100.0,11.3,1
5491,10023.0,1,0,2020-02-06 20:00:00,4.0,0.3,100.0,100.0,99.0,100.0,2.6,1
5492,10003.0,0,0,2020-02-06 19:00:00,4.1,0.3,100.0,100.0,100.0,100.0,2.5,0
5493,10011.0,1,0,2020-02-06 19:00:00,4.1,0.3,100.0,100.0,100.0,100.0,2.5,1
5494,10006.0,0,0,2020-02-06 18:00:00,4.3,0.3,100.0,100.0,89.0,100.0,3.2,0
5495,10030.0,1,0,2020-02-06 19:00:00,4.1,0.3,100.0,100.0,100.0,100.0,2.5,1
5496,10011.0,1,0,2020-02-06 09:00:00,3.3,1.0,100.0,100.0,100.0,98.0,10.1,1
5497,10018.0,0,0,2020-02-06 21:00:00,4.0,0.7,100.0,100.0,100.0,99.0,3.9,0
5498,10018.0,1,0,2020-02-06 15:00:00,4.4,0.0,100.0,100.0,94.0,100.0,8.0,1
5499,10028.0,0,0,2020-02-06 06:00:00,3.0,0.6,100.0,100.0,100.0,100.0,10.4,0
5500,10024.0,1,0,2020-02-06 19:00:00,4.1,0.3,100.0,100.0,100.0,100.0,2.5,1
5501,10010.0,0,0,2020-02-06 21:00:00,4.0,0.7,100.0,100.0,100.0,99.0,3.9,0
5502,10032.0,1,0,2020-02-06 00:00:00,3.9,0.0,100.0,94.0,92.0,100.0,5.1,1
5503,10065.0,1,0,2020-02-06 19:00:00,4.1,0.3,100.0,100.0,100.0,100.0,2.5,1
5504,10003.0,0,0,2020-02-06 15:00:00,4.4,0.0,100.0,100.0,94.0,100.0,8.0,0
5505,10010.0,1,0,2020-02-06 22:00:00,4.2,0.5,100.0,100.0,100.0,100.0,8.1,1
5506,10065.0,0,0,2020-02-06 20:00:00,4.0,0.3,100.0,100.0,99.0,100.0,2.6,0
5507,10023.0,0,0,2020-02-06 06:00:00,3.0,0.6,100.0,100.0,100.0,100.0,10.4,0
5508,10035.0,0,0,2020-02-06 07:00:00,2.8,3.0,100.0,100.0,100.0,100.0,9.9,0
5509,10025.0,0,0,2020-02-06 07:00:00,2.8,3.0,100.0,100.0,100.0,100.0,9.9,0
5510,10019.0,0,0,2020-02-05 20:00:00,4.5,0.0,100.0,86.0,100.0,99.0,3.5,0
5511,10065.0,0,0,2020-02-05 12:00:00,4.3,0.0,100.0,100.0,100.0,98.0,5.9,0
5512,10065.0,1,0,2020-02-05 22:00:00,4.7,0.0,100.0,83.0,97.0,99.0,3.3,1
5513,10022.0,0,0,2020-02-05 12:00:00,4.3,0.0,100.0,100.0,100.0,98.0,5.9,0
5514,10019.0,0,0,2020-02-05 13:00:00,4.3,0.0,100.0,100.0,100.0,91.0,4.4,0
5515,10023.0,0,0,2020-02-05 12:00:00,4.3,0.0,100.0,100.0,100.0,98.0,5.9,0
5516,10032.0,0,0,2020-02-05 11:00:00,4.6,0.0,100.0,97.0,100.0,96.0,8.3,0
5517,10036.0,0,0,2020-02-05 09:00:00,5.0,0.0,100.0,100.0,100.0,100.0,15.8,0
5518,10001.0,0,0,2020-02-05 15:00:00,4.9,0.0,100.0,95.0,99.0,98.0,7.6,0
5519,10029.0,0,0,2020-02-05 11:00:00,4.6,0.0,100.0,97.0,100.0,96.0,8.3,0
5520,10023.0,2,0,2020-02-05 00:00:00,9.0,0.0,90.0,18.0,97.0,51.0,10.2,1
5521,10022.0,0,0,2020-02-05 17:00:00,5.0,0.0,100.0,79.0,97.0,100.0,6.2,0
5522,10025.0,2,0,2020-02-05 16:00:00,4.9,0.0,100.0,78.0,99.0,97.0,8.3,1
5523,10019.0,0,0,2020-02-05 23:00:00,4.2,0.0,100.0,87.0,81.0,99.0,4.8,0
5524,10013.0,0,0,2020-02-05 14:00:00,4.3,0.0,100.0,99.0,100.0,98.0,6.7,0
5525,10019.0,0,0,2020-02-05 17:00:00,5.0,0.0,100.0,79.0,97.0,100.0,6.2,0
5526,10016.0,0,0,2020-02-05 10:00:00,4.5,0.0,100.0,98.0,99.0,99.0,12.1,0
5527,10001.0,0,0,2020-02-05 10:00:00,4.5,0.0,100.0,98.0,99.0,99.0,12.1,0
5528,10012.0,0,0,2020-02-05 06:00:00,8.5,0.5,100.0,100.0,100.0,98.0,16.7,0
5529,10003.0,0,0,2020-02-05 17:00:00,5.0,0.0,100.0,79.0,97.0,100.0,6.2,0
5530,10018.0,1,0,2020-02-05 06:00:00,8.5,0.5,100.0,100.0,100.0,98.0,16.7,1
5531,10010.0,0,0,2020-02-05 15:00:00,4.9,0.0,100.0,95.0,99.0,98.0,7.6,0
5532,10034.0,0,0,2020-02-05 00:00:00,9.0,0.0,90.0,18.0,97.0,51.0,10.2,0
5533,10009.0,0,0,2020-02-05 16:00:00,4.9,0.0,100.0,78.0,99.0,97.0,8.3,0
5534,10007.0,0,0,2020-02-05 05:00:00,9.9,0.4,100.0,71.0,99.0,44.0,8.8,0
5535,10013.0,0,0,2020-02-05 18:00:00,5.0,0.0,100.0,70.0,100.0,100.0,6.9,0
5536,10025.0,0,0,2020-02-05 14:00:00,4.3,0.0,100.0,99.0,100.0,98.0,6.7,0
5537,10019.0,0,0,2020-02-05 10:00:00,4.5,0.0,100.0,98.0,99.0,99.0,12.1,0
5538,10022.0,0,0,2020-02-05 23:00:00,4.2,0.0,100.0,87.0,81.0,99.0,4.8,0
5539,10038.0,0,0,2020-02-05 09:00:00,5.0,0.0,100.0,100.0,100.0,100.0,15.8,0
5540,10010.0,0,0,2020-02-05 08:00:00,6.0,0.0,100.0,100.0,99.0,99.0,16.6,0
5541,10029.0,0,0,2020-02-05 09:00:00,5.0,0.0,100.0,100.0,100.0,100.0,15.8,0
5542,10065.0,0,0,2020-02-05 16:00:00,4.9,0.0,100.0,78.0,99.0,97.0,8.3,0
5543,10024.0,0,0,2020-02-05 00:00:00,9.0,0.0,90.0,18.0,97.0,51.0,10.2,0
5544,10034.0,1,0,2020-02-05 15:00:00,4.9,0.0,100.0,95.0,99.0,98.0,7.6,1
5545,10017.0,0,0,2020-02-05 15:00:00,4.9,0.0,100.0,95.0,99.0,98.0,7.6,0
5546,10033.0,0,0,2020-02-05 03:00:00,10.3,0.7,100.0,99.0,100.0,98.0,8.7,0
5547,10038.0,0,0,2020-02-05 12:00:00,4.3,0.0,100.0,100.0,100.0,98.0,5.9,0
5548,10065.0,0,0,2020-02-05 13:00:00,4.3,0.0,100.0,100.0,100.0,91.0,4.4,0
5549,10009.0,0,0,2020-02-05 07:00:00,7.3,0.0,100.0,100.0,99.0,95.0,16.9,0
5550,10019.0,0,0,2020-02-05 16:00:00,4.9,0.0,100.0,78.0,99.0,97.0,8.3,0
5551,10002.0,0,0,2020-02-05 18:00:00,5.0,0.0,100.0,70.0,100.0,100.0,6.9,0
5552,10022.0,1,0,2020-02-05 18:00:00,5.0,0.0,100.0,70.0,100.0,100.0,6.9,1
5553,10036.0,0,0,2020-02-05 15:00:00,4.9,0.0,100.0,95.0,99.0,98.0,7.6,0
5554,10010.0,0,0,2020-02-05 10:00:00,4.5,0.0,100.0,98.0,99.0,99.0,12.1,0
5555,10065.0,0,0,2020-02-05 17:00:00,5.0,0.0,100.0,79.0,97.0,100.0,6.2,0
5556,10038.0,0,0,2020-02-05 12:00:00,4.3,0.0,100.0,100.0,100.0,98.0,5.9,0
5557,10012.0,0,0,2020-02-05 11:00:00,4.6,0.0,100.0,97.0,100.0,96.0,8.3,0
5558,10001.0,1,0,2020-02-05 09:00:00,5.0,0.0,100.0,100.0,100.0,100.0,15.8,1
5559,10032.0,0,0,2020-02-05 06:00:00,8.5,0.5,100.0,100.0,100.0,98.0,16.7,0
5560,10021.0,0,0,2020-02-05 11:00:00,4.6,0.0,100.0,97.0,100.0,96.0,8.3,0
5561,10003.0,0,0,2020-02-05 11:00:00,4.6,0.0,100.0,97.0,100.0,96.0,8.3,0
5562,10010.0,0,0,2020-02-05 14:00:00,4.3,0.0,100.0,99.0,100.0,98.0,6.7,0
5563,10016.0,0,0,2020-02-05 16:00:00,4.9,0.0,100.0,78.0,99.0,97.0,8.3,0
5564,10013.0,0,0,2020-02-05 17:00:00,5.0,0.0,100.0,79.0,97.0,100.0,6.2,0
5565,10016.0,0,0,2020-02-05 09:00:00,5.0,0.0,100.0,100.0,100.0,100.0,15.8,0
5566,10019.0,1,0,2020-02-05 01:00:00,10.3,0.0,84.0,21.0,100.0,16.0,8.6,1
5567,10003.0,0,0,2020-02-04 06:00:00,4.0,0.0,50.0,0.0,38.0,91.0,6.5,0
5568,10016.0,0,0,2020-02-04 20:00:00,10.7,0.0,87.0,0.0,98.0,95.0,11.1,0
5569,10023.0,0,0,2020-02-04 09:00:00,3.1,0.0,89.0,0.0,99.0,100.0,6.0,0
5570,10014.0,0,0,2020-02-04 08:00:00,3.1,0.0,89.0,0.0,98.0,100.0,6.4,0
5571,10128.0,0,0,2020-02-04 08:00:00,3.1,0.0,89.0,0.0,98.0,100.0,6.4,0
5572,10029.0,0,0,2020-02-04 06:00:00,4.0,0.0,50.0,0.0,38.0,91.0,6.5,0
5573,10013.0,0,0,2020-02-04 13:00:00,3.8,0.1,89.0,0.0,98.0,100.0,0.8,0
5574,10035.0,2,0,2020-02-04 08:00:00,3.1,0.0,89.0,0.0,98.0,100.0,6.4,1
5575,10038.0,0,0,2020-02-04 21:00:00,11.5,0.0,68.0,0.0,71.0,85.0,9.7,0
5576,10003.0,0,0,2020-02-04 09:00:00,3.1,0.0,89.0,0.0,99.0,100.0,6.0,0
5577,10032.0,0,0,2020-02-04 18:00:00,9.5,0.0,86.0,3.0,92.0,95.0,9.5,0
5578,10038.0,0,0,2020-02-04 13:00:00,3.8,0.1,89.0,0.0,98.0,100.0,0.8,0
5579,10010.0,0,0,2020-02-04 13:00:00,3.8,0.1,89.0,0.0,98.0,100.0,0.8,0
5580,10022.0,0,0,2020-02-04 10:00:00,3.6,0.0,86.0,0.0,94.0,100.0,6.4,0
5581,10002.0,0,0,2020-02-04 11:00:00,3.6,0.0,88.0,0.0,97.0,100.0,5.5,0
5582,10035.0,0,0,2020-02-04 07:00:00,4.1,0.0,84.0,0.0,91.0,98.0,5.0,0
5583,10017.0,0,0,2020-02-04 17:00:00,8.7,0.0,100.0,21.0,97.0,96.0,8.1,0
5584,10014.0,1,0,2020-02-04 05:00:00,4.0,0.0,30.0,0.0,0.0,100.0,6.2,1
5585,10033.0,0,0,2020-02-04 18:00:00,9.5,0.0,86.0,3.0,92.0,95.0,9.5,0
5586,10003.0,1,0,2020-02-04 19:00:00,10.3,0.0,92.0,4.0,98.0,98.0,11.4,1
5587,10002.0,0,0,2020-02-04 20:00:00,10.7,0.0,87.0,0.0,98.0,95.0,11.1,0
5588,10040.0,0,0,2020-02-04 16:00:00,7.1,0.2,100.0,14.0,97.0,100.0,7.3,0
5589,10023.0,0,0,2020-02-04 15:00:00,6.3,0.3,93.0,3.0,100.0,100.0,5.3,0
5590,10065.0,0,0,2020-02-04 09:00:00,3.1,0.0,89.0,0.0,99.0,100.0,6.0,0
5591,10009.0,1,0,2020-02-04 06:00:00,4.0,0.0,50.0,0.0,38.0,91.0,6.5,1
5592,10013.0,0,0,2020-02-04 18:00:00,9.5,0.0,86.0,3.0,92.0,95.0,9.5,0
5593,10021.0,0,0,2020-02-04 20:00:00,10.7,0.0,87.0,0.0,98.0,95.0,11.1,0
5594,10019.0,0,0,2020-02-04 09:00:00,3.1,0.0,89.0,0.0,99.0,100.0,6.0,0
5595,10009.0,0,0,2020-02-04 15:00:00,6.3,0.3,93.0,3.0,100.0,100.0,5.3,0
5596,10027.0,0,0,2020-02-04 06:00:00,4.0,0.0,50.0,0.0,38.0,91.0,6.5,0
5597,10021.0,0,0,2020-02-04 11:00:00,3.6,0.0,88.0,0.0,97.0,100.0,5.5,0
5598,10019.0,1,0,2020-02-04 21:00:00,11.5,0.0,68.0,0.0,71.0,85.0,9.7,1
5599,10027.0,0,0,2020-02-04 09:00:00,3.1,0.0,89.0,0.0,99.0,100.0,6.0,0
5600,10018.0,0,0,2020-02-04 17:00:00,8.7,0.0,100.0,21.0,97.0,96.0,8.1,0
5601,10018.0,0,0,2020-02-04 20:00:00,10.7,0.0,87.0,0.0,98.0,95.0,11.1,0
5602,10001.0,1,0,2020-02-04 11:00:00,3.6,0.0,88.0,0.0,97.0,100.0,5.5,1
5603,10037.0,0,0,2020-02-04 09:00:00,3.1,0.0,89.0,0.0,99.0,100.0,6.0,0
5604,10016.0,1,0,2020-02-04 10:00:00,3.6,0.0,86.0,0.0,94.0,100.0,6.4,1
5605,10019.0,0,0,2020-02-04 08:00:00,3.1,0.0,89.0,0.0,98.0,100.0,6.4,0
5606,10016.0,3,0,2020-02-04 10:00:00,3.6,0.0,86.0,0.0,94.0,100.0,6.4,1
5607,10009.0,0,0,2020-02-04 17:00:00,8.7,0.0,100.0,21.0,97.0,96.0,8.1,0
5608,10009.0,0,0,2020-02-04 16:00:00,7.1,0.2,100.0,14.0,97.0,100.0,7.3,0
5609,10022.0,0,0,2020-02-04 11:00:00,3.6,0.0,88.0,0.0,97.0,100.0,5.5,0
5610,10017.0,0,0,2020-02-04 11:00:00,3.6,0.0,88.0,0.0,97.0,100.0,5.5,0
5611,10038.0,0,0,2020-02-04 08:00:00,3.1,0.0,89.0,0.0,98.0,100.0,6.4,0
5612,10018.0,0,0,2020-02-04 09:00:00,3.1,0.0,89.0,0.0,99.0,100.0,6.0,0
5613,10035.0,0,0,2020-02-04 19:00:00,10.3,0.0,92.0,4.0,98.0,98.0,11.4,0
5614,10112.0,1,0,2020-02-04 18:00:00,9.5,0.0,86.0,3.0,92.0,95.0,9.5,1
5615,10038.0,0,0,2020-02-04 11:00:00,3.6,0.0,88.0,0.0,97.0,100.0,5.5,0
5616,10022.0,0,0,2020-02-04 16:00:00,7.1,0.2,100.0,14.0,97.0,100.0,7.3,0
5617,10029.0,0,0,2020-02-03 14:00:00,4.6,0.0,1.0,1.0,0.0,0.0,8.3,0
5618,10025.0,0,0,2020-02-03 15:00:00,7.7,0.0,5.0,6.0,0.0,0.0,8.8,0
5619,10019.0,1,0,2020-02-03 21:00:00,11.2,0.0,0.0,0.0,0.0,0.0,8.7,1
5620,10016.0,0,0,2020-02-03 08:00:00,1.3,0.0,94.0,43.0,92.0,0.0,10.5,0
5621,10013.0,0,0,2020-02-03 15:00:00,7.7,0.0,5.0,6.0,0.0,0.0,8.8,0
5622,10023.0,0,0,2020-02-03 12:00:00,2.4,0.0,0.0,0.0,0.0,0.0,7.6,0
5623,10032.0,0,0,2020-02-03 16:00:00,8.1,0.0,18.0,20.0,0.0,0.0,11.3,0
5624,10017.0,0,0,2020-02-03 09:00:00,1.7,0.0,22.0,2.0,34.0,0.0,9.4,0
5625,10002.0,0,0,2020-02-03 21:00:00,11.2,0.0,0.0,0.0,0.0,0.0,8.7,0
5626,10009.0,0,0,2020-02-03 15:00:00,7.7,0.0,5.0,6.0,0.0,0.0,8.8,0
5627,10028.0,0,0,2020-02-03 08:00:00,1.3,0.0,94.0,43.0,92.0,0.0,10.5,0
5628,10022.0,2,0,2020-02-03 18:00:00,10.0,0.0,19.0,21.0,0.0,0.0,12.6,1
5629,10019.0,0,0,2020-02-03 18:00:00,10.0,0.0,19.0,21.0,0.0,0.0,12.6,0
5630,10001.0,0,0,2020-02-03 12:00:00,2.4,0.0,0.0,0.0,0.0,0.0,7.6,0
5631,10029.0,0,0,2020-02-03 10:00:00,2.5,0.0,4.0,4.0,0.0,0.0,9.9,0
5632,10019.0,2,0,2020-02-03 08:00:00,1.3,0.0,94.0,43.0,92.0,0.0,10.5,1
5633,10128.0,0,0,2020-02-03 11:00:00,2.3,0.0,3.0,3.0,0.0,0.0,8.8,0
5634,10021.0,0,0,2020-02-03 13:00:00,2.8,0.0,1.0,0.0,1.0,0.0,9.2,0
5635,10128.0,0,0,2020-02-03 12:00:00,2.4,0.0,0.0,0.0,0.0,0.0,7.6,0
5636,10025.0,0,0,2020-02-03 17:00:00,9.2,0.0,55.0,61.0,0.0,0.0,14.1,0
5637,10002.0,0,0,2020-02-03 15:00:00,7.7,0.0,5.0,6.0,0.0,0.0,8.8,0
5638,10002.0,0,0,2020-02-03 11:00:00,2.3,0.0,3.0,3.0,0.0,0.0,8.8,0
5639,10019.0,0,0,2020-02-03 17:00:00,9.2,0.0,55.0,61.0,0.0,0.0,14.1,0
5640,10038.0,1,0,2020-02-03 07:00:00,1.1,0.0,96.0,44.0,94.0,0.0,10.7,1
5641,10032.0,0,0,2020-02-03 09:00:00,1.7,0.0,22.0,2.0,34.0,0.0,9.4,0
5642,10027.0,0,0,2020-02-03 08:00:00,1.3,0.0,94.0,43.0,92.0,0.0,10.5,0
5643,10025.0,1,0,2020-02-03 15:00:00,7.7,0.0,5.0,6.0,0.0,0.0,8.8,1
5644,10040.0,0,0,2020-02-03 12:00:00,2.4,0.0,0.0,0.0,0.0,0.0,7.6,0
5645,10001.0,0,0,2020-02-03 10:00:00,2.5,0.0,4.0,4.0,0.0,0.0,9.9,0
5646,10022.0,0,0,2020-02-03 23:00:00,8.7,0.0,1.0,0.0,0.0,3.0,9.2,0
5647,10035.0,0,0,2020-02-03 11:00:00,2.3,0.0,3.0,3.0,0.0,0.0,8.8,0
5648,10021.0,0,0,2020-02-03 16:00:00,8.1,0.0,18.0,20.0,0.0,0.0,11.3,0
5649,10029.0,0,0,2020-02-03 12:00:00,2.4,0.0,0.0,0.0,0.0,0.0,7.6,0
5650,10281.0,0,0,2020-02-03 07:00:00,1.1,0.0,96.0,44.0,94.0,0.0,10.7,0
5651,10029.0,0,0,2020-02-03 11:00:00,2.3,0.0,3.0,3.0,0.0,0.0,8.8,0
5652,10009.0,0,0,2020-02-03 08:00:00,1.3,0.0,94.0,43.0,92.0,0.0,10.5,0
5653,10011.0,0,0,2020-02-03 18:00:00,10.0,0.0,19.0,21.0,0.0,0.0,12.6,0
5654,10065.0,0,0,2020-02-03 18:00:00,10.0,0.0,19.0,21.0,0.0,0.0,12.6,0
5655,10001.0,0,0,2020-02-03 08:00:00,1.3,0.0,94.0,43.0,92.0,0.0,10.5,0
5656,10007.0,0,0,2020-02-03 15:00:00,7.7,0.0,5.0,6.0,0.0,0.0,8.8,0
5657,10013.0,0,0,2020-02-03 19:00:00,10.7,0.0,2.0,2.0,0.0,0.0,13.2,0
5658,10035.0,0,0,2020-02-03 08:00:00,1.3,0.0,94.0,43.0,92.0,0.0,10.5,0
5659,10023.0,0,0,2020-02-03 12:00:00,2.4,0.0,0.0,0.0,0.0,0.0,7.6,0
5660,10035.0,0,0,2020-02-03 11:00:00,2.3,0.0,3.0,3.0,0.0,0.0,8.8,0
5661,10009.0,0,0,2020-02-03 22:00:00,10.1,0.0,4.0,0.0,0.0,12.0,8.4,0
5662,10039.0,1,0,2020-02-03 09:00:00,1.7,0.0,22.0,2.0,34.0,0.0,9.4,1
5663,10036.0,0,0,2020-02-03 17:00:00,9.2,0.0,55.0,61.0,0.0,0.0,14.1,0
5664,10065.0,0,0,2020-02-03 18:00:00,10.0,0.0,19.0,21.0,0.0,0.0,12.6,0
5665,10009.0,0,0,2020-02-03 11:00:00,2.3,0.0,3.0,3.0,0.0,0.0,8.8,0
5666,10033.0,0,0,2020-02-03 17:00:00,9.2,0.0,55.0,61.0,0.0,0.0,14.1,0
5667,10032.0,0,0,2020-02-03 10:00:00,2.5,0.0,4.0,4.0,0.0,0.0,9.9,0
5668,10018.0,0,0,2020-02-03 13:00:00,2.8,0.0,1.0,0.0,1.0,0.0,9.2,0
5669,10017.0,1,0,2020-02-03 05:00:00,2.1,0.0,13.0,10.0,6.0,0.0,6.4,1
5670,10024.0,0,0,2020-02-03 11:00:00,2.3,0.0,3.0,3.0,0.0,0.0,8.8,0
5671,10035.0,0,0,2020-02-03 09:00:00,1.7,0.0,22.0,2.0,34.0,0.0,9.4,0
5672,10016.0,0,0,2020-02-03 12:00:00,2.4,0.0,0.0,0.0,0.0,0.0,7.6,0
5673,10025.0,0,0,2020-02-03 08:00:00,1.3,0.0,94.0,43.0,92.0,0.0,10.5,0
5674,10039.0,0,0,2020-02-03 12:00:00,2.4,0.0,0.0,0.0,0.0,0.0,7.6,0
5675,10022.0,0,0,2020-02-03 16:00:00,8.1,0.0,18.0,20.0,0.0,0.0,11.3,0
5676,10011.0,0,0,2020-02-03 09:00:00,1.7,0.0,22.0,2.0,34.0,0.0,9.4,0
5677,10019.0,0,0,2020-02-03 15:00:00,7.7,0.0,5.0,6.0,0.0,0.0,8.8,0
5678,10281.0,0,0,2020-02-03 05:00:00,2.1,0.0,13.0,10.0,6.0,0.0,6.4,0
5679,10017.0,0,0,2020-02-03 11:00:00,2.3,0.0,3.0,3.0,0.0,0.0,8.8,0
5680,10012.0,0,0,2020-02-03 10:00:00,2.5,0.0,4.0,4.0,0.0,0.0,9.9,0
5681,10028.0,0,0,2020-02-03 09:00:00,1.7,0.0,22.0,2.0,34.0,0.0,9.4,0
5682,10001.0,0,0,2020-02-03 10:00:00,2.5,0.0,4.0,4.0,0.0,0.0,9.9,0
5683,10032.0,0,0,2020-02-03 18:00:00,10.0,0.0,19.0,21.0,0.0,0.0,12.6,0
5684,10018.0,0,0,2020-02-03 09:00:00,1.7,0.0,22.0,2.0,34.0,0.0,9.4,0
5685,10038.0,0,0,2020-02-03 10:00:00,2.5,0.0,4.0,4.0,0.0,0.0,9.9,0
5686,10035.0,0,0,2020-02-03 00:00:00,2.6,0.1,100.0,55.0,100.0,2.0,8.1,0
5687,10025.0,0,0,2020-02-02 18:00:00,5.2,0.0,100.0,46.0,100.0,100.0,13.7,0
5688,10011.0,0,0,2020-02-02 02:00:00,2.1,0.0,100.0,51.0,72.0,78.0,1.1,0
5689,10013.0,0,0,2020-02-02 23:00:00,2.7,0.2,100.0,61.0,97.0,9.0,11.0,0
5690,10032.0,0,0,2020-02-02 19:00:00,5.2,0.0,100.0,33.0,100.0,98.0,14.1,0
5691,10002.0,0,0,2020-02-02 17:00:00,5.0,0.0,100.0,50.0,97.0,100.0,15.7,0
5692,10031.0,0,0,2020-02-02 20:00:00,5.0,0.0,100.0,31.0,100.0,100.0,13.7,0
5693,10013.0,1,0,2020-02-02 11:00:00,1.4,0.0,100.0,67.0,84.0,0.0,6.2,1
5694,10036.0,0,0,2020-02-02 21:00:00,4.6,0.1,89.0,2.0,100.0,91.0,14.2,0
5695,10013.0,0,0,2020-02-02 14:00:00,2.7,0.0,47.0,52.0,0.0,0.0,9.0,0
5696,10019.0,0,0,2020-02-02 12:00:00,1.6,0.0,93.0,56.0,71.0,0.0,6.5,0
5697,10016.0,0,0,2020-02-02 13:00:00,1.6,0.0,45.0,50.0,0.0,0.0,7.2,0
5698,10001.0,0,0,2020-02-02 22:00:00,3.3,0.2,98.0,32.0,99.0,31.0,11.3,0
5699,10002.0,0,0,2020-02-02 14:00:00,2.7,0.0,47.0,52.0,0.0,0.0,9.0,0
5700,10024.0,0,0,2020-02-02 16:00:00,4.4,0.0,97.0,40.0,51.0,100.0,14.1,0
5701,10011.0,0,0,2020-02-02 05:00:00,2.7,0.0,100.0,96.0,100.0,18.0,2.8,0
5702,10031.0,0,0,2020-02-02 22:00:00,3.3,0.2,98.0,32.0,99.0,31.0,11.3,0
5703,10013.0,0,0,2020-02-02 04:00:00,2.6,0.0,100.0,94.0,99.0,58.0,2.4,0
5704,10016.0,0,0,2020-02-02 14:00:00,2.7,0.0,47.0,52.0,0.0,0.0,9.0,0
5705,10029.0,0,0,2020-02-02 07:00:00,2.9,0.3,100.0,81.0,99.0,28.0,4.1,0
5706,10011.0,1,0,2020-02-02 20:00:00,5.0,0.0,100.0,31.0,100.0,100.0,13.7,1
5707,10040.0,0,0,2020-02-02 09:00:00,2.4,0.2,92.0,40.0,87.0,11.0,5.8,0
5708,10023.0,1,0,2020-02-02 21:00:00,4.6,0.1,89.0,2.0,100.0,91.0,14.2,1
5709,10033.0,1,0,2020-02-02 18:00:00,5.2,0.0,100.0,46.0,100.0,100.0,13.7,1
5710,10039.0,0,0,2020-02-02 22:00:00,3.3,0.2,98.0,32.0,99.0,31.0,11.3,0
5711,10022.0,0,0,2020-02-02 03:00:00,2.0,0.0,100.0,77.0,95.0,87.0,2.9,0
5712,10022.0,0,0,2020-02-02 14:00:00,2.7,0.0,47.0,52.0,0.0,0.0,9.0,0
5713,10016.0,0,0,2020-02-02 16:00:00,4.4,0.0,97.0,40.0,51.0,100.0,14.1,0
5714,10033.0,1,0,2020-02-02 18:00:00,5.2,0.0,100.0,46.0,100.0,100.0,13.7,1
5715,10016.0,1,0,2020-02-02 06:00:00,2.7,0.0,100.0,94.0,100.0,26.0,4.1,1
5716,10013.0,0,0,2020-02-02 18:00:00,5.2,0.0,100.0,46.0,100.0,100.0,13.7,0
5717,10065.0,0,0,2020-02-02 22:00:00,3.3,0.2,98.0,32.0,99.0,31.0,11.3,0
5718,10036.0,0,0,2020-02-02 17:00:00,5.0,0.0,100.0,50.0,97.0,100.0,15.7,0
5719,10019.0,0,0,2020-02-02 20:00:00,5.0,0.0,100.0,31.0,100.0,100.0,13.7,0
5720,10022.0,0,0,2020-02-02 05:00:00,2.7,0.0,100.0,96.0,100.0,18.0,2.8,0
5721,10010.0,0,0,2020-02-02 17:00:00,5.0,0.0,100.0,50.0,97.0,100.0,15.7,0
5722,10014.0,0,0,2020-02-02 23:00:00,2.7,0.2,100.0,61.0,97.0,9.0,11.0,0
5723,10011.0,0,0,2020-02-02 16:00:00,4.4,0.0,97.0,40.0,51.0,100.0,14.1,0
5724,10035.0,0,0,2020-02-02 18:00:00,5.2,0.0,100.0,46.0,100.0,100.0,13.7,0
5725,10023.0,0,0,2020-02-02 14:00:00,2.7,0.0,47.0,52.0,0.0,0.0,9.0,0
5726,10128.0,0,0,2020-02-02 14:00:00,2.7,0.0,47.0,52.0,0.0,0.0,9.0,0
5727,10013.0,1,0,2020-02-02 11:00:00,1.4,0.0,100.0,67.0,84.0,0.0,6.2,1
5728,10013.0,0,0,2020-02-01 07:00:00,2.0,0.0,2.0,2.0,1.0,0.0,8.5,0
5729,10022.0,0,0,2020-02-01 06:00:00,1.8,0.0,8.0,0.0,0.0,25.0,7.4,0
5730,10011.0,0,0,2020-02-01 15:00:00,3.1,0.0,100.0,100.0,97.0,91.0,0.7,0
5731,10036.0,0,0,2020-02-01 14:00:00,2.1,0.0,100.0,100.0,56.0,86.0,2.2,0
5732,10035.0,1,0,2020-02-01 21:00:00,5.1,0.0,100.0,99.0,55.0,61.0,3.8,1
5733,10010.0,0,0,2020-02-01 23:00:00,4.5,0.0,100.0,97.0,91.0,50.0,4.6,0
5734,10023.0,0,0,2020-02-01 18:00:00,4.5,0.0,100.0,100.0,92.0,92.0,3.2,0
5735,10032.0,0,0,2020-02-01 17:00:00,4.1,0.0,100.0,100.0,83.0,94.0,1.5,0
5736,10016.0,0,0,2020-02-01 16:00:00,3.6,0.0,100.0,100.0,96.0,93.0,1.5,0
5737,10036.0,0,0,2020-02-01 11:00:00,1.5,0.0,100.0,97.0,20.0,14.0,5.8,0
5738,10018.0,0,0,2020-02-01 04:00:00,2.6,0.1,49.0,0.0,36.0,92.0,5.7,0
5739,10028.0,0,0,2020-02-01 23:00:00,4.5,0.0,100.0,97.0,91.0,50.0,4.6,0
5740,10010.0,0,0,2020-02-01 14:00:00,2.1,0.0,100.0,100.0,56.0,86.0,2.2,0
5741,10003.0,0,0,2020-02-01 11:00:00,1.5,0.0,100.0,97.0,20.0,14.0,5.8,0
5742,10012.0,1,0,2020-02-01 03:00:00,3.1,0.3,100.0,50.0,98.0,100.0,5.4,1
5743,10022.0,1,0,2020-02-01 09:00:00,1.5,0.0,55.0,60.0,1.0,0.0,5.8,1
5744,10014.0,0,0,2020-02-01 23:00:00,4.5,0.0,100.0,97.0,91.0,50.0,4.6,0
5745,10013.0,0,0,2020-02-01 19:00:00,4.5,0.0,100.0,100.0,81.0,70.0,3.6,0
5746,10014.0,0,0,2020-02-01 13:00:00,1.6,0.0,100.0,100.0,45.0,76.0,3.3,0
5747,10013.0,0,0,2020-02-01 08:00:00,2.4,0.0,41.0,44.0,3.0,0.0,7.1,0
5748,10023.0,0,0,2020-02-01 10:00:00,1.5,0.0,87.0,95.0,2.0,0.0,5.8,0
5749,10003.0,0,0,2020-02-01 15:00:00,3.1,0.0,100.0,100.0,97.0,91.0,0.7,0
5750,10011.0,0,0,2020-02-01 09:00:00,1.5,0.0,55.0,60.0,1.0,0.0,5.8,0
5751,10036.0,0,0,2020-02-01 18:00:00,4.5,0.0,100.0,100.0,92.0,92.0,3.2,0
5752,10022.0,1,0,2020-02-01 17:00:00,4.1,0.0,100.0,100.0,83.0,94.0,1.5,1
5753,10014.0,1,0,2020-02-01 11:00:00,1.5,0.0,100.0,97.0,20.0,14.0,5.8,1
5754,10035.0,0,0,2020-02-01 22:00:00,4.3,0.0,100.0,95.0,69.0,75.0,5.2,0
5755,10007.0,0,0,2020-02-01 07:00:00,2.0,0.0,2.0,2.0,1.0,0.0,8.5,0
5756,10012.0,0,0,2020-02-01 01:00:00,4.1,0.1,100.0,38.0,100.0,100.0,5.6,0
5757,10017.0,0,0,2020-02-01 03:00:00,3.1,0.3,100.0,50.0,98.0,100.0,5.4,0
5758,10012.0,0,0,2020-02-01 10:00:00,1.5,0.0,87.0,95.0,2.0,0.0,5.8,0
5759,10011.0,0,0,2020-02-01 21:00:00,5.1,0.0,100.0,99.0,55.0,61.0,3.8,0
5760,10035.0,0,0,2020-02-01 16:00:00,3.6,0.0,100.0,100.0,96.0,93.0,1.5,0
5761,10033.0,1,0,2020-02-01 03:00:00,3.1,0.3,100.0,50.0,98.0,100.0,5.4,1
5762,10001.0,0,0,2020-02-01 06:00:00,1.8,0.0,8.0,0.0,0.0,25.0,7.4,0
5763,10006.0,0,0,2020-02-01 23:00:00,4.5,0.0,100.0,97.0,91.0,50.0,4.6,0
5764,10002.0,1,0,2020-02-01 00:00:00,4.4,0.0,100.0,61.0,100.0,100.0,6.8,1
5765,10019.0,0,0,2020-02-01 07:00:00,2.0,0.0,2.0,2.0,1.0,0.0,8.5,0
5766,10035.0,0,0,2020-02-01 08:00:00,2.4,0.0,41.0,44.0,3.0,0.0,7.1,0
5767,10018.0,0,0,2020-02-01 22:00:00,4.3,0.0,100.0,95.0,69.0,75.0,5.2,0
5768,10036.0,0,0,2020-02-01 19:00:00,4.5,0.0,100.0,100.0,81.0,70.0,3.6,0
5769,10011.0,0,0,2020-02-01 14:00:00,2.1,0.0,100.0,100.0,56.0,86.0,2.2,0
5770,10011.0,0,0,2020-02-01 02:00:00,3.5,0.2,100.0,24.0,100.0,100.0,5.1,0
5771,10065.0,0,0,2020-02-01 15:00:00,3.1,0.0,100.0,100.0,97.0,91.0,0.7,0
5772,10001.0,1,0,2020-02-01 11:00:00,1.5,0.0,100.0,97.0,20.0,14.0,5.8,1
5773,10017.0,0,0,2020-02-01 04:00:00,2.6,0.1,49.0,0.0,36.0,92.0,5.7,0
5774,10034.0,0,0,2020-02-01 10:00:00,1.5,0.0,87.0,95.0,2.0,0.0,5.8,0
5775,10012.0,0,0,2020-02-01 15:00:00,3.1,0.0,100.0,100.0,97.0,91.0,0.7,0
5776,10010.0,0,0,2020-02-01 22:00:00,4.3,0.0,100.0,95.0,69.0,75.0,5.2,0
5777,10030.0,0,0,2020-02-01 14:00:00,2.1,0.0,100.0,100.0,56.0,86.0,2.2,0
5778,10001.0,0,0,2020-02-01 00:00:00,4.4,0.0,100.0,61.0,100.0,100.0,6.8,0
5779,10019.0,0,0,2020-02-01 13:00:00,1.6,0.0,100.0,100.0,45.0,76.0,3.3,0
5780,10065.0,0,0,2020-02-01 22:00:00,4.3,0.0,100.0,95.0,69.0,75.0,5.2,0
5781,10013.0,0,0,2020-02-01 03:00:00,3.1,0.3,100.0,50.0,98.0,100.0,5.4,0
5782,10001.0,0,0,2020-01-31 19:00:00,3.8,0.0,100.0,100.0,12.0,100.0,7.2,0
5783,10010.0,0,0,2020-01-31 16:00:00,2.6,0.0,77.0,61.0,11.0,50.0,4.2,0
5784,10032.0,0,0,2020-01-31 09:00:00,-0.5,0.0,43.0,37.0,0.0,33.0,5.4,0
5785,10271.0,0,0,2020-01-31 12:00:00,-0.5,0.0,100.0,87.0,94.0,0.0,4.3,0
5786,10003.0,1,0,2020-01-31 21:00:00,4.5,0.0,100.0,91.0,42.0,100.0,5.6,1
5787,10028.0,1,0,2020-01-31 18:00:00,3.4,0.0,100.0,100.0,28.0,97.0,6.6,1
5788,10019.0,0,0,2020-01-31 08:00:00,-0.5,0.0,55.0,58.0,0.0,10.0,5.4,0
5789,10009.0,0,0,2020-01-31 14:00:00,0.5,0.0,100.0,81.0,43.0,100.0,4.9,0
5790,10065.0,0,0,2020-01-31 19:00:00,3.8,0.0,100.0,100.0,12.0,100.0,7.2,0
5791,10036.0,1,0,2020-01-31 19:00:00,3.8,0.0,100.0,100.0,12.0,100.0,7.2,1
5792,10028.0,0,0,2020-01-31 09:00:00,-0.5,0.0,43.0,37.0,0.0,33.0,5.4,0
5793,10023.0,0,0,2020-01-31 19:00:00,3.8,0.0,100.0,100.0,12.0,100.0,7.2,0
5794,10019.0,0,0,2020-01-31 23:00:00,4.6,0.0,100.0,70.0,98.0,100.0,7.5,0
5795,10019.0,0,0,2020-01-31 14:00:00,0.5,0.0,100.0,81.0,43.0,100.0,4.9,0
5796,10035.0,0,0,2020-01-31 07:00:00,-0.5,0.0,66.0,73.0,0.0,1.0,4.8,0
5797,10003.0,0,0,2020-01-31 21:00:00,4.5,0.0,100.0,91.0,42.0,100.0,5.6,0
5798,10013.0,1,0,2020-01-31 22:00:00,4.3,0.0,100.0,79.0,84.0,100.0,6.5,1
5799,10002.0,0,0,2020-01-31 20:00:00,4.1,0.0,100.0,96.0,27.0,100.0,5.1,0
5800,10010.0,0,0,2020-01-31 14:00:00,0.5,0.0,100.0,81.0,43.0,100.0,4.9,0
5801,10065.0,1,0,2020-01-31 19:00:00,3.8,0.0,100.0,100.0,12.0,100.0,7.2,1
5802,10035.0,4,0,2020-01-31 23:00:00,4.6,0.0,100.0,70.0,98.0,100.0,7.5,1
5803,10075.0,0,0,2020-01-31 17:00:00,3.3,0.0,86.0,81.0,21.0,1.0,5.0,0
5804,10075.0,0,0,2020-01-31 15:00:00,2.0,0.0,94.0,72.0,7.0,83.0,4.8,0
5805,10030.0,0,0,2020-01-31 07:00:00,-0.5,0.0,66.0,73.0,0.0,1.0,4.8,0
5806,10022.0,0,0,2020-01-31 23:00:00,4.6,0.0,100.0,70.0,98.0,100.0,7.5,0
5807,10169.0,0,0,2020-01-31 09:00:00,-0.5,0.0,43.0,37.0,0.0,33.0,5.4,0
5808,10024.0,0,0,2020-01-31 16:00:00,2.6,0.0,77.0,61.0,11.0,50.0,4.2,0
5809,10001.0,0,0,2020-01-31 06:00:00,-0.7,0.0,74.0,80.0,1.0,3.0,4.9,0
5810,10016.0,1,0,2020-01-31 21:00:00,4.5,0.0,100.0,91.0,42.0,100.0,5.6,1
5811,10036.0,0,0,2020-01-31 08:00:00,-0.5,0.0,55.0,58.0,0.0,10.0,5.4,0
5812,10036.0,0,0,2020-01-31 10:00:00,-0.9,0.0,74.0,49.0,23.0,53.0,4.8,0
5813,10026.0,0,0,2020-01-31 11:00:00,-0.7,0.0,94.0,59.0,68.0,0.0,4.8,0
5814,10022.0,0,0,2020-01-31 16:00:00,2.6,0.0,77.0,61.0,11.0,50.0,4.2,0
5815,10016.0,0,0,2020-01-31 10:00:00,-0.9,0.0,74.0,49.0,23.0,53.0,4.8,0
5816,10010.0,1,0,2020-01-31 12:00:00,-0.5,0.0,100.0,87.0,94.0,0.0,4.3,1
5817,10001.0,0,0,2020-01-31 09:00:00,-0.5,0.0,43.0,37.0,0.0,33.0,5.4,0
5818,10020.0,0,0,2020-01-31 00:00:00,0.4,0.0,59.0,17.0,24.0,98.0,5.4,0
5819,10018.0,1,0,2020-01-31 22:00:00,4.3,0.0,100.0,79.0,84.0,100.0,6.5,1
5820,10013.0,0,0,2020-01-31 19:00:00,3.8,0.0,100.0,100.0,12.0,100.0,7.2,0
5821,10001.0,0,0,2020-01-31 05:00:00,-0.7,0.0,91.0,81.0,3.0,54.0,4.6,0
5822,10019.0,0,0,2020-01-31 13:00:00,-0.6,0.0,100.0,87.0,73.0,53.0,5.2,0
5823,10032.0,0,0,2020-01-31 08:00:00,-0.5,0.0,55.0,58.0,0.0,10.0,5.4,0
5824,10003.0,0,0,2020-01-31 08:00:00,-0.5,0.0,55.0,58.0,0.0,10.0,5.4,0
5825,10023.0,0,0,2020-01-31 19:00:00,3.8,0.0,100.0,100.0,12.0,100.0,7.2,0
5826,10013.0,0,0,2020-01-31 15:00:00,2.0,0.0,94.0,72.0,7.0,83.0,4.8,0
5827,10016.0,0,0,2020-01-31 23:00:00,4.6,0.0,100.0,70.0,98.0,100.0,7.5,0
5828,10031.0,0,0,2020-01-31 16:00:00,2.6,0.0,77.0,61.0,11.0,50.0,4.2,0
5829,10019.0,0,0,2020-01-31 15:00:00,2.0,0.0,94.0,72.0,7.0,83.0,4.8,0
5830,10012.0,0,0,2020-01-31 16:00:00,2.6,0.0,77.0,61.0,11.0,50.0,4.2,0
5831,10009.0,0,0,2020-01-31 15:00:00,2.0,0.0,94.0,72.0,7.0,83.0,4.8,0
5832,10022.0,1,0,2020-01-31 17:00:00,3.3,0.0,86.0,81.0,21.0,1.0,5.0,1
5833,10075.0,0,0,2020-01-31 08:00:00,-0.5,0.0,55.0,58.0,0.0,10.0,5.4,0
5834,10035.0,0,0,2020-01-31 16:00:00,2.6,0.0,77.0,61.0,11.0,50.0,4.2,0
5835,10017.0,0,0,2020-01-31 00:00:00,0.4,0.0,59.0,17.0,24.0,98.0,5.4,0
5836,10035.0,0,0,2020-01-31 14:00:00,0.5,0.0,100.0,81.0,43.0,100.0,4.9,0
5837,10010.0,0,0,2020-01-31 12:00:00,-0.5,0.0,100.0,87.0,94.0,0.0,4.3,0
5838,10011.0,0,0,2020-01-31 17:00:00,3.3,0.0,86.0,81.0,21.0,1.0,5.0,0
5839,10001.0,0,0,2020-01-31 11:00:00,-0.7,0.0,94.0,59.0,68.0,0.0,4.8,0
5840,10021.0,0,0,2020-01-31 23:00:00,4.6,0.0,100.0,70.0,98.0,100.0,7.5,0
5841,10011.0,0,0,2020-01-31 18:00:00,3.4,0.0,100.0,100.0,28.0,97.0,6.6,0
5842,10013.0,0,0,2020-01-31 08:00:00,-0.5,0.0,55.0,58.0,0.0,10.0,5.4,0
5843,10017.0,0,0,2020-01-31 23:00:00,4.6,0.0,100.0,70.0,98.0,100.0,7.5,0
5844,10001.0,0,0,2020-01-31 18:00:00,3.4,0.0,100.0,100.0,28.0,97.0,6.6,0
5845,10016.0,0,0,2020-01-31 12:00:00,-0.5,0.0,100.0,87.0,94.0,0.0,4.3,0
5846,10031.0,0,0,2020-01-31 06:00:00,-0.7,0.0,74.0,80.0,1.0,3.0,4.9,0
5847,10065.0,0,0,2020-01-31 13:00:00,-0.6,0.0,100.0,87.0,73.0,53.0,5.2,0
5848,10002.0,0,0,2020-01-31 19:00:00,3.8,0.0,100.0,100.0,12.0,100.0,7.2,0
5849,10001.0,1,0,2020-01-31 22:00:00,4.3,0.0,100.0,79.0,84.0,100.0,6.5,1
5850,10009.0,1,0,2020-01-31 11:00:00,-0.7,0.0,94.0,59.0,68.0,0.0,4.8,1
5851,10021.0,0,0,2020-01-31 10:00:00,-0.9,0.0,74.0,49.0,23.0,53.0,4.8,0
5852,10035.0,0,0,2020-01-31 17:00:00,3.3,0.0,86.0,81.0,21.0,1.0,5.0,0
5853,10023.0,1,0,2020-01-31 17:00:00,3.3,0.0,86.0,81.0,21.0,1.0,5.0,1
5854,10021.0,0,0,2020-01-31 07:00:00,-0.5,0.0,66.0,73.0,0.0,1.0,4.8,0
5855,10032.0,0,0,2020-01-31 19:00:00,3.8,0.0,100.0,100.0,12.0,100.0,7.2,0
5856,10022.0,0,0,2020-01-31 09:00:00,-0.5,0.0,43.0,37.0,0.0,33.0,5.4,0
5857,10016.0,1,0,2020-01-31 21:00:00,4.5,0.0,100.0,91.0,42.0,100.0,5.6,1
5858,10036.0,0,0,2020-01-31 08:00:00,-0.5,0.0,55.0,58.0,0.0,10.0,5.4,0
5859,10026.0,0,0,2020-01-31 23:00:00,4.6,0.0,100.0,70.0,98.0,100.0,7.5,0
5860,10018.0,1,0,2020-01-31 19:00:00,3.8,0.0,100.0,100.0,12.0,100.0,7.2,1
5861,10034.0,1,0,2020-01-31 19:00:00,3.8,0.0,100.0,100.0,12.0,100.0,7.2,1
5862,10001.0,0,0,2020-01-31 14:00:00,0.5,0.0,100.0,81.0,43.0,100.0,4.9,0
5863,10007.0,0,0,2020-01-31 09:00:00,-0.5,0.0,43.0,37.0,0.0,33.0,5.4,0
5864,10018.0,0,0,2020-01-30 13:00:00,-4.3,0.0,0.0,0.0,0.0,0.0,10.3,0
5865,10009.0,0,0,2020-01-30 12:00:00,-4.5,0.0,0.0,0.0,0.0,0.0,10.6,0
5866,10011.0,0,0,2020-01-30 11:00:00,-4.5,0.0,0.0,0.0,0.0,0.0,11.4,0
5867,10021.0,0,0,2020-01-30 09:00:00,-2.8,0.0,0.0,0.0,0.0,0.0,10.6,0
5868,10065.0,0,0,2020-01-30 18:00:00,0.2,0.0,26.0,0.0,0.0,87.0,4.4,0
5869,10029.0,0,0,2020-01-30 17:00:00,-0.4,0.0,24.0,0.0,0.0,81.0,3.7,0
5870,10065.0,0,0,2020-01-30 15:00:00,-1.6,0.0,14.0,0.0,0.0,46.0,7.0,0
5871,10036.0,0,0,2020-01-30 20:00:00,1.3,0.0,29.0,0.0,0.0,98.0,5.6,0
5872,10019.0,0,0,2020-01-30 00:00:00,1.8,0.0,0.0,0.0,0.0,0.0,7.1,0
5873,10022.0,0,0,2020-01-30 20:00:00,1.3,0.0,29.0,0.0,0.0,98.0,5.6,0
5874,10016.0,0,0,2020-01-30 08:00:00,-2.3,0.0,0.0,0.0,0.0,0.0,10.9,0
5875,10002.0,0,0,2020-01-30 08:00:00,-2.3,0.0,0.0,0.0,0.0,0.0,10.9,0
5876,10001.0,1,0,2020-01-30 23:00:00,0.8,0.0,45.0,12.0,8.0,99.0,5.2,1
5877,10011.0,0,0,2020-01-30 10:00:00,-4.4,0.0,0.0,0.0,0.0,0.0,11.2,0
5878,10027.0,0,0,2020-01-30 16:00:00,-0.9,0.0,22.0,0.0,0.0,72.0,4.7,0
5879,10017.0,0,0,2020-01-30 12:00:00,-4.5,0.0,0.0,0.0,0.0,0.0,10.6,0
5880,10026.0,0,0,2020-01-30 15:00:00,-1.6,0.0,14.0,0.0,0.0,46.0,7.0,0
5881,10065.0,1,0,2020-01-30 14:00:00,-3.4,0.0,5.0,0.0,0.0,18.0,9.4,1
5882,10009.0,1,0,2020-01-30 16:00:00,-0.9,0.0,22.0,0.0,0.0,72.0,4.7,1
5883,10038.0,0,0,2020-01-30 20:00:00,1.3,0.0,29.0,0.0,0.0,98.0,5.6,0
5884,10011.0,1,0,2020-01-30 13:00:00,-4.3,0.0,0.0,0.0,0.0,0.0,10.3,1
5885,10022.0,0,0,2020-01-30 20:00:00,1.3,0.0,29.0,0.0,0.0,98.0,5.6,0
5886,10023.0,0,0,2020-01-30 11:00:00,-4.5,0.0,0.0,0.0,0.0,0.0,11.4,0
5887,10035.0,0,0,2020-01-30 16:00:00,-0.9,0.0,22.0,0.0,0.0,72.0,4.7,0
5888,10022.0,0,0,2020-01-30 10:00:00,-4.4,0.0,0.0,0.0,0.0,0.0,11.2,0
5889,10023.0,0,0,2020-01-30 06:00:00,-1.8,0.0,0.0,0.0,0.0,0.0,11.2,0
5890,10003.0,0,0,2020-01-30 08:00:00,-2.3,0.0,0.0,0.0,0.0,0.0,10.9,0
5891,10022.0,0,0,2020-01-30 17:00:00,-0.4,0.0,24.0,0.0,0.0,81.0,3.7,0
5892,10038.0,0,0,2020-01-30 11:00:00,-4.5,0.0,0.0,0.0,0.0,0.0,11.4,0
5893,10021.0,1,0,2020-01-30 12:00:00,-4.5,0.0,0.0,0.0,0.0,0.0,10.6,1
5894,10032.0,0,0,2020-01-30 16:00:00,-0.9,0.0,22.0,0.0,0.0,72.0,4.7,0
5895,10024.0,1,0,2020-01-30 08:00:00,-2.3,0.0,0.0,0.0,0.0,0.0,10.9,1
5896,10039.0,0,0,2020-01-30 12:00:00,-4.5,0.0,0.0,0.0,0.0,0.0,10.6,0
5897,10014.0,0,0,2020-01-30 10:00:00,-4.4,0.0,0.0,0.0,0.0,0.0,11.2,0
5898,10033.0,0,0,2020-01-30 23:00:00,0.8,0.0,45.0,12.0,8.0,99.0,5.2,0
5899,10039.0,0,0,2020-01-30 13:00:00,-4.3,0.0,0.0,0.0,0.0,0.0,10.3,0
5900,10023.0,0,0,2020-01-30 09:00:00,-2.8,0.0,0.0,0.0,0.0,0.0,10.6,0
5901,10018.0,0,0,2020-01-30 21:00:00,1.6,0.0,32.0,3.0,0.0,97.0,6.4,0
5902,10029.0,0,0,2020-01-30 09:00:00,-2.8,0.0,0.0,0.0,0.0,0.0,10.6,0
5903,10027.0,0,0,2020-01-30 17:00:00,-0.4,0.0,24.0,0.0,0.0,81.0,3.7,0
5904,10022.0,0,0,2020-01-30 17:00:00,-0.4,0.0,24.0,0.0,0.0,81.0,3.7,0
5905,10035.0,0,0,2020-01-30 15:00:00,-1.6,0.0,14.0,0.0,0.0,46.0,7.0,0
5906,10022.0,0,0,2020-01-30 11:00:00,-4.5,0.0,0.0,0.0,0.0,0.0,11.4,0
5907,10016.0,0,0,2020-01-30 09:00:00,-2.8,0.0,0.0,0.0,0.0,0.0,10.6,0
5908,10029.0,0,0,2020-01-30 16:00:00,-0.9,0.0,22.0,0.0,0.0,72.0,4.7,0
5909,10035.0,0,0,2020-01-30 18:00:00,0.2,0.0,26.0,0.0,0.0,87.0,4.4,0
5910,10021.0,0,0,2020-01-30 06:00:00,-1.8,0.0,0.0,0.0,0.0,0.0,11.2,0
5911,10035.0,0,0,2020-01-30 07:00:00,-2.2,0.0,0.0,0.0,0.0,0.0,10.8,0
5912,10010.0,0,0,2020-01-30 21:00:00,1.6,0.0,32.0,3.0,0.0,97.0,6.4,0
5913,10075.0,0,0,2020-01-30 07:00:00,-2.2,0.0,0.0,0.0,0.0,0.0,10.8,0
5914,10019.0,0,0,2020-01-30 08:00:00,-2.3,0.0,0.0,0.0,0.0,0.0,10.9,0
5915,10036.0,0,0,2020-01-30 19:00:00,0.8,0.0,29.0,0.0,0.0,95.0,5.0,0
5916,10030.0,0,0,2020-01-30 09:00:00,-2.8,0.0,0.0,0.0,0.0,0.0,10.6,0
5917,10036.0,0,0,2020-01-30 08:00:00,-2.3,0.0,0.0,0.0,0.0,0.0,10.9,0
5918,10001.0,1,0,2020-01-30 10:00:00,-4.4,0.0,0.0,0.0,0.0,0.0,11.2,1
5919,10022.0,1,0,2020-01-30 13:00:00,-4.3,0.0,0.0,0.0,0.0,0.0,10.3,1
5920,10001.0,0,0,2020-01-30 10:00:00,-4.4,0.0,0.0,0.0,0.0,0.0,11.2,0
5921,10001.0,0,0,2020-01-30 18:00:00,0.2,0.0,26.0,0.0,0.0,87.0,4.4,0
5922,10035.0,0,0,2020-01-30 07:00:00,-2.2,0.0,0.0,0.0,0.0,0.0,10.8,0
5923,10017.0,0,0,2020-01-30 08:00:00,-2.3,0.0,0.0,0.0,0.0,0.0,10.9,0
5924,10009.0,1,0,2020-01-30 08:00:00,-2.3,0.0,0.0,0.0,0.0,0.0,10.9,1
5925,10033.0,0,0,2020-01-30 13:00:00,-4.3,0.0,0.0,0.0,0.0,0.0,10.3,0
5926,10018.0,0,0,2020-01-30 19:00:00,0.8,0.0,29.0,0.0,0.0,95.0,5.0,0
5927,10032.0,0,0,2020-01-30 12:00:00,-4.5,0.0,0.0,0.0,0.0,0.0,10.6,0
5928,10035.0,0,0,2020-01-30 18:00:00,0.2,0.0,26.0,0.0,0.0,87.0,4.4,0
5929,10024.0,0,0,2020-01-30 16:00:00,-0.9,0.0,22.0,0.0,0.0,72.0,4.7,0
5930,10029.0,0,0,2020-01-30 09:00:00,-2.8,0.0,0.0,0.0,0.0,0.0,10.6,0
5931,10010.0,0,0,2020-01-30 22:00:00,1.3,0.0,39.0,11.0,0.0,98.0,5.5,0
5932,10016.0,0,0,2020-01-30 10:00:00,-4.4,0.0,0.0,0.0,0.0,0.0,11.2,0
5933,10022.0,3,0,2020-01-30 15:00:00,-1.6,0.0,14.0,0.0,0.0,46.0,7.0,1
5934,10065.0,1,0,2020-01-30 09:00:00,-2.8,0.0,0.0,0.0,0.0,0.0,10.6,1
5935,10002.0,1,0,2020-01-29 11:00:00,0.9,0.0,41.0,45.0,0.0,0.0,9.2,1
5936,10021.0,0,0,2020-01-29 18:00:00,3.3,0.0,0.0,0.0,0.0,0.0,13.8,0
5937,10003.0,1,0,2020-01-29 10:00:00,1.0,0.0,83.0,92.0,1.0,0.0,11.6,1
5938,10010.0,0,0,2020-01-29 19:00:00,4.0,0.0,0.0,0.0,0.0,0.0,14.0,0
5939,10035.0,0,0,2020-01-29 12:00:00,0.8,0.0,17.0,18.0,1.0,0.0,8.7,0
5940,10003.0,1,0,2020-01-29 20:00:00,4.5,0.0,0.0,0.0,0.0,0.0,14.1,1
5941,10018.0,2,0,2020-01-29 05:00:00,2.6,0.0,12.0,12.0,2.0,0.0,10.9,1
5942,10029.0,0,0,2020-01-29 12:00:00,0.8,0.0,17.0,18.0,1.0,0.0,8.7,0
5943,10021.0,1,0,2020-01-29 14:00:00,0.7,0.0,8.0,8.0,1.0,0.0,13.2,1
5944,10009.0,0,0,2020-01-29 16:00:00,1.9,0.0,2.0,2.0,0.0,0.0,13.5,0
5945,10018.0,0,0,2020-01-29 10:00:00,1.0,0.0,83.0,92.0,1.0,0.0,11.6,0
5946,10010.0,0,0,2020-01-29 08:00:00,2.2,0.0,28.0,29.0,4.0,0.0,9.4,0
5947,10022.0,0,0,2020-01-29 13:00:00,0.6,0.0,8.0,8.0,1.0,0.0,9.8,0
5948,10011.0,0,0,2020-01-29 13:00:00,0.6,0.0,8.0,8.0,1.0,0.0,9.8,0
5949,10036.0,0,0,2020-01-29 07:00:00,2.3,0.0,27.0,28.0,3.0,0.0,9.7,0
5950,10034.0,0,0,2020-01-29 13:00:00,0.6,0.0,8.0,8.0,1.0,0.0,9.8,0
5951,10038.0,0,0,2020-01-29 05:00:00,2.6,0.0,12.0,12.0,2.0,0.0,10.9,0
5952,10005.0,0,0,2020-01-29 08:00:00,2.2,0.0,28.0,29.0,4.0,0.0,9.4,0
5953,10019.0,1,0,2020-01-29 15:00:00,1.5,0.0,9.0,10.0,0.0,0.0,13.9,1
5954,10035.0,0,0,2020-01-29 17:00:00,2.7,0.0,0.0,0.0,0.0,0.0,13.7,0
5955,10013.0,0,0,2020-01-29 14:00:00,0.7,0.0,8.0,8.0,1.0,0.0,13.2,0
5956,10019.0,0,0,2020-01-29 10:00:00,1.0,0.0,83.0,92.0,1.0,0.0,11.6,0
5957,10035.0,0,0,2020-01-29 16:00:00,1.9,0.0,2.0,2.0,0.0,0.0,13.5,0
5958,10016.0,0,0,2020-01-29 18:00:00,3.3,0.0,0.0,0.0,0.0,0.0,13.8,0
5959,10025.0,0,0,2020-01-29 16:00:00,1.9,0.0,2.0,2.0,0.0,0.0,13.5,0
5960,10002.0,0,0,2020-01-29 15:00:00,1.5,0.0,9.0,10.0,0.0,0.0,13.9,0
5961,10001.0,0,0,2020-01-29 10:00:00,1.0,0.0,83.0,92.0,1.0,0.0,11.6,0
5962,10012.0,2,0,2020-01-29 08:00:00,2.2,0.0,28.0,29.0,4.0,0.0,9.4,1
5963,10013.0,1,0,2020-01-29 11:00:00,0.9,0.0,41.0,45.0,0.0,0.0,9.2,1
5964,10001.0,0,0,2020-01-29 07:00:00,2.3,0.0,27.0,28.0,3.0,0.0,9.7,0
5965,10075.0,0,0,2020-01-29 17:00:00,2.7,0.0,0.0,0.0,0.0,0.0,13.7,0
5966,10023.0,1,0,2020-01-29 10:00:00,1.0,0.0,83.0,92.0,1.0,0.0,11.6,1
5967,10016.0,0,0,2020-01-29 09:00:00,1.7,0.0,15.0,15.0,2.0,0.0,10.0,0
5968,10035.0,0,0,2020-01-29 07:00:00,2.3,0.0,27.0,28.0,3.0,0.0,9.7,0
5969,10033.0,1,0,2020-01-29 14:00:00,0.7,0.0,8.0,8.0,1.0,0.0,13.2,1
5970,10023.0,1,0,2020-01-29 19:00:00,4.0,0.0,0.0,0.0,0.0,0.0,14.0,1
5971,10001.0,0,0,2020-01-29 12:00:00,0.8,0.0,17.0,18.0,1.0,0.0,8.7,0
5972,10011.0,0,0,2020-01-29 16:00:00,1.9,0.0,2.0,2.0,0.0,0.0,13.5,0
5973,10026.0,0,0,2020-01-29 20:00:00,4.5,0.0,0.0,0.0,0.0,0.0,14.1,0
5974,10016.0,1,0,2020-01-29 17:00:00,2.7,0.0,0.0,0.0,0.0,0.0,13.7,1
5975,10036.0,0,0,2020-01-29 18:00:00,3.3,0.0,0.0,0.0,0.0,0.0,13.8,0
5976,10032.0,0,0,2020-01-29 07:00:00,2.3,0.0,27.0,28.0,3.0,0.0,9.7,0
5977,10010.0,0,0,2020-01-29 19:00:00,4.0,0.0,0.0,0.0,0.0,0.0,14.0,0
5978,10019.0,0,0,2020-01-29 05:00:00,2.6,0.0,12.0,12.0,2.0,0.0,10.9,0
5979,10018.0,1,0,2020-01-29 08:00:00,2.2,0.0,28.0,29.0,4.0,0.0,9.4,1
5980,10001.0,0,0,2020-01-29 10:00:00,1.0,0.0,83.0,92.0,1.0,0.0,11.6,0
5981,10282.0,0,0,2020-01-28 08:00:00,3.6,0.0,6.0,7.0,0.0,0.0,12.6,0
5982,10035.0,0,0,2020-01-28 07:00:00,3.8,0.0,6.0,7.0,0.0,0.0,12.1,0
5983,10003.0,0,0,2020-01-28 09:00:00,3.3,0.0,2.0,2.0,0.0,0.0,12.2,0
5984,10128.0,0,0,2020-01-28 08:00:00,3.6,0.0,6.0,7.0,0.0,0.0,12.6,0
5985,10028.0,0,0,2020-01-28 22:00:00,4.2,0.0,97.0,99.0,13.0,0.0,12.4,0
5986,10010.0,1,0,2020-01-28 11:00:00,2.7,0.0,76.0,60.0,37.0,0.0,11.1,1
5987,10069.0,0,0,2020-01-28 08:00:00,3.6,0.0,6.0,7.0,0.0,0.0,12.6,0
5988,10009.0,0,0,2020-01-28 13:00:00,2.8,0.0,62.0,47.0,33.0,0.0,13.4,0
5989,10022.0,0,0,2020-01-28 18:00:00,4.8,0.0,93.0,100.0,5.0,0.0,17.3,0
5990,10001.0,0,0,2020-01-28 22:00:00,4.2,0.0,97.0,99.0,13.0,0.0,12.4,0
5991,10027.0,0,0,2020-01-28 11:00:00,2.7,0.0,76.0,60.0,37.0,0.0,11.1,0
5992,10038.0,0,0,2020-01-28 09:00:00,3.3,0.0,2.0,2.0,0.0,0.0,12.2,0
5993,10023.0,0,0,2020-01-28 11:00:00,2.7,0.0,76.0,60.0,37.0,0.0,11.1,0
5994,10038.0,0,0,2020-01-28 18:00:00,4.8,0.0,93.0,100.0,5.0,0.0,17.3,0
5995,10128.0,0,0,2020-01-28 08:00:00,3.6,0.0,6.0,7.0,0.0,0.0,12.6,0
5996,10013.0,0,0,2020-01-28 00:00:00,5.7,0.0,60.0,13.0,81.0,0.0,9.3,0
5997,10016.0,0,0,2020-01-28 20:00:00,4.5,0.0,97.0,100.0,12.0,0.0,17.1,0
5998,10022.0,0,0,2020-01-28 06:00:00,4.0,0.0,4.0,2.0,3.0,0.0,11.4,0
5999,10023.0,0,0,2020-01-28 08:00:00,3.6,0.0,6.0,7.0,0.0,0.0,12.6,0
6000,10009.0,0,0,2020-01-28 11:00:00,2.7,0.0,76.0,60.0,37.0,0.0,11.1,0
6001,10035.0,0,0,2020-01-28 12:00:00,2.8,0.0,84.0,61.0,48.0,0.0,11.7,0
6002,10035.0,0,0,2020-01-28 16:00:00,4.6,0.0,85.0,92.0,4.0,0.0,17.4,0
6003,10128.0,0,0,2020-01-28 16:00:00,4.6,0.0,85.0,92.0,4.0,0.0,17.4,0
6004,10011.0,0,0,2020-01-28 06:00:00,4.0,0.0,4.0,2.0,3.0,0.0,11.4,0
6005,10033.0,1,0,2020-01-28 16:00:00,4.6,0.0,85.0,92.0,4.0,0.0,17.4,1
6006,10011.0,0,0,2020-01-28 11:00:00,2.7,0.0,76.0,60.0,37.0,0.0,11.1,0
6007,10024.0,0,0,2020-01-28 20:00:00,4.5,0.0,97.0,100.0,12.0,0.0,17.1,0
6008,10003.0,0,0,2020-01-28 08:00:00,3.6,0.0,6.0,7.0,0.0,0.0,12.6,0
6009,10037.0,1,0,2020-01-28 11:00:00,2.7,0.0,76.0,60.0,37.0,0.0,11.1,1
6010,10022.0,0,0,2020-01-28 19:00:00,4.7,0.0,91.0,98.0,5.0,0.0,17.6,0
6011,10009.0,0,0,2020-01-28 05:00:00,4.3,0.0,5.0,3.0,3.0,0.0,11.0,0
6012,10028.0,0,0,2020-01-28 05:00:00,4.3,0.0,5.0,3.0,3.0,0.0,11.0,0
6013,10034.0,0,0,2020-01-28 15:00:00,4.3,0.0,52.0,55.0,4.0,0.0,19.6,0
6014,10023.0,0,0,2020-01-28 11:00:00,2.7,0.0,76.0,60.0,37.0,0.0,11.1,0
6015,10022.0,0,0,2020-01-28 17:00:00,4.8,0.0,92.0,100.0,4.0,0.0,17.1,0
6016,10033.0,0,0,2020-01-28 05:00:00,4.3,0.0,5.0,3.0,3.0,0.0,11.0,0
6017,10029.0,0,0,2020-01-28 18:00:00,4.8,0.0,93.0,100.0,5.0,0.0,17.3,0
6018,10002.0,2,0,2020-01-28 07:00:00,3.8,0.0,6.0,7.0,0.0,0.0,12.1,1
6019,10023.0,0,0,2020-01-28 10:00:00,2.9,0.0,82.0,74.0,26.0,0.0,9.9,0
6020,10038.0,0,0,2020-01-28 11:00:00,2.7,0.0,76.0,60.0,37.0,0.0,11.1,0
6021,10027.0,1,0,2020-01-28 00:00:00,5.7,0.0,60.0,13.0,81.0,0.0,9.3,1
6022,10018.0,0,0,2020-01-28 08:00:00,3.6,0.0,6.0,7.0,0.0,0.0,12.6,0
6023,10038.0,0,0,2020-01-28 09:00:00,3.3,0.0,2.0,2.0,0.0,0.0,12.2,0
6024,10007.0,0,0,2020-01-28 17:00:00,4.8,0.0,92.0,100.0,4.0,0.0,17.1,0
6025,10029.0,0,0,2020-01-28 06:00:00,4.0,0.0,4.0,2.0,3.0,0.0,11.4,0
6026,10032.0,0,0,2020-01-28 16:00:00,4.6,0.0,85.0,92.0,4.0,0.0,17.4,0
6027,10075.0,0,0,2020-01-28 16:00:00,4.6,0.0,85.0,92.0,4.0,0.0,17.4,0
6028,10013.0,1,0,2020-01-28 15:00:00,4.3,0.0,52.0,55.0,4.0,0.0,19.6,1
6029,10065.0,0,0,2020-01-28 16:00:00,4.6,0.0,85.0,92.0,4.0,0.0,17.4,0
6030,10009.0,0,0,2020-01-28 15:00:00,4.3,0.0,52.0,55.0,4.0,0.0,19.6,0
6031,10009.0,0,0,2020-01-27 10:00:00,2.7,0.0,28.0,10.0,31.0,0.0,12.4,0
6032,10019.0,0,0,2020-01-27 10:00:00,2.7,0.0,28.0,10.0,31.0,0.0,12.4,0
6033,10010.0,1,0,2020-01-27 10:00:00,2.7,0.0,28.0,10.0,31.0,0.0,12.4,1
6034,10001.0,0,0,2020-01-27 09:00:00,3.1,0.0,12.0,4.0,14.0,0.0,14.5,0
6035,10026.0,0,0,2020-01-27 15:00:00,4.2,0.0,17.0,0.0,28.0,0.0,14.8,0
6036,10011.0,1,0,2020-01-27 19:00:00,5.9,0.0,100.0,83.0,68.0,0.0,14.1,1
6037,10011.0,1,0,2020-01-27 15:00:00,4.2,0.0,17.0,0.0,28.0,0.0,14.8,1
6038,10033.0,0,0,2020-01-27 00:00:00,5.6,0.0,50.0,12.0,66.0,0.0,11.6,0
6039,10023.0,0,0,2020-01-27 03:00:00,4.2,0.0,46.0,10.0,38.0,48.0,13.3,0
6040,10003.0,0,0,2020-01-27 18:00:00,5.9,0.0,100.0,91.0,92.0,0.0,14.5,0
6041,10029.0,0,0,2020-01-27 05:00:00,3.3,0.0,10.0,5.0,9.0,0.0,12.7,0
6042,10028.0,1,0,2020-01-27 15:00:00,4.2,0.0,17.0,0.0,28.0,0.0,14.8,1
6043,10002.0,0,0,2020-01-27 20:00:00,6.1,0.0,66.0,35.0,58.0,0.0,15.0,0
6044,10013.0,0,0,2020-01-27 11:00:00,2.7,0.0,36.0,5.0,52.0,0.0,12.4,0
6045,10128.0,1,0,2020-01-27 14:00:00,3.0,0.0,40.0,0.0,67.0,0.0,12.6,1
6046,10075.0,0,0,2020-01-27 11:00:00,2.7,0.0,36.0,5.0,52.0,0.0,12.4,0
6047,10021.0,0,0,2020-01-27 10:00:00,2.7,0.0,28.0,10.0,31.0,0.0,12.4,0
6048,10033.0,0,0,2020-01-27 09:00:00,3.1,0.0,12.0,4.0,14.0,0.0,14.5,0
6049,10016.0,0,0,2020-01-27 16:00:00,5.2,0.0,45.0,39.0,17.0,0.0,16.6,0
6050,10004.0,0,0,2020-01-27 11:00:00,2.7,0.0,36.0,5.0,52.0,0.0,12.4,0
6051,10022.0,0,0,2020-01-27 04:00:00,3.7,0.0,20.0,3.0,21.0,16.0,13.7,0
6052,10023.0,0,0,2020-01-27 11:00:00,2.7,0.0,36.0,5.0,52.0,0.0,12.4,0
6053,10018.0,0,0,2020-01-27 15:00:00,4.2,0.0,17.0,0.0,28.0,0.0,14.8,0
6054,10004.0,0,0,2020-01-27 09:00:00,3.1,0.0,12.0,4.0,14.0,0.0,14.5,0
6055,10010.0,0,0,2020-01-27 07:00:00,2.8,0.0,3.0,1.0,3.0,0.0,12.4,0
6056,10021.0,0,0,2020-01-27 16:00:00,5.2,0.0,45.0,39.0,17.0,0.0,16.6,0
6057,10036.0,0,0,2020-01-27 13:00:00,2.7,0.0,50.0,0.0,83.0,0.0,13.2,0
6058,10013.0,0,0,2020-01-27 22:00:00,5.9,0.0,100.0,57.0,86.0,0.0,11.1,0
6059,10019.0,0,0,2020-01-27 07:00:00,2.8,0.0,3.0,1.0,3.0,0.0,12.4,0
6060,10035.0,0,0,2020-01-27 10:00:00,2.7,0.0,28.0,10.0,31.0,0.0,12.4,0
6061,10036.0,0,0,2020-01-27 16:00:00,5.2,0.0,45.0,39.0,17.0,0.0,16.6,0
6062,10002.0,0,0,2020-01-27 15:00:00,4.2,0.0,17.0,0.0,28.0,0.0,14.8,0
6063,10011.0,0,0,2020-01-27 01:00:00,5.4,0.0,33.0,4.0,49.0,0.0,12.6,0
6064,10019.0,0,0,2020-01-27 08:00:00,3.0,0.0,8.0,2.0,10.0,0.0,13.7,0
6065,10128.0,0,0,2020-01-27 11:00:00,2.7,0.0,36.0,5.0,52.0,0.0,12.4,0
6066,10010.0,0,0,2020-01-27 21:00:00,6.2,0.0,57.0,26.0,56.0,0.0,12.3,0
6067,10017.0,0,0,2020-01-27 20:00:00,6.1,0.0,66.0,35.0,58.0,0.0,15.0,0
6068,10034.0,0,0,2020-01-27 10:00:00,2.7,0.0,28.0,10.0,31.0,0.0,12.4,0
6069,10028.0,1,0,2020-01-27 12:00:00,2.8,0.0,44.0,4.0,68.0,0.0,13.2,1
6070,10128.0,0,0,2020-01-27 17:00:00,6.0,0.0,100.0,93.0,62.0,0.0,16.7,0
6071,10030.0,0,0,2020-01-27 15:00:00,4.2,0.0,17.0,0.0,28.0,0.0,14.8,0
6072,10035.0,0,0,2020-01-27 11:00:00,2.7,0.0,36.0,5.0,52.0,0.0,12.4,0
6073,10032.0,0,0,2020-01-27 16:00:00,5.2,0.0,45.0,39.0,17.0,0.0,16.6,0
6074,10024.0,0,0,2020-01-27 10:00:00,2.7,0.0,28.0,10.0,31.0,0.0,12.4,0
6075,10011.0,0,0,2020-01-27 10:00:00,2.7,0.0,28.0,10.0,31.0,0.0,12.4,0
6076,10012.0,0,0,2020-01-26 21:00:00,6.4,0.0,100.0,64.0,86.0,29.0,12.2,0
6077,10018.0,0,0,2020-01-26 07:00:00,3.7,0.0,0.0,0.0,0.0,0.0,12.3,0
6078,10001.0,0,0,2020-01-26 20:00:00,6.7,0.0,100.0,80.0,67.0,48.0,14.1,0
6079,10035.0,0,0,2020-01-26 10:00:00,1.8,0.0,2.0,2.0,0.0,0.0,9.7,0
6080,10033.0,0,0,2020-01-26 15:00:00,5.7,0.0,13.0,8.0,9.0,0.0,12.6,0
6081,10002.0,0,0,2020-01-26 21:00:00,6.4,0.0,100.0,64.0,86.0,29.0,12.2,0
6082,10016.0,0,0,2020-01-26 14:00:00,3.0,0.0,10.0,1.0,15.0,0.0,12.1,0
6083,10018.0,0,0,2020-01-26 00:00:00,8.3,0.0,92.0,100.0,3.0,0.0,9.4,0
6084,10016.0,1,0,2020-01-26 03:00:00,6.0,0.0,70.0,78.0,0.0,0.0,14.0,1
6085,10002.0,0,0,2020-01-26 20:00:00,6.7,0.0,100.0,80.0,67.0,48.0,14.1,0
6086,10031.0,0,0,2020-01-26 08:00:00,3.4,0.0,2.0,1.0,1.0,0.0,12.6,0
6087,10014.0,0,0,2020-01-26 19:00:00,6.7,0.0,86.0,72.0,36.0,0.0,16.6,0
6088,10034.0,0,0,2020-01-26 04:00:00,5.7,0.0,38.0,42.0,0.0,0.0,13.3,0
6089,10023.0,0,0,2020-01-26 14:00:00,3.0,0.0,10.0,1.0,15.0,0.0,12.1,0
6090,10128.0,2,0,2020-01-26 20:00:00,6.7,0.0,100.0,80.0,67.0,48.0,14.1,1
6091,10002.0,0,0,2020-01-26 00:00:00,8.3,0.0,92.0,100.0,3.0,0.0,9.4,0
6092,10019.0,0,0,2020-01-26 17:00:00,6.6,0.0,34.0,38.0,0.0,0.0,18.6,0
6093,10010.0,1,0,2020-01-26 23:00:00,6.1,0.0,76.0,28.0,85.0,0.0,10.5,1
6094,10025.0,0,0,2020-01-26 02:00:00,7.1,0.0,78.0,87.0,0.0,0.0,13.1,0
6095,10026.0,0,0,2020-01-26 11:00:00,1.6,0.0,1.0,1.0,0.0,0.0,9.3,0
6096,10014.0,0,0,2020-01-26 14:00:00,3.0,0.0,10.0,1.0,15.0,0.0,12.1,0
6097,10029.0,1,0,2020-01-26 22:00:00,6.3,0.0,100.0,59.0,90.0,0.0,9.5,1
6098,10065.0,0,0,2020-01-26 13:00:00,1.8,0.0,2.0,1.0,1.0,0.0,12.0,0
6099,10034.0,0,0,2020-01-26 01:00:00,7.8,0.0,91.0,100.0,1.0,0.0,12.4,0
6100,10033.0,0,0,2020-01-26 13:00:00,1.8,0.0,2.0,1.0,1.0,0.0,12.0,0
6101,10022.0,1,0,2020-01-26 10:00:00,1.8,0.0,2.0,2.0,0.0,0.0,9.7,1
6102,10065.0,0,0,2020-01-26 18:00:00,7.0,0.0,54.0,56.0,6.0,0.0,17.5,0
6103,10036.0,0,0,2020-01-26 14:00:00,3.0,0.0,10.0,1.0,15.0,0.0,12.1,0
6104,10012.0,0,0,2020-01-26 04:00:00,5.7,0.0,38.0,42.0,0.0,0.0,13.3,0
6105,10011.0,0,0,2020-01-26 16:00:00,6.0,0.0,7.0,8.0,0.0,0.0,14.8,0
6106,10002.0,1,0,2020-01-26 17:00:00,6.6,0.0,34.0,38.0,0.0,0.0,18.6,1
6107,10013.0,0,0,2020-01-26 17:00:00,6.6,0.0,34.0,38.0,0.0,0.0,18.6,0
6108,10027.0,0,0,2020-01-26 19:00:00,6.7,0.0,86.0,72.0,36.0,0.0,16.6,0
6109,10011.0,0,0,2020-01-26 16:00:00,6.0,0.0,7.0,8.0,0.0,0.0,14.8,0
6110,10002.0,1,0,2020-01-26 16:00:00,6.0,0.0,7.0,8.0,0.0,0.0,14.8,1
6111,10003.0,0,0,2020-01-26 00:00:00,8.3,0.0,92.0,100.0,3.0,0.0,9.4,0
6112,10025.0,0,0,2020-01-26 15:00:00,5.7,0.0,13.0,8.0,9.0,0.0,12.6,0
6113,10035.0,0,0,2020-01-26 14:00:00,3.0,0.0,10.0,1.0,15.0,0.0,12.1,0
6114,10033.0,0,0,2020-01-26 14:00:00,3.0,0.0,10.0,1.0,15.0,0.0,12.1,0
6115,10001.0,0,0,2020-01-26 20:00:00,6.7,0.0,100.0,80.0,67.0,48.0,14.1,0
6116,10128.0,0,0,2020-01-26 16:00:00,6.0,0.0,7.0,8.0,0.0,0.0,14.8,0
6117,10002.0,0,0,2020-01-26 13:00:00,1.8,0.0,2.0,1.0,1.0,0.0,12.0,0
6118,10004.0,0,0,2020-01-26 17:00:00,6.6,0.0,34.0,38.0,0.0,0.0,18.6,0
6119,10003.0,0,0,2020-01-25 21:00:00,9.3,7.2,100.0,100.0,73.0,88.0,10.9,0
6120,10065.0,0,0,2020-01-25 17:00:00,7.3,1.3,100.0,86.0,76.0,93.0,28.1,0
6121,10009.0,1,0,2020-01-25 22:00:00,8.5,2.7,100.0,100.0,44.0,49.0,6.1,1
6122,10009.0,0,0,2020-01-25 15:00:00,6.0,0.5,100.0,72.0,59.0,100.0,26.2,0
6123,10011.0,0,0,2020-01-25 19:00:00,8.3,3.4,100.0,100.0,100.0,100.0,24.1,0
6124,10003.0,0,0,2020-01-25 15:00:00,6.0,0.5,100.0,72.0,59.0,100.0,26.2,0
6125,10016.0,0,0,2020-01-25 19:00:00,8.3,3.4,100.0,100.0,100.0,100.0,24.1,0
6126,10013.0,1,1,2020-01-25 06:00:00,3.2,0.0,32.0,2.0,2.0,95.0,15.7,2
6127,10002.0,0,0,2020-01-25 02:00:00,3.4,0.0,7.0,0.0,0.0,24.0,12.3,0
6128,10003.0,0,0,2020-01-25 13:00:00,4.2,0.0,100.0,100.0,75.0,100.0,21.7,0
6129,10017.0,0,0,2020-01-25 01:00:00,4.0,0.0,1.0,0.0,0.0,3.0,10.5,0
6130,10016.0,0,0,2020-01-25 16:00:00,6.8,0.8,98.0,30.0,70.0,98.0,27.1,0
6131,10128.0,0,0,2020-01-25 12:00:00,3.9,0.0,100.0,100.0,64.0,100.0,21.1,0
6132,10010.0,0,0,2020-01-25 10:00:00,3.8,0.0,100.0,100.0,20.0,100.0,19.0,0
6133,10011.0,0,0,2020-01-25 14:00:00,4.9,0.2,100.0,95.0,87.0,100.0,24.0,0
6134,10009.0,0,0,2020-01-25 09:00:00,3.4,0.0,100.0,100.0,0.0,100.0,19.4,0
6135,10038.0,1,0,2020-01-25 01:00:00,4.0,0.0,1.0,0.0,0.0,3.0,10.5,1
6136,10065.0,0,0,2020-01-25 17:00:00,7.3,1.3,100.0,86.0,76.0,93.0,28.1,0
6137,10037.0,0,0,2020-01-25 12:00:00,3.9,0.0,100.0,100.0,64.0,100.0,21.1,0
6138,10016.0,0,0,2020-01-25 16:00:00,6.8,0.8,98.0,30.0,70.0,98.0,27.1,0
6139,10019.0,0,0,2020-01-25 19:00:00,8.3,3.4,100.0,100.0,100.0,100.0,24.1,0
6140,10007.0,0,0,2020-01-25 19:00:00,8.3,3.4,100.0,100.0,100.0,100.0,24.1,0
6141,10009.0,1,0,2020-01-25 11:00:00,3.8,0.0,100.0,100.0,40.0,98.0,20.9,1
6142,10002.0,0,0,2020-01-25 21:00:00,9.3,7.2,100.0,100.0,73.0,88.0,10.9,0
6143,10019.0,0,0,2020-01-25 12:00:00,3.9,0.0,100.0,100.0,64.0,100.0,21.1,0
6144,10011.0,0,0,2020-01-25 19:00:00,8.3,3.4,100.0,100.0,100.0,100.0,24.1,0
6145,10019.0,0,0,2020-01-25 23:00:00,8.7,0.2,99.0,100.0,9.0,12.0,1.1,0
6146,10016.0,0,0,2020-01-25 16:00:00,6.8,0.8,98.0,30.0,70.0,98.0,27.1,0
6147,10009.0,0,0,2020-01-25 11:00:00,3.8,0.0,100.0,100.0,40.0,98.0,20.9,0
6148,10027.0,0,0,2020-01-25 14:00:00,4.9,0.2,100.0,95.0,87.0,100.0,24.0,0
6149,10032.0,0,0,2020-01-25 15:00:00,6.0,0.5,100.0,72.0,59.0,100.0,26.2,0
6150,10010.0,0,0,2020-01-25 21:00:00,9.3,7.2,100.0,100.0,73.0,88.0,10.9,0
6151,10034.0,0,0,2020-01-25 14:00:00,4.9,0.2,100.0,95.0,87.0,100.0,24.0,0
6152,10002.0,0,0,2020-01-25 20:00:00,9.0,7.2,100.0,100.0,100.0,100.0,16.5,0
6153,10019.0,0,0,2020-01-25 22:00:00,8.5,2.7,100.0,100.0,44.0,49.0,6.1,0
6154,10022.0,1,0,2020-01-25 00:00:00,4.7,0.0,14.0,0.0,0.0,46.0,9.8,1
6155,10017.0,0,0,2020-01-25 23:00:00,8.7,0.2,99.0,100.0,9.0,12.0,1.1,0
6156,10009.0,0,0,2020-01-25 07:00:00,3.4,0.0,42.0,11.0,4.0,100.0,17.0,0
6157,10036.0,0,0,2020-01-25 16:00:00,6.8,0.8,98.0,30.0,70.0,98.0,27.1,0
6158,10013.0,0,0,2020-01-24 22:00:00,6.3,0.0,55.0,0.0,50.0,83.0,9.0,0
6159,10018.0,0,0,2020-01-24 14:00:00,1.3,0.0,5.0,0.0,0.0,17.0,4.5,0
6160,10040.0,1,0,2020-01-24 20:00:00,8.3,0.0,29.0,0.0,0.0,97.0,9.4,1
6161,10028.0,0,0,2020-01-24 22:00:00,6.3,0.0,55.0,0.0,50.0,83.0,9.0,0
6162,10027.0,0,0,2020-01-24 17:00:00,5.9,0.0,30.0,0.0,0.0,99.0,6.9,0
6163,10012.0,0,0,2020-01-24 23:00:00,5.4,0.0,59.0,0.0,60.0,75.0,8.0,0
6164,10065.0,0,0,2020-01-24 12:00:00,-0.8,0.0,0.0,0.0,0.0,0.0,4.6,0
6165,10022.0,0,0,2020-01-24 18:00:00,7.0,0.0,30.0,0.0,0.0,100.0,8.4,0
6166,10002.0,0,0,2020-01-24 16:00:00,5.1,0.0,14.0,0.0,0.0,45.0,6.8,0
6167,10013.0,0,0,2020-01-24 08:00:00,1.0,0.0,44.0,0.0,26.0,94.0,3.1,0
6168,10013.0,0,0,2020-01-24 08:00:00,1.0,0.0,44.0,0.0,26.0,94.0,3.1,0
6169,10020.0,0,0,2020-01-24 11:00:00,-1.3,0.0,26.0,1.0,0.0,84.0,4.3,0
6170,10021.0,0,0,2020-01-24 14:00:00,1.3,0.0,5.0,0.0,0.0,17.0,4.5,0
6171,10034.0,0,0,2020-01-24 01:00:00,3.4,0.0,34.0,0.0,7.0,100.0,7.3,0
6172,10011.0,0,0,2020-01-24 08:00:00,1.0,0.0,44.0,0.0,26.0,94.0,3.1,0
6173,10016.0,0,0,2020-01-24 15:00:00,4.0,0.0,3.0,0.0,0.0,10.0,4.9,0
6174,10012.0,0,0,2020-01-24 00:00:00,3.9,0.0,30.0,0.0,0.0,100.0,6.9,0
6175,10019.0,0,0,2020-01-24 13:00:00,-1.0,0.0,10.0,0.0,0.0,33.0,4.8,0
6176,10022.0,0,0,2020-01-24 16:00:00,5.1,0.0,14.0,0.0,0.0,45.0,6.8,0
6177,10019.0,0,0,2020-01-24 22:00:00,6.3,0.0,55.0,0.0,50.0,83.0,9.0,0
6178,10021.0,1,0,2020-01-24 11:00:00,-1.3,0.0,26.0,1.0,0.0,84.0,4.3,1
6179,10003.0,0,0,2020-01-24 22:00:00,6.3,0.0,55.0,0.0,50.0,83.0,9.0,0
6180,10024.0,0,0,2020-01-24 06:00:00,2.0,0.0,56.0,0.0,44.0,100.0,4.6,0
6181,10009.0,0,0,2020-01-24 08:00:00,1.0,0.0,44.0,0.0,26.0,94.0,3.1,0
6182,10026.0,0,0,2020-01-24 16:00:00,5.1,0.0,14.0,0.0,0.0,45.0,6.8,0
6183,10017.0,0,0,2020-01-24 16:00:00,5.1,0.0,14.0,0.0,0.0,45.0,6.8,0
6184,10002.0,0,0,2020-01-24 02:00:00,2.7,0.0,34.0,0.0,6.0,100.0,8.7,0
6185,10021.0,0,0,2020-01-24 15:00:00,4.0,0.0,3.0,0.0,0.0,10.0,4.9,0
6186,10017.0,2,0,2020-01-24 17:00:00,5.9,0.0,30.0,0.0,0.0,99.0,6.9,1
6187,10123.0,0,0,2020-01-24 00:00:00,3.9,0.0,30.0,0.0,0.0,100.0,6.9,0
6188,10017.0,0,0,2020-01-24 06:00:00,2.0,0.0,56.0,0.0,44.0,100.0,4.6,0
6189,10002.0,1,0,2020-01-24 13:00:00,-1.0,0.0,10.0,0.0,0.0,33.0,4.8,1
6190,10016.0,0,0,2020-01-24 14:00:00,1.3,0.0,5.0,0.0,0.0,17.0,4.5,0
6191,10011.0,1,0,2020-01-24 09:00:00,0.4,0.0,8.0,1.0,0.0,25.0,3.6,1
6192,10011.0,0,0,2020-01-24 21:00:00,7.6,0.0,25.0,0.0,4.0,76.0,7.6,0
6193,10024.0,1,0,2020-01-24 08:00:00,1.0,0.0,44.0,0.0,26.0,94.0,3.1,1
6194,10013.0,0,0,2020-01-24 14:00:00,1.3,0.0,5.0,0.0,0.0,17.0,4.5,0
6195,10019.0,0,0,2020-01-24 08:00:00,1.0,0.0,44.0,0.0,26.0,94.0,3.1,0
6196,10026.0,0,0,2020-01-24 23:00:00,5.4,0.0,59.0,0.0,60.0,75.0,8.0,0
6197,10032.0,0,0,2020-01-24 08:00:00,1.0,0.0,44.0,0.0,26.0,94.0,3.1,0
6198,10016.0,0,0,2020-01-24 22:00:00,6.3,0.0,55.0,0.0,50.0,83.0,9.0,0
6199,10035.0,0,0,2020-01-24 17:00:00,5.9,0.0,30.0,0.0,0.0,99.0,6.9,0
6200,10007.0,0,0,2020-01-24 10:00:00,-1.3,0.0,13.0,0.0,0.0,42.0,4.7,0
6201,10003.0,0,0,2020-01-24 11:00:00,-1.3,0.0,26.0,1.0,0.0,84.0,4.3,0
6202,10021.0,0,0,2020-01-24 06:00:00,2.0,0.0,56.0,0.0,44.0,100.0,4.6,0
6203,10002.0,0,0,2020-01-24 20:00:00,8.3,0.0,29.0,0.0,0.0,97.0,9.4,0
6204,10013.0,0,0,2020-01-24 18:00:00,7.0,0.0,30.0,0.0,0.0,100.0,8.4,0
6205,10013.0,0,0,2020-01-24 12:00:00,-0.8,0.0,0.0,0.0,0.0,0.0,4.6,0
6206,10039.0,0,0,2020-01-24 09:00:00,0.4,0.0,8.0,1.0,0.0,25.0,3.6,0
6207,10022.0,0,0,2020-01-24 13:00:00,-1.0,0.0,10.0,0.0,0.0,33.0,4.8,0
6208,10001.0,1,0,2020-01-24 16:00:00,5.1,0.0,14.0,0.0,0.0,45.0,6.8,1
6209,10019.0,1,0,2020-01-24 12:00:00,-0.8,0.0,0.0,0.0,0.0,0.0,4.6,1
6210,10028.0,0,0,2020-01-24 15:00:00,4.0,0.0,3.0,0.0,0.0,10.0,4.9,0
6211,10016.0,0,0,2020-01-23 11:00:00,-3.6,0.0,28.0,0.0,0.0,93.0,6.4,0
6212,10035.0,0,0,2020-01-23 03:00:00,-1.0,0.0,14.0,0.0,0.0,47.0,7.9,0
6213,10040.0,0,0,2020-01-23 22:00:00,5.5,0.0,30.0,0.0,0.0,100.0,6.3,0
6214,10029.0,1,0,2020-01-23 12:00:00,-3.3,0.0,26.0,0.0,0.0,86.0,7.2,1
6215,10011.0,0,0,2020-01-23 08:00:00,-1.8,0.0,21.0,0.0,0.0,69.0,6.3,0
6216,10001.0,0,0,2020-01-23 14:00:00,-1.6,0.0,29.0,0.0,0.0,98.0,4.9,0
6217,10033.0,0,0,2020-01-23 16:00:00,2.4,0.0,30.0,0.0,0.0,100.0,5.8,0
6218,10030.0,0,0,2020-01-23 15:00:00,1.2,0.0,30.0,0.0,0.0,99.0,5.3,0
6219,10016.0,1,0,2020-01-23 05:00:00,-1.3,0.0,29.0,0.0,0.0,98.0,7.2,1
6220,10023.0,0,0,2020-01-23 12:00:00,-3.3,0.0,26.0,0.0,0.0,86.0,7.2,0
6221,10075.0,0,0,2020-01-23 14:00:00,-1.6,0.0,29.0,0.0,0.0,98.0,4.9,0
6222,10016.0,0,0,2020-01-23 19:00:00,4.4,0.0,30.0,0.0,0.0,100.0,2.7,0
6223,10013.0,0,0,2020-01-23 09:00:00,-2.6,0.0,21.0,0.0,0.0,71.0,7.4,0
6224,10021.0,0,0,2020-01-23 09:00:00,-2.6,0.0,21.0,0.0,0.0,71.0,7.4,0
6225,10030.0,0,0,2020-01-23 11:00:00,-3.6,0.0,28.0,0.0,0.0,93.0,6.4,0
6226,10013.0,1,0,2020-01-23 05:00:00,-1.3,0.0,29.0,0.0,0.0,98.0,7.2,1
6227,10013.0,0,0,2020-01-23 11:00:00,-3.6,0.0,28.0,0.0,0.0,93.0,6.4,0
6228,10029.0,0,0,2020-01-23 22:00:00,5.5,0.0,30.0,0.0,0.0,100.0,6.3,0
6229,10036.0,1,0,2020-01-23 14:00:00,-1.6,0.0,29.0,0.0,0.0,98.0,4.9,1
6230,10023.0,0,0,2020-01-23 12:00:00,-3.3,0.0,26.0,0.0,0.0,86.0,7.2,0
6231,10029.0,0,0,2020-01-23 10:00:00,-3.6,0.0,27.0,0.0,0.0,91.0,5.8,0
6232,10028.0,0,0,2020-01-23 19:00:00,4.4,0.0,30.0,0.0,0.0,100.0,2.7,0
6233,10065.0,0,0,2020-01-23 17:00:00,3.5,0.0,30.0,0.0,0.0,100.0,5.7,0
6234,10003.0,0,0,2020-01-23 10:00:00,-3.6,0.0,27.0,0.0,0.0,91.0,5.8,0
6235,10016.0,1,0,2020-01-23 00:00:00,0.6,0.0,0.0,0.0,0.0,0.0,6.4,1
6236,10036.0,1,0,2020-01-23 11:00:00,-3.6,0.0,28.0,0.0,0.0,93.0,6.4,1
6237,10026.0,0,0,2020-01-23 07:00:00,-1.6,0.0,29.0,0.0,0.0,96.0,6.2,0
6238,10011.0,0,0,2020-01-23 10:00:00,-3.6,0.0,27.0,0.0,0.0,91.0,5.8,0
6239,10013.0,0,0,2020-01-23 20:00:00,5.9,0.0,30.0,0.0,0.0,100.0,4.0,0
6240,10027.0,0,0,2020-01-23 13:00:00,-3.3,0.0,28.0,0.0,0.0,93.0,6.6,0
6241,10022.0,0,0,2020-01-23 08:00:00,-1.8,0.0,21.0,0.0,0.0,69.0,6.3,0
6242,10022.0,0,0,2020-01-23 09:00:00,-2.6,0.0,21.0,0.0,0.0,71.0,7.4,0
6243,10019.0,1,0,2020-01-23 17:00:00,3.5,0.0,30.0,0.0,0.0,100.0,5.7,1
6244,10034.0,1,0,2020-01-23 08:00:00,-1.8,0.0,21.0,0.0,0.0,69.0,6.3,1
6245,10033.0,0,0,2020-01-23 13:00:00,-3.3,0.0,28.0,0.0,0.0,93.0,6.6,0
6246,10013.0,0,0,2020-01-23 13:00:00,-3.3,0.0,28.0,0.0,0.0,93.0,6.6,0
6247,10002.0,0,0,2020-01-23 19:00:00,4.4,0.0,30.0,0.0,0.0,100.0,2.7,0
6248,10020.0,0,0,2020-01-23 16:00:00,2.4,0.0,30.0,0.0,0.0,100.0,5.8,0
6249,10019.0,0,0,2020-01-23 11:00:00,-3.6,0.0,28.0,0.0,0.0,93.0,6.4,0
6250,10032.0,0,0,2020-01-23 08:00:00,-1.8,0.0,21.0,0.0,0.0,69.0,6.3,0
6251,10022.0,0,0,2020-01-23 16:00:00,2.4,0.0,30.0,0.0,0.0,100.0,5.8,0
6252,10011.0,1,0,2020-01-23 01:00:00,0.0,0.0,0.0,0.0,0.0,0.0,8.2,1
6253,10065.0,1,0,2020-01-23 00:00:00,0.6,0.0,0.0,0.0,0.0,0.0,6.4,1
6254,10036.0,2,0,2020-01-23 16:00:00,2.4,0.0,30.0,0.0,0.0,100.0,5.8,1
6255,10022.0,0,0,2020-01-23 11:00:00,-3.6,0.0,28.0,0.0,0.0,93.0,6.4,0
6256,10016.0,0,0,2020-01-23 14:00:00,-1.6,0.0,29.0,0.0,0.0,98.0,4.9,0
6257,10035.0,0,0,2020-01-23 07:00:00,-1.6,0.0,29.0,0.0,0.0,96.0,6.2,0
6258,10002.0,0,0,2020-01-23 19:00:00,4.4,0.0,30.0,0.0,0.0,100.0,2.7,0
6259,10128.0,0,0,2020-01-23 14:00:00,-1.6,0.0,29.0,0.0,0.0,98.0,4.9,0
6260,10019.0,2,0,2020-01-23 23:00:00,4.5,0.0,30.0,0.0,0.0,100.0,8.1,1
6261,10035.0,0,0,2020-01-23 02:00:00,-0.4,0.0,0.0,0.0,0.0,0.0,8.3,0
6262,10012.0,0,0,2020-01-23 19:00:00,4.4,0.0,30.0,0.0,0.0,100.0,2.7,0
6263,10022.0,0,0,2020-01-23 09:00:00,-2.6,0.0,21.0,0.0,0.0,71.0,7.4,0
6264,10020.0,0,0,2020-01-23 10:00:00,-3.6,0.0,27.0,0.0,0.0,91.0,5.8,0
6265,10024.0,1,0,2020-01-23 13:00:00,-3.3,0.0,28.0,0.0,0.0,93.0,6.6,1
6266,10028.0,0,0,2020-01-23 17:00:00,3.5,0.0,30.0,0.0,0.0,100.0,5.7,0
6267,10025.0,1,0,2020-01-23 17:00:00,3.5,0.0,30.0,0.0,0.0,100.0,5.7,1
6268,10128.0,1,0,2020-01-23 06:00:00,-1.5,0.0,30.0,0.0,0.0,100.0,6.5,1
6269,10027.0,0,0,2020-01-23 20:00:00,5.9,0.0,30.0,0.0,0.0,100.0,4.0,0
6270,10002.0,0,0,2020-01-23 13:00:00,-3.3,0.0,28.0,0.0,0.0,93.0,6.6,0
6271,10035.0,1,0,2020-01-23 14:00:00,-1.6,0.0,29.0,0.0,0.0,98.0,4.9,1
6272,10029.0,1,0,2020-01-23 17:00:00,3.5,0.0,30.0,0.0,0.0,100.0,5.7,1
6273,10035.0,0,0,2020-01-23 21:00:00,6.1,0.0,30.0,0.0,0.0,100.0,5.8,0
6274,10034.0,0,0,2020-01-23 09:00:00,-2.6,0.0,21.0,0.0,0.0,71.0,7.4,0
6275,10035.0,0,0,2020-01-23 15:00:00,1.2,0.0,30.0,0.0,0.0,99.0,5.3,0
6276,10034.0,0,0,2020-01-23 10:00:00,-3.6,0.0,27.0,0.0,0.0,91.0,5.8,0
6277,10030.0,0,0,2020-01-23 12:00:00,-3.3,0.0,26.0,0.0,0.0,86.0,7.2,0
6278,10021.0,0,0,2020-01-23 13:00:00,-3.3,0.0,28.0,0.0,0.0,93.0,6.6,0
6279,10012.0,0,0,2020-01-23 10:00:00,-3.6,0.0,27.0,0.0,0.0,91.0,5.8,0
6280,10065.0,1,0,2020-01-23 16:00:00,2.4,0.0,30.0,0.0,0.0,100.0,5.8,1
6281,10027.0,3,0,2020-01-23 21:00:00,6.1,0.0,30.0,0.0,0.0,100.0,5.8,1
6282,10022.0,0,0,2020-01-22 13:00:00,-4.4,0.0,0.0,0.0,0.0,0.0,4.7,0
6283,10022.0,0,0,2020-01-22 07:00:00,-3.3,0.0,0.0,0.0,0.0,0.0,3.9,0
6284,10001.0,0,0,2020-01-22 19:00:00,2.0,0.0,0.0,0.0,0.0,0.0,5.3,0
6285,10032.0,0,0,2020-01-22 01:00:00,-1.5,0.0,24.0,0.0,0.0,80.0,7.0,0
6286,10018.0,0,0,2020-01-22 15:00:00,-0.8,0.0,0.0,0.0,0.0,1.0,2.8,0
6287,10022.0,0,0,2020-01-22 19:00:00,2.0,0.0,0.0,0.0,0.0,0.0,5.3,0
6288,10012.0,0,0,2020-01-22 20:00:00,2.6,0.0,0.0,0.0,0.0,0.0,5.5,0
6289,10001.0,1,0,2020-01-22 10:00:00,-4.8,0.0,0.0,0.0,0.0,0.0,5.0,1
6290,10027.0,0,0,2020-01-22 15:00:00,-0.8,0.0,0.0,0.0,0.0,1.0,2.8,0
6291,10001.0,1,0,2020-01-22 13:00:00,-4.4,0.0,0.0,0.0,0.0,0.0,4.7,1
6292,10033.0,1,0,2020-01-22 08:00:00,-3.4,0.0,0.0,0.0,0.0,0.0,3.6,1
6293,10016.0,0,0,2020-01-22 22:00:00,2.4,0.0,0.0,0.0,0.0,0.0,2.1,0
6294,10023.0,1,0,2020-01-22 19:00:00,2.0,0.0,0.0,0.0,0.0,0.0,5.3,1
6295,10016.0,0,0,2020-01-22 12:00:00,-4.3,0.0,0.0,0.0,0.0,0.0,4.3,0
6296,10016.0,0,0,2020-01-22 01:00:00,-1.5,0.0,24.0,0.0,0.0,80.0,7.0,0
6297,10014.0,0,0,2020-01-22 09:00:00,-3.8,0.0,0.0,0.0,0.0,0.0,4.7,0
6298,10036.0,0,0,2020-01-22 09:00:00,-3.8,0.0,0.0,0.0,0.0,0.0,4.7,0
6299,10007.0,0,0,2020-01-22 12:00:00,-4.3,0.0,0.0,0.0,0.0,0.0,4.3,0
6300,10011.0,0,0,2020-01-22 18:00:00,1.2,0.0,0.0,0.0,0.0,0.0,4.7,0
6301,10028.0,0,0,2020-01-22 09:00:00,-3.8,0.0,0.0,0.0,0.0,0.0,4.7,0
6302,10002.0,0,0,2020-01-22 14:00:00,-3.0,0.0,0.0,0.0,0.0,0.0,3.8,0
6303,10119.0,0,0,2020-01-22 17:00:00,0.6,0.0,0.0,0.0,0.0,0.0,4.2,0
6304,10014.0,0,0,2020-01-22 12:00:00,-4.3,0.0,0.0,0.0,0.0,0.0,4.3,0
6305,10034.0,0,0,2020-01-22 16:00:00,-0.2,0.0,0.0,0.0,0.0,0.0,3.0,0
6306,10016.0,0,0,2020-01-22 19:00:00,2.0,0.0,0.0,0.0,0.0,0.0,5.3,0
6307,10029.0,0,0,2020-01-22 02:00:00,-1.9,0.0,20.0,0.0,5.0,56.0,6.7,0
6308,10007.0,0,0,2020-01-22 19:00:00,2.0,0.0,0.0,0.0,0.0,0.0,5.3,0
6309,10029.0,0,0,2020-01-22 15:00:00,-0.8,0.0,0.0,0.0,0.0,1.0,2.8,0
6310,10002.0,1,0,2020-01-22 18:00:00,1.2,0.0,0.0,0.0,0.0,0.0,4.7,1
6311,10002.0,0,0,2020-01-22 22:00:00,2.4,0.0,0.0,0.0,0.0,0.0,2.1,0
6312,10032.0,0,0,2020-01-22 10:00:00,-4.8,0.0,0.0,0.0,0.0,0.0,5.0,0
6313,10037.0,0,0,2020-01-22 17:00:00,0.6,0.0,0.0,0.0,0.0,0.0,4.2,0
6314,10019.0,0,0,2020-01-22 09:00:00,-3.8,0.0,0.0,0.0,0.0,0.0,4.7,0
6315,10011.0,0,0,2020-01-22 16:00:00,-0.2,0.0,0.0,0.0,0.0,0.0,3.0,0
6316,10017.0,1,0,2020-01-22 20:00:00,2.6,0.0,0.0,0.0,0.0,0.0,5.5,1
6317,10003.0,0,0,2020-01-22 18:00:00,1.2,0.0,0.0,0.0,0.0,0.0,4.7,0
6318,10027.0,0,0,2020-01-22 09:00:00,-3.8,0.0,0.0,0.0,0.0,0.0,4.7,0
6319,10032.0,0,0,2020-01-22 09:00:00,-3.8,0.0,0.0,0.0,0.0,0.0,4.7,0
6320,10024.0,0,0,2020-01-22 13:00:00,-4.4,0.0,0.0,0.0,0.0,0.0,4.7,0
6321,10023.0,0,0,2020-01-22 15:00:00,-0.8,0.0,0.0,0.0,0.0,1.0,2.8,0
6322,10019.0,0,0,2020-01-22 11:00:00,-4.7,0.0,0.0,0.0,0.0,0.0,4.5,0
6323,10013.0,0,0,2020-01-22 18:00:00,1.2,0.0,0.0,0.0,0.0,0.0,4.7,0
6324,10035.0,0,0,2020-01-22 06:00:00,-3.3,0.0,0.0,0.0,0.0,0.0,6.2,0
6325,10035.0,0,0,2020-01-22 16:00:00,-0.2,0.0,0.0,0.0,0.0,0.0,3.0,0
6326,10019.0,0,0,2020-01-22 16:00:00,-0.2,0.0,0.0,0.0,0.0,0.0,3.0,0
6327,10010.0,0,0,2020-01-22 04:00:00,-2.7,0.0,10.0,0.0,9.0,15.0,6.1,0
6328,10012.0,0,0,2020-01-22 17:00:00,0.6,0.0,0.0,0.0,0.0,0.0,4.2,0
6329,10011.0,0,0,2020-01-22 08:00:00,-3.4,0.0,0.0,0.0,0.0,0.0,3.6,0
6330,10037.0,2,0,2020-01-22 23:00:00,1.1,0.0,0.0,0.0,0.0,0.0,2.7,1
6331,10009.0,0,0,2020-01-22 17:00:00,0.6,0.0,0.0,0.0,0.0,0.0,4.2,0
6332,10009.0,0,0,2020-01-22 10:00:00,-4.8,0.0,0.0,0.0,0.0,0.0,5.0,0
6333,10017.0,0,0,2020-01-22 18:00:00,1.2,0.0,0.0,0.0,0.0,0.0,4.7,0
6334,10018.0,0,0,2020-01-22 12:00:00,-4.3,0.0,0.0,0.0,0.0,0.0,4.3,0
6335,10002.0,0,0,2020-01-22 16:00:00,-0.2,0.0,0.0,0.0,0.0,0.0,3.0,0
6336,10018.0,0,0,2020-01-22 11:00:00,-4.7,0.0,0.0,0.0,0.0,0.0,4.5,0
6337,10001.0,0,0,2020-01-22 08:00:00,-3.4,0.0,0.0,0.0,0.0,0.0,3.6,0
6338,10013.0,0,0,2020-01-22 08:00:00,-3.4,0.0,0.0,0.0,0.0,0.0,3.6,0
6339,10035.0,0,0,2020-01-22 07:00:00,-3.3,0.0,0.0,0.0,0.0,0.0,3.9,0
6340,10010.0,0,0,2020-01-22 18:00:00,1.2,0.0,0.0,0.0,0.0,0.0,4.7,0
6341,10016.0,0,0,2020-01-22 09:00:00,-3.8,0.0,0.0,0.0,0.0,0.0,4.7,0
6342,10065.0,0,0,2020-01-22 19:00:00,2.0,0.0,0.0,0.0,0.0,0.0,5.3,0
6343,10034.0,0,0,2020-01-21 09:00:00,-5.6,0.0,0.0,0.0,0.0,0.0,11.0,0
6344,10033.0,0,0,2020-01-21 16:00:00,-2.1,0.0,1.0,0.0,0.0,2.0,9.0,0
6345,10009.0,0,0,2020-01-21 02:00:00,-3.1,0.0,0.0,0.0,0.0,0.0,14.5,0
6346,10019.0,0,0,2020-01-21 19:00:00,0.1,0.0,65.0,0.0,76.0,64.0,10.0,0
6347,10036.0,0,0,2020-01-21 15:00:00,-2.6,0.0,0.0,0.0,0.0,0.0,9.5,0
6348,10013.0,0,0,2020-01-21 16:00:00,-2.1,0.0,1.0,0.0,0.0,2.0,9.0,0
6349,10022.0,0,0,2020-01-21 14:00:00,-4.6,0.0,0.0,0.0,0.0,0.0,9.3,0
6350,10020.0,0,0,2020-01-21 08:00:00,-5.0,0.0,0.0,0.0,0.0,0.0,12.3,0
6351,10002.0,0,0,2020-01-21 09:00:00,-5.6,0.0,0.0,0.0,0.0,0.0,11.0,0
6352,10035.0,0,0,2020-01-21 00:00:00,-1.9,0.0,0.0,0.0,0.0,0.0,9.7,0
6353,10017.0,0,0,2020-01-21 18:00:00,-0.5,0.0,30.0,0.0,32.0,35.0,9.9,0
6354,10013.0,0,0,2020-01-21 12:00:00,-5.9,0.0,0.0,0.0,0.0,0.0,6.6,0
6355,10002.0,0,0,2020-01-21 09:00:00,-5.6,0.0,0.0,0.0,0.0,0.0,11.0,0
6356,10036.0,1,0,2020-01-21 20:00:00,0.5,0.0,42.0,0.0,61.0,17.0,10.0,1
6357,10128.0,0,0,2020-01-21 08:00:00,-5.0,0.0,0.0,0.0,0.0,0.0,12.3,0
6358,10018.0,0,0,2020-01-21 15:00:00,-2.6,0.0,0.0,0.0,0.0,0.0,9.5,0
6359,10014.0,0,0,2020-01-21 04:00:00,-4.3,0.0,0.0,0.0,0.0,0.0,14.2,0
6360,10029.0,0,0,2020-01-21 08:00:00,-5.0,0.0,0.0,0.0,0.0,0.0,12.3,0
6361,10032.0,0,0,2020-01-21 11:00:00,-6.2,0.0,0.0,0.0,0.0,0.0,6.5,0
6362,10010.0,0,0,2020-01-21 15:00:00,-2.6,0.0,0.0,0.0,0.0,0.0,9.5,0
6363,10016.0,0,0,2020-01-21 23:00:00,-0.2,0.0,16.0,0.0,0.0,54.0,7.0,0
6364,10024.0,0,0,2020-01-21 17:00:00,-1.2,0.0,3.0,0.0,0.0,10.0,8.6,0
6365,10009.0,2,0,2020-01-21 12:00:00,-5.9,0.0,0.0,0.0,0.0,0.0,6.6,1
6366,10022.0,0,0,2020-01-21 17:00:00,-1.2,0.0,3.0,0.0,0.0,10.0,8.6,0
6367,10023.0,0,0,2020-01-21 00:00:00,-1.9,0.0,0.0,0.0,0.0,0.0,9.7,0
6368,10002.0,0,0,2020-01-21 09:00:00,-5.6,0.0,0.0,0.0,0.0,0.0,11.0,0
6369,10014.0,0,0,2020-01-21 09:00:00,-5.6,0.0,0.0,0.0,0.0,0.0,11.0,0
6370,10075.0,0,0,2020-01-21 15:00:00,-2.6,0.0,0.0,0.0,0.0,0.0,9.5,0
6371,10032.0,0,0,2020-01-21 14:00:00,-4.6,0.0,0.0,0.0,0.0,0.0,9.3,0
6372,10036.0,0,0,2020-01-21 11:00:00,-6.2,0.0,0.0,0.0,0.0,0.0,6.5,0
6373,10031.0,0,0,2020-01-21 10:00:00,-6.3,0.0,0.0,0.0,0.0,0.0,8.2,0
6374,10012.0,0,0,2020-01-21 14:00:00,-4.6,0.0,0.0,0.0,0.0,0.0,9.3,0
6375,10033.0,0,0,2020-01-21 16:00:00,-2.1,0.0,1.0,0.0,0.0,2.0,9.0,0
6376,10007.0,0,0,2020-01-21 15:00:00,-2.6,0.0,0.0,0.0,0.0,0.0,9.5,0
6377,10002.0,0,0,2020-01-21 10:00:00,-6.3,0.0,0.0,0.0,0.0,0.0,8.2,0
6378,10019.0,0,0,2020-01-21 10:00:00,-6.3,0.0,0.0,0.0,0.0,0.0,8.2,0
6379,10010.0,0,0,2020-01-21 10:00:00,-6.3,0.0,0.0,0.0,0.0,0.0,8.2,0
6380,10022.0,0,0,2020-01-21 08:00:00,-5.0,0.0,0.0,0.0,0.0,0.0,12.3,0
6381,10018.0,0,0,2020-01-21 17:00:00,-1.2,0.0,3.0,0.0,0.0,10.0,8.6,0
6382,10001.0,0,0,2020-01-21 15:00:00,-2.6,0.0,0.0,0.0,0.0,0.0,9.5,0
6383,10029.0,1,0,2020-01-21 18:00:00,-0.5,0.0,30.0,0.0,32.0,35.0,9.9,1
6384,10022.0,1,0,2020-01-21 23:00:00,-0.2,0.0,16.0,0.0,0.0,54.0,7.0,1
6385,10017.0,0,0,2020-01-21 15:00:00,-2.6,0.0,0.0,0.0,0.0,0.0,9.5,0
6386,10010.0,2,0,2020-01-21 19:00:00,0.1,0.0,65.0,0.0,76.0,64.0,10.0,1
6387,10128.0,0,0,2020-01-21 08:00:00,-5.0,0.0,0.0,0.0,0.0,0.0,12.3,0
6388,10021.0,0,0,2020-01-21 17:00:00,-1.2,0.0,3.0,0.0,0.0,10.0,8.6,0
6389,10001.0,1,0,2020-01-21 21:00:00,0.8,0.0,21.0,0.0,30.0,11.0,7.2,1
6390,10023.0,0,0,2020-01-21 14:00:00,-4.6,0.0,0.0,0.0,0.0,0.0,9.3,0
6391,10035.0,1,0,2020-01-21 08:00:00,-5.0,0.0,0.0,0.0,0.0,0.0,12.3,1
6392,10033.0,0,0,2020-01-21 16:00:00,-2.1,0.0,1.0,0.0,0.0,2.0,9.0,0
6393,10027.0,0,0,2020-01-21 10:00:00,-6.3,0.0,0.0,0.0,0.0,0.0,8.2,0
6394,10041.0,0,0,2020-01-21 16:00:00,-2.1,0.0,1.0,0.0,0.0,2.0,9.0,0
6395,10010.0,1,0,2020-01-21 19:00:00,0.1,0.0,65.0,0.0,76.0,64.0,10.0,1
6396,10027.0,0,0,2020-01-21 14:00:00,-4.6,0.0,0.0,0.0,0.0,0.0,9.3,0
6397,10013.0,0,0,2020-01-21 01:00:00,-2.5,0.0,0.0,0.0,0.0,0.0,11.9,0
6398,10022.0,0,0,2020-01-21 09:00:00,-5.6,0.0,0.0,0.0,0.0,0.0,11.0,0
6399,10025.0,0,0,2020-01-21 19:00:00,0.1,0.0,65.0,0.0,76.0,64.0,10.0,0
6400,10035.0,0,0,2020-01-21 16:00:00,-2.1,0.0,1.0,0.0,0.0,2.0,9.0,0
6401,10016.0,0,0,2020-01-21 11:00:00,-6.2,0.0,0.0,0.0,0.0,0.0,6.5,0
6402,10003.0,0,0,2020-01-21 12:00:00,-5.9,0.0,0.0,0.0,0.0,0.0,6.6,0
6403,10003.0,0,0,2020-01-21 14:00:00,-4.6,0.0,0.0,0.0,0.0,0.0,9.3,0
6404,10011.0,0,0,2020-01-21 09:00:00,-5.6,0.0,0.0,0.0,0.0,0.0,11.0,0
6405,10035.0,1,0,2020-01-21 18:00:00,-0.5,0.0,30.0,0.0,32.0,35.0,9.9,1
6406,10016.0,0,0,2020-01-21 10:00:00,-6.3,0.0,0.0,0.0,0.0,0.0,8.2,0
6407,10128.0,0,0,2020-01-21 10:00:00,-6.3,0.0,0.0,0.0,0.0,0.0,8.2,0
6408,10016.0,0,0,2020-01-21 16:00:00,-2.1,0.0,1.0,0.0,0.0,2.0,9.0,0
6409,10038.0,1,0,2020-01-21 21:00:00,0.8,0.0,21.0,0.0,30.0,11.0,7.2,1
6410,10002.0,0,0,2020-01-21 00:00:00,-1.9,0.0,0.0,0.0,0.0,0.0,9.7,0
6411,10007.0,0,0,2020-01-21 15:00:00,-2.6,0.0,0.0,0.0,0.0,0.0,9.5,0
6412,10021.0,0,0,2020-01-21 12:00:00,-5.9,0.0,0.0,0.0,0.0,0.0,6.6,0
6413,10025.0,0,0,2020-01-21 11:00:00,-6.2,0.0,0.0,0.0,0.0,0.0,6.5,0
6414,10027.0,0,0,2020-01-21 10:00:00,-6.3,0.0,0.0,0.0,0.0,0.0,8.2,0
6415,10002.0,0,0,2020-01-21 09:00:00,-5.6,0.0,0.0,0.0,0.0,0.0,11.0,0
6416,10030.0,0,0,2020-01-21 17:00:00,-1.2,0.0,3.0,0.0,0.0,10.0,8.6,0
6417,10035.0,0,0,2020-01-21 06:00:00,-5.1,0.0,0.0,0.0,0.0,0.0,14.4,0
6418,10011.0,0,0,2020-01-21 10:00:00,-6.3,0.0,0.0,0.0,0.0,0.0,8.2,0
6419,10128.0,0,0,2020-01-21 13:00:00,-5.8,0.0,0.0,0.0,0.0,0.0,8.4,0
6420,10029.0,0,0,2020-01-21 14:00:00,-4.6,0.0,0.0,0.0,0.0,0.0,9.3,0
6421,10036.0,0,0,2020-01-21 22:00:00,0.5,0.0,8.0,0.0,0.0,26.0,6.5,0
6422,10035.0,0,0,2020-01-21 08:00:00,-5.0,0.0,0.0,0.0,0.0,0.0,12.3,0
6423,10001.0,0,0,2020-01-21 18:00:00,-0.5,0.0,30.0,0.0,32.0,35.0,9.9,0
6424,10034.0,0,0,2020-01-21 12:00:00,-5.9,0.0,0.0,0.0,0.0,0.0,6.6,0
6425,10002.0,1,0,2020-01-21 20:00:00,0.5,0.0,42.0,0.0,61.0,17.0,10.0,1
6426,10021.0,0,0,2020-01-21 15:00:00,-2.6,0.0,0.0,0.0,0.0,0.0,9.5,0
6427,10013.0,0,0,2020-01-21 17:00:00,-1.2,0.0,3.0,0.0,0.0,10.0,8.6,0
6428,10016.0,0,0,2020-01-21 12:00:00,-5.9,0.0,0.0,0.0,0.0,0.0,6.6,0
6429,10010.0,0,0,2020-01-21 08:00:00,-5.0,0.0,0.0,0.0,0.0,0.0,12.3,0
6430,10009.0,0,0,2020-01-21 08:00:00,-5.0,0.0,0.0,0.0,0.0,0.0,12.3,0
6431,10033.0,0,0,2020-01-21 16:00:00,-2.1,0.0,1.0,0.0,0.0,2.0,9.0,0
6432,10035.0,0,0,2020-01-21 14:00:00,-4.6,0.0,0.0,0.0,0.0,0.0,9.3,0
6433,10019.0,0,0,2020-01-21 11:00:00,-6.2,0.0,0.0,0.0,0.0,0.0,6.5,0
6434,10028.0,0,0,2020-01-21 17:00:00,-1.2,0.0,3.0,0.0,0.0,10.0,8.6,0
6435,10075.0,0,0,2020-01-20 12:00:00,-5.1,0.0,0.0,0.0,0.0,0.0,21.6,0
6436,10065.0,0,0,2020-01-20 11:00:00,-5.2,0.0,67.0,74.0,0.0,0.0,21.7,0
6437,10013.0,0,0,2020-01-20 15:00:00,-3.2,0.0,0.0,0.0,0.0,0.0,18.9,0
6438,10024.0,1,0,2020-01-20 13:00:00,-5.1,0.0,0.0,0.0,0.0,0.0,19.1,1
6439,10017.0,0,0,2020-01-20 13:00:00,-5.1,0.0,0.0,0.0,0.0,0.0,19.1,0
6440,10037.0,0,0,2020-01-20 15:00:00,-3.2,0.0,0.0,0.0,0.0,0.0,18.9,0
6441,10018.0,0,0,2020-01-20 11:00:00,-5.2,0.0,67.0,74.0,0.0,0.0,21.7,0
6442,10075.0,0,0,2020-01-20 15:00:00,-3.2,0.0,0.0,0.0,0.0,0.0,18.9,0
6443,10028.0,0,0,2020-01-20 11:00:00,-5.2,0.0,67.0,74.0,0.0,0.0,21.7,0
6444,10009.0,0,0,2020-01-20 13:00:00,-5.1,0.0,0.0,0.0,0.0,0.0,19.1,0
6445,10033.0,1,0,2020-01-20 01:00:00,1.3,0.0,69.0,77.0,0.0,0.0,15.9,1
6446,10019.0,0,0,2020-01-20 01:00:00,1.3,0.0,69.0,77.0,0.0,0.0,15.9,0
6447,10023.0,0,0,2020-01-20 15:00:00,-3.2,0.0,0.0,0.0,0.0,0.0,18.9,0
6448,10028.0,0,0,2020-01-20 20:00:00,-0.2,0.0,0.0,0.0,0.0,0.0,17.1,0
6449,10000.0,2,0,2020-01-20 18:00:00,-1.0,0.0,0.0,0.0,0.0,0.0,18.9,1
6450,10019.0,0,0,2020-01-20 01:00:00,1.3,0.0,69.0,77.0,0.0,0.0,15.9,0
6451,10003.0,0,0,2020-01-20 19:00:00,-0.6,0.0,0.0,0.0,0.0,0.0,18.2,0
6452,10007.0,0,0,2020-01-20 17:00:00,-1.6,0.0,0.0,0.0,0.0,0.0,19.3,0
6453,10002.0,0,0,2020-01-20 17:00:00,-1.6,0.0,0.0,0.0,0.0,0.0,19.3,0
6454,10065.0,0,0,2020-01-20 16:00:00,-2.4,0.0,0.0,0.0,0.0,0.0,19.0,0
6455,10036.0,0,0,2020-01-20 17:00:00,-1.6,0.0,0.0,0.0,0.0,0.0,19.3,0
6456,10012.0,0,0,2020-01-20 12:00:00,-5.1,0.0,0.0,0.0,0.0,0.0,21.6,0
6457,10035.0,0,0,2020-01-20 15:00:00,-3.2,0.0,0.0,0.0,0.0,0.0,18.9,0
6458,10016.0,0,0,2020-01-20 12:00:00,-5.1,0.0,0.0,0.0,0.0,0.0,21.6,0
6459,10002.0,0,0,2020-01-20 10:00:00,-5.2,0.0,83.0,92.0,0.0,0.0,20.5,0
6460,10002.0,0,0,2020-01-20 15:00:00,-3.2,0.0,0.0,0.0,0.0,0.0,18.9,0
6461,10013.0,0,0,2020-01-20 16:00:00,-2.4,0.0,0.0,0.0,0.0,0.0,19.0,0
6462,10065.0,0,0,2020-01-20 13:00:00,-5.1,0.0,0.0,0.0,0.0,0.0,19.1,0
6463,10023.0,0,0,2020-01-20 16:00:00,-2.4,0.0,0.0,0.0,0.0,0.0,19.0,0
6464,10014.0,0,0,2020-01-20 15:00:00,-3.2,0.0,0.0,0.0,0.0,0.0,18.9,0
6465,10003.0,0,0,2020-01-20 13:00:00,-5.1,0.0,0.0,0.0,0.0,0.0,19.1,0
6466,10019.0,0,0,2020-01-20 10:00:00,-5.2,0.0,83.0,92.0,0.0,0.0,20.5,0
6467,10023.0,0,0,2020-01-20 09:00:00,-4.4,0.0,0.0,0.0,0.0,0.0,20.0,0
6468,10002.0,0,0,2020-01-20 08:00:00,-3.4,0.0,0.0,0.0,0.0,0.0,21.1,0
6469,10010.0,0,0,2020-01-20 23:00:00,-1.6,0.0,0.0,0.0,0.0,0.0,7.6,0
6470,10001.0,0,0,2020-01-20 05:00:00,-1.1,0.0,84.0,93.0,0.0,0.0,21.9,0
6471,10065.0,0,0,2020-01-20 20:00:00,-0.2,0.0,0.0,0.0,0.0,0.0,17.1,0
6472,10033.0,0,0,2020-01-20 07:00:00,-2.8,0.0,1.0,1.0,0.0,0.0,22.0,0
6473,10001.0,0,0,2020-01-20 04:00:00,-0.2,0.0,89.0,99.0,0.0,0.0,18.8,0
6474,10019.0,0,0,2020-01-20 21:00:00,-0.1,0.0,0.0,0.0,0.0,0.0,14.8,0
6475,10024.0,0,0,2020-01-20 22:00:00,-1.1,0.0,0.0,0.0,0.0,0.0,8.7,0
6476,10011.0,0,0,2020-01-20 08:00:00,-3.4,0.0,0.0,0.0,0.0,0.0,21.1,0
6477,10034.0,0,0,2020-01-20 06:00:00,-2.3,0.0,38.0,42.0,0.0,0.0,22.8,0
6478,10021.0,0,0,2020-01-20 09:00:00,-4.4,0.0,0.0,0.0,0.0,0.0,20.0,0
6479,10022.0,0,0,2020-01-19 19:00:00,5.5,0.0,100.0,94.0,96.0,0.0,16.8,0
6480,10034.0,0,0,2020-01-19 16:00:00,5.0,0.0,5.0,3.0,3.0,0.0,16.9,0
6481,10022.0,0,0,2020-01-19 00:00:00,-0.8,2.4,100.0,100.0,100.0,100.0,14.8,0
6482,10027.0,0,0,2020-01-19 22:00:00,3.3,0.0,100.0,67.0,91.0,0.0,16.1,0
6483,10011.0,0,0,2020-01-19 01:00:00,-0.7,2.1,100.0,100.0,100.0,29.0,14.8,0
6484,10036.0,0,0,2020-01-19 18:00:00,5.7,0.0,100.0,95.0,77.0,0.0,17.3,0
6485,10038.0,0,0,2020-01-19 20:00:00,5.1,0.0,100.0,93.0,99.0,0.0,16.2,0
6486,10019.0,0,0,2020-01-19 23:00:00,2.5,0.0,44.0,44.0,8.0,0.0,15.2,0
6487,10022.0,0,0,2020-01-19 17:00:00,5.7,0.0,62.0,54.0,22.0,0.0,19.1,0
6488,10016.0,0,0,2020-01-19 16:00:00,5.0,0.0,5.0,3.0,3.0,0.0,16.9,0
6489,10019.0,0,0,2020-01-19 11:00:00,2.4,0.0,63.0,35.0,53.0,0.0,17.8,0
6490,10016.0,0,0,2020-01-19 19:00:00,5.5,0.0,100.0,94.0,96.0,0.0,16.8,0
6491,10029.0,0,0,2020-01-19 22:00:00,3.3,0.0,100.0,67.0,91.0,0.0,16.1,0
6492,10002.0,0,0,2020-01-19 04:00:00,1.3,0.0,91.0,100.0,2.0,0.0,18.9,0
6493,10014.0,0,0,2020-01-19 01:00:00,-0.7,2.1,100.0,100.0,100.0,29.0,14.8,0
6494,10002.0,0,0,2020-01-19 09:00:00,2.7,0.4,100.0,99.0,94.0,44.0,15.6,0
6495,10024.0,0,0,2020-01-19 00:00:00,-0.8,2.4,100.0,100.0,100.0,100.0,14.8,0
6496,10036.0,0,0,2020-01-19 01:00:00,-0.7,2.1,100.0,100.0,100.0,29.0,14.8,0
6497,10001.0,0,0,2020-01-19 17:00:00,5.7,0.0,62.0,54.0,22.0,0.0,19.1,0
6498,10016.0,0,0,2020-01-19 07:00:00,2.3,0.0,100.0,100.0,13.0,85.0,16.3,0
6499,10029.0,0,0,2020-01-19 14:00:00,3.6,0.0,32.0,35.0,0.0,0.0,16.8,0
6500,10014.0,0,0,2020-01-19 17:00:00,5.7,0.0,62.0,54.0,22.0,0.0,19.1,0
6501,10029.0,1,0,2020-01-19 11:00:00,2.4,0.0,63.0,35.0,53.0,0.0,17.8,1
6502,10009.0,0,0,2020-01-19 01:00:00,-0.7,2.1,100.0,100.0,100.0,29.0,14.8,0
6503,10035.0,4,0,2020-01-19 21:00:00,4.3,0.0,100.0,88.0,99.0,0.0,16.5,1
6504,10028.0,0,0,2020-01-19 13:00:00,2.2,0.0,14.0,16.0,0.0,0.0,17.7,0
6505,10028.0,0,0,2020-01-19 11:00:00,2.4,0.0,63.0,35.0,53.0,0.0,17.8,0
6506,10013.0,0,0,2020-01-19 19:00:00,5.5,0.0,100.0,94.0,96.0,0.0,16.8,0
6507,10001.0,1,0,2020-01-19 19:00:00,5.5,0.0,100.0,94.0,96.0,0.0,16.8,1
6508,10003.0,0,0,2020-01-19 12:00:00,2.1,0.0,40.0,39.0,8.0,0.0,17.8,0
6509,10040.0,0,0,2020-01-19 08:00:00,2.5,0.2,100.0,100.0,71.0,80.0,13.4,0
6510,10017.0,0,0,2020-01-19 15:00:00,4.6,0.0,21.0,23.0,0.0,0.0,15.4,0
6511,10018.0,0,0,2020-01-19 14:00:00,3.6,0.0,32.0,35.0,0.0,0.0,16.8,0
6512,10021.0,0,0,2020-01-19 20:00:00,5.1,0.0,100.0,93.0,99.0,0.0,16.2,0
6513,10013.0,0,0,2020-01-19 07:00:00,2.3,0.0,100.0,100.0,13.0,85.0,16.3,0
6514,10033.0,1,0,2020-01-19 18:00:00,5.7,0.0,100.0,95.0,77.0,0.0,17.3,1
6515,10001.0,1,0,2020-01-19 20:00:00,5.1,0.0,100.0,93.0,99.0,0.0,16.2,1
6516,10007.0,0,0,2020-01-19 07:00:00,2.3,0.0,100.0,100.0,13.0,85.0,16.3,0
6517,10024.0,0,0,2020-01-19 09:00:00,2.7,0.4,100.0,99.0,94.0,44.0,15.6,0
6518,10018.0,0,0,2020-01-19 09:00:00,2.7,0.4,100.0,99.0,94.0,44.0,15.6,0
6519,10019.0,0,0,2020-01-19 11:00:00,2.4,0.0,63.0,35.0,53.0,0.0,17.8,0
6520,10031.0,0,0,2020-01-19 13:00:00,2.2,0.0,14.0,16.0,0.0,0.0,17.7,0
6521,10036.0,0,0,2020-01-18 17:00:00,-3.8,0.0,89.0,0.0,99.0,100.0,13.6,0
6522,10002.0,0,0,2020-01-18 02:00:00,-4.2,0.0,30.0,0.0,0.0,100.0,15.3,0
6523,10016.0,0,0,2020-01-18 15:00:00,-5.1,0.0,88.0,0.0,96.0,100.0,7.0,0
6524,10027.0,0,0,2020-01-18 02:00:00,-4.2,0.0,30.0,0.0,0.0,100.0,15.3,0
6525,10005.0,1,0,2020-01-18 20:00:00,-3.8,0.3,96.0,7.0,99.0,100.0,13.4,1
6526,10002.0,0,0,2020-01-18 11:00:00,-6.2,0.0,89.0,0.0,99.0,100.0,5.6,0
6527,10017.0,0,0,2020-01-18 13:00:00,-6.1,0.0,84.0,0.0,91.0,99.0,1.8,0
6528,10031.0,1,0,2020-01-18 16:00:00,-4.6,0.0,89.0,0.0,99.0,100.0,10.9,1
6529,10009.0,0,0,2020-01-18 17:00:00,-3.8,0.0,89.0,0.0,99.0,100.0,13.6,0
6530,10002.0,0,0,2020-01-18 02:00:00,-4.2,0.0,30.0,0.0,0.0,100.0,15.3,0
6531,10025.0,0,0,2020-01-18 13:00:00,-6.1,0.0,84.0,0.0,91.0,99.0,1.8,0
6532,10023.0,0,0,2020-01-18 14:00:00,-5.8,0.0,85.0,0.0,93.0,96.0,5.2,0
6533,10011.0,0,0,2020-01-18 04:00:00,-5.2,0.0,30.0,0.0,0.0,100.0,12.6,0
6534,10016.0,1,0,2020-01-18 04:00:00,-5.2,0.0,30.0,0.0,0.0,100.0,12.6,1
6535,10035.0,0,0,2020-01-18 13:00:00,-6.1,0.0,84.0,0.0,91.0,99.0,1.8,0
6536,10023.0,0,0,2020-01-18 11:00:00,-6.2,0.0,89.0,0.0,99.0,100.0,5.6,0
6537,10031.0,1,0,2020-01-18 13:00:00,-6.1,0.0,84.0,0.0,91.0,99.0,1.8,1
6538,10034.0,2,0,2020-01-18 13:00:00,-6.1,0.0,84.0,0.0,91.0,99.0,1.8,1
6539,10128.0,0,0,2020-01-18 13:00:00,-6.1,0.0,84.0,0.0,91.0,99.0,1.8,0
6540,10002.0,1,0,2020-01-18 16:00:00,-4.6,0.0,89.0,0.0,99.0,100.0,10.9,1
6541,10017.0,1,0,2020-01-18 08:00:00,-6.2,0.0,31.0,0.0,1.0,100.0,7.9,1
6542,10010.0,0,0,2020-01-18 13:00:00,-6.1,0.0,84.0,0.0,91.0,99.0,1.8,0
6543,10016.0,0,0,2020-01-18 01:00:00,-3.6,0.0,0.0,0.0,0.0,0.0,15.0,0
6544,10016.0,0,0,2020-01-18 00:00:00,-3.2,0.0,0.0,0.0,0.0,0.0,15.0,0
6545,10017.0,1,0,2020-01-18 15:00:00,-5.1,0.0,88.0,0.0,96.0,100.0,7.0,1
6546,10036.0,0,0,2020-01-18 11:00:00,-6.2,0.0,89.0,0.0,99.0,100.0,5.6,0
6547,10032.0,0,0,2020-01-18 05:00:00,-5.4,0.0,30.0,0.0,0.0,100.0,11.8,0
6548,10128.0,0,0,2020-01-18 05:00:00,-5.4,0.0,30.0,0.0,0.0,100.0,11.8,0
6549,10032.0,0,0,2020-01-18 18:00:00,-3.9,0.3,91.0,2.0,100.0,98.0,13.3,0
6550,10002.0,2,0,2020-01-18 09:00:00,-6.0,0.0,54.0,0.0,40.0,100.0,7.3,1
6551,10022.0,0,0,2020-01-18 04:00:00,-5.2,0.0,30.0,0.0,0.0,100.0,12.6,0
6552,10012.0,0,0,2020-01-18 13:00:00,-6.1,0.0,84.0,0.0,91.0,99.0,1.8,0
6553,10016.0,0,0,2020-01-18 13:00:00,-6.1,0.0,84.0,0.0,91.0,99.0,1.8,0
6554,10026.0,1,0,2020-01-18 20:00:00,-3.8,0.3,96.0,7.0,99.0,100.0,13.4,1
6555,10017.0,0,0,2020-01-18 09:00:00,-6.0,0.0,54.0,0.0,40.0,100.0,7.3,0
6556,10001.0,0,0,2020-01-18 12:00:00,-6.2,0.0,88.0,0.0,97.0,100.0,1.5,0
6557,10013.0,0,0,2020-01-18 14:00:00,-5.8,0.0,85.0,0.0,93.0,96.0,5.2,0
6558,10022.0,0,0,2020-01-18 01:00:00,-3.6,0.0,0.0,0.0,0.0,0.0,15.0,0
6559,10018.0,0,0,2020-01-18 21:00:00,-3.2,0.5,100.0,19.0,100.0,100.0,12.8,0
6560,10022.0,0,0,2020-01-18 17:00:00,-3.8,0.0,89.0,0.0,99.0,100.0,13.6,0
6561,10016.0,0,0,2020-01-18 02:00:00,-4.2,0.0,30.0,0.0,0.0,100.0,15.3,0
6562,10023.0,0,0,2020-01-18 13:00:00,-6.1,0.0,84.0,0.0,91.0,99.0,1.8,0
6563,10003.0,0,0,2020-01-18 13:00:00,-6.1,0.0,84.0,0.0,91.0,99.0,1.8,0
6564,10065.0,0,0,2020-01-18 12:00:00,-6.2,0.0,88.0,0.0,97.0,100.0,1.5,0
6565,10002.0,0,0,2020-01-18 12:00:00,-6.2,0.0,88.0,0.0,97.0,100.0,1.5,0
6566,10024.0,0,0,2020-01-18 14:00:00,-5.8,0.0,85.0,0.0,93.0,96.0,5.2,0
6567,10026.0,0,0,2020-01-18 13:00:00,-6.1,0.0,84.0,0.0,91.0,99.0,1.8,0
6568,10016.0,0,0,2020-01-18 13:00:00,-6.1,0.0,84.0,0.0,91.0,99.0,1.8,0
6569,10005.0,0,0,2020-01-18 14:00:00,-5.8,0.0,85.0,0.0,93.0,96.0,5.2,0
6570,10002.0,0,0,2020-01-18 19:00:00,-4.2,0.3,95.0,6.0,100.0,100.0,11.2,0
6571,10027.0,1,0,2020-01-18 10:00:00,-6.1,0.0,83.0,0.0,89.0,100.0,7.2,1
6572,10003.0,0,0,2020-01-18 05:00:00,-5.4,0.0,30.0,0.0,0.0,100.0,11.8,0
6573,10021.0,0,0,2020-01-18 02:00:00,-4.2,0.0,30.0,0.0,0.0,100.0,15.3,0
6574,10027.0,0,0,2020-01-18 18:00:00,-3.9,0.3,91.0,2.0,100.0,98.0,13.3,0
6575,10013.0,0,0,2020-01-18 22:00:00,-2.0,1.0,100.0,46.0,100.0,100.0,11.6,0
6576,10032.0,0,0,2020-01-18 13:00:00,-6.1,0.0,84.0,0.0,91.0,99.0,1.8,0
6577,10010.0,0,0,2020-01-18 13:00:00,-6.1,0.0,84.0,0.0,91.0,99.0,1.8,0
6578,10034.0,0,0,2020-01-18 13:00:00,-6.1,0.0,84.0,0.0,91.0,99.0,1.8,0
6579,10016.0,0,0,2020-01-17 18:00:00,-1.8,0.0,0.0,0.0,0.0,0.0,20.9,0
6580,10027.0,0,0,2020-01-17 16:00:00,-2.9,0.0,0.0,0.0,0.0,0.0,23.9,0
6581,10011.0,0,0,2020-01-17 09:00:00,-1.5,0.0,7.0,8.0,0.0,0.0,28.4,0
6582,10013.0,0,0,2020-01-17 12:00:00,-3.9,0.0,0.0,0.0,0.0,0.0,27.6,0
6583,10018.0,0,0,2020-01-17 13:00:00,-4.2,0.0,0.0,0.0,0.0,0.0,26.6,0
6584,10021.0,1,0,2020-01-17 08:00:00,-0.5,0.0,12.0,13.0,0.0,0.0,27.8,1
6585,10012.0,1,0,2020-01-17 13:00:00,-4.2,0.0,0.0,0.0,0.0,0.0,26.6,1
6586,10027.0,1,0,2020-01-17 17:00:00,-2.2,0.0,0.0,0.0,0.0,0.0,22.7,1
6587,10017.0,0,0,2020-01-17 09:00:00,-1.5,0.0,7.0,8.0,0.0,0.0,28.4,0
6588,10030.0,0,0,2020-01-17 16:00:00,-2.9,0.0,0.0,0.0,0.0,0.0,23.9,0
6589,10002.0,0,0,2020-01-17 06:00:00,0.9,0.0,0.0,0.0,0.0,0.0,27.3,0
6590,10028.0,0,0,2020-01-17 14:00:00,-4.1,0.0,1.0,1.0,0.0,0.0,26.7,0
6591,10032.0,0,0,2020-01-17 13:00:00,-4.2,0.0,0.0,0.0,0.0,0.0,26.6,0
6592,10016.0,0,0,2020-01-17 07:00:00,0.3,0.0,2.0,2.0,0.0,0.0,27.8,0
6593,10013.0,0,0,2020-01-17 14:00:00,-4.1,0.0,1.0,1.0,0.0,0.0,26.7,0
6594,10016.0,0,0,2020-01-17 14:00:00,-4.1,0.0,1.0,1.0,0.0,0.0,26.7,0
6595,10014.0,1,0,2020-01-17 19:00:00,-1.5,0.0,0.0,0.0,0.0,0.0,18.9,1
6596,10007.0,0,0,2020-01-17 18:00:00,-1.8,0.0,0.0,0.0,0.0,0.0,20.9,0
6597,10016.0,0,0,2020-01-17 15:00:00,-3.4,0.0,0.0,0.0,0.0,0.0,25.8,0
6598,10010.0,1,0,2020-01-17 01:00:00,3.5,0.0,0.0,0.0,0.0,0.0,23.5,1
6599,10027.0,3,0,2020-01-17 21:00:00,-1.3,0.0,0.0,0.0,0.0,0.0,16.9,1
6600,10036.0,0,0,2020-01-17 15:00:00,-3.4,0.0,0.0,0.0,0.0,0.0,25.8,0
6601,10018.0,0,0,2020-01-17 09:00:00,-1.5,0.0,7.0,8.0,0.0,0.0,28.4,0
6602,10065.0,0,0,2020-01-17 15:00:00,-3.4,0.0,0.0,0.0,0.0,0.0,25.8,0
6603,10036.0,0,0,2020-01-17 00:00:00,4.0,0.0,4.0,0.0,7.0,0.0,23.3,0
6604,10029.0,0,0,2020-01-17 14:00:00,-4.1,0.0,1.0,1.0,0.0,0.0,26.7,0
6605,10013.0,0,0,2020-01-17 23:00:00,-2.7,0.0,0.0,0.0,0.0,0.0,14.3,0
6606,10016.0,0,0,2020-01-17 07:00:00,0.3,0.0,2.0,2.0,0.0,0.0,27.8,0
6607,10016.0,0,0,2020-01-17 05:00:00,1.6,0.0,14.0,16.0,0.0,0.0,25.5,0
6608,10001.0,0,0,2020-01-17 22:00:00,-2.3,0.0,0.0,0.0,0.0,0.0,13.2,0
6609,10039.0,0,0,2020-01-17 11:00:00,-3.5,0.0,4.0,4.0,0.0,0.0,28.0,0
6610,10017.0,0,0,2020-01-17 22:00:00,-2.3,0.0,0.0,0.0,0.0,0.0,13.2,0
6611,10038.0,0,0,2020-01-17 09:00:00,-1.5,0.0,7.0,8.0,0.0,0.0,28.4,0
6612,10065.0,1,0,2020-01-17 23:00:00,-2.7,0.0,0.0,0.0,0.0,0.0,14.3,1
6613,10001.0,0,0,2020-01-17 21:00:00,-1.3,0.0,0.0,0.0,0.0,0.0,16.9,0
6614,10036.0,0,0,2020-01-17 19:00:00,-1.5,0.0,0.0,0.0,0.0,0.0,18.9,0
6615,10017.0,0,0,2020-01-17 17:00:00,-2.2,0.0,0.0,0.0,0.0,0.0,22.7,0
6616,10028.0,0,0,2020-01-17 08:00:00,-0.5,0.0,12.0,13.0,0.0,0.0,27.8,0
6617,10012.0,1,0,2020-01-17 04:00:00,2.1,0.0,18.0,20.0,0.0,0.0,26.7,1
6618,10013.0,0,0,2020-01-17 18:00:00,-1.8,0.0,0.0,0.0,0.0,0.0,20.9,0
6619,10016.0,0,0,2020-01-17 11:00:00,-3.5,0.0,4.0,4.0,0.0,0.0,28.0,0
6620,10010.0,0,0,2020-01-17 21:00:00,-1.3,0.0,0.0,0.0,0.0,0.0,16.9,0
6621,10000.0,0,0,2020-01-17 04:00:00,2.1,0.0,18.0,20.0,0.0,0.0,26.7,0
6622,10032.0,0,0,2020-01-17 15:00:00,-3.4,0.0,0.0,0.0,0.0,0.0,25.8,0
6623,10022.0,0,0,2020-01-17 07:00:00,0.3,0.0,2.0,2.0,0.0,0.0,27.8,0
6624,10032.0,1,0,2020-01-17 20:00:00,-1.2,0.0,0.0,0.0,0.0,0.0,17.7,1
6625,10027.0,0,0,2020-01-17 09:00:00,-1.5,0.0,7.0,8.0,0.0,0.0,28.4,0
6626,10026.0,1,0,2020-01-17 22:00:00,-2.3,0.0,0.0,0.0,0.0,0.0,13.2,1
6627,10020.0,1,0,2020-01-17 17:00:00,-2.2,0.0,0.0,0.0,0.0,0.0,22.7,1
6628,10026.0,0,0,2020-01-17 17:00:00,-2.2,0.0,0.0,0.0,0.0,0.0,22.7,0
6629,10018.0,0,0,2020-01-17 19:00:00,-1.5,0.0,0.0,0.0,0.0,0.0,18.9,0
6630,10029.0,0,0,2020-01-17 18:00:00,-1.8,0.0,0.0,0.0,0.0,0.0,20.9,0
6631,10017.0,0,0,2020-01-17 15:00:00,-3.4,0.0,0.0,0.0,0.0,0.0,25.8,0
6632,10027.0,0,0,2020-01-17 11:00:00,-3.5,0.0,4.0,4.0,0.0,0.0,28.0,0
6633,10031.0,0,0,2020-01-17 21:00:00,-1.3,0.0,0.0,0.0,0.0,0.0,16.9,0
6634,10026.0,0,0,2020-01-17 11:00:00,-3.5,0.0,4.0,4.0,0.0,0.0,28.0,0
6635,10002.0,0,0,2020-01-17 22:00:00,-2.3,0.0,0.0,0.0,0.0,0.0,13.2,0
6636,10036.0,0,0,2020-01-17 09:00:00,-1.5,0.0,7.0,8.0,0.0,0.0,28.4,0
6637,10001.0,1,0,2020-01-17 09:00:00,-1.5,0.0,7.0,8.0,0.0,0.0,28.4,1
6638,10003.0,0,0,2020-01-17 12:00:00,-3.9,0.0,0.0,0.0,0.0,0.0,27.6,0
6639,10022.0,0,0,2020-01-17 00:00:00,4.0,0.0,4.0,0.0,7.0,0.0,23.3,0
6640,10011.0,0,0,2020-01-17 15:00:00,-3.4,0.0,0.0,0.0,0.0,0.0,25.8,0
6641,10025.0,0,0,2020-01-17 10:00:00,-3.4,0.0,1.0,1.0,0.0,0.0,27.7,0
6642,10010.0,0,0,2020-01-17 20:00:00,-1.2,0.0,0.0,0.0,0.0,0.0,17.7,0
6643,10037.0,0,0,2020-01-17 14:00:00,-4.1,0.0,1.0,1.0,0.0,0.0,26.7,0
6644,10021.0,0,0,2020-01-17 11:00:00,-3.5,0.0,4.0,4.0,0.0,0.0,28.0,0
6645,10031.0,0,0,2020-01-17 08:00:00,-0.5,0.0,12.0,13.0,0.0,0.0,27.8,0
6646,10022.0,0,0,2020-01-17 10:00:00,-3.4,0.0,1.0,1.0,0.0,0.0,27.7,0
6647,10018.0,0,0,2020-01-17 14:00:00,-4.1,0.0,1.0,1.0,0.0,0.0,26.7,0
6648,10023.0,0,0,2020-01-17 12:00:00,-3.9,0.0,0.0,0.0,0.0,0.0,27.6,0
6649,10002.0,0,0,2020-01-17 08:00:00,-0.5,0.0,12.0,13.0,0.0,0.0,27.8,0
6650,10014.0,0,0,2020-01-16 20:00:00,7.1,0.0,34.0,14.0,35.0,0.0,30.0,0
6651,10002.0,0,0,2020-01-16 00:00:00,5.8,0.0,0.0,0.0,0.0,0.0,5.6,0
6652,10029.0,0,0,2020-01-16 12:00:00,7.0,0.0,60.0,58.0,13.0,0.0,15.5,0
6653,10029.0,0,0,2020-01-16 10:00:00,6.2,0.1,100.0,84.0,96.0,0.0,9.3,0
6654,10002.0,0,0,2020-01-16 06:00:00,6.2,0.0,54.0,1.0,86.0,6.0,12.0,0
6655,10034.0,0,0,2020-01-16 14:00:00,8.9,0.0,68.0,53.0,34.0,0.0,20.0,0
6656,10002.0,0,0,2020-01-16 11:00:00,6.2,0.0,100.0,75.0,69.0,0.0,12.5,0
6657,10035.0,0,0,2020-01-16 16:00:00,8.3,0.0,30.0,13.0,31.0,0.0,26.8,0
6658,10019.0,0,0,2020-01-16 00:00:00,5.8,0.0,0.0,0.0,0.0,0.0,5.6,0
6659,10003.0,0,0,2020-01-16 16:00:00,8.3,0.0,30.0,13.0,31.0,0.0,26.8,0
6660,10025.0,0,0,2020-01-16 14:00:00,8.9,0.0,68.0,53.0,34.0,0.0,20.0,0
6661,10011.0,0,0,2020-01-16 10:00:00,6.2,0.1,100.0,84.0,96.0,0.0,9.3,0
6662,10023.0,0,0,2020-01-16 12:00:00,7.0,0.0,60.0,58.0,13.0,0.0,15.5,0
6663,10011.0,0,0,2020-01-16 19:00:00,7.8,0.0,45.0,3.0,70.0,0.0,31.5,0
6664,10023.0,0,0,2020-01-16 11:00:00,6.2,0.0,100.0,75.0,69.0,0.0,12.5,0
6665,10037.0,0,0,2020-01-16 02:00:00,4.3,0.0,0.0,0.0,0.0,0.0,9.0,0
6666,10009.0,0,0,2020-01-16 02:00:00,4.3,0.0,0.0,0.0,0.0,0.0,9.0,0
6667,10017.0,0,0,2020-01-16 14:00:00,8.9,0.0,68.0,53.0,34.0,0.0,20.0,0
6668,10019.0,0,0,2020-01-16 13:00:00,8.2,0.0,67.0,65.0,14.0,0.0,15.9,0
6669,10019.0,0,0,2020-01-16 08:00:00,6.1,0.9,100.0,79.0,48.0,0.0,13.0,0
6670,10010.0,0,0,2020-01-16 16:00:00,8.3,0.0,30.0,13.0,31.0,0.0,26.8,0
6671,10013.0,0,0,2020-01-16 16:00:00,8.3,0.0,30.0,13.0,31.0,0.0,26.8,0
6672,10065.0,0,0,2020-01-16 13:00:00,8.2,0.0,67.0,65.0,14.0,0.0,15.9,0
6673,10005.0,0,0,2020-01-16 07:00:00,6.0,1.6,85.0,54.0,61.0,0.0,13.2,0
6674,10018.0,0,0,2020-01-16 18:00:00,8.2,0.0,33.0,11.0,38.0,0.0,31.1,0
6675,10032.0,0,0,2020-01-16 12:00:00,7.0,0.0,60.0,58.0,13.0,0.0,15.5,0
6676,10011.0,0,0,2020-01-16 15:00:00,8.4,0.0,37.0,21.0,30.0,0.0,24.0,0
6677,10001.0,0,0,2020-01-16 19:00:00,7.8,0.0,45.0,3.0,70.0,0.0,31.5,0
6678,10021.0,0,0,2020-01-16 20:00:00,7.1,0.0,34.0,14.0,35.0,0.0,30.0,0
6679,10011.0,0,0,2020-01-16 19:00:00,7.8,0.0,45.0,3.0,70.0,0.0,31.5,0
6680,10001.0,0,0,2020-01-16 13:00:00,8.2,0.0,67.0,65.0,14.0,0.0,15.9,0
6681,10065.0,0,0,2020-01-16 06:00:00,6.2,0.0,54.0,1.0,86.0,6.0,12.0,0
6682,10035.0,0,0,2020-01-16 11:00:00,6.2,0.0,100.0,75.0,69.0,0.0,12.5,0
6683,10035.0,0,0,2020-01-16 07:00:00,6.0,1.6,85.0,54.0,61.0,0.0,13.2,0
6684,10128.0,0,0,2020-01-16 09:00:00,6.4,0.8,100.0,100.0,79.0,0.0,12.2,0
6685,10018.0,0,0,2020-01-16 06:00:00,6.2,0.0,54.0,1.0,86.0,6.0,12.0,0
6686,10018.0,1,0,2020-01-16 23:00:00,4.4,0.0,23.0,0.0,38.0,0.0,23.5,1
6687,10001.0,0,0,2020-01-16 08:00:00,6.1,0.9,100.0,79.0,48.0,0.0,13.0,0
6688,10035.0,0,0,2020-01-16 18:00:00,8.2,0.0,33.0,11.0,38.0,0.0,31.1,0
6689,10027.0,0,0,2020-01-16 20:00:00,7.1,0.0,34.0,14.0,35.0,0.0,30.0,0
6690,10002.0,0,0,2020-01-16 18:00:00,8.2,0.0,33.0,11.0,38.0,0.0,31.1,0
6691,10014.0,0,0,2020-01-16 10:00:00,6.2,0.1,100.0,84.0,96.0,0.0,9.3,0
6692,10002.0,0,0,2020-01-16 16:00:00,8.3,0.0,30.0,13.0,31.0,0.0,26.8,0
6693,10023.0,0,0,2020-01-16 16:00:00,8.3,0.0,30.0,13.0,31.0,0.0,26.8,0
6694,10003.0,0,0,2020-01-16 12:00:00,7.0,0.0,60.0,58.0,13.0,0.0,15.5,0
6695,10022.0,0,0,2020-01-16 10:00:00,6.2,0.1,100.0,84.0,96.0,0.0,9.3,0
6696,10014.0,0,0,2020-01-16 08:00:00,6.1,0.9,100.0,79.0,48.0,0.0,13.0,0
6697,10025.0,0,0,2020-01-16 06:00:00,6.2,0.0,54.0,1.0,86.0,6.0,12.0,0
6698,10001.0,0,0,2020-01-16 11:00:00,6.2,0.0,100.0,75.0,69.0,0.0,12.5,0
6699,10009.0,0,0,2020-01-16 11:00:00,6.2,0.0,100.0,75.0,69.0,0.0,12.5,0
6700,10005.0,0,0,2020-01-16 12:00:00,7.0,0.0,60.0,58.0,13.0,0.0,15.5,0
6701,10001.0,0,0,2020-01-16 12:00:00,7.0,0.0,60.0,58.0,13.0,0.0,15.5,0
6702,10119.0,1,0,2020-01-16 08:00:00,6.1,0.9,100.0,79.0,48.0,0.0,13.0,1
6703,10029.0,0,0,2020-01-16 06:00:00,6.2,0.0,54.0,1.0,86.0,6.0,12.0,0
6704,10038.0,0,0,2020-01-16 12:00:00,7.0,0.0,60.0,58.0,13.0,0.0,15.5,0
6705,10022.0,1,0,2020-01-16 20:00:00,7.1,0.0,34.0,14.0,35.0,0.0,30.0,1
6706,10016.0,1,0,2020-01-16 18:00:00,8.2,0.0,33.0,11.0,38.0,0.0,31.1,1
6707,10029.0,0,0,2020-01-16 12:00:00,7.0,0.0,60.0,58.0,13.0,0.0,15.5,0
6708,10128.0,0,0,2020-01-15 12:00:00,5.4,0.0,53.0,59.0,0.0,0.0,10.5,0
6709,10023.0,0,0,2020-01-15 17:00:00,8.9,0.0,2.0,2.0,0.0,0.0,10.6,0
6710,10001.0,1,0,2020-01-15 10:00:00,4.8,0.0,93.0,77.0,0.0,79.0,11.7,1
6711,10017.0,1,0,2020-01-15 18:00:00,9.2,0.0,1.0,1.0,0.0,0.0,11.4,1
6712,10021.0,0,0,2020-01-15 09:00:00,5.6,0.0,96.0,95.0,0.0,36.0,11.5,0
6713,10023.0,0,0,2020-01-15 09:00:00,5.6,0.0,96.0,95.0,0.0,36.0,11.5,0
6714,10002.0,0,0,2020-01-15 14:00:00,6.9,0.0,41.0,45.0,0.0,0.0,9.5,0
6715,10016.0,1,0,2020-01-15 19:00:00,9.4,0.0,0.0,0.0,0.0,0.0,11.4,1
6716,10013.0,0,0,2020-01-15 19:00:00,9.4,0.0,0.0,0.0,0.0,0.0,11.4,0
6717,10016.0,0,0,2020-01-15 14:00:00,6.9,0.0,41.0,45.0,0.0,0.0,9.5,0
6718,10035.0,1,0,2020-01-15 15:00:00,8.3,0.0,61.0,68.0,0.0,0.0,11.0,1
6719,10128.0,0,0,2020-01-15 08:00:00,5.8,0.0,65.0,68.0,0.0,14.0,11.5,0
6720,10033.0,0,0,2020-01-15 12:00:00,5.4,0.0,53.0,59.0,0.0,0.0,10.5,0
6721,10018.0,0,0,2020-01-15 13:00:00,5.4,0.0,51.0,57.0,0.0,0.0,9.2,0
6722,10069.0,0,0,2020-01-15 17:00:00,8.9,0.0,2.0,2.0,0.0,0.0,10.6,0
6723,10022.0,1,0,2020-01-15 23:00:00,6.2,0.0,0.0,0.0,0.0,0.0,2.8,1
6724,10009.0,0,0,2020-01-15 13:00:00,5.4,0.0,51.0,57.0,0.0,0.0,9.2,0
6725,10022.0,0,0,2020-01-15 22:00:00,7.7,0.0,0.0,0.0,0.0,0.0,2.9,0
6726,10011.0,0,0,2020-01-15 17:00:00,8.9,0.0,2.0,2.0,0.0,0.0,10.6,0
6727,10010.0,1,0,2020-01-15 17:00:00,8.9,0.0,2.0,2.0,0.0,0.0,10.6,1
6728,10014.0,0,0,2020-01-15 16:00:00,8.4,0.0,22.0,24.0,0.0,0.0,10.6,0
6729,10014.0,0,0,2020-01-15 19:00:00,9.4,0.0,0.0,0.0,0.0,0.0,11.4,0
6730,10023.0,0,0,2020-01-15 16:00:00,8.4,0.0,22.0,24.0,0.0,0.0,10.6,0
6731,10017.0,0,0,2020-01-15 11:00:00,5.1,0.0,83.0,62.0,0.0,90.0,10.8,0
6732,10017.0,1,0,2020-01-15 13:00:00,5.4,0.0,51.0,57.0,0.0,0.0,9.2,1
6733,10010.0,0,0,2020-01-15 16:00:00,8.4,0.0,22.0,24.0,0.0,0.0,10.6,0
6734,10023.0,0,0,2020-01-15 07:00:00,6.1,0.0,73.0,77.0,0.0,12.0,9.4,0
6735,10036.0,0,0,2020-01-15 16:00:00,8.4,0.0,22.0,24.0,0.0,0.0,10.6,0
6736,10034.0,0,0,2020-01-15 20:00:00,9.4,0.0,0.0,0.0,0.0,0.0,8.1,0
6737,10002.0,0,0,2020-01-15 11:00:00,5.1,0.0,83.0,62.0,0.0,90.0,10.8,0
6738,10010.0,0,0,2020-01-15 14:00:00,6.9,0.0,41.0,45.0,0.0,0.0,9.5,0
6739,10011.0,0,0,2020-01-15 14:00:00,6.9,0.0,41.0,45.0,0.0,0.0,9.5,0
6740,10011.0,0,0,2020-01-15 15:00:00,8.3,0.0,61.0,68.0,0.0,0.0,11.0,0
6741,10032.0,1,0,2020-01-15 11:00:00,5.1,0.0,83.0,62.0,0.0,90.0,10.8,1
6742,10018.0,1,0,2020-01-15 12:00:00,5.4,0.0,53.0,59.0,0.0,0.0,10.5,1
6743,10021.0,0,0,2020-01-15 14:00:00,6.9,0.0,41.0,45.0,0.0,0.0,9.5,0
6744,10010.0,0,0,2020-01-15 10:00:00,4.8,0.0,93.0,77.0,0.0,79.0,11.7,0
6745,10022.0,0,0,2020-01-15 21:00:00,9.1,0.0,1.0,0.0,0.0,2.0,5.7,0
6746,10016.0,0,0,2020-01-15 20:00:00,9.4,0.0,0.0,0.0,0.0,0.0,8.1,0
6747,10010.0,0,0,2020-01-15 08:00:00,5.8,0.0,65.0,68.0,0.0,14.0,11.5,0
6748,10029.0,0,0,2020-01-15 12:00:00,5.4,0.0,53.0,59.0,0.0,0.0,10.5,0
6749,10018.0,0,0,2020-01-15 11:00:00,5.1,0.0,83.0,62.0,0.0,90.0,10.8,0
6750,10035.0,0,0,2020-01-15 15:00:00,8.3,0.0,61.0,68.0,0.0,0.0,11.0,0
6751,10019.0,0,0,2020-01-15 10:00:00,4.8,0.0,93.0,77.0,0.0,79.0,11.7,0
6752,10001.0,0,0,2020-01-15 18:00:00,9.2,0.0,1.0,1.0,0.0,0.0,11.4,0
6753,10018.0,0,0,2020-01-15 17:00:00,8.9,0.0,2.0,2.0,0.0,0.0,10.6,0
6754,10033.0,0,0,2020-01-15 18:00:00,9.2,0.0,1.0,1.0,0.0,0.0,11.4,0
6755,10001.0,0,0,2020-01-15 11:00:00,5.1,0.0,83.0,62.0,0.0,90.0,10.8,0
6756,10013.0,1,0,2020-01-15 08:00:00,5.8,0.0,65.0,68.0,0.0,14.0,11.5,1
6757,10001.0,0,0,2020-01-15 11:00:00,5.1,0.0,83.0,62.0,0.0,90.0,10.8,0
6758,10025.0,0,0,2020-01-15 16:00:00,8.4,0.0,22.0,24.0,0.0,0.0,10.6,0
6759,10023.0,0,0,2020-01-15 10:00:00,4.8,0.0,93.0,77.0,0.0,79.0,11.7,0
6760,10036.0,0,0,2020-01-15 01:00:00,5.7,0.0,100.0,95.0,51.0,22.0,4.4,0
6761,10028.0,0,0,2020-01-15 16:00:00,8.4,0.0,22.0,24.0,0.0,0.0,10.6,0
6762,10022.0,0,0,2020-01-15 00:00:00,5.6,0.0,100.0,97.0,95.0,22.0,5.9,0
6763,10012.0,1,0,2020-01-15 20:00:00,9.4,0.0,0.0,0.0,0.0,0.0,8.1,1
6764,10022.0,0,0,2020-01-15 07:00:00,6.1,0.0,73.0,77.0,0.0,12.0,9.4,0
6765,10003.0,0,0,2020-01-15 13:00:00,5.4,0.0,51.0,57.0,0.0,0.0,9.2,0
6766,10065.0,0,0,2020-01-15 18:00:00,9.2,0.0,1.0,1.0,0.0,0.0,11.4,0
6767,10036.0,0,0,2020-01-15 08:00:00,5.8,0.0,65.0,68.0,0.0,14.0,11.5,0
6768,10012.0,1,0,2020-01-14 14:00:00,2.8,0.0,100.0,92.0,0.0,100.0,4.5,1
6769,10014.0,0,0,2020-01-14 11:00:00,2.4,0.0,100.0,100.0,0.0,100.0,4.6,0
6770,10016.0,0,0,2020-01-14 07:00:00,2.8,0.0,100.0,100.0,0.0,100.0,3.0,0
6771,10028.0,0,0,2020-01-14 17:00:00,5.3,0.7,100.0,54.0,90.0,100.0,7.9,0
6772,10011.0,0,0,2020-01-14 20:00:00,6.5,0.9,100.0,100.0,75.0,99.0,10.3,0
6773,10009.0,0,0,2020-01-14 08:00:00,2.9,0.0,100.0,100.0,0.0,100.0,3.2,0
6774,10128.0,0,0,2020-01-14 14:00:00,2.8,0.0,100.0,92.0,0.0,100.0,4.5,0
6775,10025.0,0,0,2020-01-14 13:00:00,2.6,0.0,100.0,100.0,0.0,100.0,7.1,0
6776,10032.0,0,0,2020-01-14 08:00:00,2.9,0.0,100.0,100.0,0.0,100.0,3.2,0
6777,10011.0,0,0,2020-01-14 07:00:00,2.8,0.0,100.0,100.0,0.0,100.0,3.0,0
6778,10023.0,0,0,2020-01-14 00:00:00,4.7,0.0,76.0,52.0,0.0,96.0,4.8,0
6779,10023.0,0,0,2020-01-14 16:00:00,4.5,0.0,100.0,53.0,71.0,100.0,8.4,0
6780,10024.0,1,0,2020-01-14 18:00:00,5.8,1.3,100.0,82.0,95.0,100.0,9.7,1
6781,10037.0,1,0,2020-01-14 16:00:00,4.5,0.0,100.0,53.0,71.0,100.0,8.4,1
6782,10016.0,0,0,2020-01-14 21:00:00,6.4,0.5,100.0,87.0,86.0,93.0,10.1,0
6783,10128.0,0,0,2020-01-14 23:00:00,5.8,0.0,100.0,100.0,100.0,93.0,6.4,0
6784,10002.0,0,0,2020-01-14 08:00:00,2.9,0.0,100.0,100.0,0.0,100.0,3.2,0
6785,10034.0,0,0,2020-01-14 17:00:00,5.3,0.7,100.0,54.0,90.0,100.0,7.9,0
6786,10022.0,0,0,2020-01-14 22:00:00,6.0,0.1,100.0,98.0,99.0,94.0,6.2,0
6787,10036.0,0,0,2020-01-14 01:00:00,4.7,0.0,56.0,30.0,0.0,95.0,5.2,0
6788,10002.0,1,0,2020-01-14 14:00:00,2.8,0.0,100.0,92.0,0.0,100.0,4.5,1
6789,10007.0,0,0,2020-01-14 07:00:00,2.8,0.0,100.0,100.0,0.0,100.0,3.0,0
6790,10001.0,1,0,2020-01-14 23:00:00,5.8,0.0,100.0,100.0,100.0,93.0,6.4,1
6791,10021.0,0,0,2020-01-14 17:00:00,5.3,0.7,100.0,54.0,90.0,100.0,7.9,0
6792,10011.0,0,0,2020-01-14 14:00:00,2.8,0.0,100.0,92.0,0.0,100.0,4.5,0
6793,10025.0,0,0,2020-01-14 13:00:00,2.6,0.0,100.0,100.0,0.0,100.0,7.1,0
6794,10009.0,0,0,2020-01-14 19:00:00,6.2,0.8,100.0,97.0,83.0,100.0,9.5,0
6795,10033.0,1,0,2020-01-14 20:00:00,6.5,0.9,100.0,100.0,75.0,99.0,10.3,1
6796,10013.0,0,0,2020-01-14 11:00:00,2.4,0.0,100.0,100.0,0.0,100.0,4.6,0
6797,10001.0,0,0,2020-01-14 13:00:00,2.6,0.0,100.0,100.0,0.0,100.0,7.1,0
6798,10128.0,0,0,2020-01-14 14:00:00,2.8,0.0,100.0,92.0,0.0,100.0,4.5,0
6799,10018.0,0,0,2020-01-14 18:00:00,5.8,1.3,100.0,82.0,95.0,100.0,9.7,0
6800,10032.0,0,0,2020-01-14 09:00:00,3.0,0.0,100.0,100.0,0.0,100.0,4.0,0
6801,10037.0,0,0,2020-01-14 15:00:00,3.8,0.0,100.0,73.0,18.0,100.0,7.6,0
6802,10017.0,0,0,2020-01-14 10:00:00,2.4,0.0,100.0,100.0,0.0,100.0,5.9,0
6803,10128.0,0,0,2020-01-14 17:00:00,5.3,0.7,100.0,54.0,90.0,100.0,7.9,0
6804,10003.0,0,0,2020-01-14 14:00:00,2.8,0.0,100.0,92.0,0.0,100.0,4.5,0
6805,10009.0,0,0,2020-01-14 15:00:00,3.8,0.0,100.0,73.0,18.0,100.0,7.6,0
6806,10029.0,1,0,2020-01-14 09:00:00,3.0,0.0,100.0,100.0,0.0,100.0,4.0,1
6807,10034.0,0,0,2020-01-14 08:00:00,2.9,0.0,100.0,100.0,0.0,100.0,3.2,0
6808,10003.0,0,0,2020-01-14 22:00:00,6.0,0.1,100.0,98.0,99.0,94.0,6.2,0
6809,10036.0,0,0,2020-01-14 03:00:00,4.2,0.0,79.0,57.0,0.0,92.0,4.4,0
6810,10022.0,0,0,2020-01-14 12:00:00,2.6,0.0,100.0,100.0,0.0,100.0,6.6,0
6811,10029.0,0,0,2020-01-14 12:00:00,2.6,0.0,100.0,100.0,0.0,100.0,6.6,0
6812,10035.0,1,0,2020-01-14 18:00:00,5.8,1.3,100.0,82.0,95.0,100.0,9.7,1
6813,10002.0,0,0,2020-01-14 11:00:00,2.4,0.0,100.0,100.0,0.0,100.0,4.6,0
6814,10013.0,0,0,2020-01-14 15:00:00,3.8,0.0,100.0,73.0,18.0,100.0,7.6,0
6815,10013.0,0,0,2020-01-14 23:00:00,5.8,0.0,100.0,100.0,100.0,93.0,6.4,0
6816,10019.0,0,0,2020-01-13 22:00:00,5.5,0.0,100.0,87.0,0.0,99.0,4.7,0
6817,10029.0,0,0,2020-01-13 10:00:00,2.4,0.0,35.0,6.0,0.0,99.0,12.2,0
6818,10013.0,0,0,2020-01-13 07:00:00,4.4,0.0,29.0,0.0,0.0,98.0,12.5,0
6819,10014.0,0,0,2020-01-13 08:00:00,3.9,0.0,30.0,0.0,0.0,99.0,12.0,0
6820,10001.0,0,0,2020-01-13 12:00:00,2.2,0.0,35.0,6.0,1.0,98.0,10.3,0
6821,10012.0,2,0,2020-01-13 04:00:00,6.8,0.0,29.0,0.0,0.0,98.0,11.0,1
6822,10033.0,0,0,2020-01-13 19:00:00,5.2,0.0,100.0,100.0,0.0,100.0,2.9,0
6823,10032.0,0,0,2020-01-13 11:00:00,2.1,0.0,38.0,10.0,0.0,98.0,10.6,0
6824,10029.0,0,0,2020-01-13 15:00:00,5.0,0.0,100.0,99.0,16.0,100.0,8.3,0
6825,10036.0,0,0,2020-01-13 10:00:00,2.4,0.0,35.0,6.0,0.0,99.0,12.2,0
6826,10012.0,0,0,2020-01-13 11:00:00,2.1,0.0,38.0,10.0,0.0,98.0,10.6,0
6827,10016.0,0,0,2020-01-13 17:00:00,5.8,0.0,100.0,99.0,35.0,98.0,5.6,0
6828,10013.0,0,0,2020-01-13 16:00:00,5.6,0.0,100.0,100.0,41.0,98.0,6.6,0
6829,10128.0,0,0,2020-01-13 07:00:00,4.4,0.0,29.0,0.0,0.0,98.0,12.5,0
6830,10038.0,0,0,2020-01-13 13:00:00,2.4,0.0,57.0,29.0,1.0,100.0,10.8,0
6831,10065.0,0,0,2020-01-13 04:00:00,6.8,0.0,29.0,0.0,0.0,98.0,11.0,0
6832,10013.0,0,0,2020-01-13 07:00:00,4.4,0.0,29.0,0.0,0.0,98.0,12.5,0
6833,10027.0,1,0,2020-01-13 08:00:00,3.9,0.0,30.0,0.0,0.0,99.0,12.0,1
6834,10075.0,0,0,2020-01-13 09:00:00,3.3,0.0,30.0,0.0,0.0,100.0,11.6,0
6835,10029.0,0,0,2020-01-13 13:00:00,2.4,0.0,57.0,29.0,1.0,100.0,10.8,0
6836,10014.0,0,0,2020-01-13 11:00:00,2.1,0.0,38.0,10.0,0.0,98.0,10.6,0
6837,10036.0,0,0,2020-01-13 09:00:00,3.3,0.0,30.0,0.0,0.0,100.0,11.6,0
6838,10001.0,0,0,2020-01-13 14:00:00,3.4,0.0,100.0,98.0,0.0,98.0,8.5,0
6839,10010.0,0,0,2020-01-13 15:00:00,5.0,0.0,100.0,99.0,16.0,100.0,8.3,0
6840,10128.0,1,0,2020-01-13 22:00:00,5.5,0.0,100.0,87.0,0.0,99.0,4.7,1
6841,10028.0,0,0,2020-01-13 15:00:00,5.0,0.0,100.0,99.0,16.0,100.0,8.3,0
6842,10018.0,1,0,2020-01-13 18:00:00,5.4,0.0,100.0,100.0,2.0,100.0,3.6,1
6843,10009.0,0,0,2020-01-13 12:00:00,2.2,0.0,35.0,6.0,1.0,98.0,10.3,0
6844,10011.0,0,0,2020-01-13 12:00:00,2.2,0.0,35.0,6.0,1.0,98.0,10.3,0
6845,10013.0,0,0,2020-01-13 18:00:00,5.4,0.0,100.0,100.0,2.0,100.0,3.6,0
6846,10018.0,0,0,2020-01-13 13:00:00,2.4,0.0,57.0,29.0,1.0,100.0,10.8,0
6847,10022.0,0,0,2020-01-13 10:00:00,2.4,0.0,35.0,6.0,0.0,99.0,12.2,0
6848,10013.0,0,0,2020-01-13 00:00:00,11.4,0.0,22.0,0.0,0.0,73.0,10.2,0
6849,10028.0,0,0,2020-01-13 09:00:00,3.3,0.0,30.0,0.0,0.0,100.0,11.6,0
6850,10031.0,0,0,2020-01-13 09:00:00,3.3,0.0,30.0,0.0,0.0,100.0,11.6,0
6851,10027.0,0,0,2020-01-13 16:00:00,5.6,0.0,100.0,100.0,41.0,98.0,6.6,0
6852,10065.0,0,0,2020-01-13 09:00:00,3.3,0.0,30.0,0.0,0.0,100.0,11.6,0
6853,10017.0,0,0,2020-01-13 03:00:00,7.1,0.0,26.0,0.0,0.0,87.0,7.6,0
6854,10003.0,0,0,2020-01-13 11:00:00,2.1,0.0,38.0,10.0,0.0,98.0,10.6,0
6855,10001.0,0,0,2020-01-13 15:00:00,5.0,0.0,100.0,99.0,16.0,100.0,8.3,0
6856,10039.0,0,0,2020-01-13 08:00:00,3.9,0.0,30.0,0.0,0.0,99.0,12.0,0
6857,10009.0,1,0,2020-01-13 20:00:00,4.9,0.0,100.0,100.0,0.0,100.0,2.8,1
6858,10006.0,0,0,2020-01-13 11:00:00,2.1,0.0,38.0,10.0,0.0,98.0,10.6,0
6859,10019.0,0,0,2020-01-13 13:00:00,2.4,0.0,57.0,29.0,1.0,100.0,10.8,0
6860,10035.0,2,0,2020-01-13 08:00:00,3.9,0.0,30.0,0.0,0.0,99.0,12.0,1
6861,10004.0,0,0,2020-01-13 11:00:00,2.1,0.0,38.0,10.0,0.0,98.0,10.6,0
6862,10002.0,0,0,2020-01-12 03:00:00,14.7,0.0,100.0,91.0,5.0,100.0,23.1,0
6863,10018.0,0,0,2020-01-12 10:00:00,16.9,0.1,100.0,100.0,61.0,100.0,26.4,0
6864,10019.0,0,0,2020-01-12 16:00:00,16.9,0.0,21.0,0.0,0.0,71.0,24.6,0
6865,10013.0,0,0,2020-01-12 02:00:00,14.3,0.0,100.0,86.0,16.0,100.0,22.0,0
6866,10001.0,0,0,2020-01-12 12:00:00,16.9,1.5,100.0,100.0,99.0,90.0,27.3,0
6867,10011.0,1,0,2020-01-12 12:00:00,16.9,1.5,100.0,100.0,99.0,90.0,27.3,1
6868,10021.0,0,0,2020-01-12 13:00:00,17.8,0.3,100.0,49.0,76.0,93.0,26.9,0
6869,10001.0,0,0,2020-01-12 15:00:00,16.3,0.0,28.0,0.0,0.0,92.0,26.9,0
6870,10022.0,1,0,2020-01-12 17:00:00,17.4,0.0,15.0,0.0,0.0,51.0,25.3,1
6871,10033.0,0,0,2020-01-12 20:00:00,17.1,0.0,0.0,0.0,0.0,0.0,19.1,0
6872,10012.0,1,0,2020-01-12 17:00:00,17.4,0.0,15.0,0.0,0.0,51.0,25.3,1
6873,10013.0,0,0,2020-01-12 13:00:00,17.8,0.3,100.0,49.0,76.0,93.0,26.9,0
6874,10001.0,0,0,2020-01-12 12:00:00,16.9,1.5,100.0,100.0,99.0,90.0,27.3,0
6875,10010.0,0,0,2020-01-12 01:00:00,14.1,0.0,100.0,100.0,52.0,100.0,20.2,0
6876,10001.0,0,0,2020-01-12 08:00:00,15.0,2.0,100.0,97.0,93.0,100.0,29.1,0
6877,10001.0,0,0,2020-01-12 18:00:00,17.7,0.0,9.0,0.0,0.0,31.0,23.9,0
6878,10128.0,0,0,2020-01-12 13:00:00,17.8,0.3,100.0,49.0,76.0,93.0,26.9,0
6879,10019.0,0,0,2020-01-12 11:00:00,17.0,0.2,100.0,95.0,95.0,98.0,26.9,0
6880,10012.0,3,0,2020-01-12 01:00:00,14.1,0.0,100.0,100.0,52.0,100.0,20.2,1
6881,10011.0,0,0,2020-01-12 17:00:00,17.4,0.0,15.0,0.0,0.0,51.0,25.3,0
6882,10021.0,0,0,2020-01-12 15:00:00,16.3,0.0,28.0,0.0,0.0,92.0,26.9,0
6883,10039.0,0,0,2020-01-12 17:00:00,17.4,0.0,15.0,0.0,0.0,51.0,25.3,0
6884,10023.0,0,0,2020-01-12 18:00:00,17.7,0.0,9.0,0.0,0.0,31.0,23.9,0
6885,10001.0,0,0,2020-01-12 04:00:00,14.9,0.0,100.0,92.0,1.0,100.0,22.6,0
6886,10069.0,1,0,2020-01-12 15:00:00,16.3,0.0,28.0,0.0,0.0,92.0,26.9,1
6887,10018.0,0,0,2020-01-12 11:00:00,17.0,0.2,100.0,95.0,95.0,98.0,26.9,0
6888,10014.0,0,0,2020-01-12 08:00:00,15.0,2.0,100.0,97.0,93.0,100.0,29.1,0
6889,10027.0,0,0,2020-01-12 11:00:00,17.0,0.2,100.0,95.0,95.0,98.0,26.9,0
6890,10036.0,0,0,2020-01-11 23:00:00,14.2,0.0,53.0,26.0,0.0,100.0,18.8,0
6891,10002.0,0,0,2020-01-11 19:00:00,16.6,0.0,91.0,16.0,78.0,100.0,20.9,0
6892,10035.0,0,0,2020-01-11 21:00:00,15.7,0.0,52.0,14.0,15.0,100.0,21.9,0
6893,10038.0,2,0,2020-01-11 02:00:00,7.6,0.0,17.0,6.0,19.0,2.0,11.0,1
6894,10029.0,0,0,2020-01-11 09:00:00,8.3,0.0,100.0,96.0,52.0,100.0,13.3,0
6895,10036.0,0,0,2020-01-11 18:00:00,16.4,0.0,49.0,6.0,22.0,100.0,21.3,0
6896,10001.0,0,0,2020-01-11 10:00:00,9.2,0.0,100.0,98.0,82.0,99.0,16.0,0
6897,10009.0,0,0,2020-01-11 04:00:00,7.3,0.0,83.0,38.0,39.0,84.0,9.7,0
6898,10065.0,0,0,2020-01-11 22:00:00,14.7,0.0,47.0,18.0,1.0,100.0,18.0,0
6899,10036.0,0,0,2020-01-11 21:00:00,15.7,0.0,52.0,14.0,15.0,100.0,21.9,0
6900,10027.0,1,0,2020-01-11 14:00:00,11.7,0.0,34.0,2.0,6.0,94.0,18.1,1
6901,10002.0,0,0,2020-01-11 23:00:00,14.2,0.0,53.0,26.0,0.0,100.0,18.8,0
6902,10014.0,1,0,2020-01-11 15:00:00,13.7,0.0,31.0,0.0,1.0,100.0,18.2,1
6903,10012.0,0,0,2020-01-11 09:00:00,8.3,0.0,100.0,96.0,52.0,100.0,13.3,0
6904,10032.0,1,0,2020-01-11 00:00:00,8.1,0.0,69.0,15.0,92.0,0.0,11.5,1
6905,10003.0,0,0,2020-01-11 19:00:00,16.6,0.0,91.0,16.0,78.0,100.0,20.9,0
6906,10026.0,0,0,2020-01-11 15:00:00,13.7,0.0,31.0,0.0,1.0,100.0,18.2,0
6907,10036.0,0,0,2020-01-11 02:00:00,7.6,0.0,17.0,6.0,19.0,2.0,11.0,0
6908,10010.0,0,0,2020-01-11 18:00:00,16.4,0.0,49.0,6.0,22.0,100.0,21.3,0
6909,10065.0,0,0,2020-01-11 04:00:00,7.3,0.0,83.0,38.0,39.0,84.0,9.7,0
6910,10002.0,0,0,2020-01-11 03:00:00,7.2,0.0,25.0,13.0,12.0,21.0,9.7,0
6911,10012.0,0,0,2020-01-11 17:00:00,15.9,0.0,34.0,2.0,4.0,98.0,21.3,0
6912,10029.0,0,0,2020-01-11 00:00:00,8.1,0.0,69.0,15.0,92.0,0.0,11.5,0
6913,10128.0,0,0,2020-01-11 09:00:00,8.3,0.0,100.0,96.0,52.0,100.0,13.3,0
6914,10018.0,0,0,2020-01-11 21:00:00,15.7,0.0,52.0,14.0,15.0,100.0,21.9,0
6915,10023.0,0,0,2020-01-11 14:00:00,11.7,0.0,34.0,2.0,6.0,94.0,18.1,0
6916,10065.0,0,0,2020-01-11 10:00:00,9.2,0.0,100.0,98.0,82.0,99.0,16.0,0
6917,10001.0,0,0,2020-01-11 14:00:00,11.7,0.0,34.0,2.0,6.0,94.0,18.1,0
6918,10036.0,0,0,2020-01-11 12:00:00,9.8,0.0,85.0,37.0,67.0,37.0,16.4,0
6919,10037.0,1,0,2020-01-11 20:00:00,16.3,0.0,100.0,47.0,78.0,100.0,22.0,1
6920,10029.0,0,0,2020-01-11 20:00:00,16.3,0.0,100.0,47.0,78.0,100.0,22.0,0
6921,10012.0,0,0,2020-01-11 05:00:00,7.1,0.0,57.0,32.0,24.0,45.0,9.0,0
6922,10001.0,0,0,2020-01-11 17:00:00,15.9,0.0,34.0,2.0,4.0,98.0,21.3,0
6923,10031.0,0,0,2020-01-11 17:00:00,15.9,0.0,34.0,2.0,4.0,98.0,21.3,0
6924,10002.0,0,0,2020-01-11 19:00:00,16.6,0.0,91.0,16.0,78.0,100.0,20.9,0
6925,10012.0,0,0,2020-01-11 02:00:00,7.6,0.0,17.0,6.0,19.0,2.0,11.0,0
6926,10016.0,0,0,2020-01-11 08:00:00,7.5,0.0,100.0,83.0,20.0,94.0,12.4,0
6927,10025.0,0,0,2020-01-11 00:00:00,8.1,0.0,69.0,15.0,92.0,0.0,11.5,0
6928,10019.0,1,0,2020-01-11 00:00:00,8.1,0.0,69.0,15.0,92.0,0.0,11.5,1
6929,10016.0,0,0,2020-01-11 20:00:00,16.3,0.0,100.0,47.0,78.0,100.0,22.0,0
6930,10016.0,0,0,2020-01-11 11:00:00,9.5,0.0,100.0,68.0,96.0,99.0,16.6,0
6931,10020.0,0,0,2020-01-11 16:00:00,15.1,0.0,74.0,22.0,43.0,95.0,20.3,0
6932,10281.0,0,0,2020-01-11 12:00:00,9.8,0.0,85.0,37.0,67.0,37.0,16.4,0
6933,10010.0,0,0,2020-01-11 17:00:00,15.9,0.0,34.0,2.0,4.0,98.0,21.3,0
6934,10017.0,0,0,2020-01-11 09:00:00,8.3,0.0,100.0,96.0,52.0,100.0,13.3,0
6935,10036.0,1,0,2020-01-11 19:00:00,16.6,0.0,91.0,16.0,78.0,100.0,20.9,1
6936,10033.0,0,0,2020-01-11 10:00:00,9.2,0.0,100.0,98.0,82.0,99.0,16.0,0
6937,10010.0,0,0,2020-01-11 16:00:00,15.1,0.0,74.0,22.0,43.0,95.0,20.3,0
6938,10033.0,0,0,2020-01-11 19:00:00,16.6,0.0,91.0,16.0,78.0,100.0,20.9,0
6939,10028.0,1,0,2020-01-11 10:00:00,9.2,0.0,100.0,98.0,82.0,99.0,16.0,1
6940,10065.0,0,0,2020-01-11 04:00:00,7.3,0.0,83.0,38.0,39.0,84.0,9.7,0
6941,10026.0,0,0,2020-01-11 18:00:00,16.4,0.0,49.0,6.0,22.0,100.0,21.3,0
6942,10017.0,0,0,2020-01-11 20:00:00,16.3,0.0,100.0,47.0,78.0,100.0,22.0,0
6943,10003.0,1,0,2020-01-11 09:00:00,8.3,0.0,100.0,96.0,52.0,100.0,13.3,1
6944,10010.0,0,0,2020-01-11 13:00:00,10.2,0.0,53.0,25.0,44.0,12.0,17.1,0
6945,10003.0,0,0,2020-01-10 12:00:00,1.3,0.0,53.0,18.0,14.0,93.0,13.2,0
6946,10025.0,0,0,2020-01-10 08:00:00,-0.6,0.0,50.0,0.0,34.0,99.0,11.7,0
6947,10029.0,0,0,2020-01-10 12:00:00,1.3,0.0,53.0,18.0,14.0,93.0,13.2,0
6948,10013.0,0,0,2020-01-10 20:00:00,8.6,0.0,45.0,28.0,33.0,0.0,14.8,0
6949,10021.0,0,0,2020-01-10 08:00:00,-0.6,0.0,50.0,0.0,34.0,99.0,11.7,0
6950,10021.0,0,0,2020-01-10 14:00:00,1.9,0.0,100.0,87.0,29.0,92.0,13.0,0
6951,10036.0,0,0,2020-01-10 00:00:00,-0.8,0.0,31.0,0.0,2.0,100.0,7.2,0
6952,10017.0,1,0,2020-01-10 05:00:00,-1.6,0.0,30.0,0.0,0.0,100.0,9.3,1
6953,10024.0,0,0,2020-01-10 12:00:00,1.3,0.0,53.0,18.0,14.0,93.0,13.2,0
6954,10035.0,0,0,2020-01-10 14:00:00,1.9,0.0,100.0,87.0,29.0,92.0,13.0,0
6955,10022.0,0,0,2020-01-10 13:00:00,1.2,0.0,97.0,58.0,25.0,99.0,13.4,0
6956,10021.0,0,0,2020-01-10 15:00:00,3.7,0.0,100.0,99.0,20.0,99.0,11.8,0
6957,10022.0,0,0,2020-01-10 07:00:00,-1.1,0.0,65.0,0.0,59.0,98.0,11.5,0
6958,10034.0,1,0,2020-01-10 08:00:00,-0.6,0.0,50.0,0.0,34.0,99.0,11.7,1
6959,10002.0,0,0,2020-01-10 18:00:00,6.1,0.0,90.0,46.0,60.0,41.0,13.5,0
6960,10030.0,0,0,2020-01-10 14:00:00,1.9,0.0,100.0,87.0,29.0,92.0,13.0,0
6961,10007.0,0,0,2020-01-10 23:00:00,8.3,0.0,55.0,8.0,80.0,0.0,11.7,0
6962,10033.0,0,0,2020-01-10 15:00:00,3.7,0.0,100.0,99.0,20.0,99.0,11.8,0
6963,10017.0,0,0,2020-01-10 09:00:00,0.2,0.0,57.0,0.0,45.0,99.0,11.8,0
6964,10075.0,0,0,2020-01-10 18:00:00,6.1,0.0,90.0,46.0,60.0,41.0,13.5,0
6965,10038.0,0,0,2020-01-10 12:00:00,1.3,0.0,53.0,18.0,14.0,93.0,13.2,0
6966,10023.0,0,0,2020-01-10 15:00:00,3.7,0.0,100.0,99.0,20.0,99.0,11.8,0
6967,10016.0,0,0,2020-01-10 21:00:00,9.6,0.0,34.0,17.0,31.0,0.0,13.8,0
6968,10005.0,0,0,2020-01-10 13:00:00,1.2,0.0,97.0,58.0,25.0,99.0,13.4,0
6969,10036.0,0,0,2020-01-10 08:00:00,-0.6,0.0,50.0,0.0,34.0,99.0,11.7,0
6970,10013.0,0,0,2020-01-10 20:00:00,8.6,0.0,45.0,28.0,33.0,0.0,14.8,0
6971,10029.0,0,0,2020-01-10 23:00:00,8.3,0.0,55.0,8.0,80.0,0.0,11.7,0
6972,10023.0,1,0,2020-01-10 22:00:00,9.0,0.0,19.0,0.0,31.0,0.0,11.7,1
6973,10016.0,0,0,2020-01-10 17:00:00,5.2,0.0,100.0,99.0,91.0,72.0,12.2,0
6974,10018.0,0,0,2020-01-10 14:00:00,1.9,0.0,100.0,87.0,29.0,92.0,13.0,0
6975,10036.0,1,0,2020-01-10 15:00:00,3.7,0.0,100.0,99.0,20.0,99.0,11.8,1
6976,10022.0,0,0,2020-01-10 11:00:00,0.8,0.0,52.0,0.0,38.0,98.0,11.9,0
6977,10016.0,0,0,2020-01-10 19:00:00,7.2,0.0,41.0,26.0,29.0,0.0,14.0,0
6978,10011.0,0,0,2020-01-10 10:00:00,0.8,0.0,57.0,0.0,47.0,95.0,9.8,0
6979,10009.0,0,0,2020-01-10 10:00:00,0.8,0.0,57.0,0.0,47.0,95.0,9.8,0
6980,10033.0,0,0,2020-01-10 08:00:00,-0.6,0.0,50.0,0.0,34.0,99.0,11.7,0
6981,10025.0,0,0,2020-01-10 11:00:00,0.8,0.0,52.0,0.0,38.0,98.0,11.9,0
6982,10005.0,0,0,2020-01-10 14:00:00,1.9,0.0,100.0,87.0,29.0,92.0,13.0,0
6983,10001.0,0,0,2020-01-10 03:00:00,-1.5,0.0,31.0,0.0,2.0,100.0,9.7,0
6984,10001.0,0,0,2020-01-10 19:00:00,7.2,0.0,41.0,26.0,29.0,0.0,14.0,0
6985,10011.0,0,0,2020-01-10 18:00:00,6.1,0.0,90.0,46.0,60.0,41.0,13.5,0
6986,10029.0,1,0,2020-01-10 00:00:00,-0.8,0.0,31.0,0.0,2.0,100.0,7.2,1
6987,10033.0,0,0,2020-01-10 10:00:00,0.8,0.0,57.0,0.0,47.0,95.0,9.8,0
6988,10029.0,0,0,2020-01-10 08:00:00,-0.6,0.0,50.0,0.0,34.0,99.0,11.7,0
6989,10003.0,0,0,2020-01-10 16:00:00,4.4,0.0,100.0,99.0,39.0,90.0,10.4,0
6990,10011.0,0,0,2020-01-10 15:00:00,3.7,0.0,100.0,99.0,20.0,99.0,11.8,0
6991,10017.0,0,0,2020-01-10 14:00:00,1.9,0.0,100.0,87.0,29.0,92.0,13.0,0
6992,10013.0,1,0,2020-01-10 22:00:00,9.0,0.0,19.0,0.0,31.0,0.0,11.7,1
6993,10022.0,0,0,2020-01-10 16:00:00,4.4,0.0,100.0,99.0,39.0,90.0,10.4,0
6994,10016.0,0,0,2020-01-10 13:00:00,1.2,0.0,97.0,58.0,25.0,99.0,13.4,0
6995,10022.0,0,0,2020-01-09 15:00:00,-2.6,0.0,0.0,0.0,0.0,0.0,10.7,0
6996,10033.0,0,0,2020-01-09 13:00:00,-4.6,0.0,0.0,0.0,0.0,0.0,13.2,0
6997,10001.0,0,0,2020-01-09 16:00:00,-2.2,0.0,13.0,0.0,0.0,44.0,10.2,0
6998,10017.0,0,0,2020-01-09 11:00:00,-4.8,0.0,0.0,0.0,0.0,0.0,15.3,0
6999,10017.0,0,0,2020-01-09 14:00:00,-4.0,0.0,0.0,0.0,0.0,0.0,12.1,0
7000,10017.0,0,0,2020-01-09 05:00:00,-1.2,0.0,64.0,56.0,23.0,0.0,20.1,0
7001,10022.0,0,0,2020-01-09 00:00:00,0.9,0.0,0.0,0.0,0.0,0.0,22.7,0
7002,10011.0,0,0,2020-01-09 10:00:00,-4.8,0.0,0.0,0.0,0.0,0.0,16.1,0
7003,10001.0,0,0,2020-01-09 20:00:00,0.2,0.0,6.0,0.0,0.0,19.0,0.5,0
7004,10003.0,1,0,2020-01-09 00:00:00,0.9,0.0,0.0,0.0,0.0,0.0,22.7,1
7005,10022.0,0,0,2020-01-09 14:00:00,-4.0,0.0,0.0,0.0,0.0,0.0,12.1,0
7006,10065.0,0,0,2020-01-09 15:00:00,-2.6,0.0,0.0,0.0,0.0,0.0,10.7,0
7007,10011.0,0,0,2020-01-09 15:00:00,-2.6,0.0,0.0,0.0,0.0,0.0,10.7,0
7008,10014.0,0,0,2020-01-09 13:00:00,-4.6,0.0,0.0,0.0,0.0,0.0,13.2,0
7009,10009.0,0,0,2020-01-09 12:00:00,-4.6,0.0,0.0,0.0,0.0,0.0,15.1,0
7010,10128.0,0,0,2020-01-09 20:00:00,0.2,0.0,6.0,0.0,0.0,19.0,0.5,0
7011,10002.0,1,0,2020-01-09 17:00:00,-1.5,0.0,8.0,0.0,0.0,27.0,8.5,1
7012,10003.0,0,0,2020-01-09 23:00:00,-0.5,0.0,34.0,0.0,7.0,98.0,5.7,0
7013,10065.0,0,0,2020-01-09 19:00:00,-0.3,0.0,11.0,0.0,0.0,36.0,3.4,0
7014,10017.0,0,0,2020-01-09 23:00:00,-0.5,0.0,34.0,0.0,7.0,98.0,5.7,0
7015,10019.0,0,0,2020-01-09 08:00:00,-2.6,0.0,0.0,0.0,0.0,0.0,18.7,0
7016,10023.0,1,0,2020-01-09 09:00:00,-3.1,0.0,0.0,0.0,0.0,0.0,17.9,1
7017,10033.0,0,0,2020-01-09 07:00:00,-2.2,0.0,0.0,0.0,0.0,0.0,20.2,0
7018,10029.0,0,0,2020-01-09 11:00:00,-4.8,0.0,0.0,0.0,0.0,0.0,15.3,0
7019,10009.0,0,0,2020-01-09 15:00:00,-2.6,0.0,0.0,0.0,0.0,0.0,10.7,0
7020,10128.0,0,0,2020-01-09 18:00:00,-0.8,0.0,0.0,0.0,0.0,0.0,6.4,0
7021,10001.0,0,0,2020-01-09 12:00:00,-4.6,0.0,0.0,0.0,0.0,0.0,15.1,0
7022,10003.0,0,0,2020-01-09 11:00:00,-4.8,0.0,0.0,0.0,0.0,0.0,15.3,0
7023,10012.0,1,0,2020-01-09 13:00:00,-4.6,0.0,0.0,0.0,0.0,0.0,13.2,1
7024,10014.0,0,0,2020-01-09 04:00:00,-1.0,0.0,100.0,98.0,75.0,0.0,18.7,0
7025,10023.0,0,0,2020-01-09 19:00:00,-0.3,0.0,11.0,0.0,0.0,36.0,3.4,0
7026,10016.0,0,0,2020-01-09 10:00:00,-4.8,0.0,0.0,0.0,0.0,0.0,16.1,0
7027,10021.0,0,0,2020-01-09 11:00:00,-4.8,0.0,0.0,0.0,0.0,0.0,15.3,0
7028,10025.0,1,0,2020-01-09 12:00:00,-4.6,0.0,0.0,0.0,0.0,0.0,15.1,1
7029,10013.0,0,0,2020-01-09 06:00:00,-1.8,0.0,0.0,0.0,0.0,0.0,21.3,0
7030,10010.0,0,0,2020-01-09 16:00:00,-2.2,0.0,13.0,0.0,0.0,44.0,10.2,0
7031,10022.0,2,0,2020-01-09 19:00:00,-0.3,0.0,11.0,0.0,0.0,36.0,3.4,1
7032,10065.0,0,0,2020-01-09 15:00:00,-2.6,0.0,0.0,0.0,0.0,0.0,10.7,0
7033,10021.0,0,0,2020-01-09 16:00:00,-2.2,0.0,13.0,0.0,0.0,44.0,10.2,0
7034,10023.0,1,0,2020-01-09 17:00:00,-1.5,0.0,8.0,0.0,0.0,27.0,8.5,1
7035,10010.0,0,0,2020-01-09 08:00:00,-2.6,0.0,0.0,0.0,0.0,0.0,18.7,0
7036,10004.0,0,0,2020-01-09 10:00:00,-4.8,0.0,0.0,0.0,0.0,0.0,16.1,0
7037,10033.0,0,0,2020-01-09 21:00:00,0.2,0.0,29.0,0.0,0.0,97.0,3.5,0
7038,10010.0,0,0,2020-01-09 14:00:00,-4.0,0.0,0.0,0.0,0.0,0.0,12.1,0
7039,10036.0,1,0,2020-01-09 20:00:00,0.2,0.0,6.0,0.0,0.0,19.0,0.5,1
7040,10065.0,0,0,2020-01-09 22:00:00,0.3,0.0,30.0,0.0,1.0,99.0,4.2,0
7041,10030.0,0,0,2020-01-09 10:00:00,-4.8,0.0,0.0,0.0,0.0,0.0,16.1,0
7042,10034.0,1,0,2020-01-09 19:00:00,-0.3,0.0,11.0,0.0,0.0,36.0,3.4,1
7043,10011.0,0,0,2020-01-09 12:00:00,-4.6,0.0,0.0,0.0,0.0,0.0,15.1,0
7044,10010.0,0,0,2020-01-09 00:00:00,0.9,0.0,0.0,0.0,0.0,0.0,22.7,0
7045,10004.0,0,0,2020-01-09 17:00:00,-1.5,0.0,8.0,0.0,0.0,27.0,8.5,0
7046,10038.0,0,0,2020-01-09 09:00:00,-3.1,0.0,0.0,0.0,0.0,0.0,17.9,0
7047,10022.0,0,0,2020-01-08 17:00:00,3.4,0.0,11.0,5.0,11.0,0.0,24.1,0
7048,10029.0,0,0,2020-01-08 20:00:00,4.0,0.0,0.0,0.0,0.0,0.0,25.6,0
7049,10022.0,0,0,2020-01-08 02:00:00,2.3,0.1,81.0,0.0,100.0,71.0,6.7,0
7050,10002.0,0,0,2020-01-08 10:00:00,-1.0,0.0,15.0,0.0,25.0,0.0,14.2,0
7051,10069.0,0,0,2020-01-08 15:00:00,1.8,0.0,41.0,0.0,67.0,4.0,16.3,0
7052,10025.0,0,0,2020-01-08 13:00:00,-0.7,0.0,54.0,0.0,88.0,4.0,15.0,0
7053,10075.0,1,0,2020-01-08 14:00:00,0.2,0.0,48.0,0.0,80.0,0.0,14.8,1
7054,10035.0,0,0,2020-01-08 18:00:00,4.3,0.0,32.0,10.0,39.0,0.0,27.0,0
7055,10027.0,0,0,2020-01-08 08:00:00,0.6,0.0,0.0,0.0,0.0,0.0,12.2,0
7056,10017.0,0,0,2020-01-08 20:00:00,4.0,0.0,0.0,0.0,0.0,0.0,25.6,0
7057,10035.0,0,0,2020-01-08 17:00:00,3.4,0.0,11.0,5.0,11.0,0.0,24.1,0
7058,10034.0,1,0,2020-01-08 17:00:00,3.4,0.0,11.0,5.0,11.0,0.0,24.1,1
7059,10038.0,0,0,2020-01-08 09:00:00,-0.1,0.0,0.0,0.0,0.0,0.0,12.1,0
7060,10013.0,0,0,2020-01-08 11:00:00,-1.2,0.0,56.0,0.0,93.0,0.0,14.7,0
7061,10031.0,0,0,2020-01-08 15:00:00,1.8,0.0,41.0,0.0,67.0,4.0,16.3,0
7062,10011.0,0,0,2020-01-08 05:00:00,1.5,0.0,21.0,0.0,35.0,0.0,9.8,0
7063,10034.0,1,0,2020-01-08 22:00:00,1.7,0.0,6.0,1.0,9.0,0.0,24.8,1
7064,10022.0,0,0,2020-01-08 20:00:00,4.0,0.0,0.0,0.0,0.0,0.0,25.6,0
7065,10031.0,0,0,2020-01-08 06:00:00,0.9,0.0,7.0,0.0,11.0,0.0,9.0,0
7066,10009.0,0,0,2020-01-08 14:00:00,0.2,0.0,48.0,0.0,80.0,0.0,14.8,0
7067,10032.0,0,0,2020-01-08 09:00:00,-0.1,0.0,0.0,0.0,0.0,0.0,12.1,0
7068,10001.0,0,0,2020-01-08 08:00:00,0.6,0.0,0.0,0.0,0.0,0.0,12.2,0
7069,10065.0,0,0,2020-01-08 15:00:00,1.8,0.0,41.0,0.0,67.0,4.0,16.3,0
7070,10012.0,0,0,2020-01-08 19:00:00,4.4,0.2,32.0,1.0,51.0,0.0,29.7,0
7071,10036.0,0,0,2020-01-08 06:00:00,0.9,0.0,7.0,0.0,11.0,0.0,9.0,0
7072,10001.0,0,0,2020-01-08 13:00:00,-0.7,0.0,54.0,0.0,88.0,4.0,15.0,0
7073,10023.0,0,0,2020-01-08 00:00:00,2.9,0.3,90.0,0.0,100.0,100.0,4.2,0
7074,10002.0,0,0,2020-01-08 08:00:00,0.6,0.0,0.0,0.0,0.0,0.0,12.2,0
7075,10035.0,0,0,2020-01-08 14:00:00,0.2,0.0,48.0,0.0,80.0,0.0,14.8,0
7076,10036.0,1,0,2020-01-08 19:00:00,4.4,0.2,32.0,1.0,51.0,0.0,29.7,1
7077,10022.0,0,0,2020-01-08 06:00:00,0.9,0.0,7.0,0.0,11.0,0.0,9.0,0
7078,10036.0,0,0,2020-01-08 10:00:00,-1.0,0.0,15.0,0.0,25.0,0.0,14.2,0
7079,10001.0,0,0,2020-01-08 08:00:00,0.6,0.0,0.0,0.0,0.0,0.0,12.2,0
7080,10024.0,1,0,2020-01-08 17:00:00,3.4,0.0,11.0,5.0,11.0,0.0,24.1,1
7081,10024.0,0,0,2020-01-07 10:00:00,0.9,0.0,23.0,0.0,0.0,77.0,9.3,0
7082,10025.0,0,0,2020-01-07 09:00:00,2.3,0.0,15.0,0.0,0.0,49.0,13.1,0
7083,10065.0,2,0,2020-01-07 10:00:00,0.9,0.0,23.0,0.0,0.0,77.0,9.3,1
7084,10026.0,0,0,2020-01-07 17:00:00,5.1,0.0,74.0,0.0,85.0,76.0,1.8,0
7085,10001.0,0,0,2020-01-07 08:00:00,2.3,0.0,13.0,0.0,0.0,42.0,13.8,0
7086,10019.0,0,0,2020-01-07 05:00:00,3.2,0.0,17.0,0.0,0.0,57.0,16.2,0
7087,10005.0,0,0,2020-01-07 08:00:00,2.3,0.0,13.0,0.0,0.0,42.0,13.8,0
7088,10002.0,0,0,2020-01-07 11:00:00,0.8,0.0,25.0,0.0,0.0,83.0,8.7,0
7089,10013.0,0,0,2020-01-07 20:00:00,4.9,0.0,90.0,0.0,100.0,100.0,7.9,0
7090,10032.0,0,0,2020-01-07 22:00:00,3.9,0.0,90.0,0.0,100.0,100.0,5.8,0
7091,10065.0,0,0,2020-01-07 07:00:00,2.6,0.0,7.0,0.0,0.0,22.0,14.2,0
7092,10030.0,0,0,2020-01-07 01:00:00,4.0,0.0,0.0,0.0,0.0,0.0,13.0,0
7093,10032.0,0,0,2020-01-07 09:00:00,2.3,0.0,15.0,0.0,0.0,49.0,13.1,0
7094,10075.0,0,0,2020-01-07 16:00:00,3.9,0.0,54.0,0.0,86.0,9.0,3.6,0
7095,10037.0,1,0,2020-01-07 21:00:00,4.4,0.0,90.0,0.0,100.0,100.0,6.8,1
7096,10013.0,1,0,2020-01-07 18:00:00,4.8,0.0,89.0,0.0,99.0,98.0,4.8,1
7097,10019.0,0,0,2020-01-07 16:00:00,3.9,0.0,54.0,0.0,86.0,9.0,3.6,0
7098,10065.0,0,0,2020-01-07 10:00:00,0.9,0.0,23.0,0.0,0.0,77.0,9.3,0
7099,10018.0,0,0,2020-01-07 08:00:00,2.3,0.0,13.0,0.0,0.0,42.0,13.8,0
7100,10021.0,0,0,2020-01-07 09:00:00,2.3,0.0,15.0,0.0,0.0,49.0,13.1,0
7101,10036.0,0,0,2020-01-07 18:00:00,4.8,0.0,89.0,0.0,99.0,98.0,4.8,0
7102,10002.0,0,0,2020-01-07 17:00:00,5.1,0.0,74.0,0.0,85.0,76.0,1.8,0
7103,10065.0,0,0,2020-01-07 11:00:00,0.8,0.0,25.0,0.0,0.0,83.0,8.7,0
7104,10009.0,1,0,2020-01-07 08:00:00,2.3,0.0,13.0,0.0,0.0,42.0,13.8,1
7105,10025.0,1,0,2020-01-07 22:00:00,3.9,0.0,90.0,0.0,100.0,100.0,5.8,1
7106,10018.0,0,0,2020-01-07 16:00:00,3.9,0.0,54.0,0.0,86.0,9.0,3.6,0
7107,10025.0,0,0,2020-01-07 16:00:00,3.9,0.0,54.0,0.0,86.0,9.0,3.6,0
7108,10026.0,0,0,2020-01-07 15:00:00,3.2,0.0,35.0,0.0,58.0,2.0,4.0,0
7109,10033.0,0,0,2020-01-07 03:00:00,3.5,0.0,12.0,0.0,0.0,39.0,15.9,0
7110,10029.0,1,0,2020-01-07 18:00:00,4.8,0.0,89.0,0.0,99.0,98.0,4.8,1
7111,10035.0,0,0,2020-01-07 06:00:00,3.0,0.0,10.0,0.0,0.0,33.0,14.2,0
7112,10010.0,0,0,2020-01-07 11:00:00,0.8,0.0,25.0,0.0,0.0,83.0,8.7,0
7113,10019.0,1,0,2020-01-07 11:00:00,0.8,0.0,25.0,0.0,0.0,83.0,8.7,1
7114,10003.0,0,0,2020-01-07 23:00:00,3.3,0.1,90.0,0.0,100.0,100.0,4.8,0
7115,10012.0,0,0,2020-01-07 16:00:00,3.9,0.0,54.0,0.0,86.0,9.0,3.6,0
7116,10022.0,1,0,2020-01-07 14:00:00,0.9,0.0,61.0,0.0,65.0,72.0,4.8,1
7117,10011.0,0,0,2020-01-07 18:00:00,4.8,0.0,89.0,0.0,99.0,98.0,4.8,0
7118,10019.0,0,0,2020-01-07 06:00:00,3.0,0.0,10.0,0.0,0.0,33.0,14.2,0
7119,10035.0,0,0,2020-01-07 15:00:00,3.2,0.0,35.0,0.0,58.0,2.0,4.0,0
7120,10022.0,1,0,2020-01-07 21:00:00,4.4,0.0,90.0,0.0,100.0,100.0,6.8,1
7121,10029.0,1,0,2020-01-07 20:00:00,4.9,0.0,90.0,0.0,100.0,100.0,7.9,1
7122,10022.0,1,0,2020-01-07 19:00:00,5.0,0.0,90.0,0.0,100.0,100.0,8.4,1
7123,10032.0,1,0,2020-01-07 20:00:00,4.9,0.0,90.0,0.0,100.0,100.0,7.9,1
7124,10033.0,0,0,2020-01-07 07:00:00,2.6,0.0,7.0,0.0,0.0,22.0,14.2,0
7125,10023.0,1,0,2020-01-07 11:00:00,0.8,0.0,25.0,0.0,0.0,83.0,8.7,1
7126,10029.0,0,0,2020-01-07 13:00:00,0.5,0.0,35.0,0.0,12.0,93.0,7.4,0
7127,10019.0,1,0,2020-01-07 17:00:00,5.1,0.0,74.0,0.0,85.0,76.0,1.8,1
7128,10121.0,0,0,2020-01-07 23:00:00,3.3,0.1,90.0,0.0,100.0,100.0,4.8,0
7129,10017.0,0,0,2020-01-06 14:00:00,0.9,0.0,59.0,22.0,65.0,0.0,13.2,0
7130,10021.0,0,0,2020-01-06 19:00:00,6.5,0.0,56.0,28.0,51.0,0.0,18.4,0
7131,10002.0,0,0,2020-01-06 17:00:00,5.2,0.0,12.0,13.0,0.0,0.0,17.9,0
7132,10128.0,0,0,2020-01-06 13:00:00,0.8,0.0,100.0,60.0,93.0,0.0,12.3,0
7133,10003.0,0,0,2020-01-06 00:00:00,2.7,0.0,2.0,0.0,0.0,6.0,9.8,0
7134,10019.0,0,0,2020-01-06 07:00:00,0.4,0.3,60.0,0.0,100.0,1.0,8.4,0
7135,10019.0,0,0,2020-01-06 17:00:00,5.2,0.0,12.0,13.0,0.0,0.0,17.9,0
7136,10027.0,0,0,2020-01-06 09:00:00,-0.2,0.0,35.0,23.0,24.0,0.0,7.4,0
7137,10032.0,0,0,2020-01-06 11:00:00,0.2,0.0,100.0,85.0,98.0,0.0,8.6,0
7138,10010.0,0,0,2020-01-06 22:00:00,5.7,0.0,0.0,0.0,0.0,0.0,8.2,0
7139,10027.0,0,0,2020-01-06 10:00:00,0.2,0.0,100.0,77.0,79.0,0.0,6.4,0
7140,10026.0,0,0,2020-01-06 12:00:00,0.7,0.0,100.0,85.0,100.0,0.0,10.2,0
7141,10009.0,0,0,2020-01-06 14:00:00,0.9,0.0,59.0,22.0,65.0,0.0,13.2,0
7142,10035.0,0,0,2020-01-06 18:00:00,6.4,0.0,94.0,64.0,60.0,0.0,22.5,0
7143,10036.0,0,0,2020-01-06 20:00:00,6.8,0.0,32.0,4.0,48.0,0.0,14.4,0
7144,10010.0,0,0,2020-01-06 19:00:00,6.5,0.0,56.0,28.0,51.0,0.0,18.4,0
7145,10035.0,1,0,2020-01-06 09:00:00,-0.2,0.0,35.0,23.0,24.0,0.0,7.4,1
7146,10023.0,0,0,2020-01-06 09:00:00,-0.2,0.0,35.0,23.0,24.0,0.0,7.4,0
7147,10016.0,1,0,2020-01-06 11:00:00,0.2,0.0,100.0,85.0,98.0,0.0,8.6,1
7148,10038.0,0,0,2020-01-06 09:00:00,-0.2,0.0,35.0,23.0,24.0,0.0,7.4,0
7149,10032.0,0,0,2020-01-06 14:00:00,0.9,0.0,59.0,22.0,65.0,0.0,13.2,0
7150,10007.0,0,0,2020-01-06 14:00:00,0.9,0.0,59.0,22.0,65.0,0.0,13.2,0
7151,10027.0,2,0,2020-01-06 17:00:00,5.2,0.0,12.0,13.0,0.0,0.0,17.9,1
7152,10016.0,1,0,2020-01-06 19:00:00,6.5,0.0,56.0,28.0,51.0,0.0,18.4,1
7153,10003.0,0,0,2020-01-06 17:00:00,5.2,0.0,12.0,13.0,0.0,0.0,17.9,0
7154,10002.0,0,0,2020-01-06 18:00:00,6.4,0.0,94.0,64.0,60.0,0.0,22.5,0
7155,10018.0,0,0,2020-01-06 15:00:00,2.2,0.0,22.0,6.0,28.0,0.0,14.2,0
7156,10011.0,0,0,2020-01-06 20:00:00,6.8,0.0,32.0,4.0,48.0,0.0,14.4,0
7157,10027.0,0,0,2020-01-06 01:00:00,2.1,0.0,15.0,0.0,0.0,50.0,7.8,0
7158,10033.0,0,0,2020-01-06 13:00:00,0.8,0.0,100.0,60.0,93.0,0.0,12.3,0
7159,10128.0,0,0,2020-01-06 18:00:00,6.4,0.0,94.0,64.0,60.0,0.0,22.5,0
7160,10017.0,1,0,2020-01-06 06:00:00,0.7,0.2,65.0,0.0,100.0,18.0,11.2,1
7161,10075.0,1,0,2020-01-06 11:00:00,0.2,0.0,100.0,85.0,98.0,0.0,8.6,1
7162,10018.0,0,0,2020-01-06 13:00:00,0.8,0.0,100.0,60.0,93.0,0.0,12.3,0
7163,10036.0,0,0,2020-01-06 05:00:00,0.9,0.0,79.0,0.0,100.0,62.0,10.0,0
7164,10003.0,0,0,2020-01-06 09:00:00,-0.2,0.0,35.0,23.0,24.0,0.0,7.4,0
7165,10003.0,1,0,2020-01-05 09:00:00,3.6,0.0,37.0,8.0,50.0,0.0,21.9,1
7166,10024.0,0,0,2020-01-05 04:00:00,5.2,0.3,96.0,28.0,99.0,39.0,19.1,0
7167,10016.0,1,0,2020-01-05 15:00:00,3.8,0.0,42.0,47.0,0.0,0.0,29.1,1
7168,10036.0,0,0,2020-01-05 09:00:00,3.6,0.0,37.0,8.0,50.0,0.0,21.9,0
7169,10172.0,0,0,2020-01-05 15:00:00,3.8,0.0,42.0,47.0,0.0,0.0,29.1,0
7170,10036.0,1,0,2020-01-05 15:00:00,3.8,0.0,42.0,47.0,0.0,0.0,29.1,1
7171,10003.0,0,0,2020-01-05 03:00:00,5.5,0.2,90.0,15.0,100.0,54.0,19.3,0
7172,10001.0,0,0,2020-01-05 04:00:00,5.2,0.3,96.0,28.0,99.0,39.0,19.1,0
7173,10035.0,1,0,2020-01-05 15:00:00,3.8,0.0,42.0,47.0,0.0,0.0,29.1,1
7174,10007.0,1,0,2020-01-05 23:00:00,3.1,0.0,3.0,3.0,0.0,0.0,12.3,1
7175,10065.0,0,0,2020-01-05 03:00:00,5.5,0.2,90.0,15.0,100.0,54.0,19.3,0
7176,10028.0,1,0,2020-01-05 14:00:00,3.2,0.0,0.0,0.0,0.0,0.0,23.8,1
7177,10013.0,0,0,2020-01-05 16:00:00,4.2,0.0,53.0,59.0,0.0,0.0,31.2,0
7178,10040.0,0,0,2020-01-05 17:00:00,4.5,0.0,76.0,84.0,0.0,0.0,30.9,0
7179,10022.0,0,0,2020-01-05 22:00:00,3.4,0.0,49.0,53.0,2.0,2.0,13.8,0
7180,10038.0,0,0,2020-01-05 17:00:00,4.5,0.0,76.0,84.0,0.0,0.0,30.9,0
7181,10028.0,0,0,2020-01-05 18:00:00,4.6,0.0,60.0,67.0,0.0,0.0,28.5,0
7182,10031.0,0,0,2020-01-05 15:00:00,3.8,0.0,42.0,47.0,0.0,0.0,29.1,0
7183,10019.0,0,0,2020-01-05 21:00:00,4.2,0.0,9.0,2.0,0.0,24.0,18.4,0
7184,10030.0,0,0,2020-01-05 17:00:00,4.5,0.0,76.0,84.0,0.0,0.0,30.9,0
7185,10016.0,0,0,2020-01-05 09:00:00,3.6,0.0,37.0,8.0,50.0,0.0,21.9,0
7186,10036.0,0,0,2020-01-05 06:00:00,4.2,0.1,66.0,11.0,91.0,5.0,20.7,0
7187,10003.0,0,0,2020-01-05 02:00:00,7.0,0.0,90.0,14.0,100.0,57.0,15.6,0
7188,10002.0,1,0,2020-01-05 15:00:00,3.8,0.0,42.0,47.0,0.0,0.0,29.1,1
7189,10027.0,1,0,2020-01-05 14:00:00,3.2,0.0,0.0,0.0,0.0,0.0,23.8,1
7190,10019.0,1,0,2020-01-05 17:00:00,4.5,0.0,76.0,84.0,0.0,0.0,30.9,1
7191,10013.0,0,0,2020-01-05 14:00:00,3.2,0.0,0.0,0.0,0.0,0.0,23.8,0
7192,10016.0,0,0,2020-01-05 01:00:00,8.0,0.2,67.0,6.0,100.0,6.0,12.2,0
7193,10019.0,0,0,2020-01-05 20:00:00,4.6,0.0,9.0,4.0,0.0,17.0,22.3,0
7194,10065.0,1,0,2020-01-05 18:00:00,4.6,0.0,60.0,67.0,0.0,0.0,28.5,1
7195,10018.0,0,0,2020-01-05 10:00:00,2.9,0.0,100.0,85.0,53.0,0.0,20.2,0
7196,10022.0,0,0,2020-01-05 11:00:00,3.1,0.0,91.0,99.0,3.0,0.0,21.1,0
7197,10128.0,0,0,2020-01-05 21:00:00,4.2,0.0,9.0,2.0,0.0,24.0,18.4,0
7198,10065.0,0,0,2020-01-05 06:00:00,4.2,0.1,66.0,11.0,91.0,5.0,20.7,0
7199,10009.0,0,0,2020-01-05 12:00:00,3.2,0.0,60.0,67.0,0.0,0.0,23.4,0
7200,10009.0,0,0,2020-01-05 00:00:00,9.2,0.0,68.0,9.0,95.0,8.0,9.2,0
7201,10010.0,1,0,2020-01-05 17:00:00,4.5,0.0,76.0,84.0,0.0,0.0,30.9,1
7202,10018.0,0,0,2020-01-05 21:00:00,4.2,0.0,9.0,2.0,0.0,24.0,18.4,0
7203,10065.0,2,0,2020-01-05 13:00:00,3.0,0.0,0.0,0.0,0.0,0.0,23.7,1
7204,10011.0,0,0,2020-01-05 18:00:00,4.6,0.0,60.0,67.0,0.0,0.0,28.5,0
7205,10010.0,0,0,2020-01-05 01:00:00,8.0,0.2,67.0,6.0,100.0,6.0,12.2,0
7206,10011.0,0,0,2020-01-04 14:00:00,7.1,0.0,100.0,100.0,98.0,99.0,6.8,0
7207,10035.0,0,0,2020-01-04 12:00:00,6.8,0.1,100.0,100.0,99.0,100.0,7.2,0
7208,10003.0,0,0,2020-01-04 20:00:00,10.0,0.0,100.0,100.0,42.0,74.0,7.6,0
7209,10010.0,0,0,2020-01-04 20:00:00,10.0,0.0,100.0,100.0,42.0,74.0,7.6,0
7210,10040.0,0,0,2020-01-04 16:00:00,8.1,0.1,100.0,100.0,85.0,98.0,4.0,0
7211,10011.0,0,0,2020-01-04 18:00:00,9.3,0.0,99.0,100.0,15.0,0.0,4.3,0
7212,10016.0,0,0,2020-01-04 22:00:00,9.4,0.0,100.0,46.0,90.0,96.0,6.5,0
7213,10035.0,0,0,2020-01-04 17:00:00,8.8,0.0,100.0,100.0,23.0,40.0,1.8,0
7214,10032.0,0,0,2020-01-04 07:00:00,7.1,0.4,100.0,99.0,100.0,100.0,3.8,0
7215,10017.0,0,0,2020-01-04 18:00:00,9.3,0.0,99.0,100.0,15.0,0.0,4.3,0
7216,10018.0,0,0,2020-01-04 17:00:00,8.8,0.0,100.0,100.0,23.0,40.0,1.8,0
7217,10006.0,1,0,2020-01-04 22:00:00,9.4,0.0,100.0,46.0,90.0,96.0,6.5,1
7218,10032.0,0,0,2020-01-04 18:00:00,9.3,0.0,99.0,100.0,15.0,0.0,4.3,0
7219,10022.0,0,0,2020-01-04 23:00:00,9.6,0.0,100.0,32.0,87.0,84.0,8.3,0
7220,10003.0,0,0,2020-01-04 04:00:00,7.2,0.6,100.0,95.0,99.0,98.0,4.7,0
7221,10004.0,0,0,2020-01-04 15:00:00,7.7,0.0,100.0,100.0,98.0,100.0,4.7,0
7222,10035.0,1,0,2020-01-04 14:00:00,7.1,0.0,100.0,100.0,98.0,99.0,6.8,1
7223,10035.0,1,0,2020-01-04 20:00:00,10.0,0.0,100.0,100.0,42.0,74.0,7.6,1
7224,10037.0,0,0,2020-01-04 00:00:00,7.3,0.0,100.0,98.0,100.0,100.0,5.9,0
7225,10001.0,1,0,2020-01-04 14:00:00,7.1,0.0,100.0,100.0,98.0,99.0,6.8,1
7226,10128.0,0,0,2020-01-04 09:00:00,7.0,0.7,100.0,100.0,100.0,100.0,3.6,0
7227,10009.0,1,0,2020-01-04 12:00:00,6.8,0.1,100.0,100.0,99.0,100.0,7.2,1
7228,10016.0,0,0,2020-01-04 23:00:00,9.6,0.0,100.0,32.0,87.0,84.0,8.3,0
7229,10003.0,0,0,2020-01-04 22:00:00,9.4,0.0,100.0,46.0,90.0,96.0,6.5,0
7230,10065.0,0,0,2020-01-04 23:00:00,9.6,0.0,100.0,32.0,87.0,84.0,8.3,0
7231,10001.0,0,0,2020-01-04 03:00:00,6.9,0.4,100.0,89.0,100.0,100.0,7.6,0
7232,10013.0,0,0,2020-01-04 13:00:00,6.9,0.1,100.0,100.0,99.0,99.0,8.0,0
7233,10075.0,0,0,2020-01-04 04:00:00,7.2,0.6,100.0,95.0,99.0,98.0,4.7,0
7234,10011.0,0,0,2020-01-04 16:00:00,8.1,0.1,100.0,100.0,85.0,98.0,4.0,0
7235,10012.0,1,0,2020-01-04 21:00:00,10.0,0.0,100.0,100.0,65.0,92.0,7.2,1
7236,10019.0,0,0,2020-01-04 14:00:00,7.1,0.0,100.0,100.0,98.0,99.0,6.8,0
7237,10016.0,0,0,2020-01-04 12:00:00,6.8,0.1,100.0,100.0,99.0,100.0,7.2,0
7238,10019.0,0,0,2020-01-04 09:00:00,7.0,0.7,100.0,100.0,100.0,100.0,3.6,0
7239,10001.0,1,0,2020-01-04 01:00:00,7.5,0.0,100.0,99.0,100.0,100.0,6.9,1
7240,10013.0,0,0,2020-01-04 14:00:00,7.1,0.0,100.0,100.0,98.0,99.0,6.8,0
7241,10032.0,0,0,2020-01-04 18:00:00,9.3,0.0,99.0,100.0,15.0,0.0,4.3,0
7242,10032.0,0,0,2020-01-03 18:00:00,7.8,0.0,100.0,68.0,100.0,90.0,6.0,0
7243,10025.0,0,0,2020-01-03 04:00:00,5.5,0.0,51.0,1.0,34.0,100.0,9.1,0
7244,10032.0,0,0,2020-01-03 07:00:00,6.4,0.0,77.0,0.0,78.0,100.0,8.0,0
7245,10036.0,0,0,2020-01-03 23:00:00,7.5,0.0,100.0,99.0,100.0,78.0,6.4,0
7246,10016.0,1,0,2020-01-03 10:00:00,5.6,0.5,100.0,81.0,100.0,100.0,7.3,1
7247,10002.0,2,0,2020-01-03 22:00:00,7.8,0.0,100.0,99.0,100.0,94.0,6.4,1
7248,10012.0,0,0,2020-01-03 09:00:00,6.2,0.1,91.0,1.0,100.0,100.0,8.7,0
7249,10011.0,0,0,2020-01-03 13:00:00,5.7,0.5,100.0,100.0,100.0,59.0,5.4,0
7250,10035.0,0,0,2020-01-03 07:00:00,6.4,0.0,77.0,0.0,78.0,100.0,8.0,0
7251,10036.0,0,0,2020-01-03 11:00:00,5.5,0.9,100.0,99.0,100.0,100.0,6.1,0
7252,10009.0,1,0,2020-01-03 09:00:00,6.2,0.1,91.0,1.0,100.0,100.0,8.7,1
7253,10010.0,0,0,2020-01-03 06:00:00,6.0,0.0,100.0,52.0,99.0,100.0,7.9,0
7254,10027.0,1,0,2020-01-03 21:00:00,8.2,0.0,100.0,55.0,100.0,65.0,6.7,1
7255,10012.0,0,0,2020-01-03 06:00:00,6.0,0.0,100.0,52.0,99.0,100.0,7.9,0
7256,10014.0,0,0,2020-01-03 12:00:00,5.6,0.8,100.0,100.0,100.0,100.0,7.2,0
7257,10036.0,0,0,2020-01-03 19:00:00,8.0,0.0,100.0,42.0,100.0,82.0,5.0,0
7258,10018.0,0,0,2020-01-03 04:00:00,5.5,0.0,51.0,1.0,34.0,100.0,9.1,0
7259,10013.0,0,0,2020-01-03 07:00:00,6.4,0.0,77.0,0.0,78.0,100.0,8.0,0
7260,10033.0,0,0,2020-01-03 21:00:00,8.2,0.0,100.0,55.0,100.0,65.0,6.7,0
7261,10021.0,1,0,2020-01-03 23:00:00,7.5,0.0,100.0,99.0,100.0,78.0,6.4,1
7262,10023.0,0,0,2020-01-03 07:00:00,6.4,0.0,77.0,0.0,78.0,100.0,8.0,0
7263,10002.0,0,0,2020-01-03 12:00:00,5.6,0.8,100.0,100.0,100.0,100.0,7.2,0
7264,10011.0,0,0,2020-01-03 08:00:00,6.5,0.0,89.0,0.0,98.0,100.0,8.1,0
7265,10026.0,0,0,2020-01-03 10:00:00,5.6,0.5,100.0,81.0,100.0,100.0,7.3,0
7266,10032.0,1,0,2020-01-03 03:00:00,5.5,0.0,53.0,19.0,9.0,100.0,8.4,1
7267,10027.0,0,0,2020-01-03 17:00:00,7.3,0.2,100.0,83.0,100.0,49.0,5.0,0
7268,10019.0,1,0,2020-01-03 18:00:00,7.8,0.0,100.0,68.0,100.0,90.0,6.0,1
7269,10026.0,1,0,2020-01-03 07:00:00,6.4,0.0,77.0,0.0,78.0,100.0,8.0,1
7270,10012.0,0,0,2020-01-03 08:00:00,6.5,0.0,89.0,0.0,98.0,100.0,8.1,0
7271,10016.0,2,0,2020-01-03 18:00:00,7.8,0.0,100.0,68.0,100.0,90.0,6.0,1
7272,10010.0,0,0,2020-01-03 21:00:00,8.2,0.0,100.0,55.0,100.0,65.0,6.7,0
7273,10019.0,0,0,2020-01-03 20:00:00,8.2,0.0,100.0,50.0,99.0,93.0,5.9,0
7274,10029.0,0,0,2020-01-03 01:00:00,5.6,0.0,30.0,0.0,0.0,100.0,10.5,0
7275,10001.0,0,0,2020-01-03 07:00:00,6.4,0.0,77.0,0.0,78.0,100.0,8.0,0
7276,10022.0,1,0,2020-01-03 05:00:00,5.8,0.0,100.0,48.0,92.0,97.0,7.7,1
7277,10019.0,0,0,2020-01-03 16:00:00,6.7,0.2,100.0,99.0,100.0,94.0,6.9,0
7278,10039.0,0,0,2020-01-03 10:00:00,5.6,0.5,100.0,81.0,100.0,100.0,7.3,0
7279,10036.0,0,0,2020-01-03 21:00:00,8.2,0.0,100.0,55.0,100.0,65.0,6.7,0
7280,10033.0,0,0,2020-01-03 15:00:00,6.5,0.1,100.0,100.0,100.0,100.0,6.5,0
7281,10011.0,0,0,2020-01-03 14:00:00,5.9,0.2,100.0,100.0,100.0,93.0,6.1,0
7282,10026.0,0,0,2020-01-03 08:00:00,6.5,0.0,89.0,0.0,98.0,100.0,8.1,0
7283,10023.0,0,0,2020-01-03 10:00:00,5.6,0.5,100.0,81.0,100.0,100.0,7.3,0
7284,10037.0,0,0,2020-01-03 11:00:00,5.5,0.9,100.0,99.0,100.0,100.0,6.1,0
7285,10032.0,0,0,2020-01-03 21:00:00,8.2,0.0,100.0,55.0,100.0,65.0,6.7,0
7286,10011.0,0,0,2020-01-03 01:00:00,5.6,0.0,30.0,0.0,0.0,100.0,10.5,0
7287,10004.0,0,0,2020-01-03 16:00:00,6.7,0.2,100.0,99.0,100.0,94.0,6.9,0
7288,10037.0,0,0,2020-01-02 09:00:00,-0.8,0.0,26.0,0.0,0.0,87.0,10.3,0
7289,10009.0,0,0,2020-01-02 12:00:00,-1.5,0.0,0.0,0.0,0.0,0.0,10.3,0
7290,10032.0,0,0,2020-01-02 09:00:00,-0.8,0.0,26.0,0.0,0.0,87.0,10.3,0
7291,10001.0,0,0,2020-01-02 20:00:00,7.4,0.0,30.0,0.0,0.0,100.0,9.2,0
7292,10128.0,0,0,2020-01-02 14:00:00,0.1,0.0,0.0,0.0,0.0,0.0,9.7,0
7293,10002.0,0,0,2020-01-02 15:00:00,3.1,0.0,0.0,0.0,0.0,0.0,9.7,0
7294,10005.0,0,0,2020-01-02 14:00:00,0.1,0.0,0.0,0.0,0.0,0.0,9.7,0
7295,10025.0,0,0,2020-01-02 10:00:00,-1.8,0.0,10.0,0.0,0.0,34.0,9.6,0
7296,10007.0,1,0,2020-01-02 21:00:00,7.5,0.0,30.0,0.0,0.0,100.0,8.3,1
7297,10022.0,0,0,2020-01-02 10:00:00,-1.8,0.0,10.0,0.0,0.0,34.0,9.6,0
7298,10030.0,0,0,2020-01-02 00:00:00,2.4,0.0,0.0,0.0,0.0,0.0,11.4,0
7299,10022.0,1,0,2020-01-02 20:00:00,7.4,0.0,30.0,0.0,0.0,100.0,9.2,1
7300,10032.0,0,0,2020-01-02 12:00:00,-1.5,0.0,0.0,0.0,0.0,0.0,10.3,0
7301,10023.0,0,0,2020-01-02 21:00:00,7.5,0.0,30.0,0.0,0.0,100.0,8.3,0
7302,10033.0,0,0,2020-01-02 10:00:00,-1.8,0.0,10.0,0.0,0.0,34.0,9.6,0
7303,10012.0,1,0,2020-01-02 16:00:00,4.6,0.0,0.0,0.0,0.0,0.0,10.7,1
7304,10031.0,0,0,2020-01-02 16:00:00,4.6,0.0,0.0,0.0,0.0,0.0,10.7,0
7305,10019.0,0,0,2020-01-02 18:00:00,6.9,0.0,29.0,0.0,0.0,98.0,13.2,0
7306,10065.0,0,0,2020-01-02 06:00:00,-0.5,0.0,0.0,0.0,0.0,0.0,9.3,0
7307,10011.0,2,0,2020-01-02 12:00:00,-1.5,0.0,0.0,0.0,0.0,0.0,10.3,1
7308,10001.0,0,0,2020-01-02 11:00:00,-1.9,0.0,2.0,0.0,0.0,8.0,10.0,0
7309,10039.0,1,0,2020-01-02 12:00:00,-1.5,0.0,0.0,0.0,0.0,0.0,10.3,1
7310,10019.0,0,0,2020-01-02 18:00:00,6.9,0.0,29.0,0.0,0.0,98.0,13.2,0
7311,10018.0,1,0,2020-01-02 13:00:00,-1.7,0.0,0.0,0.0,0.0,0.0,10.1,1
7312,10001.0,0,0,2020-01-02 07:00:00,-0.6,0.0,3.0,0.0,0.0,11.0,9.8,0
7313,10024.0,1,0,2020-01-02 10:00:00,-1.8,0.0,10.0,0.0,0.0,34.0,9.6,1
7314,10027.0,0,0,2020-01-02 08:00:00,-0.7,0.0,16.0,0.0,0.0,53.0,10.3,0
7315,10036.0,0,0,2020-01-02 09:00:00,-0.8,0.0,26.0,0.0,0.0,87.0,10.3,0
7316,10013.0,0,0,2020-01-02 06:00:00,-0.5,0.0,0.0,0.0,0.0,0.0,9.3,0
7317,10036.0,1,0,2020-01-02 16:00:00,4.6,0.0,0.0,0.0,0.0,0.0,10.7,1
7318,10018.0,0,0,2020-01-02 17:00:00,5.9,0.0,8.0,0.0,0.0,27.0,12.0,0
7319,10029.0,0,0,2020-01-02 17:00:00,5.9,0.0,8.0,0.0,0.0,27.0,12.0,0
7320,10032.0,0,0,2020-01-02 12:00:00,-1.5,0.0,0.0,0.0,0.0,0.0,10.3,0
7321,10036.0,1,0,2020-01-02 02:00:00,1.6,0.0,0.0,0.0,0.0,0.0,10.5,1
7322,10024.0,0,0,2020-01-02 23:00:00,6.6,0.0,27.0,0.0,0.0,90.0,10.0,0
7323,10029.0,0,0,2020-01-02 14:00:00,0.1,0.0,0.0,0.0,0.0,0.0,9.7,0
7324,10018.0,0,0,2020-01-02 14:00:00,0.1,0.0,0.0,0.0,0.0,0.0,9.7,0
7325,10023.0,1,0,2020-01-02 20:00:00,7.4,0.0,30.0,0.0,0.0,100.0,9.2,1
7326,10001.0,0,0,2020-01-02 06:00:00,-0.5,0.0,0.0,0.0,0.0,0.0,9.3,0
7327,10024.0,0,0,2020-01-02 00:00:00,2.4,0.0,0.0,0.0,0.0,0.0,11.4,0
7328,10023.0,0,0,2020-01-02 12:00:00,-1.5,0.0,0.0,0.0,0.0,0.0,10.3,0
7329,10036.0,1,0,2020-01-01 01:00:00,4.8,0.0,91.0,45.0,81.0,7.0,9.7,1
7330,10024.0,0,0,2020-01-01 20:00:00,3.6,0.0,100.0,91.0,38.0,0.0,19.0,0
7331,10009.0,0,0,2020-01-01 13:00:00,2.4,0.0,0.0,0.0,0.0,0.0,14.8,0
7332,10002.0,0,0,2020-01-01 22:00:00,2.9,0.0,78.0,87.0,0.0,0.0,12.2,0
7333,10002.0,0,0,2020-01-01 00:00:00,4.7,0.0,78.0,23.0,96.0,0.0,9.2,0
7334,10012.0,0,0,2020-01-01 03:00:00,5.2,0.0,74.0,23.0,88.0,0.0,12.3,0
7335,10023.0,0,0,2020-01-01 15:00:00,3.0,0.0,2.0,1.0,1.0,0.0,18.8,0
7336,10032.0,1,0,2020-01-01 04:00:00,5.0,0.0,23.0,3.0,34.0,0.0,13.4,1
7337,10034.0,0,0,2020-01-01 02:00:00,5.4,0.0,100.0,46.0,97.0,12.0,11.4,0
7338,10034.0,1,0,2020-01-01 18:00:00,3.9,0.0,100.0,100.0,72.0,0.0,21.7,1
7339,10128.0,1,0,2020-01-01 15:00:00,3.0,0.0,2.0,1.0,1.0,0.0,18.8,1
7340,10007.0,1,0,2020-01-01 04:00:00,5.0,0.0,23.0,3.0,34.0,0.0,13.4,1
7341,10033.0,0,0,2020-01-01 07:00:00,4.1,0.0,0.0,0.0,0.0,0.0,15.7,0
7342,10016.0,0,0,2020-01-01 01:00:00,4.8,0.0,91.0,45.0,81.0,7.0,9.7,0
7343,10002.0,0,0,2020-01-01 05:00:00,4.6,0.0,5.0,0.0,8.0,0.0,14.6,0
7344,10001.0,0,0,2020-01-01 04:00:00,5.0,0.0,23.0,3.0,34.0,0.0,13.4,0
7345,10001.0,0,0,2020-01-01 07:00:00,4.1,0.0,0.0,0.0,0.0,0.0,15.7,0
7346,10017.0,1,0,2020-01-01 12:00:00,2.5,0.0,6.0,0.0,8.0,4.0,13.4,1
7347,10028.0,0,0,2020-01-01 08:00:00,3.8,0.0,0.0,0.0,0.0,0.0,15.7,0
7348,10018.0,0,0,2020-01-01 01:00:00,4.8,0.0,91.0,45.0,81.0,7.0,9.7,0
7349,10014.0,0,0,2020-01-01 01:00:00,4.8,0.0,91.0,45.0,81.0,7.0,9.7,0
7350,10002.0,0,0,2020-01-01 04:00:00,5.0,0.0,23.0,3.0,34.0,0.0,13.4,0
7351,10020.0,0,0,2020-01-01 20:00:00,3.6,0.0,100.0,91.0,38.0,0.0,19.0,0
7352,10017.0,0,0,2020-01-01 01:00:00,4.8,0.0,91.0,45.0,81.0,7.0,9.7,0
