,ZIP CODE,NUMBER OF PERSONS INJURED,NUMBER OF PERSONS KILLED,temperature_2m (°C),precipitation (mm),cloudcover (%),cloudcover_low (%),cloudcover_mid (%),cloudcover_high (%),windspeed_10m (km/h),SEVERITY OF ACCIDENT,hour,day_of_year
0,10029.0,0,0,23.3,0.0,52.0,7.0,26.0,100.0,7.0,0,1,242
1,10002.0,1,0,24.0,1.1,100.0,36.0,100.0,100.0,13.0,1,16,242
2,10032.0,1,0,25.3,0.4,89.0,15.0,98.0,55.0,12.0,1,19,242
3,10032.0,0,0,22.7,1.4,100.0,22.0,97.0,93.0,7.2,0,11,242
4,10025.0,1,0,25.5,0.0,45.0,6.0,52.0,28.0,12.0,1,20,242
5,10037.0,0,0,25.2,0.5,100.0,20.0,95.0,97.0,11.2,0,18,242
6,10016.0,0,0,22.7,1.4,100.0,22.0,97.0,93.0,7.2,0,11,242
7,10037.0,1,0,25.8,0.0,16.0,2.0,14.0,19.0,10.3,1,23,242
8,10032.0,0,0,23.0,2.0,100.0,99.0,99.0,93.0,12.0,0,14,242
9,10128.0,0,0,22.0,0.0,46.0,4.0,27.0,88.0,8.9,0,7,242
10,10013.0,0,0,26.3,0.0,15.0,4.0,6.0,25.0,12.2,0,21,242
11,10016.0,0,0,25.2,0.5,100.0,20.0,95.0,97.0,11.2,0,18,242
12,10027.0,1,0,23.7,0.0,34.0,4.0,4.0,93.0,5.9,1,0,242
13,10040.0,0,0,22.7,1.4,100.0,22.0,97.0,93.0,7.2,0,11,242
14,10019.0,1,0,22.1,0.0,33.0,0.0,5.0,99.0,8.8,1,6,242
15,10033.0,0,0,24.0,1.1,100.0,36.0,100.0,100.0,13.0,0,16,242
16,10013.0,0,0,23.0,0.0,74.0,12.0,59.0,93.0,10.5,0,2,242
17,10018.0,1,0,22.0,0.0,46.0,4.0,27.0,88.0,8.9,1,7,242
18,10009.0,1,0,25.3,0.4,89.0,15.0,98.0,55.0,12.0,1,19,242
19,10026.0,1,0,25.2,0.5,100.0,20.0,95.0,97.0,11.2,1,18,242
20,10025.0,0,0,22.4,0.0,1.0,0.0,0.0,4.0,9.5,0,7,241
21,10007.0,0,0,28.4,0.0,13.0,4.0,15.0,0.0,11.0,0,18,241
22,10027.0,0,0,21.4,0.0,11.0,0.0,0.0,35.0,9.5,0,10,241
23,10002.0,0,0,22.4,0.0,1.0,0.0,0.0,4.0,9.5,0,7,241
24,10033.0,0,0,24.2,0.0,37.0,17.0,0.0,73.0,12.8,0,14,241
25,10012.0,0,0,28.4,0.0,13.0,4.0,15.0,0.0,11.0,0,18,241
26,10011.0,0,0,26.6,0.0,33.0,7.0,0.0,89.0,10.3,0,16,241
27,10035.0,0,0,25.9,0.0,34.0,6.0,1.0,92.0,11.1,0,15,241
28,10035.0,1,0,28.7,0.0,72.0,0.0,71.0,98.0,10.5,1,20,241
29,10002.0,1,0,28.9,0.0,34.0,0.0,48.0,16.0,11.3,1,19,241
30,10020.0,0,0,28.5,0.2,91.0,6.0,92.0,100.0,8.7,0,21,241
31,10022.0,0,0,21.5,0.0,15.0,0.0,0.0,49.0,10.3,0,11,241
32,10019.0,0,0,24.2,0.0,37.0,17.0,0.0,73.0,12.8,0,14,241
33,10027.0,1,0,28.5,0.2,91.0,6.0,92.0,100.0,8.7,1,21,241
34,10022.0,0,0,28.4,0.0,13.0,4.0,15.0,0.0,11.0,0,18,241
35,10027.0,0,0,22.2,0.0,8.0,1.0,0.0,23.0,9.0,0,9,241
36,10035.0,0,0,27.5,0.0,14.0,1.0,4.0,36.0,10.4,0,17,241
37,10016.0,1,0,28.4,0.0,13.0,4.0,15.0,0.0,11.0,1,18,241
38,10002.0,1,0,20.9,0.0,74.0,23.0,39.0,99.0,3.0,1,11,240
39,10028.0,1,0,20.9,0.0,74.0,23.0,39.0,99.0,3.0,1,11,240
40,10027.0,1,0,23.3,0.0,45.0,24.0,3.0,73.0,6.6,1,14,240
41,10035.0,0,0,28.7,0.0,22.0,21.0,5.0,1.0,19.2,0,16,240
42,10027.0,0,0,21.2,0.0,88.0,17.0,78.0,86.0,4.1,0,10,240
43,10038.0,0,0,21.0,0.0,50.0,16.0,11.0,95.0,3.0,0,12,240
44,10002.0,2,0,31.9,0.0,16.0,0.0,27.0,0.0,21.2,1,21,240
45,10001.0,0,0,31.6,0.0,27.0,0.0,45.0,0.0,23.2,0,19,240
46,10029.0,0,0,21.1,0.0,68.0,1.0,68.0,89.0,4.3,0,8,240
47,10027.0,0,0,21.4,0.0,72.0,2.0,83.0,67.0,4.7,0,9,240
48,10016.0,1,0,21.2,0.0,88.0,17.0,78.0,86.0,4.1,1,10,240
49,10003.0,0,0,28.7,0.0,22.0,21.0,5.0,1.0,19.2,0,16,240
50,10018.0,0,0,23.3,0.0,45.0,24.0,3.0,73.0,6.6,0,14,240
51,10032.0,1,0,21.5,0.0,68.0,37.0,8.0,98.0,3.3,1,13,240
52,10018.0,1,0,31.0,0.0,41.0,40.0,9.0,0.0,22.7,1,17,240
53,10024.0,0,0,21.5,0.0,68.0,37.0,8.0,98.0,3.3,0,13,240
54,10012.0,0,0,28.7,0.0,22.0,21.0,5.0,1.0,19.2,0,16,240
55,10019.0,1,0,31.4,0.0,43.0,25.0,34.0,0.0,22.9,1,18,240
56,10012.0,0,0,31.4,0.0,43.0,25.0,34.0,0.0,22.9,0,18,240
57,10031.0,1,0,21.1,0.0,68.0,1.0,68.0,89.0,4.3,1,8,240
58,10018.0,0,0,31.4,0.0,43.0,25.0,34.0,0.0,22.9,0,18,240
59,10035.0,0,0,21.1,0.0,68.0,1.0,68.0,89.0,4.3,0,8,240
60,10027.0,0,0,21.1,0.0,68.0,1.0,68.0,89.0,4.3,0,8,240
61,10023.0,0,0,21.2,0.0,88.0,17.0,78.0,86.0,4.1,0,10,240
62,10030.0,0,0,20.9,0.0,74.0,23.0,39.0,99.0,3.0,0,11,240
63,10002.0,1,0,26.6,0.0,6.0,5.0,1.0,4.0,10.8,1,15,240
64,10035.0,2,0,31.4,0.0,43.0,25.0,34.0,0.0,22.9,1,18,240
65,10034.0,2,0,23.3,0.0,45.0,24.0,3.0,73.0,6.6,1,14,240
66,10016.0,0,0,21.1,0.0,68.0,1.0,68.0,89.0,4.3,0,8,240
67,10016.0,0,0,21.1,0.0,68.0,1.0,68.0,89.0,4.3,0,8,240
68,10012.0,1,0,24.9,0.0,29.0,0.0,0.0,97.0,19.4,1,19,239
69,10065.0,1,0,24.2,0.0,29.0,0.0,0.0,97.0,18.7,1,17,239
70,10035.0,0,0,23.8,0.0,22.0,0.0,0.0,72.0,12.0,0,23,239
71,10026.0,3,0,24.7,0.0,29.0,0.0,0.0,96.0,18.2,1,18,239
72,10022.0,0,0,21.2,0.0,0.0,0.0,0.0,0.0,15.9,0,13,239
73,10002.0,0,0,22.7,0.0,1.0,0.0,0.0,3.0,15.1,0,6,239
74,10009.0,0,0,20.6,0.0,0.0,0.0,0.0,0.0,11.0,0,11,239
75,10032.0,0,0,21.6,0.0,0.0,0.0,0.0,0.0,17.4,0,14,239
76,10027.0,1,0,21.0,0.0,0.0,0.0,0.0,0.0,13.6,1,12,239
77,10019.0,0,0,20.8,0.0,1.0,1.0,0.0,0.0,10.8,0,10,239
78,10128.0,1,0,24.3,0.0,27.0,0.0,0.0,91.0,16.6,1,22,239
79,10016.0,0,0,20.6,0.0,0.0,0.0,0.0,0.0,11.0,0,11,239
80,10023.0,1,0,23.5,0.0,0.0,0.0,0.0,1.0,19.1,1,16,239
81,10016.0,0,0,23.8,0.0,22.0,0.0,0.0,72.0,12.0,0,23,239
82,10030.0,0,0,25.1,0.0,29.0,0.0,0.0,98.0,19.4,0,20,239
83,10005.0,0,0,23.0,0.0,0.0,0.0,0.0,0.0,18.3,0,15,239
84,10002.0,0,0,24.7,0.0,29.0,0.0,0.0,96.0,18.2,0,18,239
85,10011.0,0,0,23.8,0.0,22.0,0.0,0.0,72.0,12.0,0,23,239
86,10023.0,0,0,24.3,0.0,27.0,0.0,0.0,91.0,16.6,0,22,239
87,10034.0,0,0,21.8,0.0,0.0,0.0,0.0,0.0,14.4,0,8,239
88,10128.0,0,0,21.6,0.0,0.0,0.0,0.0,0.0,17.4,0,14,239
89,10002.0,1,0,23.1,0.0,0.0,0.0,0.0,1.0,15.6,1,5,239
90,10024.0,0,0,24.9,0.0,29.0,0.0,0.0,97.0,19.4,0,19,239
91,10035.0,0,0,23.0,0.0,0.0,0.0,0.0,0.0,18.3,0,15,239
92,10013.0,0,0,21.2,0.0,0.0,0.0,0.0,0.0,15.9,0,13,239
93,10030.0,1,0,20.7,0.0,0.0,0.0,0.0,0.0,13.8,1,9,239
94,10013.0,1,0,23.0,0.0,0.0,0.0,0.0,0.0,18.3,1,15,239
95,10040.0,0,0,23.1,0.0,0.0,0.0,0.0,1.0,15.6,0,5,239
96,10010.0,0,0,23.5,0.0,0.0,0.0,0.0,1.0,19.1,0,16,239
97,10065.0,1,0,23.7,0.0,14.0,0.0,23.0,0.0,11.0,1,11,238
98,10033.0,1,0,31.6,0.0,30.0,2.0,10.0,74.0,17.7,1,19,238
99,10028.0,0,0,23.7,0.0,14.0,0.0,23.0,0.0,11.0,0,11,238
100,10022.0,1,0,23.4,0.0,11.0,0.0,18.0,0.0,10.0,1,9,238
101,10022.0,0,0,23.4,0.0,11.0,0.0,18.0,0.0,10.0,0,9,238
102,10029.0,1,0,29.8,0.0,20.0,12.0,5.0,19.0,17.9,1,17,238
103,10016.0,0,0,31.6,0.0,30.0,2.0,10.0,74.0,17.7,0,19,238
104,10039.0,0,0,25.5,0.0,5.0,0.0,9.0,0.0,10.8,0,3,238
105,10022.0,0,0,24.1,0.0,6.0,0.0,9.0,2.0,11.2,0,12,238
106,10035.0,0,0,23.8,0.0,7.0,0.0,11.0,1.0,10.5,0,8,238
107,10013.0,0,0,24.1,0.0,6.0,0.0,9.0,2.0,11.2,0,12,238
108,10025.0,0,0,23.5,0.0,13.0,0.0,21.0,0.0,9.4,0,10,238
109,10032.0,0,0,23.4,0.0,11.0,0.0,18.0,0.0,10.0,0,9,238
110,10027.0,0,0,29.1,0.0,28.0,1.0,0.0,90.0,15.5,0,16,238
111,10128.0,1,0,23.7,0.0,14.0,0.0,23.0,0.0,11.0,1,11,238
112,10023.0,1,0,28.2,0.0,28.0,0.0,0.0,94.0,14.0,1,15,238
113,10031.0,0,0,27.9,0.0,19.0,2.0,27.0,4.0,11.9,0,22,238
114,10032.0,0,0,31.6,0.0,30.0,2.0,10.0,74.0,17.7,0,19,238
115,10037.0,0,0,31.6,0.0,30.0,2.0,10.0,74.0,17.7,0,19,238
116,10011.0,1,0,23.5,0.0,11.0,0.0,3.0,29.0,5.6,1,8,237
117,10013.0,0,0,27.5,0.0,26.0,3.0,1.0,74.0,8.7,0,15,237
118,10027.0,1,0,25.6,0.0,18.0,0.0,0.0,61.0,7.4,1,14,237
119,10016.0,1,0,24.7,0.0,18.0,0.0,4.0,51.0,6.1,1,13,237
120,10021.0,0,0,25.6,0.0,18.0,0.0,0.0,61.0,7.4,0,14,237
121,10023.0,0,0,29.9,0.0,8.0,1.0,7.0,10.0,11.5,0,19,237
122,10017.0,1,0,28.4,0.0,32.0,7.0,3.0,81.0,8.9,1,16,237
123,10039.0,0,0,23.5,0.0,11.0,0.0,3.0,29.0,5.6,0,8,237
124,10002.0,0,0,29.9,0.0,8.0,1.0,7.0,10.0,11.5,0,19,237
125,10280.0,0,0,23.1,0.0,7.0,0.0,0.0,24.0,6.6,0,9,237
126,10039.0,0,0,27.5,0.0,26.0,3.0,1.0,74.0,8.7,0,15,237
127,10026.0,0,0,23.5,0.0,11.0,0.0,3.0,29.0,5.6,0,8,237
128,10018.0,0,0,27.5,0.0,26.0,3.0,1.0,74.0,8.7,0,15,237
129,10014.0,0,0,27.5,0.0,26.0,3.0,1.0,74.0,8.7,0,15,237
130,10032.0,0,0,24.5,0.0,29.0,0.0,3.0,92.0,6.1,0,4,237
131,10128.0,1,0,30.6,0.0,13.0,0.0,3.0,38.0,12.3,1,21,237
132,10039.0,1,0,25.6,0.0,18.0,0.0,0.0,61.0,7.4,1,14,237
133,10065.0,0,0,29.1,0.0,51.0,9.0,26.0,92.0,7.7,0,23,237
134,10024.0,0,0,23.9,0.0,28.0,0.0,3.0,87.0,5.6,0,5,237
135,10034.0,1,0,24.7,0.0,18.0,0.0,4.0,51.0,6.1,1,13,237
136,10025.0,1,0,23.7,0.0,22.0,7.0,22.0,7.0,5.7,1,10,237
137,10027.0,0,0,27.5,0.0,26.0,3.0,1.0,74.0,8.7,0,15,237
138,10002.0,0,0,25.4,0.0,31.0,1.0,5.0,91.0,6.8,0,1,237
139,10032.0,0,0,26.7,0.0,43.0,23.0,6.0,63.0,8.0,0,15,236
140,10033.0,0,0,27.7,0.0,25.0,12.0,17.0,12.0,10.1,0,20,236
141,10032.0,0,0,23.4,0.0,91.0,29.0,71.0,75.0,5.0,0,13,236
142,10029.0,0,0,25.3,0.0,25.0,0.0,5.0,74.0,10.2,0,2,236
143,10128.0,1,0,27.5,0.0,14.0,7.0,9.0,9.0,11.8,1,21,236
144,10023.0,1,0,22.8,0.0,22.0,0.0,5.0,63.0,6.3,1,8,236
145,10032.0,1,0,27.2,0.0,27.0,16.0,2.0,37.0,8.5,1,16,236
146,10025.0,1,0,27.5,0.0,14.0,7.0,9.0,9.0,11.8,1,21,236
147,10002.0,1,0,27.8,0.0,25.0,10.0,16.0,21.0,9.4,1,19,236
148,10012.0,0,0,27.3,0.0,24.0,3.0,8.0,55.0,11.2,0,22,236
149,10026.0,0,0,27.7,0.0,25.0,12.0,17.0,12.0,10.1,0,20,236
150,10003.0,0,0,26.7,0.0,26.0,1.0,3.0,76.0,9.7,0,23,236
151,10035.0,1,0,22.8,0.0,22.0,0.0,5.0,63.0,6.3,1,8,236
152,10007.0,0,0,27.6,0.0,40.0,19.0,22.0,32.0,8.4,0,17,236
153,10013.0,0,0,23.1,0.0,89.0,45.0,48.0,66.0,4.2,0,12,236
154,10012.0,0,0,27.5,0.0,14.0,7.0,9.0,9.0,11.8,0,21,236
155,10035.0,0,0,27.8,0.0,25.0,10.0,16.0,21.0,9.4,0,19,236
156,10026.0,1,0,27.3,0.0,24.0,3.0,8.0,55.0,11.2,1,22,236
157,10035.0,0,0,24.1,0.0,24.0,0.0,1.0,78.0,8.7,0,4,236
158,10128.0,0,0,25.9,0.0,21.0,0.0,9.0,53.0,9.5,0,1,236
159,10002.0,0,0,27.6,0.0,40.0,19.0,22.0,32.0,8.4,0,17,236
160,10075.0,1,0,27.1,0.0,37.0,0.0,53.0,17.0,5.9,1,23,235
161,10029.0,0,0,26.7,0.0,19.0,0.0,0.0,62.0,7.6,0,15,235
162,10065.0,0,0,28.4,0.9,38.0,7.0,35.0,37.0,12.0,0,21,235
163,10002.0,0,0,24.6,0.0,25.0,0.0,0.0,84.0,8.5,0,14,235
164,10019.0,0,0,29.2,0.0,30.0,12.0,25.0,15.0,10.2,0,19,235
165,10009.0,1,0,29.1,0.4,37.0,4.0,42.0,28.0,10.4,1,20,235
166,10065.0,0,0,29.2,0.0,30.0,12.0,25.0,15.0,10.2,0,19,235
167,10032.0,0,0,23.2,0.0,28.0,0.0,0.0,94.0,7.2,0,12,235
168,10003.0,0,0,28.4,0.9,38.0,7.0,35.0,37.0,12.0,0,21,235
169,10027.0,0,0,23.0,0.0,31.0,0.0,2.0,100.0,10.5,0,8,235
170,10035.0,0,0,27.1,0.0,37.0,0.0,53.0,17.0,5.9,0,23,235
171,10032.0,0,0,27.3,0.0,24.0,0.0,3.0,74.0,8.3,0,16,235
172,10025.0,0,0,26.7,0.0,19.0,0.0,0.0,62.0,7.6,0,15,235
173,10016.0,0,0,24.2,0.0,30.0,0.0,0.0,99.0,13.8,0,3,235
174,10029.0,0,0,25.4,0.0,34.0,0.0,7.0,98.0,11.9,0,1,235
175,10002.0,0,0,25.9,0.0,39.0,1.0,14.0,99.0,9.6,0,0,235
176,10128.0,0,0,23.2,0.0,28.0,0.0,0.0,94.0,7.2,0,12,235
177,10029.0,0,0,28.4,0.9,38.0,7.0,35.0,37.0,12.0,0,21,235
178,10012.0,2,0,24.6,0.0,25.0,0.0,0.0,84.0,8.5,1,14,235
179,10029.0,1,0,23.0,0.0,31.0,0.0,2.0,100.0,10.5,1,8,235
180,10031.0,0,0,29.1,0.4,37.0,4.0,42.0,28.0,10.4,0,20,235
181,10003.0,0,0,29.1,0.4,37.0,4.0,42.0,28.0,10.4,0,20,235
182,10128.0,0,0,28.7,0.0,29.0,4.0,21.0,41.0,10.0,0,18,235
183,10002.0,0,0,26.7,0.0,49.0,2.0,29.0,98.0,7.6,0,23,234
184,10002.0,0,0,26.1,0.0,55.0,7.0,32.0,97.0,14.5,0,16,234
185,10002.0,0,0,26.8,0.0,53.0,4.0,34.0,97.0,14.4,0,17,234
186,10128.0,0,0,20.3,0.0,12.0,0.0,0.0,40.0,9.7,0,4,234
187,10022.0,0,0,26.1,0.0,55.0,7.0,32.0,97.0,14.5,0,16,234
188,10016.0,1,0,20.4,0.0,24.0,0.0,0.0,81.0,9.2,1,12,234
189,10027.0,1,0,20.0,0.0,31.0,1.0,0.0,100.0,10.1,1,10,234
190,10022.0,2,0,27.2,0.0,51.0,0.0,36.0,98.0,7.2,1,22,234
191,10002.0,0,0,20.0,0.0,33.0,4.0,0.0,97.0,11.1,0,11,234
192,10032.0,0,0,25.3,0.0,29.0,0.0,2.0,92.0,12.7,0,15,234
193,10036.0,0,0,27.2,0.0,51.0,0.0,36.0,98.0,7.2,0,22,234
194,10023.0,2,0,19.7,0.0,29.0,0.0,0.0,98.0,10.2,1,8,234
195,10029.0,0,0,25.3,0.0,29.0,0.0,2.0,92.0,12.7,0,15,234
196,10128.0,0,0,26.1,0.0,55.0,7.0,32.0,97.0,14.5,0,16,234
197,10002.0,2,0,21.5,0.0,29.0,0.0,0.0,96.0,10.0,1,13,234
198,10031.0,0,0,27.2,0.0,51.0,0.0,36.0,98.0,7.2,0,22,234
199,10040.0,0,0,27.2,0.0,46.0,5.0,26.0,85.0,14.6,0,18,234
200,10010.0,0,0,19.3,0.0,30.0,0.0,0.0,100.0,10.4,0,9,234
201,10128.0,0,0,20.4,0.0,24.0,0.0,0.0,81.0,9.2,0,12,234
202,10031.0,0,0,21.5,0.0,29.0,0.0,0.0,96.0,10.0,0,13,234
203,10032.0,0,0,27.5,0.0,35.0,1.0,11.0,92.0,14.6,0,19,234
204,10013.0,0,0,20.0,0.0,33.0,4.0,0.0,97.0,11.1,0,11,234
205,10012.0,0,0,22.9,0.0,29.0,0.0,0.0,95.0,10.9,0,14,234
206,10018.0,0,0,27.9,0.0,32.0,0.0,10.0,86.0,13.6,0,20,234
207,10128.0,0,0,20.1,0.0,28.0,0.0,0.0,93.0,11.0,0,7,234
208,10013.0,0,0,19.3,0.0,30.0,0.0,0.0,100.0,10.4,0,9,234
209,10039.0,0,0,27.2,0.0,51.0,0.0,36.0,98.0,7.2,0,22,234
210,10038.0,0,0,21.5,0.0,29.0,0.0,0.0,96.0,10.0,0,13,234
211,10009.0,0,0,20.0,0.0,33.0,4.0,0.0,97.0,11.1,0,11,234
212,10018.0,0,0,26.8,0.0,53.0,4.0,34.0,97.0,14.4,0,17,234
213,10025.0,0,0,19.3,0.0,30.0,0.0,0.0,100.0,10.4,0,9,234
214,10029.0,0,0,27.2,0.0,51.0,0.0,36.0,98.0,7.2,0,22,234
215,10128.0,0,0,20.0,0.0,33.0,4.0,0.0,97.0,11.1,0,11,234
216,10010.0,0,0,20.0,0.0,31.0,1.0,0.0,100.0,10.1,0,10,234
217,10013.0,1,0,20.4,0.0,24.0,0.0,0.0,81.0,9.2,1,12,234
218,10037.0,0,0,23.0,0.0,8.0,0.0,0.0,25.0,8.4,0,0,234
219,10029.0,1,0,22.9,0.0,29.0,0.0,0.0,95.0,10.9,1,14,234
220,10012.0,0,0,22.0,0.0,11.0,0.0,0.0,38.0,9.4,0,1,234
221,10034.0,0,0,28.2,0.0,29.0,0.0,3.0,91.0,12.5,0,21,234
222,10032.0,0,0,27.2,0.0,51.0,0.0,36.0,98.0,7.2,0,22,234
223,10003.0,0,0,23.4,0.0,0.0,0.0,0.0,0.0,5.6,0,15,233
224,10003.0,1,0,18.5,0.0,0.0,0.0,0.0,0.0,8.3,1,12,233
225,10033.0,1,0,22.4,0.0,21.0,9.0,22.0,0.0,2.9,1,1,233
226,10022.0,1,0,18.5,0.0,0.0,0.0,0.0,0.0,11.5,1,8,233
227,10013.0,0,0,24.5,0.0,4.0,3.0,0.0,3.0,1.8,0,17,233
228,10026.0,2,0,19.0,0.0,0.0,0.0,0.0,0.0,11.7,1,7,233
229,10040.0,2,0,24.5,0.0,4.0,3.0,0.0,3.0,1.8,1,17,233
230,10023.0,1,0,26.0,0.0,24.0,0.0,0.0,80.0,5.5,1,21,233
231,10040.0,0,0,25.3,0.0,20.0,0.0,0.0,66.0,2.8,0,22,233
232,10035.0,2,0,19.8,0.0,0.0,0.0,0.0,0.0,8.6,1,13,233
233,10035.0,0,0,23.9,0.0,0.0,0.0,0.0,0.0,1.5,0,16,233
234,10075.0,1,0,24.5,0.0,4.0,3.0,0.0,3.0,1.8,1,17,233
235,10002.0,1,0,23.4,0.0,0.0,0.0,0.0,0.0,5.6,1,15,233
236,10018.0,0,0,18.5,0.0,0.0,0.0,0.0,0.0,11.5,0,8,233
237,10019.0,0,0,19.8,0.0,0.0,0.0,0.0,0.0,8.6,0,13,233
238,10027.0,0,0,17.6,0.0,0.0,0.0,0.0,0.0,10.1,0,11,233
239,10016.0,1,0,26.0,0.0,24.0,0.0,0.0,80.0,5.5,1,21,233
240,10011.0,0,0,25.2,0.0,18.0,0.0,0.0,60.0,3.8,0,19,233
241,10002.0,1,0,24.5,0.0,4.0,3.0,0.0,3.0,1.8,1,17,233
242,10003.0,0,0,23.9,0.0,0.0,0.0,0.0,0.0,1.5,0,16,233
243,10025.0,0,0,18.5,0.0,0.0,0.0,0.0,0.0,11.5,0,8,233
244,10030.0,0,0,18.5,0.0,0.0,0.0,0.0,0.0,8.3,0,12,233
245,10016.0,0,0,21.3,0.0,0.0,0.0,0.0,0.0,8.8,0,14,233
246,10013.0,0,0,23.4,0.0,0.0,0.0,0.0,0.0,5.6,0,15,233
247,10036.0,1,0,24.7,0.0,8.0,0.0,0.0,25.0,2.9,1,18,233
248,10035.0,1,0,21.3,0.0,0.0,0.0,0.0,0.0,8.8,1,14,233
249,10025.0,1,0,20.6,0.0,4.0,0.0,6.0,0.0,4.8,1,4,233
250,10001.0,0,0,24.5,0.0,4.0,3.0,0.0,3.0,1.8,0,17,233
251,10029.0,4,0,23.9,0.0,0.0,0.0,0.0,0.0,1.5,1,16,233
252,10001.0,1,0,18.5,0.0,0.0,0.0,0.0,0.0,11.5,1,8,233
253,10017.0,0,0,19.8,0.0,0.0,0.0,0.0,0.0,8.6,0,13,233
254,10075.0,0,0,21.7,0.0,23.0,5.0,26.0,9.0,6.5,0,7,232
255,10010.0,0,0,22.2,0.2,77.0,54.0,48.0,0.0,3.7,0,19,232
256,10012.0,1,0,23.2,0.0,21.0,2.0,32.0,1.0,5.4,1,22,232
257,10002.0,0,0,20.6,0.0,30.0,4.0,37.0,14.0,9.5,0,9,232
258,10016.0,0,0,20.5,0.0,90.0,0.0,100.0,99.0,3.4,0,14,232
259,10007.0,1,0,21.1,0.0,24.0,3.0,25.0,20.0,8.0,1,8,232
260,10029.0,0,0,20.7,0.8,100.0,45.0,86.0,68.0,6.0,0,17,232
261,10027.0,1,0,20.9,0.6,100.0,12.0,98.0,100.0,4.9,1,15,232
262,10019.0,0,0,20.6,0.0,30.0,4.0,37.0,14.0,9.5,0,9,232
263,10027.0,0,0,25.7,0.0,11.0,0.0,18.0,0.0,3.3,0,0,232
264,10026.0,1,0,20.6,0.0,30.0,4.0,37.0,14.0,9.5,1,9,232
265,10002.0,0,0,24.1,0.0,14.0,0.0,23.0,2.0,4.6,0,2,232
266,10031.0,0,0,20.5,0.0,90.0,0.0,100.0,99.0,3.4,0,14,232
267,10013.0,1,0,23.4,0.0,14.0,1.0,22.0,0.0,1.1,1,23,232
268,10018.0,0,0,20.3,0.9,99.0,11.0,98.0,100.0,4.2,0,16,232
269,10010.0,0,0,20.5,0.0,90.0,0.0,100.0,99.0,3.4,0,14,232
270,10001.0,0,0,20.4,0.0,54.0,0.0,77.0,26.0,6.8,0,11,232
271,10026.0,0,0,20.4,0.0,33.0,0.0,29.0,53.0,7.0,0,10,232
272,10035.0,0,0,20.5,0.0,90.0,0.0,100.0,99.0,3.4,0,14,232
273,10018.0,0,0,20.4,0.0,54.0,0.0,77.0,26.0,6.8,0,11,232
274,10012.0,1,0,20.3,0.9,99.0,11.0,98.0,100.0,4.2,1,16,232
275,10032.0,0,0,21.1,0.0,24.0,3.0,25.0,20.0,8.0,0,8,232
276,10018.0,0,0,20.3,0.9,99.0,11.0,98.0,100.0,4.2,0,16,232
277,10011.0,1,0,23.4,0.0,14.0,1.0,22.0,0.0,1.1,1,23,232
278,10022.0,1,0,20.5,0.0,90.0,0.0,100.0,99.0,3.4,1,14,232
279,10029.0,1,0,23.4,0.0,41.0,35.0,16.0,0.0,2.1,1,20,232
280,10031.0,1,0,20.4,0.0,54.0,0.0,77.0,26.0,6.8,1,11,232
281,10029.0,0,0,23.4,0.0,41.0,35.0,16.0,0.0,2.1,0,20,232
282,10035.0,0,0,21.5,0.7,38.0,2.0,51.0,19.0,5.5,0,2,231
283,10029.0,0,0,20.0,1.8,19.0,0.0,25.0,14.0,11.4,0,6,231
284,10029.0,0,0,26.9,0.0,31.0,0.0,51.0,0.0,6.4,0,22,231
285,10002.0,0,0,18.5,0.0,0.0,0.0,0.0,0.0,5.4,0,9,231
286,10033.0,0,0,20.0,0.9,18.0,0.0,27.0,6.0,10.4,0,7,231
287,10022.0,0,0,19.5,0.0,2.0,0.0,4.0,0.0,6.6,0,11,231
288,10013.0,0,0,20.0,1.8,19.0,0.0,25.0,14.0,11.4,0,6,231
289,10032.0,0,0,22.1,0.3,49.0,9.0,58.0,21.0,3.9,0,1,231
290,10033.0,0,0,21.5,0.7,38.0,2.0,51.0,19.0,5.5,0,2,231
291,10029.0,0,0,20.3,0.0,29.0,0.0,14.0,70.0,10.2,0,5,231
292,10034.0,0,0,22.5,0.0,45.0,10.0,56.0,8.0,7.2,0,0,231
293,10016.0,0,0,20.1,0.0,2.0,0.0,3.0,0.0,5.4,0,12,231
294,10018.0,0,0,19.7,0.0,5.0,0.0,9.0,0.0,5.0,0,10,231
295,10032.0,1,0,21.5,0.7,38.0,2.0,51.0,19.0,5.5,1,2,231
296,10012.0,0,0,21.0,0.0,1.0,0.0,1.0,0.0,5.3,0,13,231
297,10001.0,1,0,18.9,0.0,20.0,0.0,33.0,2.0,8.0,1,8,231
298,10029.0,3,0,24.5,0.0,0.0,0.0,0.0,0.0,6.7,1,15,231
299,10282.0,0,0,20.9,0.6,41.0,1.0,37.0,61.0,7.7,0,3,231
300,10022.0,1,0,25.5,0.0,0.0,0.0,0.0,0.0,7.1,1,16,231
301,10035.0,0,0,22.5,0.0,45.0,10.0,56.0,8.0,7.2,0,0,231
302,10030.0,0,0,20.1,0.0,2.0,0.0,3.0,0.0,5.4,0,12,231
303,10031.0,0,0,22.2,0.0,0.0,0.0,0.0,0.0,5.4,0,14,231
304,10013.0,0,0,18.9,0.0,20.0,0.0,33.0,2.0,8.0,0,8,231
305,10032.0,1,0,20.1,0.0,2.0,0.0,3.0,0.0,5.4,1,12,231
306,10014.0,0,0,18.9,0.0,20.0,0.0,33.0,2.0,8.0,0,8,231
307,10031.0,1,0,20.6,0.0,47.0,0.0,34.0,89.0,8.7,1,4,231
308,10027.0,0,0,27.0,0.0,20.0,0.0,34.0,0.0,9.7,0,18,231
309,10007.0,0,0,19.5,0.0,2.0,1.0,2.0,0.0,4.2,0,12,230
310,10022.0,0,0,25.7,0.0,47.0,32.0,30.0,0.0,7.7,0,18,230
311,10039.0,2,0,25.4,0.3,49.0,34.0,30.0,0.0,12.2,1,20,230
312,10018.0,0,0,20.8,0.0,36.0,39.0,2.0,0.0,15.1,0,0,230
313,10019.0,0,0,19.0,0.0,0.0,0.0,0.0,0.0,7.1,0,8,230
314,10026.0,1,0,25.7,0.0,47.0,32.0,30.0,0.0,7.7,1,18,230
315,10033.0,0,0,24.9,0.0,85.0,88.0,9.0,0.0,7.7,0,17,230
316,10029.0,0,0,25.2,0.3,54.0,20.0,60.0,0.0,12.8,0,21,230
317,10023.0,1,0,20.8,0.0,36.0,39.0,2.0,0.0,15.1,1,0,230
318,10036.0,0,0,19.5,0.0,2.0,1.0,2.0,0.0,4.2,0,12,230
319,10035.0,1,0,18.4,0.0,4.0,4.0,1.0,0.0,5.4,1,10,230
320,10001.0,0,0,21.6,0.0,3.0,1.0,4.0,0.0,3.1,0,14,230
321,10032.0,0,0,25.4,0.3,49.0,34.0,30.0,0.0,12.2,0,20,230
322,10036.0,0,0,23.2,0.0,8.0,4.0,7.0,0.0,4.9,0,15,230
323,10010.0,1,0,23.3,0.0,56.0,6.0,77.0,13.0,10.0,1,23,230
324,10025.0,0,0,19.5,0.0,2.0,1.0,2.0,0.0,4.2,0,12,230
325,10024.0,1,0,23.2,0.0,8.0,4.0,7.0,0.0,4.9,1,15,230
326,10034.0,1,0,25.7,0.0,47.0,32.0,30.0,0.0,7.7,1,18,230
327,10032.0,0,0,19.5,0.0,2.0,1.0,2.0,0.0,4.2,0,12,230
328,10032.0,0,0,25.4,0.3,49.0,34.0,30.0,0.0,12.2,0,20,230
329,10033.0,1,0,24.9,0.0,85.0,88.0,9.0,0.0,7.7,1,17,230
330,10005.0,0,0,19.5,0.0,2.0,1.0,2.0,0.0,4.2,0,12,230
331,10039.0,0,0,23.2,0.0,8.0,4.0,7.0,0.0,4.9,0,15,230
332,10004.0,1,0,25.7,0.0,47.0,32.0,30.0,0.0,7.7,1,18,230
333,10030.0,1,0,25.4,0.3,49.0,34.0,30.0,0.0,12.2,1,20,230
334,10018.0,0,0,24.9,0.0,85.0,88.0,9.0,0.0,7.7,0,17,230
335,10002.0,1,0,20.4,0.0,3.0,0.0,5.0,0.0,2.3,1,13,230
336,10032.0,0,0,23.2,0.0,8.0,4.0,7.0,0.0,4.9,0,15,230
337,10017.0,0,0,19.3,0.0,1.0,0.0,2.0,0.0,9.3,0,6,230
338,10025.0,1,0,19.5,0.0,2.0,1.0,2.0,0.0,4.2,1,12,230
339,10023.0,1,0,25.5,0.0,32.0,20.0,24.0,0.0,10.0,1,19,230
340,10065.0,0,0,20.3,0.3,100.0,92.0,100.0,95.0,11.7,0,10,229
341,10028.0,1,0,20.5,0.5,100.0,37.0,95.0,88.0,17.6,1,19,229
342,10023.0,0,0,20.0,1.5,100.0,45.0,100.0,96.0,17.6,0,15,229
343,10032.0,0,0,22.2,0.0,100.0,27.0,89.0,97.0,12.4,0,4,229
344,10033.0,1,0,20.0,2.0,100.0,72.0,100.0,94.0,17.9,1,17,229
345,10013.0,0,0,21.2,0.6,75.0,1.0,79.0,88.0,13.7,0,8,229
346,10029.0,1,0,20.0,2.0,100.0,93.0,100.0,99.0,16.0,1,13,229
347,10016.0,1,0,19.9,1.5,100.0,68.0,100.0,99.0,16.4,1,14,229
348,10016.0,0,0,20.3,0.3,100.0,92.0,100.0,95.0,11.7,0,10,229
349,10013.0,0,0,23.6,0.1,90.0,6.0,92.0,98.0,13.7,0,0,229
350,10027.0,0,0,20.0,2.0,100.0,93.0,100.0,99.0,16.0,0,13,229
351,10030.0,1,0,23.6,0.1,90.0,6.0,92.0,98.0,13.7,1,0,229
352,10035.0,0,0,21.6,0.0,100.0,30.0,100.0,91.0,14.4,0,6,229
353,10011.0,0,0,20.8,0.3,88.0,0.0,100.0,93.0,14.5,0,9,229
354,10009.0,0,0,22.2,0.0,41.0,0.0,21.0,95.0,10.8,0,12,228
355,10033.0,1,0,26.3,0.0,17.0,10.0,9.0,9.0,5.2,1,1,228
356,10022.0,0,0,25.1,0.0,67.0,11.0,46.0,99.0,15.4,0,21,228
357,10028.0,0,0,22.1,0.0,50.0,0.0,35.0,95.0,12.0,0,11,228
358,10026.0,0,0,26.3,0.0,17.0,10.0,9.0,9.0,5.2,0,1,228
359,10012.0,0,0,22.2,0.0,41.0,0.0,21.0,95.0,10.8,0,12,228
360,10032.0,1,0,26.5,0.0,26.0,0.0,3.0,82.0,12.9,1,16,228
361,10037.0,0,0,26.8,0.0,10.0,4.0,3.0,14.0,4.3,0,0,228
362,10014.0,0,0,24.6,0.0,89.0,9.0,85.0,100.0,13.4,0,22,228
363,10035.0,4,0,23.1,0.0,18.0,11.0,13.0,0.0,6.9,1,7,228
364,10032.0,0,0,26.7,0.0,40.0,0.0,25.0,82.0,14.1,0,17,228
365,10027.0,1,0,25.3,0.0,73.0,8.0,60.0,98.0,15.6,1,20,228
366,10036.0,1,0,23.1,0.0,18.0,11.0,13.0,0.0,6.9,1,7,228
367,10032.0,1,0,23.3,0.0,35.0,8.0,13.0,68.0,6.1,1,5,228
368,10027.0,0,0,22.2,0.0,41.0,0.0,21.0,95.0,10.8,0,12,228
369,10003.0,1,0,22.1,0.0,50.0,0.0,35.0,95.0,12.0,1,11,228
370,10012.0,2,0,25.8,0.0,62.0,7.0,44.0,96.0,15.1,1,19,228
371,10013.0,0,0,25.3,0.0,73.0,8.0,60.0,98.0,15.6,0,20,228
372,10032.0,0,0,25.4,0.0,29.0,6.0,20.0,38.0,5.5,0,2,228
373,10032.0,0,0,22.1,0.0,54.0,7.0,36.0,88.0,11.8,0,10,228
374,10019.0,2,0,23.3,0.0,38.0,5.0,9.0,92.0,10.7,1,10,227
375,10034.0,1,0,23.6,0.0,29.0,9.0,15.0,38.0,5.4,1,3,227
376,10025.0,0,0,23.5,0.0,39.0,2.0,15.0,94.0,11.0,0,11,227
377,10036.0,0,0,28.5,0.0,34.0,0.0,26.0,61.0,11.3,0,20,227
378,10022.0,0,0,25.5,0.0,30.0,0.0,2.0,96.0,12.5,0,14,227
379,10032.0,1,0,23.6,0.0,29.0,9.0,15.0,38.0,5.4,1,3,227
380,10019.0,1,0,27.5,0.0,14.0,2.0,12.0,16.0,6.1,1,23,227
381,10025.0,0,0,23.0,0.6,30.0,17.0,8.0,34.0,6.6,0,7,227
382,10021.0,1,0,27.2,0.0,33.0,1.0,8.0,91.0,13.7,1,15,227
383,10023.0,1,0,23.2,0.0,19.0,5.0,7.0,35.0,6.4,1,6,227
384,10027.0,0,0,27.2,0.0,33.0,1.0,8.0,91.0,13.7,0,15,227
385,10029.0,1,0,27.5,0.0,14.0,2.0,12.0,16.0,6.1,1,23,227
386,10024.0,1,0,22.9,0.0,55.0,24.0,24.0,62.0,11.4,1,9,227
387,10016.0,0,0,27.5,0.0,14.0,2.0,12.0,16.0,6.1,0,23,227
388,10032.0,1,0,28.5,0.0,32.0,0.0,21.0,66.0,10.5,1,21,227
389,10033.0,0,0,23.3,0.0,38.0,5.0,9.0,92.0,10.7,0,10,227
390,10023.0,0,0,27.5,0.0,43.0,5.0,21.0,86.0,15.0,0,16,227
391,10018.0,0,0,25.5,0.0,30.0,0.0,2.0,96.0,12.5,0,14,227
392,10009.0,1,0,28.5,0.0,25.0,0.0,29.0,26.0,12.6,1,19,227
393,10006.0,0,0,22.9,0.0,55.0,24.0,24.0,62.0,11.4,0,9,227
394,10009.0,1,0,27.2,0.0,33.0,1.0,8.0,91.0,13.7,1,15,227
395,10030.0,0,0,23.3,0.0,38.0,5.0,9.0,92.0,10.7,0,10,227
396,10033.0,0,0,28.4,0.0,33.0,1.0,41.0,24.0,14.5,0,18,227
397,10029.0,1,0,28.0,0.0,40.0,2.0,37.0,53.0,15.5,1,17,227
398,10019.0,0,0,25.5,0.0,30.0,0.0,2.0,96.0,12.5,0,14,227
399,10032.0,0,0,27.4,0.0,36.0,0.0,23.0,73.0,3.4,0,0,226
400,10018.0,0,0,25.4,0.5,100.0,80.0,29.0,99.0,7.1,0,19,226
401,10018.0,0,0,25.8,1.0,49.0,16.0,11.0,94.0,4.3,0,15,226
402,10017.0,2,0,25.8,1.2,93.0,62.0,12.0,99.0,5.5,1,16,226
403,10035.0,0,0,27.4,0.0,36.0,0.0,23.0,73.0,3.4,0,0,226
404,10002.0,1,0,25.0,0.0,53.0,7.0,35.0,86.0,9.2,1,10,226
405,10128.0,1,0,25.8,1.0,49.0,16.0,11.0,94.0,4.3,1,15,226
406,10029.0,0,0,25.8,0.0,40.0,8.0,5.0,99.0,2.6,0,5,226
407,10035.0,0,0,25.9,2.1,100.0,69.0,44.0,100.0,6.2,0,18,226
408,10032.0,1,0,24.8,0.0,81.0,48.0,23.0,81.0,8.4,1,11,226
409,10021.0,0,0,25.8,0.3,61.0,7.0,43.0,96.0,2.4,0,7,226
410,10028.0,0,0,25.0,0.0,53.0,7.0,35.0,86.0,9.2,0,10,226
411,10016.0,0,0,24.8,0.0,81.0,48.0,23.0,81.0,8.4,0,11,226
412,10029.0,1,0,25.5,0.2,98.0,18.0,86.0,100.0,5.0,1,22,226
413,10029.0,1,0,25.9,2.1,100.0,69.0,44.0,100.0,6.2,1,18,226
414,10003.0,1,0,25.8,0.3,61.0,7.0,43.0,96.0,2.4,1,7,226
415,10029.0,1,0,24.7,0.0,83.0,51.0,13.0,96.0,6.7,1,9,226
416,10022.0,0,0,25.4,0.5,100.0,80.0,29.0,99.0,7.1,0,19,226
417,10002.0,1,0,26.0,1.2,100.0,92.0,38.0,100.0,5.9,1,17,226
418,10035.0,0,0,27.4,0.0,36.0,0.0,23.0,73.0,3.4,0,0,226
419,10035.0,1,0,25.9,2.1,100.0,69.0,44.0,100.0,6.2,1,18,226
420,10013.0,0,0,25.8,0.3,61.0,7.0,43.0,96.0,2.4,0,7,226
421,10028.0,0,0,25.5,0.2,98.0,18.0,86.0,100.0,5.0,0,22,226
422,10027.0,0,0,26.0,1.2,100.0,92.0,38.0,100.0,5.9,0,17,226
423,10001.0,1,0,25.8,0.0,40.0,8.0,5.0,99.0,2.6,1,5,226
424,10018.0,0,0,25.9,2.1,100.0,69.0,44.0,100.0,6.2,0,18,226
425,10004.0,0,0,27.4,0.0,36.0,0.0,23.0,73.0,3.4,0,0,226
426,10030.0,1,0,25.2,0.3,100.0,56.0,34.0,99.0,8.2,1,20,226
427,10013.0,1,0,25.8,1.0,49.0,16.0,11.0,94.0,4.3,1,15,226
428,10009.0,3,0,26.6,0.0,29.0,0.0,9.0,79.0,3.0,1,2,226
429,10027.0,0,0,25.8,0.0,29.0,0.0,5.0,87.0,10.2,0,5,225
430,10019.0,1,0,25.5,0.0,41.0,0.0,24.0,89.0,4.0,1,11,225
431,10039.0,0,0,29.8,0.2,58.0,29.0,33.0,40.0,2.8,0,17,225
432,10037.0,0,0,27.3,1.1,79.0,50.0,11.0,91.0,5.3,0,21,225
433,10023.0,1,0,29.3,0.0,42.0,29.0,4.0,44.0,2.5,1,15,225
434,10036.0,1,0,29.6,1.9,36.0,11.0,27.0,34.0,5.0,1,18,225
435,10040.0,1,0,27.9,0.0,28.0,3.0,26.0,33.0,11.3,1,0,225
436,10037.0,0,0,29.8,0.2,58.0,29.0,33.0,40.0,2.8,0,17,225
437,10013.0,0,0,27.5,0.0,46.0,32.0,10.0,37.0,2.6,0,14,225
438,10029.0,0,0,25.5,0.0,41.0,0.0,24.0,89.0,4.0,0,11,225
439,10032.0,0,0,26.6,0.0,17.0,0.0,8.0,41.0,1.5,0,13,225
440,10033.0,2,0,25.8,0.0,36.0,0.0,15.0,90.0,1.6,1,12,225
441,10016.0,0,0,25.5,0.0,41.0,0.0,24.0,89.0,4.0,0,11,225
442,10037.0,1,0,28.0,5.0,52.0,18.0,15.0,89.0,2.3,1,20,225
443,10016.0,0,0,25.6,0.0,35.0,1.0,11.0,91.0,9.2,0,6,225
444,10024.0,0,0,25.5,0.0,41.0,0.0,24.0,89.0,4.0,0,11,225
445,10001.0,0,0,25.8,0.0,29.0,0.0,5.0,87.0,10.2,0,5,225
446,10001.0,0,0,27.4,0.0,20.0,0.0,20.0,26.0,11.4,0,1,225
447,10014.0,0,0,27.5,0.0,46.0,32.0,10.0,37.0,2.6,0,14,225
448,10013.0,0,0,28.9,0.9,35.0,8.0,15.0,62.0,5.4,0,19,225
449,10027.0,0,0,25.5,0.0,41.0,0.0,24.0,89.0,4.0,0,11,225
450,10038.0,0,0,25.5,0.0,41.0,0.0,24.0,89.0,4.0,0,11,225
451,10002.0,0,0,27.5,0.0,46.0,32.0,10.0,37.0,2.6,0,14,225
452,10128.0,1,0,28.0,5.0,52.0,18.0,15.0,89.0,2.3,1,20,225
453,10036.0,0,0,28.9,0.9,35.0,8.0,15.0,62.0,5.4,0,19,225
454,10027.0,1,0,29.3,0.0,42.0,29.0,4.0,44.0,2.5,1,15,225
455,10039.0,0,0,29.8,0.0,39.0,17.0,19.0,42.0,2.4,0,16,225
456,10002.0,1,0,26.3,0.0,17.0,0.0,26.0,3.0,10.6,1,3,224
457,10017.0,0,0,27.9,0.0,16.0,0.0,26.0,0.0,8.4,0,1,224
458,10036.0,1,0,29.3,0.3,52.0,13.0,34.0,65.0,13.7,1,18,224
459,10029.0,0,0,26.3,0.0,17.0,0.0,26.0,3.0,10.6,0,3,224
460,10024.0,0,0,25.0,0.0,20.0,0.0,0.0,66.0,4.6,0,12,224
461,10011.0,1,0,28.5,0.0,28.0,2.0,24.0,39.0,13.0,1,23,224
462,10031.0,0,0,29.3,0.3,52.0,13.0,34.0,65.0,13.7,0,18,224
463,10013.0,0,0,26.2,0.0,39.0,12.0,0.0,94.0,5.8,0,14,224
464,10016.0,1,0,26.2,0.0,39.0,12.0,0.0,94.0,5.8,1,14,224
465,10018.0,0,0,28.5,0.0,28.0,2.0,24.0,39.0,13.0,0,23,224
466,10023.0,1,0,28.9,0.0,49.0,15.0,22.0,73.0,10.5,1,16,224
467,10031.0,0,0,24.8,0.0,26.0,1.0,0.0,85.0,5.4,0,11,224
468,10025.0,0,0,25.1,0.0,32.0,0.0,7.0,92.0,7.9,0,8,224
469,10012.0,0,0,28.7,0.0,28.0,1.0,43.0,5.0,7.8,0,0,224
470,10128.0,0,0,27.9,0.0,16.0,0.0,26.0,0.0,8.4,0,1,224
471,10009.0,0,0,24.8,0.0,26.0,1.0,0.0,85.0,5.4,0,11,224
472,10034.0,0,0,29.2,0.0,44.0,8.0,25.0,72.0,11.9,0,17,224
473,10032.0,0,0,29.2,0.0,44.0,8.0,25.0,72.0,11.9,0,17,224
474,10065.0,0,0,26.2,0.0,39.0,12.0,0.0,94.0,5.8,0,14,224
475,10039.0,0,0,29.5,0.6,35.0,9.0,21.0,47.0,15.7,0,19,224
476,10019.0,0,0,27.3,0.0,13.0,0.0,21.0,0.0,9.5,0,2,224
477,10025.0,1,0,28.3,0.0,50.0,25.0,4.0,83.0,9.1,1,15,224
478,10013.0,1,0,29.3,0.3,52.0,13.0,34.0,65.0,13.7,1,18,224
479,10016.0,0,0,28.8,0.0,41.0,12.0,29.0,43.0,9.4,0,22,224
480,10026.0,1,0,29.6,0.2,32.0,7.0,34.0,17.0,17.5,1,20,224
481,10037.0,0,0,28.9,0.0,49.0,15.0,22.0,73.0,10.5,0,16,224
482,10025.0,0,0,28.9,0.0,49.0,15.0,22.0,73.0,10.5,0,16,224
483,10024.0,0,0,29.3,0.3,52.0,13.0,34.0,65.0,13.7,0,18,224
484,10009.0,0,0,29.3,0.3,52.0,13.0,34.0,65.0,13.7,0,18,224
485,10018.0,1,0,28.8,0.0,0.0,0.0,0.0,0.0,3.6,1,15,223
486,10031.0,0,0,26.8,0.0,2.0,0.0,4.0,0.0,10.1,0,1,223
487,10024.0,0,0,26.7,0.0,1.0,0.0,1.0,0.0,5.0,0,14,223
488,10038.0,0,0,24.0,0.0,1.0,0.0,1.0,0.0,9.8,0,8,223
489,10016.0,1,0,31.9,1.7,39.0,11.0,48.0,1.0,9.7,1,21,223
490,10013.0,1,0,27.3,0.0,3.0,0.0,5.0,0.0,9.7,1,0,223
491,10032.0,0,0,24.1,0.0,9.0,0.0,15.0,0.0,7.2,0,11,223
492,10036.0,0,0,26.7,0.0,1.0,0.0,1.0,0.0,5.0,0,14,223
493,10003.0,0,0,24.7,0.0,9.0,0.0,15.0,0.0,6.6,0,12,223
494,10037.0,0,0,31.4,0.0,6.0,0.0,10.0,0.0,9.5,0,19,223
495,10002.0,1,0,29.8,0.0,2.0,0.0,3.0,0.0,3.4,1,16,223
496,10003.0,1,0,31.9,1.7,39.0,11.0,48.0,1.0,9.7,1,21,223
497,10030.0,0,0,26.7,0.0,1.0,0.0,1.0,0.0,5.0,0,14,223
498,10065.0,0,0,30.8,0.0,5.0,0.0,8.0,0.0,5.8,0,17,223
499,10035.0,0,0,30.8,0.0,5.0,0.0,8.0,0.0,5.8,0,17,223
500,10035.0,0,0,30.2,0.0,36.0,0.0,50.0,19.0,10.4,0,22,223
501,10024.0,0,0,31.0,0.0,12.0,1.0,18.0,0.0,7.9,0,18,223
502,10065.0,0,0,29.8,0.0,2.0,0.0,3.0,0.0,3.4,0,16,223
503,10024.0,1,0,30.8,0.0,5.0,0.0,8.0,0.0,5.8,1,17,223
504,10030.0,0,0,24.2,0.0,1.0,0.0,2.0,0.0,10.1,0,7,223
505,10019.0,0,0,31.4,0.0,6.0,0.0,10.0,0.0,9.5,0,19,223
506,10029.0,0,0,29.8,0.0,25.0,2.0,37.0,4.0,8.9,0,23,223
507,10006.0,0,0,24.1,0.0,9.0,0.0,15.0,0.0,7.2,0,11,223
508,10017.0,0,0,24.7,0.0,9.0,0.0,15.0,0.0,6.6,0,12,223
509,10029.0,0,0,27.3,0.0,3.0,0.0,5.0,0.0,9.7,0,0,223
510,10035.0,0,0,24.7,0.0,9.0,0.0,15.0,0.0,6.6,0,12,223
511,10039.0,1,0,22.6,0.0,19.0,9.0,3.0,29.0,7.7,1,7,222
512,10016.0,1,0,28.9,0.0,22.0,6.0,28.0,0.0,10.2,1,18,222
513,10065.0,1,0,23.0,0.0,52.0,30.0,5.0,73.0,7.1,1,12,222
514,10016.0,0,0,22.3,0.0,38.0,20.0,4.0,57.0,6.4,0,8,222
515,10032.0,0,0,29.1,0.0,11.0,1.0,17.0,0.0,10.0,0,20,222
516,10002.0,0,0,28.9,0.0,22.0,6.0,28.0,0.0,10.2,0,18,222
517,10018.0,0,0,22.3,0.0,38.0,20.0,4.0,57.0,6.4,0,8,222
518,10002.0,0,0,28.0,0.0,20.0,1.0,32.0,0.0,7.9,0,16,222
519,10030.0,0,0,25.4,0.0,28.0,13.0,27.0,0.0,7.6,0,0,222
520,10065.0,0,0,23.0,0.0,52.0,30.0,5.0,73.0,7.1,0,12,222
521,10025.0,1,0,25.1,0.0,6.0,0.0,8.0,5.0,7.1,1,14,222
522,10016.0,0,0,28.5,0.0,33.0,5.0,47.0,0.0,9.7,0,22,222
523,10128.0,0,0,22.6,0.0,71.0,34.0,30.0,76.0,7.0,0,11,222
524,10022.0,2,0,25.4,0.0,28.0,13.0,27.0,0.0,7.6,1,0,222
525,10039.0,1,0,28.7,0.0,22.0,5.0,29.0,0.0,9.4,1,17,222
526,10033.0,1,0,24.8,0.0,18.0,8.0,18.0,0.0,7.2,1,1,222
527,10033.0,0,0,29.0,0.2,31.0,2.0,48.0,0.0,10.5,0,21,222
528,10040.0,0,0,28.9,0.0,22.0,6.0,28.0,0.0,10.2,0,18,222
529,10034.0,0,0,27.3,0.0,6.0,1.0,9.0,0.0,6.9,0,15,222
530,10069.0,0,0,23.0,0.0,52.0,30.0,5.0,73.0,7.1,0,12,222
531,10036.0,0,0,23.0,0.0,52.0,30.0,5.0,73.0,7.1,0,12,222
532,10029.0,0,0,23.0,0.0,66.0,4.0,59.0,91.0,6.3,0,1,221
533,10029.0,0,0,23.0,0.0,66.0,4.0,59.0,91.0,6.3,0,1,221
534,10010.0,0,0,25.4,0.2,66.0,72.0,2.0,0.0,5.4,0,15,221
535,10018.0,1,0,25.8,0.2,71.0,68.0,16.0,0.0,5.8,1,18,221
536,10014.0,0,0,22.0,1.6,100.0,78.0,100.0,20.0,5.6,0,7,221
537,10032.0,0,0,22.4,0.0,75.0,66.0,21.0,10.0,4.1,0,12,221
538,10030.0,0,0,22.0,1.6,100.0,78.0,100.0,20.0,5.6,0,7,221
539,10027.0,0,0,26.0,0.0,28.0,9.0,33.0,0.0,8.2,0,23,221
540,10026.0,0,0,23.6,0.0,89.0,97.0,3.0,0.0,5.2,0,14,221
541,10026.0,1,0,21.8,0.1,76.0,62.0,31.0,5.0,3.3,1,11,221
542,10037.0,0,0,26.3,0.0,42.0,13.0,50.0,0.0,10.3,0,22,221
543,10026.0,1,0,23.0,0.0,74.0,78.0,6.0,1.0,5.7,1,13,221
544,10033.0,1,0,26.0,0.0,28.0,9.0,33.0,0.0,8.2,1,23,221
545,10029.0,0,0,23.0,0.0,66.0,4.0,59.0,91.0,6.3,0,1,221
546,10016.0,1,0,23.7,0.0,49.0,6.0,22.0,100.0,5.9,1,2,220
547,10026.0,1,0,24.0,0.0,72.0,22.0,55.0,65.0,7.6,1,22,220
548,10030.0,0,0,22.7,0.0,44.0,6.0,15.0,99.0,3.9,0,7,220
549,10038.0,0,0,22.8,0.0,88.0,48.0,26.0,96.0,3.4,0,9,220
550,10003.0,1,0,22.4,0.1,80.0,17.0,77.0,63.0,11.1,1,13,220
551,10002.0,0,0,25.1,0.1,86.0,5.0,87.0,98.0,11.9,0,18,220
552,10037.0,1,0,24.9,0.0,92.0,3.0,99.0,100.0,10.4,1,17,220
553,10032.0,0,0,22.8,0.0,60.0,17.0,25.0,99.0,4.6,0,6,220
554,10003.0,0,0,24.9,0.0,92.0,3.0,99.0,100.0,10.4,0,17,220
555,10019.0,0,0,22.8,0.0,100.0,64.0,41.0,65.0,6.4,0,10,220
556,10009.0,2,0,22.4,0.0,67.0,11.0,65.0,60.0,7.3,1,12,220
557,10031.0,1,0,25.2,0.0,89.0,63.0,26.0,54.0,11.0,1,21,220
558,10036.0,0,0,22.8,0.0,88.0,48.0,26.0,96.0,3.4,0,9,220
559,10012.0,0,0,25.0,0.0,55.0,6.0,34.0,97.0,7.8,0,0,220
560,10011.0,0,0,22.5,0.1,100.0,55.0,83.0,71.0,7.8,0,11,220
561,10019.0,1,0,25.2,0.0,89.0,63.0,26.0,54.0,11.0,1,21,220
562,10032.0,2,0,22.6,0.0,47.0,6.0,20.0,100.0,4.8,1,5,220
563,10034.0,0,0,23.9,0.0,100.0,44.0,79.0,87.0,9.3,0,15,220
564,10009.0,0,0,22.7,0.0,44.0,6.0,15.0,99.0,3.9,0,7,220
565,10018.0,0,0,24.3,0.0,100.0,32.0,100.0,100.0,11.2,0,16,220
566,10037.0,0,0,25.0,0.0,55.0,6.0,34.0,97.0,7.8,0,0,220
567,10019.0,0,0,22.8,0.0,60.0,17.0,25.0,99.0,4.6,0,6,220
568,10033.0,1,0,25.0,2.0,59.0,5.0,49.0,85.0,10.8,1,19,220
569,10009.0,0,0,22.4,0.0,67.0,11.0,65.0,60.0,7.3,0,12,220
570,10032.0,0,0,22.6,0.0,47.0,6.0,20.0,100.0,4.8,0,5,220
571,10030.0,2,0,24.3,0.0,100.0,32.0,100.0,100.0,11.2,1,16,220
572,10013.0,0,0,22.5,0.1,100.0,55.0,83.0,71.0,7.8,0,11,220
573,10013.0,0,0,22.5,0.1,100.0,55.0,83.0,71.0,7.8,0,11,220
574,10035.0,0,0,25.1,0.1,86.0,5.0,87.0,98.0,11.9,0,18,220
575,10029.0,1,0,22.8,0.0,100.0,64.0,41.0,65.0,6.4,1,10,220
576,10001.0,0,0,24.5,0.0,100.0,24.0,97.0,89.0,3.6,0,16,219
577,10007.0,0,0,27.6,0.0,76.0,61.0,4.0,63.0,3.8,0,19,219
578,10013.0,0,0,21.5,0.0,12.0,3.0,10.0,11.0,10.1,0,11,219
579,10032.0,0,0,27.0,0.0,9.0,0.0,11.0,8.0,8.2,0,0,219
580,10031.0,1,0,22.8,0.0,64.0,20.0,33.0,88.0,8.4,1,13,219
581,10016.0,1,0,22.7,0.0,38.0,0.0,20.0,88.0,5.3,1,8,219
582,10018.0,1,0,25.5,0.0,68.0,4.0,65.0,84.0,1.5,1,17,219
583,10025.0,0,0,24.5,0.0,100.0,24.0,97.0,89.0,3.6,0,16,219
584,10026.0,1,0,24.5,0.0,100.0,24.0,97.0,89.0,3.6,1,16,219
585,10018.0,0,0,26.4,0.0,56.0,21.0,33.0,57.0,1.9,0,18,219
586,10038.0,0,0,21.9,0.0,30.0,2.0,10.0,74.0,8.3,0,10,219
587,10029.0,1,0,25.9,0.0,60.0,11.0,35.0,96.0,7.6,1,23,219
588,10032.0,0,0,23.1,0.0,92.0,19.0,77.0,97.0,7.8,0,14,219
589,10025.0,0,0,24.5,0.0,100.0,24.0,97.0,89.0,3.6,0,16,219
590,10013.0,0,0,25.5,0.0,68.0,4.0,65.0,84.0,1.5,0,17,219
591,10021.0,0,0,27.6,0.0,76.0,61.0,4.0,63.0,3.8,0,19,219
592,10009.0,1,0,27.7,0.0,100.0,85.0,8.0,72.0,5.4,1,20,219
593,10011.0,0,0,24.0,0.0,90.0,11.0,95.0,76.0,5.5,0,15,219
594,10018.0,0,0,25.5,0.0,68.0,4.0,65.0,84.0,1.5,0,17,219
595,10069.0,0,0,24.0,0.0,90.0,11.0,95.0,76.0,5.5,0,15,219
596,10021.0,0,0,26.4,0.0,56.0,21.0,33.0,57.0,1.9,0,18,219
597,10009.0,0,0,23.1,0.0,92.0,19.0,77.0,97.0,7.8,0,14,219
598,10034.0,0,0,22.7,0.0,2.0,0.0,2.0,1.0,6.2,0,10,218
599,10035.0,1,0,27.7,0.0,0.0,0.0,0.0,0.0,8.7,1,15,218
600,10019.0,0,0,25.8,0.0,2.0,0.0,3.0,0.0,6.1,0,14,218
601,10032.0,0,0,29.7,0.0,29.0,3.0,43.0,0.0,16.0,0,19,218
602,10016.0,0,0,27.7,0.0,0.0,0.0,0.0,0.0,8.7,0,15,218
603,10035.0,0,0,25.2,0.0,9.0,0.0,12.0,7.0,13.8,0,1,218
604,10021.0,1,0,28.1,0.0,18.0,11.0,13.0,0.0,11.3,1,16,218
605,10032.0,1,0,28.1,0.0,18.0,11.0,13.0,0.0,11.3,1,16,218
606,10032.0,0,0,27.7,0.0,0.0,0.0,0.0,0.0,8.7,0,15,218
607,10001.0,0,0,28.2,0.0,30.0,0.0,47.0,5.0,9.2,0,23,218
608,10011.0,0,0,28.1,0.0,18.0,11.0,13.0,0.0,11.3,0,16,218
609,10039.0,1,0,29.8,0.0,29.0,0.0,48.0,0.0,16.4,1,20,218
610,10032.0,0,0,22.7,0.0,2.0,0.0,2.0,1.0,6.2,0,10,218
611,10021.0,0,0,28.8,0.0,16.0,10.0,11.0,0.0,12.1,0,17,218
612,10012.0,0,0,29.8,0.0,21.0,0.0,34.0,1.0,16.2,0,21,218
613,10128.0,1,0,23.1,0.0,44.0,6.0,28.0,71.0,11.2,1,6,218
614,10002.0,0,0,23.5,0.0,57.0,12.0,36.0,81.0,11.6,0,5,218
615,10029.0,0,0,23.6,0.0,2.0,0.0,4.0,0.0,6.2,0,12,218
616,10039.0,0,0,29.8,0.0,21.0,0.0,34.0,1.0,16.2,0,21,218
617,10039.0,0,0,22.6,0.0,7.0,5.0,4.0,0.0,7.9,0,9,218
618,10034.0,0,0,28.8,0.0,16.0,10.0,11.0,0.0,12.1,0,17,218
619,10035.0,2,0,22.7,0.0,2.0,0.0,2.0,1.0,6.2,1,10,218
620,10011.0,1,0,22.7,0.0,3.0,0.0,4.0,1.0,7.6,1,11,218
621,10016.0,1,0,22.7,0.0,2.0,0.0,2.0,1.0,6.2,1,10,218
622,10009.0,0,0,24.7,0.0,12.0,2.0,16.0,1.0,13.1,0,2,218
623,10039.0,0,0,28.1,0.0,18.0,11.0,13.0,0.0,11.3,0,16,218
624,10035.0,1,0,29.7,0.0,29.0,3.0,43.0,0.0,16.0,1,19,218
625,10016.0,0,0,28.1,0.0,18.0,11.0,13.0,0.0,11.3,0,16,218
626,10128.0,1,0,28.7,0.0,23.0,2.0,34.0,3.0,11.9,1,22,218
627,10017.0,0,0,29.2,0.0,17.0,5.0,21.0,0.0,14.1,0,18,218
628,10030.0,1,0,22.7,0.0,3.0,0.0,4.0,1.0,7.6,1,11,218
629,10001.0,0,0,28.1,0.0,18.0,11.0,13.0,0.0,11.3,0,16,218
630,10025.0,0,0,22.6,0.0,7.0,5.0,4.0,0.0,7.9,0,9,218
631,10003.0,0,0,25.0,0.4,100.0,100.0,75.0,100.0,7.4,0,13,217
632,10030.0,0,0,24.2,0.4,100.0,100.0,56.0,100.0,6.9,0,12,217
633,10002.0,0,0,24.9,1.0,97.0,8.0,100.0,100.0,21.3,0,15,217
634,10035.0,0,0,25.3,0.4,86.0,93.0,4.0,0.0,33.7,0,20,217
635,10065.0,0,0,25.0,0.4,100.0,100.0,75.0,100.0,7.4,0,13,217
636,10030.0,0,0,24.2,0.4,100.0,100.0,56.0,100.0,6.9,0,12,217
637,10027.0,0,0,25.8,0.3,100.0,89.0,88.0,100.0,14.2,0,14,217
638,10007.0,0,0,24.1,4.7,100.0,100.0,100.0,53.0,42.1,0,17,217
639,10075.0,0,0,23.8,0.0,97.0,12.0,94.0,100.0,9.5,0,8,217
640,10029.0,0,0,25.0,0.4,100.0,100.0,75.0,100.0,7.4,0,13,217
641,10025.0,0,0,25.6,0.0,82.0,1.0,85.0,99.0,8.1,0,2,217
642,10032.0,0,0,23.8,0.0,97.0,12.0,94.0,100.0,9.5,0,8,217
643,10128.0,3,0,25.0,0.4,100.0,100.0,75.0,100.0,7.4,1,13,217
644,10025.0,0,0,25.8,0.3,100.0,89.0,88.0,100.0,14.2,0,14,217
645,10012.0,0,0,23.9,0.6,100.0,100.0,83.0,100.0,6.8,0,11,217
646,10027.0,1,0,24.3,4.4,100.0,73.0,85.0,0.0,47.2,1,18,217
647,10003.0,0,0,25.0,0.4,100.0,100.0,75.0,100.0,7.4,0,13,217
648,10033.0,0,0,25.0,0.4,100.0,100.0,75.0,100.0,7.4,0,13,217
649,10021.0,0,0,24.1,0.0,68.0,0.0,63.0,100.0,7.3,0,6,217
650,10032.0,0,0,24.2,2.3,100.0,49.0,100.0,100.0,33.2,0,16,217
651,10019.0,0,0,24.2,2.3,100.0,49.0,100.0,100.0,33.2,0,16,217
652,10033.0,0,0,25.8,0.3,100.0,89.0,88.0,100.0,14.2,0,14,217
653,10065.0,0,0,24.2,0.4,100.0,100.0,56.0,100.0,6.9,0,12,217
654,10013.0,0,0,25.8,0.3,100.0,89.0,88.0,100.0,14.2,0,14,217
655,10029.0,0,0,25.3,0.4,86.0,93.0,4.0,0.0,33.7,0,20,217
656,10030.0,0,0,24.2,0.4,100.0,100.0,56.0,100.0,6.9,0,12,217
657,10028.0,0,0,25.0,0.4,100.0,100.0,75.0,100.0,7.4,0,13,217
658,10017.0,0,0,25.0,0.4,100.0,100.0,75.0,100.0,7.4,0,13,217
659,10029.0,0,0,24.5,0.0,85.0,4.0,86.0,100.0,7.1,0,7,217
660,10031.0,0,0,24.3,4.4,100.0,73.0,85.0,0.0,47.2,0,18,217
661,10023.0,0,0,25.8,0.3,100.0,89.0,88.0,100.0,14.2,0,14,217
662,10032.0,0,0,25.8,0.3,100.0,89.0,88.0,100.0,14.2,0,14,217
663,10032.0,1,0,24.9,1.0,97.0,8.0,100.0,100.0,21.3,1,15,217
664,10001.0,1,0,24.1,4.7,100.0,100.0,100.0,53.0,42.1,1,17,217
665,10026.0,0,0,25.0,0.4,100.0,100.0,75.0,100.0,7.4,0,13,217
666,10011.0,0,0,24.2,0.4,100.0,100.0,56.0,100.0,6.9,0,12,217
667,10013.0,0,0,26.1,0.0,35.0,7.0,47.0,0.0,26.4,0,22,217
668,10003.0,0,0,25.0,0.4,100.0,100.0,75.0,100.0,7.4,0,13,217
669,10027.0,0,0,25.8,0.3,100.0,89.0,88.0,100.0,14.2,0,14,217
670,10032.0,0,0,25.0,0.4,100.0,100.0,75.0,100.0,7.4,0,13,217
671,10031.0,0,0,25.0,0.4,100.0,100.0,75.0,100.0,7.4,0,13,217
672,10029.0,0,0,24.2,2.3,100.0,49.0,100.0,100.0,33.2,0,16,217
673,10030.0,0,0,24.2,0.4,100.0,100.0,56.0,100.0,6.9,0,12,217
674,10025.0,0,0,24.9,1.0,97.0,8.0,100.0,100.0,21.3,0,15,217
675,10025.0,0,0,25.0,0.4,100.0,100.0,75.0,100.0,7.4,0,13,217
676,10025.0,0,0,24.5,0.0,71.0,0.0,68.0,100.0,3.1,0,3,217
677,10034.0,1,0,24.2,2.3,100.0,49.0,100.0,100.0,33.2,1,16,217
678,10032.0,0,0,29.5,0.0,15.0,0.0,19.0,11.0,11.5,0,17,216
679,10034.0,0,0,27.9,0.0,21.0,0.0,23.0,24.0,10.3,0,15,216
680,10029.0,0,0,27.0,0.0,14.0,0.0,6.0,36.0,15.0,0,7,216
681,10027.0,3,0,30.5,0.0,40.0,6.0,8.0,99.0,13.1,1,21,216
682,10025.0,0,0,26.2,0.0,17.0,0.0,1.0,55.0,11.2,0,13,216
683,10019.0,0,0,27.9,0.0,21.0,0.0,23.0,24.0,10.3,0,15,216
684,10002.0,1,0,27.7,0.0,5.0,0.0,1.0,14.0,18.2,1,4,216
685,10019.0,0,0,26.5,0.0,12.0,0.0,8.0,24.0,11.2,0,14,216
686,10035.0,0,0,28.6,0.0,18.0,0.0,21.0,18.0,11.1,0,16,216
687,10019.0,0,0,25.6,0.0,15.0,0.0,11.0,27.0,8.6,0,11,216
688,10003.0,0,0,26.7,0.0,5.0,0.0,3.0,12.0,13.1,0,8,216
689,10035.0,0,0,27.3,0.0,8.0,0.0,1.0,26.0,17.7,0,6,216
690,10002.0,2,0,26.5,0.0,12.0,0.0,8.0,24.0,11.2,1,14,216
691,10025.0,0,0,27.9,0.0,16.0,0.0,10.0,34.0,17.3,0,3,216
692,10002.0,0,0,29.8,0.0,10.0,0.0,9.0,16.0,12.9,0,18,216
693,10023.0,0,0,27.0,0.0,14.0,0.0,6.0,36.0,15.0,0,7,216
694,10009.0,1,0,30.5,0.0,40.0,6.0,8.0,99.0,13.1,1,21,216
695,10013.0,0,0,29.8,0.0,10.0,0.0,9.0,16.0,12.9,0,18,216
696,10022.0,1,0,27.9,0.0,21.0,0.0,23.0,24.0,10.3,1,15,216
697,10001.0,0,0,27.3,0.0,8.0,0.0,1.0,26.0,17.7,0,6,216
698,10035.0,1,0,29.6,0.0,66.0,18.0,33.0,100.0,7.2,1,22,216
699,10075.0,0,0,26.2,0.0,11.0,0.0,15.0,7.0,11.7,0,9,216
700,10013.0,1,0,25.9,0.0,13.0,2.0,14.0,9.0,9.4,1,10,216
701,10022.0,1,0,29.6,0.0,66.0,18.0,33.0,100.0,7.2,1,22,216
702,10029.0,1,0,30.5,0.0,40.0,6.0,8.0,99.0,13.1,1,21,216
703,10039.0,0,0,27.9,0.0,21.0,0.0,23.0,24.0,10.3,0,15,216
704,10029.0,1,0,26.7,0.0,5.0,0.0,3.0,12.0,13.1,1,8,216
705,10033.0,1,0,25.4,0.0,42.0,0.0,53.0,33.0,10.8,1,3,215
706,10029.0,0,0,24.6,0.0,70.0,4.0,88.0,45.0,9.4,0,8,215
707,10031.0,0,0,27.2,0.0,14.0,0.0,17.0,12.0,14.5,0,0,215
708,10031.0,0,0,29.0,0.1,96.0,71.0,6.0,96.0,14.8,0,17,215
709,10027.0,2,0,26.7,0.0,21.0,0.0,22.0,25.0,14.6,1,1,215
710,10026.0,0,0,26.7,0.2,100.0,78.0,52.0,90.0,15.9,0,14,215
711,10007.0,0,0,25.6,0.0,81.0,31.0,45.0,88.0,10.1,0,12,215
712,10030.0,0,0,27.2,0.0,14.0,0.0,17.0,12.0,14.5,0,0,215
713,10033.0,0,0,25.3,0.0,71.0,21.0,40.0,94.0,9.5,0,11,215
714,10025.0,1,0,30.6,0.2,56.0,20.0,16.0,96.0,16.0,1,19,215
715,10035.0,0,0,24.9,0.0,43.0,0.0,28.0,88.0,9.3,0,6,215
716,10009.0,0,0,25.6,0.0,81.0,31.0,45.0,88.0,10.1,0,12,215
717,10002.0,1,0,27.2,0.0,14.0,0.0,17.0,12.0,14.5,1,0,215
718,10012.0,0,0,25.6,0.0,81.0,31.0,45.0,88.0,10.1,0,12,215
719,10016.0,1,0,26.7,0.0,21.0,0.0,22.0,25.0,14.6,1,1,215
720,10065.0,1,0,25.3,0.0,71.0,21.0,40.0,94.0,9.5,1,11,215
721,10012.0,1,0,29.8,3.4,62.0,27.0,13.0,98.0,14.4,1,20,215
722,10025.0,1,0,24.6,0.0,70.0,4.0,88.0,45.0,9.4,1,8,215
723,10005.0,1,0,29.0,0.1,96.0,71.0,6.0,96.0,14.8,1,17,215
724,10025.0,0,0,27.7,0.1,100.0,64.0,29.0,93.0,14.8,0,15,215
725,10032.0,0,0,24.8,0.0,53.0,0.0,50.0,76.0,8.8,0,7,215
726,10032.0,1,0,30.6,0.2,56.0,20.0,16.0,96.0,16.0,1,19,215
727,10001.0,0,1,25.2,0.0,43.0,0.0,38.0,66.0,7.2,2,5,215
728,10029.0,0,0,28.7,0.0,29.0,3.0,34.0,19.0,12.1,0,22,214
729,10003.0,0,0,26.7,0.0,0.0,0.0,0.0,1.0,5.6,0,14,214
730,10026.0,0,0,29.6,0.0,26.0,0.0,36.0,16.0,10.7,0,20,214
731,10009.0,0,0,25.7,0.0,10.0,0.0,0.0,32.0,7.4,0,13,214
732,10016.0,1,0,29.6,0.0,53.0,1.0,47.0,80.0,6.8,1,18,214
733,10002.0,1,0,28.7,0.0,17.0,0.0,28.0,0.0,3.3,1,15,214
734,10002.0,1,0,23.3,0.0,1.0,0.0,0.0,3.0,9.0,1,10,214
735,10065.0,0,0,26.7,0.0,0.0,0.0,0.0,1.0,5.6,0,14,214
736,10032.0,1,0,23.3,0.0,1.0,0.0,0.0,3.0,9.0,1,10,214
737,10027.0,4,0,23.9,0.0,7.0,0.0,12.0,0.0,5.5,1,4,214
738,10022.0,0,0,26.7,0.0,0.0,0.0,0.0,1.0,5.6,0,14,214
739,10034.0,1,0,23.7,0.0,8.0,0.0,13.0,0.0,5.8,1,5,214
740,10029.0,0,0,24.4,0.0,12.0,0.0,0.0,40.0,8.7,0,12,214
741,10002.0,0,0,28.7,0.0,17.0,0.0,28.0,0.0,3.3,0,15,214
742,10023.0,0,0,29.6,0.0,52.0,8.0,42.0,64.0,4.4,0,17,214
743,10019.0,0,0,23.4,0.0,0.0,0.0,0.0,0.0,6.2,0,8,214
744,10029.0,0,0,29.2,0.0,17.0,0.0,20.0,17.0,12.3,0,21,214
745,10034.0,0,0,26.7,0.0,0.0,0.0,0.0,1.0,5.6,0,14,214
746,10038.0,2,0,23.4,0.0,0.0,0.0,0.0,0.0,6.2,1,8,214
747,10022.0,0,0,23.7,0.0,8.0,0.0,13.0,0.0,5.8,0,5,214
748,10027.0,0,0,26.5,0.0,25.0,2.0,39.0,0.0,3.2,0,0,214
749,10004.0,1,0,26.8,0.0,75.0,0.0,75.0,100.0,4.6,1,3,213
750,10029.0,0,0,22.3,1.2,96.0,10.0,97.0,96.0,7.6,0,13,213
751,10027.0,0,0,23.7,0.2,100.0,21.0,86.0,100.0,4.7,0,16,213
752,10024.0,2,0,24.4,0.0,100.0,49.0,56.0,99.0,3.6,1,17,213
753,10280.0,0,0,23.6,0.2,100.0,19.0,100.0,100.0,6.2,0,15,213
754,10029.0,0,0,23.1,1.5,100.0,28.0,96.0,100.0,5.9,0,9,213
755,10026.0,0,0,25.4,0.2,100.0,56.0,48.0,92.0,1.9,0,19,213
756,10035.0,0,0,29.2,0.0,30.0,0.0,0.0,100.0,4.9,0,0,213
757,10016.0,1,0,22.3,1.2,96.0,10.0,97.0,96.0,7.6,1,13,213
758,10003.0,1,0,24.9,0.0,100.0,43.0,60.0,86.0,1.5,1,18,213
759,10011.0,1,0,27.0,0.0,36.0,12.0,27.0,30.0,2.3,1,22,213
760,10034.0,1,0,26.1,0.0,76.0,36.0,22.0,100.0,1.8,1,20,213
761,10012.0,0,0,22.5,1.1,89.0,0.0,99.0,100.0,4.2,0,11,213
762,10030.0,0,0,23.1,1.5,100.0,28.0,96.0,100.0,5.9,0,9,213
763,10011.0,1,0,24.4,0.0,100.0,49.0,56.0,99.0,3.6,1,17,213
764,10029.0,0,0,22.5,0.7,87.0,8.0,88.0,91.0,6.9,0,12,213
765,10019.0,0,0,23.6,0.2,100.0,19.0,100.0,100.0,6.2,0,15,213
766,10016.0,0,0,22.6,1.7,91.0,1.0,100.0,100.0,2.3,0,10,213
767,10034.0,4,0,22.3,1.2,96.0,10.0,97.0,96.0,7.6,1,13,213
768,10027.0,0,0,23.7,0.2,100.0,21.0,86.0,100.0,4.7,0,16,213
769,10023.0,1,0,26.8,0.0,64.0,32.0,15.0,88.0,1.8,1,21,213
770,10022.0,0,0,26.8,0.0,64.0,32.0,15.0,88.0,1.8,0,21,213
771,10027.0,1,0,26.1,0.0,76.0,36.0,22.0,100.0,1.8,1,20,213
772,10012.0,1,0,26.8,0.0,75.0,0.0,75.0,100.0,4.6,1,3,213
773,10002.0,0,0,23.1,1.5,100.0,28.0,96.0,100.0,5.9,0,9,213
774,10039.0,0,0,26.8,0.0,64.0,32.0,15.0,88.0,1.8,0,21,213
775,10027.0,0,0,24.9,0.0,100.0,43.0,60.0,86.0,1.5,0,18,213
776,10003.0,0,0,22.5,1.1,89.0,0.0,99.0,100.0,4.2,0,11,213
777,10035.0,2,0,28.3,0.0,56.0,0.0,43.0,99.0,5.7,1,2,213
778,10027.0,0,0,26.3,0.0,79.0,0.0,82.0,100.0,4.3,0,4,213
779,10032.0,0,0,23.7,0.2,92.0,2.0,100.0,100.0,7.7,0,7,213
780,10026.0,0,0,22.3,1.2,96.0,10.0,97.0,96.0,7.6,0,13,213
781,10023.0,0,0,22.5,0.7,87.0,8.0,88.0,91.0,6.9,0,12,213
782,10018.0,0,0,29.2,0.0,30.0,0.0,0.0,100.0,4.9,0,0,213
783,10026.0,1,0,26.8,0.0,75.0,0.0,75.0,100.0,4.6,1,3,213
784,10032.0,0,0,22.5,1.1,89.0,0.0,99.0,100.0,4.2,0,11,213
785,10002.0,0,0,23.1,1.5,100.0,28.0,96.0,100.0,5.9,0,9,213
786,10033.0,0,0,22.3,1.2,96.0,10.0,97.0,96.0,7.6,0,13,213
787,10035.0,0,0,25.1,0.0,54.0,4.0,42.0,85.0,4.7,0,12,212
788,10009.0,0,0,24.6,0.0,28.0,0.0,2.0,89.0,9.2,0,9,212
789,10040.0,0,0,30.5,0.0,31.0,0.0,1.0,100.0,7.4,0,16,212
790,10014.0,0,0,27.0,0.0,34.0,1.0,7.0,97.0,4.3,0,14,212
791,10025.0,0,0,30.5,0.0,31.0,0.0,1.0,100.0,7.4,0,16,212
792,10039.0,0,0,29.3,0.0,29.0,0.0,1.0,96.0,5.7,0,15,212
793,10026.0,1,0,30.5,0.0,31.0,0.0,1.0,100.0,7.4,1,16,212
794,10024.0,1,0,25.1,0.0,54.0,4.0,42.0,85.0,4.7,1,12,212
795,10035.0,0,0,29.2,0.0,11.0,0.0,19.0,0.0,7.9,0,0,212
796,10029.0,0,0,24.6,0.0,46.0,2.0,25.0,96.0,5.8,0,11,212
797,10026.0,0,0,29.2,0.0,11.0,0.0,19.0,0.0,7.9,0,0,212
798,10003.0,1,0,25.1,0.0,32.0,0.0,9.0,89.0,9.3,1,8,212
799,10010.0,2,0,25.2,0.0,29.0,0.0,1.0,94.0,5.9,1,10,212
800,10019.0,1,0,31.5,0.0,50.0,1.0,31.0,100.0,9.7,1,17,212
801,10065.0,0,0,29.3,0.0,29.0,0.0,1.0,96.0,5.7,0,15,212
802,10030.0,1,0,27.0,0.0,34.0,1.0,7.0,97.0,4.3,1,14,212
803,10065.0,0,0,25.1,0.0,32.0,0.0,9.0,89.0,9.3,0,8,212
804,10019.0,0,0,29.3,0.0,29.0,0.0,1.0,96.0,5.7,0,15,212
805,10002.0,1,0,29.2,0.0,11.0,0.0,19.0,0.0,7.9,1,0,212
806,10128.0,0,0,24.6,0.0,28.0,0.0,2.0,89.0,9.2,0,9,212
807,10033.0,0,0,25.2,0.0,29.0,0.0,1.0,94.0,5.9,0,10,212
808,10010.0,0,0,30.5,0.0,31.0,0.0,1.0,100.0,7.4,0,16,212
809,10002.0,0,0,30.6,0.0,30.0,0.0,0.0,100.0,5.8,0,22,212
810,10016.0,1,0,25.6,0.0,32.0,0.0,9.0,87.0,9.5,1,7,212
811,10001.0,1,0,31.5,0.0,50.0,1.0,31.0,100.0,9.7,1,17,212
812,10026.0,5,0,25.1,0.0,54.0,4.0,42.0,85.0,4.7,1,12,212
813,10004.0,0,0,24.6,0.0,28.0,0.0,2.0,89.0,9.2,0,9,212
814,10016.0,1,0,25.1,0.0,54.0,4.0,42.0,85.0,4.7,1,12,212
815,10032.0,0,0,25.2,0.0,29.0,0.0,1.0,94.0,5.9,0,10,212
816,10004.0,0,0,29.8,0.0,11.0,2.0,15.0,0.0,6.3,0,16,211
817,10128.0,0,0,25.5,0.0,2.0,0.0,3.0,0.0,1.4,0,12,211
818,10011.0,1,0,31.4,0.0,7.0,0.0,11.0,0.0,11.8,1,19,211
819,10032.0,0,0,30.0,0.0,26.0,0.0,8.0,71.0,7.0,0,0,211
820,10065.0,1,0,31.4,0.0,7.0,0.0,11.0,0.0,11.8,1,19,211
821,10030.0,0,0,30.5,0.0,6.0,6.0,1.0,0.0,8.7,0,17,211
822,10065.0,0,0,29.2,0.0,25.0,4.0,36.0,0.0,4.1,0,15,211
823,10009.0,0,0,30.5,0.0,6.0,6.0,1.0,0.0,8.7,0,17,211
824,10009.0,1,0,31.7,0.0,12.0,0.0,20.0,0.0,13.3,1,21,211
825,10011.0,1,0,30.1,0.0,16.0,0.0,27.0,0.0,10.1,1,22,211
826,10065.0,0,0,26.3,0.0,9.0,2.0,12.0,1.0,1.6,0,13,211
827,10012.0,1,0,31.4,0.0,7.0,0.0,11.0,0.0,11.8,1,19,211
828,10031.0,0,0,25.0,0.0,29.0,0.0,5.0,87.0,4.3,0,9,211
829,10033.0,0,0,31.7,0.0,12.0,0.0,20.0,0.0,13.3,0,21,211
830,10001.0,0,0,29.2,0.0,25.0,4.0,36.0,0.0,4.1,0,15,211
831,10029.0,0,0,31.5,0.0,14.0,0.0,23.0,0.0,12.2,0,20,211
832,10021.0,0,0,26.7,0.0,28.0,0.0,10.0,72.0,6.0,0,6,211
833,10006.0,0,0,29.2,0.0,25.0,4.0,36.0,0.0,4.1,0,15,211
834,10016.0,0,0,27.5,0.0,33.0,3.0,50.0,1.0,3.4,0,14,211
835,10027.0,0,0,31.4,0.0,7.0,0.0,11.0,0.0,11.8,0,19,211
836,10034.0,0,0,30.1,0.0,16.0,0.0,27.0,0.0,10.1,0,22,211
837,10022.0,0,0,26.3,0.0,30.0,0.0,10.0,80.0,5.9,0,7,211
838,10031.0,0,0,27.5,0.0,33.0,3.0,50.0,1.0,3.4,0,14,211
839,10281.0,0,0,29.2,0.0,25.0,4.0,36.0,0.0,4.1,0,15,211
840,10034.0,0,0,25.4,0.0,15.0,0.0,15.0,19.0,1.5,0,11,211
841,10036.0,1,0,29.2,0.0,25.0,4.0,36.0,0.0,4.1,1,15,211
842,10016.0,2,0,29.8,0.0,11.0,2.0,15.0,0.0,6.3,1,16,211
843,10001.0,0,0,25.5,0.0,2.0,0.0,3.0,0.0,1.4,0,12,211
844,10028.0,0,0,25.5,0.0,2.0,0.0,3.0,0.0,1.4,0,12,211
845,10016.0,0,0,29.6,0.0,5.0,1.0,5.0,2.0,11.7,0,14,210
846,10003.0,0,0,28.6,0.0,1.0,0.0,2.0,0.0,10.5,0,13,210
847,10002.0,1,0,31.9,0.0,17.0,9.0,11.0,7.0,13.1,1,17,210
848,10030.0,1,0,32.5,0.0,25.0,19.0,9.0,8.0,13.4,1,18,210
849,10038.0,0,0,28.6,0.0,1.0,0.0,2.0,0.0,10.5,0,13,210
850,10036.0,0,0,31.5,0.0,19.0,8.0,17.0,6.0,12.6,0,16,210
851,10021.0,0,0,28.6,0.0,1.0,0.0,2.0,0.0,10.5,0,13,210
852,10033.0,0,0,31.0,0.0,8.0,0.0,0.0,26.0,13.0,0,1,210
853,10010.0,0,0,29.6,0.0,5.0,1.0,5.0,2.0,11.7,0,14,210
854,10012.0,1,0,29.6,0.0,5.0,1.0,5.0,2.0,11.7,1,14,210
855,10037.0,0,0,30.3,0.0,29.0,0.0,8.0,81.0,7.9,0,23,210
856,10003.0,1,0,26.6,0.0,8.0,0.0,4.0,20.0,11.4,1,9,210
857,10029.0,2,0,30.3,0.0,29.0,0.0,8.0,81.0,7.9,1,23,210
858,10019.0,0,0,28.6,0.0,1.0,0.0,2.0,0.0,10.5,0,13,210
859,10010.0,1,0,31.9,0.0,17.0,9.0,11.0,7.0,13.1,1,17,210
860,10019.0,1,0,31.6,2.2,45.0,17.0,36.0,27.0,13.9,1,20,210
861,10065.0,0,0,27.7,0.0,1.0,0.0,1.0,0.0,9.1,0,12,210
862,10029.0,0,0,27.1,0.0,2.0,0.0,4.0,0.0,9.7,0,11,210
863,10036.0,0,0,27.2,0.0,16.0,0.0,1.0,52.0,11.5,0,8,210
864,10023.0,0,0,30.3,0.0,47.0,2.0,31.0,87.0,8.7,0,22,210
865,10026.0,0,0,30.3,0.0,47.0,2.0,31.0,87.0,8.7,0,22,210
866,10065.0,1,0,27.2,0.0,16.0,0.0,1.0,52.0,11.5,1,8,210
867,10007.0,0,0,26.6,0.0,8.0,0.0,4.0,20.0,11.4,0,9,210
868,10002.0,1,0,27.2,0.0,2.0,0.0,4.0,0.0,9.8,1,10,210
869,10030.0,0,0,30.9,0.0,41.0,12.0,32.0,35.0,9.2,0,21,210
870,10030.0,1,0,30.9,0.0,41.0,12.0,32.0,35.0,9.2,1,21,210
871,10013.0,1,0,33.1,0.0,8.0,0.0,0.0,28.0,15.5,1,19,209
872,10029.0,1,0,25.2,0.0,29.0,0.0,0.0,98.0,11.9,1,8,209
873,10030.0,1,0,25.0,0.0,29.0,0.0,0.0,98.0,8.6,1,10,209
874,10013.0,0,0,27.1,0.0,26.0,0.0,0.0,88.0,10.5,0,13,209
875,10011.0,0,0,30.7,0.0,6.0,0.0,0.0,21.0,13.3,0,15,209
876,10032.0,0,0,30.7,0.0,6.0,0.0,0.0,21.0,13.3,0,15,209
877,10001.0,0,0,25.7,0.0,29.0,0.0,0.0,98.0,12.2,0,6,209
878,10035.0,0,0,32.7,0.0,10.0,0.0,1.0,31.0,14.9,0,18,209
879,10026.0,0,0,25.7,0.0,27.0,0.0,0.0,90.0,10.2,0,12,209
880,10031.0,0,0,30.8,0.0,28.0,0.0,0.0,92.0,6.8,0,0,209
881,10031.0,1,0,32.7,0.0,10.0,0.0,1.0,31.0,14.9,1,18,209
882,10011.0,0,0,30.7,0.0,6.0,0.0,0.0,21.0,13.3,0,15,209
883,10002.0,4,0,25.0,0.0,29.0,0.0,0.0,98.0,8.6,1,10,209
884,10019.0,0,0,33.4,0.0,8.0,0.0,1.0,23.0,15.7,0,20,209
885,10010.0,1,0,33.1,0.0,8.0,0.0,0.0,28.0,15.5,1,19,209
886,10036.0,1,0,30.7,0.0,6.0,0.0,0.0,21.0,13.3,1,15,209
887,10039.0,1,0,32.7,0.0,10.0,0.0,1.0,31.0,14.9,1,18,209
888,10009.0,1,0,24.9,0.0,28.0,0.0,0.0,92.0,10.2,1,11,209
889,10026.0,0,0,25.6,0.0,29.0,0.0,0.0,95.0,12.4,0,7,209
890,10036.0,1,0,30.0,0.0,37.0,1.0,48.0,25.0,10.1,1,15,208
891,10038.0,0,0,31.7,0.0,9.0,3.0,3.0,15.0,14.4,0,18,208
892,10016.0,0,0,31.9,0.0,29.0,0.0,0.0,98.0,13.0,0,22,208
893,10029.0,0,0,28.1,0.0,2.0,0.0,2.0,1.0,12.7,0,2,208
894,10032.0,0,0,32.4,0.0,25.0,0.0,0.0,83.0,15.7,0,20,208
895,10011.0,1,0,31.4,0.0,10.0,0.0,5.0,24.0,12.0,1,17,208
896,10012.0,1,0,32.3,0.0,6.0,0.0,0.0,20.0,15.3,1,19,208
897,10007.0,1,0,28.1,0.0,2.0,0.0,2.0,1.0,12.7,1,2,208
898,10040.0,0,0,24.6,0.0,29.0,0.0,1.0,96.0,10.4,0,9,208
899,10014.0,1,0,31.4,0.0,10.0,0.0,5.0,24.0,12.0,1,17,208
900,10010.0,0,0,25.1,0.0,25.0,0.0,1.0,82.0,9.0,0,11,208
901,10033.0,2,0,31.0,0.0,22.0,0.0,25.0,24.0,10.9,1,16,208
902,10001.0,0,0,25.7,0.0,15.0,0.0,0.0,51.0,8.8,0,12,208
903,10016.0,0,0,31.7,0.0,9.0,3.0,3.0,15.0,14.4,0,18,208
904,10034.0,1,0,32.4,0.0,25.0,0.0,0.0,83.0,15.7,1,20,208
905,10040.0,3,0,28.5,0.0,13.0,3.0,3.0,28.0,11.8,1,1,208
906,10003.0,0,0,25.1,0.0,25.0,0.0,1.0,82.0,9.0,0,11,208
907,10001.0,2,0,26.5,0.0,5.0,0.0,0.0,16.0,13.5,1,4,208
908,10035.0,1,0,31.3,0.0,29.0,0.0,0.0,97.0,8.3,1,23,208
909,10023.0,1,0,26.0,0.0,13.0,0.0,0.0,44.0,12.8,1,5,208
910,10038.0,0,0,27.7,0.0,19.0,1.0,4.0,51.0,8.4,0,14,208
911,10011.0,1,0,26.5,0.0,14.0,0.0,0.0,45.0,8.2,1,13,208
912,10006.0,0,0,31.7,0.0,9.0,3.0,3.0,15.0,14.4,0,18,208
913,10018.0,0,0,25.2,0.0,53.0,8.0,28.0,97.0,3.4,0,0,207
914,10030.0,1,0,28.6,0.0,29.0,16.0,25.0,0.0,5.6,1,16,207
915,10031.0,1,0,23.1,0.0,36.0,25.0,23.0,0.0,5.9,1,6,207
916,10007.0,1,0,30.1,0.0,41.0,1.0,44.0,45.0,9.8,1,22,207
917,10001.0,1,0,30.4,0.0,47.0,3.0,34.0,80.0,7.1,1,19,207
918,10039.0,0,0,24.8,0.0,8.0,7.0,2.0,0.0,2.0,0,13,207
919,10012.0,1,0,26.0,0.0,13.0,7.0,3.0,16.0,4.3,1,14,207
920,10017.0,1,0,26.0,0.0,13.0,7.0,3.0,16.0,4.3,1,14,207
921,10019.0,0,0,23.7,0.0,51.0,21.0,16.0,76.0,4.2,0,3,207
922,10035.0,0,0,23.0,0.0,55.0,61.0,1.0,0.0,1.5,0,11,207
923,10029.0,0,0,23.7,0.0,51.0,21.0,16.0,76.0,4.2,0,3,207
924,10016.0,0,0,23.7,0.0,34.0,22.0,24.0,0.0,4.8,0,5,207
925,10013.0,0,0,23.1,0.0,36.0,25.0,23.0,0.0,5.9,0,6,207
926,10032.0,0,0,30.5,0.0,44.0,0.0,29.0,88.0,7.5,0,20,207
927,10009.0,1,0,30.4,0.0,47.0,3.0,34.0,80.0,7.1,1,19,207
928,10016.0,0,0,28.6,0.0,29.0,16.0,25.0,0.0,5.6,0,16,207
929,10027.0,0,0,30.4,0.0,47.0,3.0,34.0,80.0,7.1,0,19,207
930,10032.0,0,0,30.1,0.0,41.0,1.0,44.0,45.0,9.8,0,22,207
931,10019.0,1,0,30.1,0.0,41.0,1.0,44.0,45.0,9.8,1,22,207
932,10019.0,0,0,25.6,2.8,100.0,100.0,62.0,99.0,11.5,0,17,206
933,10019.0,1,0,24.5,0.0,39.0,0.0,15.0,100.0,6.5,1,7,206
934,10017.0,1,0,24.2,0.0,64.0,2.0,54.0,100.0,4.3,1,9,206
935,10035.0,0,0,25.6,2.8,100.0,100.0,62.0,99.0,11.5,0,17,206
936,10029.0,0,0,24.5,0.8,100.0,100.0,87.0,100.0,9.0,0,14,206
937,10021.0,0,0,24.7,1.3,100.0,61.0,89.0,100.0,7.3,0,12,206
938,10029.0,0,0,24.2,0.2,67.0,6.0,53.0,99.0,3.3,0,10,206
939,10019.0,0,0,24.2,0.2,67.0,6.0,53.0,99.0,3.3,0,10,206
940,10029.0,0,0,25.4,0.0,84.0,9.0,77.0,99.0,4.5,0,22,206
941,10035.0,1,0,25.5,0.0,79.0,13.0,62.0,99.0,4.9,1,23,206
942,10032.0,0,0,25.5,1.0,100.0,100.0,64.0,100.0,11.7,0,16,206
943,10039.0,0,0,25.6,1.5,40.0,6.0,8.0,99.0,6.2,0,3,206
944,10040.0,0,0,25.5,0.0,79.0,13.0,62.0,99.0,4.9,0,23,206
945,10001.0,0,0,24.5,0.8,100.0,100.0,87.0,100.0,9.0,0,14,206
946,10013.0,1,0,25.2,1.2,100.0,79.0,75.0,99.0,8.7,1,19,206
947,10002.0,0,0,25.0,0.5,100.0,100.0,73.0,99.0,8.4,0,13,206
948,10011.0,0,0,28.3,1.3,43.0,1.0,20.0,99.0,5.0,0,0,206
949,10027.0,0,0,25.6,2.8,100.0,100.0,62.0,99.0,11.5,0,17,206
950,10037.0,0,0,24.6,1.3,94.0,34.0,56.0,100.0,7.6,0,11,206
951,10028.0,0,0,25.0,0.5,100.0,100.0,73.0,99.0,8.4,0,13,206
952,10009.0,1,0,25.3,0.6,100.0,45.0,87.0,99.0,6.7,1,20,206
953,10040.0,0,0,25.0,0.5,100.0,100.0,73.0,99.0,8.4,0,13,206
954,10029.0,0,0,24.7,1.3,100.0,61.0,89.0,100.0,7.3,0,12,206
955,10028.0,0,0,25.6,2.8,100.0,100.0,62.0,99.0,11.5,0,17,206
956,10001.0,0,0,24.6,1.3,94.0,34.0,56.0,100.0,7.6,0,11,206
957,10033.0,1,0,30.5,0.0,50.0,21.0,5.0,94.0,11.8,1,20,205
958,10038.0,0,0,27.6,0.0,100.0,68.0,87.0,100.0,13.5,0,16,205
959,10014.0,0,0,24.3,0.0,100.0,94.0,52.0,38.0,11.4,0,12,205
960,10027.0,0,0,30.5,0.0,50.0,21.0,5.0,94.0,11.8,0,20,205
961,10012.0,0,0,24.3,0.0,100.0,94.0,52.0,38.0,11.4,0,12,205
962,10026.0,0,0,29.8,0.0,47.0,17.0,7.0,93.0,13.5,0,19,205
963,10019.0,0,0,23.7,0.0,54.0,22.0,43.0,28.0,8.7,0,10,205
964,10026.0,1,0,24.1,0.0,36.0,1.0,10.0,97.0,11.7,1,4,205
965,10016.0,1,0,28.1,0.0,100.0,45.0,54.0,100.0,12.5,1,17,205
966,10013.0,1,0,24.1,0.0,36.0,1.0,10.0,97.0,11.7,1,4,205
967,10021.0,0,0,23.9,0.0,53.0,0.0,83.0,10.0,7.9,0,8,205
968,10022.0,0,0,23.7,0.0,50.0,1.0,81.0,0.0,10.0,0,9,205
969,10040.0,0,0,28.1,0.0,100.0,45.0,54.0,100.0,12.5,0,17,205
970,10040.0,0,0,30.5,0.0,50.0,21.0,5.0,94.0,11.8,0,20,205
971,10128.0,1,0,29.8,0.0,47.0,17.0,7.0,93.0,13.5,1,19,205
972,10075.0,0,0,23.7,0.0,50.0,1.0,81.0,0.0,10.0,0,9,205
973,10018.0,0,0,24.0,0.0,64.0,0.0,85.0,42.0,8.4,0,7,205
974,10036.0,1,0,29.7,0.6,64.0,0.0,59.0,94.0,3.9,1,23,205
975,10002.0,0,0,24.1,0.0,36.0,1.0,10.0,97.0,11.7,0,4,205
976,10025.0,1,0,29.7,0.6,64.0,0.0,59.0,94.0,3.9,1,23,205
977,10032.0,1,0,29.8,0.0,47.0,17.0,7.0,93.0,13.5,1,19,205
978,10035.0,0,0,24.0,0.0,83.0,55.0,42.0,27.0,9.6,0,11,205
979,10002.0,1,0,27.4,0.0,100.0,61.0,75.0,82.0,12.5,1,15,205
980,10016.0,0,0,27.4,0.0,100.0,61.0,75.0,82.0,12.5,0,15,205
981,10001.0,0,0,27.4,0.0,100.0,61.0,75.0,82.0,12.5,0,15,205
982,10032.0,0,0,28.1,0.0,100.0,45.0,54.0,100.0,12.5,0,17,205
983,10280.0,2,0,28.9,0.0,55.0,27.0,2.0,98.0,13.0,1,18,205
984,10016.0,0,0,27.6,0.0,100.0,68.0,87.0,100.0,13.5,0,16,205
985,10002.0,0,0,27.4,0.0,100.0,61.0,75.0,82.0,12.5,0,15,205
986,10035.0,0,0,24.3,0.0,100.0,94.0,52.0,38.0,11.4,0,12,205
987,10003.0,0,0,24.8,0.0,100.0,99.0,97.0,83.0,13.1,0,13,205
988,10075.0,0,0,24.3,0.0,100.0,94.0,52.0,38.0,11.4,0,12,205
989,10023.0,0,0,25.9,0.0,100.0,98.0,98.0,80.0,11.7,0,14,205
990,10029.0,0,0,29.8,0.0,47.0,17.0,7.0,93.0,13.5,0,19,205
991,10036.0,1,0,24.2,0.0,82.0,0.0,86.0,100.0,10.9,1,2,205
992,10009.0,1,0,27.6,0.0,100.0,68.0,87.0,100.0,13.5,1,16,205
993,10033.0,0,0,29.8,0.0,47.0,17.0,7.0,93.0,13.5,0,19,205
994,10022.0,1,0,24.0,0.0,68.0,0.0,78.0,69.0,10.9,1,6,205
995,10016.0,0,0,25.8,0.0,33.0,2.0,27.0,49.0,1.8,0,11,204
996,10035.0,0,0,29.8,0.0,35.0,16.0,32.0,3.0,9.3,0,19,204
997,10027.0,0,0,27.4,0.0,20.0,15.0,7.0,9.0,3.3,0,14,204
998,10012.0,0,0,29.7,0.0,30.0,12.0,19.0,25.0,6.9,0,16,204
999,10022.0,0,0,30.2,0.0,25.0,9.0,13.0,31.0,8.6,0,17,204
1000,10027.0,0,0,28.9,2.0,66.0,5.0,53.0,100.0,11.5,0,22,204
1001,10006.0,0,0,26.2,0.0,20.0,2.0,14.0,33.0,2.5,0,12,204
1002,10029.0,0,0,29.8,0.0,35.0,16.0,32.0,3.0,9.3,0,19,204
1003,10021.0,0,0,25.8,0.0,33.0,2.0,27.0,49.0,1.8,0,11,204
1004,10021.0,0,0,26.1,0.0,41.0,3.0,28.0,72.0,2.2,0,10,204
1005,10027.0,1,0,29.7,0.0,30.0,12.0,19.0,25.0,6.9,1,16,204
1006,10027.0,0,0,30.2,0.0,25.0,9.0,13.0,31.0,8.6,0,17,204
1007,10011.0,1,0,27.6,0.0,18.0,0.0,0.0,59.0,4.8,1,2,204
1008,10021.0,0,0,27.4,0.0,20.0,15.0,7.0,9.0,3.3,0,14,204
1009,10016.0,0,0,28.9,2.0,66.0,5.0,53.0,100.0,11.5,0,22,204
1010,10031.0,0,0,26.2,0.0,20.0,2.0,14.0,33.0,2.5,0,12,204
1011,10037.0,2,0,29.7,0.0,7.0,0.0,1.0,20.0,5.5,1,0,204
1012,10035.0,0,0,25.8,0.0,33.0,2.0,27.0,49.0,1.8,0,11,204
1013,10039.0,0,0,26.3,0.0,74.0,0.0,75.0,98.0,5.9,0,4,204
1014,10033.0,2,0,30.2,0.0,25.0,9.0,13.0,31.0,8.6,1,17,204
1015,10019.0,1,0,29.6,0.0,50.0,10.0,34.0,69.0,13.4,1,21,204
1016,10031.0,0,0,26.2,0.0,5.0,0.0,4.0,10.0,4.8,0,12,203
1017,10022.0,1,0,26.6,0.0,11.0,0.0,4.0,30.0,6.8,1,6,203
1018,10035.0,0,0,26.6,0.0,24.0,0.0,2.0,76.0,6.6,0,5,203
1019,10022.0,0,0,26.2,0.0,5.0,0.0,4.0,10.0,4.8,0,12,203
1020,10002.0,1,0,25.4,0.0,10.0,0.0,7.0,19.0,5.7,1,8,203
1021,10027.0,1,0,27.2,0.0,5.0,0.0,7.0,2.0,4.0,1,13,203
1022,10032.0,1,0,29.9,0.0,10.0,0.0,16.0,0.0,4.3,1,15,203
1023,10026.0,1,0,31.8,0.0,6.0,0.0,3.0,13.0,8.5,1,21,203
1024,10019.0,0,0,31.1,0.0,21.0,5.0,28.0,0.0,9.0,0,17,203
1025,10128.0,0,0,28.1,0.0,8.0,0.0,14.0,0.0,2.5,0,14,203
1026,10035.0,0,0,25.4,0.0,10.0,0.0,7.0,19.0,5.7,0,8,203
1027,10002.0,0,0,25.4,0.0,17.0,0.0,1.0,55.0,6.2,0,10,203
1028,10128.0,1,0,31.8,0.0,6.0,0.0,3.0,13.0,8.5,1,21,203
1029,10036.0,0,0,31.2,0.0,6.0,0.0,9.0,3.0,9.0,0,18,203
1030,10035.0,0,0,25.4,0.0,10.0,0.0,7.0,19.0,5.7,0,8,203
1031,10025.0,1,0,25.4,0.0,17.0,0.0,1.0,55.0,6.2,1,10,203
1032,10035.0,1,0,31.3,0.0,4.0,0.0,2.0,8.0,6.9,1,22,203
1033,10028.0,0,0,28.1,0.0,8.0,0.0,14.0,0.0,2.5,0,14,203
1034,10028.0,1,0,30.3,0.0,0.0,0.0,0.0,0.0,6.3,1,16,203
1035,10016.0,0,0,27.2,0.0,5.0,0.0,7.0,2.0,4.0,0,13,203
1036,10038.0,1,0,31.2,0.0,6.0,0.0,9.0,3.0,9.0,1,18,203
1037,10019.0,0,0,30.8,0.0,21.0,2.0,0.0,63.0,9.2,0,1,203
1038,10030.0,0,0,26.6,0.0,11.0,0.0,4.0,30.0,6.8,0,6,203
1039,10035.0,0,0,27.4,0.0,24.0,0.0,1.0,78.0,8.2,0,4,203
1040,10011.0,0,0,31.1,0.0,21.0,5.0,28.0,0.0,9.0,0,17,203
1041,10013.0,0,0,27.2,0.0,5.0,0.0,7.0,2.0,4.0,0,13,203
1042,10019.0,1,0,24.7,0.0,5.0,0.0,3.0,11.0,6.0,1,9,203
1043,10013.0,1,0,30.3,0.0,0.0,0.0,0.0,0.0,6.3,1,16,203
1044,10036.0,0,0,25.4,0.0,10.0,0.0,7.0,19.0,5.7,0,8,203
1045,10039.0,0,0,31.8,0.0,6.0,0.0,3.0,13.0,8.5,0,21,203
1046,10027.0,0,0,32.9,0.0,27.0,0.0,13.0,65.0,15.9,0,21,202
1047,10002.0,0,0,26.9,0.0,37.0,4.0,15.0,81.0,5.6,0,10,202
1048,10013.0,0,0,29.0,0.0,33.0,0.0,15.0,81.0,6.1,0,14,202
1049,10035.0,0,0,30.4,0.0,38.0,7.0,8.0,90.0,8.0,0,15,202
1050,10001.0,0,0,26.1,0.0,12.0,0.0,1.0,39.0,9.1,0,9,202
1051,10004.0,0,0,26.9,0.0,37.0,4.0,15.0,81.0,5.6,0,10,202
1052,10040.0,0,0,26.1,0.0,12.0,0.0,1.0,39.0,9.1,0,9,202
1053,10031.0,0,0,32.5,0.0,32.0,0.0,19.0,67.0,15.9,0,20,202
1054,10023.0,0,0,32.2,0.0,30.0,13.0,2.0,57.0,14.5,0,19,202
1055,10019.0,1,0,26.9,0.0,37.0,4.0,15.0,81.0,5.6,1,10,202
1056,10026.0,0,0,27.7,0.0,46.0,0.0,42.0,70.0,4.4,0,13,202
1057,10014.0,0,0,32.2,0.0,13.0,1.0,0.0,40.0,12.8,0,22,202
1058,10031.0,0,0,31.6,0.0,56.0,15.0,30.0,80.0,13.7,0,17,202
1059,10027.0,0,0,26.4,0.0,13.0,1.0,1.0,37.0,9.2,0,8,202
1060,10037.0,1,0,27.0,0.0,52.0,6.0,35.0,84.0,4.7,1,11,202
1061,10022.0,1,0,30.4,0.0,38.0,7.0,8.0,90.0,8.0,1,15,202
1062,10002.0,1,0,31.6,0.0,56.0,15.0,30.0,80.0,13.7,1,17,202
1063,10018.0,0,0,30.4,0.0,38.0,7.0,8.0,90.0,8.0,0,15,202
1064,10018.0,0,0,30.9,0.0,64.0,29.0,22.0,83.0,11.9,0,16,202
1065,10023.0,0,0,26.9,0.0,37.0,4.0,15.0,81.0,5.6,0,10,202
1066,10023.0,1,0,27.1,0.0,48.0,2.0,42.0,69.0,2.9,1,12,202
1067,10280.0,0,0,29.7,0.0,22.0,0.0,0.0,74.0,7.6,0,0,201
1068,10128.0,0,0,32.3,0.0,23.0,0.0,37.0,4.0,14.8,0,18,201
1069,10017.0,0,0,25.1,0.0,2.0,0.0,0.0,7.0,7.2,0,12,201
1070,10035.0,1,0,31.7,0.0,27.0,0.0,24.0,42.0,14.3,1,17,201
1071,10037.0,0,0,24.5,0.0,14.0,0.0,0.0,48.0,8.4,0,8,201
1072,10002.0,0,0,29.7,0.0,22.0,0.0,0.0,74.0,7.6,0,0,201
1073,10027.0,0,0,29.7,0.0,22.0,0.0,0.0,74.0,7.6,0,0,201
1074,10029.0,3,0,27.2,0.0,28.0,2.0,0.0,88.0,9.0,1,2,201
1075,10013.0,0,0,30.2,0.0,24.0,0.0,0.0,81.0,11.2,0,15,201
1076,10003.0,1,0,30.0,0.0,30.0,0.0,40.0,19.0,13.4,1,23,201
1077,10281.0,1,0,32.3,0.0,23.0,0.0,37.0,4.0,14.8,1,18,201
1078,10035.0,1,0,25.6,0.0,27.0,0.0,0.0,90.0,8.1,1,3,201
1079,10022.0,0,0,27.9,0.0,25.0,1.0,0.0,79.0,9.0,0,1,201
1080,10029.0,0,0,24.8,0.0,4.0,0.0,0.0,12.0,8.4,0,11,201
1081,10065.0,0,0,26.3,0.0,2.0,0.0,0.0,8.0,8.9,0,13,201
1082,10010.0,0,0,26.3,0.0,2.0,0.0,0.0,8.0,8.9,0,13,201
1083,10023.0,1,0,24.0,0.0,8.0,0.0,0.0,27.0,8.2,1,9,201
1084,10031.0,4,0,26.7,0.0,17.0,0.0,0.0,58.0,6.0,1,2,200
1085,10128.0,1,0,24.7,0.0,85.0,94.0,0.0,0.0,5.9,1,7,200
1086,10022.0,0,0,31.1,0.0,2.0,0.0,0.0,6.0,5.2,0,19,200
1087,10013.0,1,0,23.7,0.0,52.0,58.0,0.0,0.0,8.4,1,11,200
1088,10014.0,1,0,28.2,0.0,0.0,0.0,0.0,0.0,5.6,1,15,200
1089,10002.0,1,0,25.0,0.0,5.0,0.0,0.0,18.0,4.2,1,5,200
1090,10019.0,0,0,23.6,0.0,48.0,53.0,0.0,0.0,9.3,0,10,200
1091,10032.0,0,0,31.1,0.0,27.0,0.0,0.0,89.0,3.8,0,22,200
1092,10002.0,0,0,24.7,0.0,85.0,94.0,0.0,0.0,5.9,0,7,200
1093,10022.0,0,0,27.9,0.0,6.0,2.0,4.0,6.0,4.8,0,0,200
1094,10019.0,0,0,27.9,0.0,6.0,2.0,4.0,6.0,4.8,0,0,200
1095,10037.0,1,0,23.7,0.0,52.0,58.0,0.0,0.0,8.4,1,11,200
1096,10002.0,0,0,25.5,0.0,1.0,0.0,0.0,4.0,2.4,0,4,200
1097,10021.0,0,0,27.9,0.0,6.0,2.0,4.0,6.0,4.8,0,0,200
1098,10035.0,1,0,24.1,0.0,16.0,16.0,0.0,4.0,6.1,1,12,200
1099,10033.0,0,0,31.1,0.0,27.0,0.0,0.0,89.0,3.8,0,22,200
1100,10029.0,0,0,24.3,0.0,85.0,94.0,0.0,0.0,8.0,0,8,200
1101,10028.0,1,0,26.4,0.0,0.0,0.0,0.0,0.0,7.6,1,14,200
1102,10014.0,1,0,31.1,0.0,2.0,0.0,0.0,6.0,5.2,1,19,200
1103,10027.0,1,0,26.7,0.0,17.0,0.0,0.0,58.0,6.0,1,2,200
1104,10075.0,0,0,28.9,0.0,1.0,0.0,0.0,2.0,3.1,0,16,200
1105,10031.0,0,0,31.1,0.0,2.0,0.0,0.0,6.0,5.2,0,19,200
1106,10065.0,0,0,23.7,0.0,52.0,58.0,0.0,0.0,8.4,0,11,200
1107,10016.0,1,0,25.5,0.0,1.0,0.0,0.0,4.0,2.4,1,4,200
1108,10003.0,1,0,24.1,0.0,16.0,16.0,0.0,4.0,6.1,1,12,200
1109,10034.0,1,0,30.9,0.0,0.0,0.0,0.0,0.0,3.3,1,18,200
1110,10026.0,0,0,31.1,0.0,2.0,0.0,0.0,6.0,5.2,0,19,200
1111,10027.0,0,0,29.4,0.0,0.0,0.0,0.0,0.0,3.1,0,17,200
1112,10016.0,1,0,21.1,0.0,68.0,20.0,71.0,23.0,8.4,1,12,199
1113,10009.0,0,0,20.6,0.0,73.0,54.0,33.0,15.0,10.1,0,6,199
1114,10028.0,0,0,26.3,0.0,53.0,41.0,19.0,15.0,4.7,0,19,199
1115,10035.0,0,0,25.5,0.0,62.0,62.0,9.0,1.0,7.2,0,18,199
1116,10025.0,0,0,21.4,0.0,29.0,13.0,15.0,27.0,14.8,0,0,199
1117,10021.0,1,0,20.8,0.0,88.0,49.0,64.0,18.0,8.1,1,8,199
1118,10033.0,0,0,26.8,0.0,57.0,39.0,19.0,34.0,4.0,0,20,199
1119,10003.0,1,0,21.3,0.4,100.0,65.0,79.0,25.0,11.3,1,13,199
1120,10034.0,0,0,25.5,0.0,62.0,62.0,9.0,1.0,7.2,0,18,199
1121,10031.0,0,0,25.5,0.0,62.0,62.0,9.0,1.0,7.2,0,18,199
1122,10031.0,1,0,26.3,0.0,53.0,41.0,19.0,15.0,4.7,1,19,199
1123,10012.0,2,0,24.0,0.0,100.0,100.0,12.0,59.0,11.3,1,16,199
1124,10018.0,0,0,24.0,0.0,100.0,100.0,12.0,59.0,11.3,0,16,199
1125,10006.0,0,0,25.1,0.0,95.0,100.0,8.0,0.0,10.0,0,17,199
1126,10035.0,1,0,21.1,0.0,68.0,20.0,71.0,23.0,8.4,1,12,199
1127,10001.0,0,0,21.3,0.4,100.0,65.0,79.0,25.0,11.3,0,13,199
1128,10033.0,0,0,21.1,1.0,56.0,27.0,49.0,9.0,5.1,0,10,199
1129,10026.0,0,0,21.1,1.0,56.0,27.0,49.0,9.0,5.1,0,10,199
1130,10012.0,0,0,25.5,0.0,62.0,62.0,9.0,1.0,7.2,0,18,199
1131,10065.0,0,0,20.5,0.0,98.0,65.0,33.0,64.0,12.1,0,5,199
1132,10013.0,0,0,25.1,0.0,95.0,100.0,8.0,0.0,10.0,0,17,199
1133,10024.0,0,0,26.8,0.0,57.0,39.0,19.0,34.0,4.0,0,20,199
1134,10037.0,1,0,21.2,0.6,100.0,48.0,86.0,39.0,9.2,1,11,199
1135,10018.0,1,0,26.3,0.0,53.0,41.0,19.0,15.0,4.7,1,19,199
1136,10001.0,1,0,21.5,0.4,100.0,100.0,87.0,66.0,11.7,1,14,199
1137,10034.0,2,0,25.1,0.0,95.0,100.0,8.0,0.0,10.0,1,17,199
1138,10027.0,0,0,24.0,0.0,100.0,100.0,12.0,59.0,11.3,0,16,199
1139,10012.0,0,0,26.8,0.0,57.0,39.0,19.0,34.0,4.0,0,20,199
1140,10002.0,1,0,21.1,0.0,68.0,20.0,71.0,23.0,8.4,1,12,199
1141,10030.0,2,0,28.4,0.0,2.0,1.0,0.0,2.0,3.9,1,23,199
1142,10035.0,4,0,24.0,0.0,100.0,100.0,12.0,59.0,11.3,1,16,199
1143,10007.0,0,0,20.6,0.0,73.0,54.0,33.0,15.0,10.1,0,6,199
1144,10002.0,1,0,21.6,0.0,46.0,40.0,16.0,0.0,11.2,1,8,198
1145,10035.0,1,0,22.1,0.0,70.0,8.0,85.0,40.0,10.0,1,13,198
1146,10030.0,1,0,22.6,0.0,23.0,16.0,14.0,0.0,15.4,1,22,198
1147,10014.0,0,0,24.1,0.0,45.0,17.0,37.0,25.0,15.1,0,20,198
1148,10019.0,0,0,23.2,0.0,20.0,6.0,12.0,23.0,10.5,0,1,198
1149,10029.0,0,0,21.8,0.0,95.0,20.0,93.0,72.0,7.4,0,11,198
1150,10035.0,0,0,24.3,0.0,85.0,42.0,35.0,88.0,15.1,0,18,198
1151,10022.0,1,0,21.9,0.0,56.0,41.0,14.0,36.0,10.9,1,6,198
1152,10030.0,0,0,21.8,0.0,95.0,20.0,93.0,72.0,7.4,0,11,198
1153,10029.0,0,0,24.1,0.0,70.0,48.0,28.0,32.0,12.5,0,16,198
1154,10014.0,1,0,24.1,0.0,70.0,48.0,28.0,32.0,12.5,1,16,198
1155,10011.0,1,0,21.6,0.0,100.0,28.0,97.0,55.0,6.9,1,10,198
1156,10021.0,0,0,21.6,0.0,100.0,28.0,97.0,55.0,6.9,0,10,198
1157,10037.0,0,0,24.1,0.0,70.0,48.0,28.0,32.0,12.5,0,16,198
1158,10075.0,0,0,24.1,0.0,97.0,64.0,34.0,63.0,13.8,0,17,198
1159,10003.0,0,0,24.1,0.0,45.0,17.0,37.0,25.0,15.1,0,20,198
1160,10022.0,0,0,21.2,0.0,48.0,38.0,17.0,11.0,11.0,0,9,198
1161,10029.0,0,0,23.7,0.0,77.0,34.0,44.0,65.0,11.0,0,15,198
1162,10035.0,1,0,21.9,0.0,96.0,22.0,87.0,79.0,8.9,1,12,198
1163,10009.0,0,0,21.6,0.0,46.0,40.0,16.0,0.0,11.2,0,8,198
1164,10003.0,0,0,21.2,0.0,48.0,38.0,17.0,11.0,11.0,0,9,198
1165,10027.0,0,0,22.3,0.0,45.0,10.0,17.0,85.0,12.0,0,3,198
1166,10032.0,1,0,22.1,0.0,70.0,8.0,85.0,40.0,10.0,1,13,198
1167,10016.0,1,0,21.9,0.0,96.0,22.0,87.0,79.0,8.9,1,12,198
1168,10003.0,0,0,21.9,0.0,96.0,22.0,87.0,79.0,8.9,0,12,198
1169,10011.0,0,0,21.9,0.0,50.0,46.0,15.0,0.0,11.6,0,7,198
1170,10037.0,0,0,21.6,0.0,46.0,40.0,16.0,0.0,11.2,0,8,198
1171,10021.0,0,0,24.1,0.0,70.0,48.0,28.0,32.0,12.5,0,16,198
1172,10011.0,0,0,24.3,0.0,85.0,42.0,35.0,88.0,15.1,0,18,198
1173,10029.0,0,0,22.6,0.0,24.0,26.0,0.0,1.0,6.8,0,11,197
1174,10034.0,0,0,23.2,0.1,20.0,18.0,7.0,0.0,8.6,0,14,197
1175,10027.0,2,0,25.7,0.3,62.0,21.0,68.0,9.0,9.4,1,20,197
1176,10029.0,0,0,24.4,0.0,36.0,14.0,36.0,5.0,11.6,0,23,197
1177,10128.0,0,0,27.5,0.0,24.0,5.0,32.0,2.0,5.9,0,0,197
1178,10013.0,1,0,23.0,0.0,0.0,0.0,0.0,1.0,10.3,1,6,197
1179,10040.0,2,0,25.5,0.1,83.0,62.0,31.0,29.0,8.2,1,18,197
1180,10026.0,1,0,24.4,0.0,36.0,14.0,36.0,5.0,11.6,1,23,197
1181,10032.0,0,0,25.7,0.3,62.0,21.0,68.0,9.0,9.4,0,20,197
1182,10032.0,0,0,22.6,0.0,24.0,26.0,0.0,1.0,6.8,0,11,197
1183,10028.0,0,0,21.7,0.0,13.0,10.0,0.0,12.0,8.7,0,9,197
1184,10007.0,0,0,22.7,0.0,0.0,0.0,0.0,1.0,9.8,0,7,197
1185,10031.0,0,0,25.5,0.1,83.0,62.0,31.0,29.0,8.2,0,18,197
1186,10016.0,1,0,22.8,0.0,31.0,34.0,0.0,0.0,6.8,1,12,197
1187,10018.0,0,0,22.4,0.0,3.0,2.0,0.0,4.0,9.2,0,8,197
1188,10013.0,1,0,24.7,0.0,52.0,15.0,57.0,14.0,11.3,1,22,197
1189,10016.0,0,0,22.6,0.0,24.0,26.0,0.0,1.0,6.8,0,11,197
1190,10002.0,0,0,22.5,0.0,10.0,11.0,0.0,1.0,6.3,0,10,197
1191,10013.0,0,0,21.7,0.0,13.0,10.0,0.0,12.0,8.7,0,9,197
1192,10026.0,1,0,24.6,0.2,36.0,23.0,26.0,0.0,7.6,1,15,197
1193,10011.0,0,0,25.8,0.4,89.0,52.0,63.0,14.0,9.3,0,19,197
1194,10032.0,0,0,25.7,0.3,62.0,21.0,68.0,9.0,9.4,0,20,197
1195,10003.0,0,0,22.6,0.0,24.0,26.0,0.0,1.0,6.8,0,11,197
1196,10020.0,1,0,22.5,0.0,10.0,11.0,0.0,1.0,6.3,1,10,197
1197,10128.0,0,0,22.8,0.0,31.0,34.0,0.0,0.0,6.8,0,12,197
1198,10002.0,1,0,25.3,0.0,0.0,0.0,0.0,0.0,12.5,1,14,196
1199,10023.0,1,0,22.2,0.0,0.0,0.0,0.0,0.0,12.7,1,8,196
1200,10003.0,0,0,27.8,0.0,13.0,1.0,15.0,10.0,13.5,0,17,196
1201,10031.0,1,0,27.5,0.0,10.0,0.0,15.0,3.0,13.0,1,16,196
1202,10009.0,0,0,22.2,0.0,0.0,0.0,0.0,0.0,10.1,0,10,196
1203,10032.0,0,0,24.4,0.0,0.0,0.0,0.0,0.0,12.0,0,13,196
1204,10033.0,0,0,26.8,0.0,1.0,0.0,1.0,0.0,11.6,0,15,196
1205,10012.0,0,0,27.8,0.0,13.0,1.0,15.0,10.0,13.5,0,17,196
1206,10013.0,1,0,27.8,0.0,16.0,0.0,24.0,4.0,12.4,1,18,196
1207,10030.0,4,0,27.9,0.0,27.0,4.0,39.0,0.0,7.5,1,23,196
1208,10003.0,1,0,27.8,0.0,16.0,0.0,24.0,4.0,12.4,1,18,196
1209,10034.0,0,0,27.8,0.0,16.0,0.0,24.0,4.0,12.4,0,18,196
1210,10016.0,1,0,27.8,0.0,23.0,0.0,34.0,7.0,12.3,1,19,196
1211,10034.0,0,0,27.8,0.0,13.0,1.0,15.0,10.0,13.5,0,17,196
1212,10022.0,0,0,22.7,0.0,0.0,0.0,0.0,0.0,12.7,0,7,196
1213,10065.0,0,0,22.9,0.0,0.0,0.0,0.0,0.0,10.8,0,11,196
1214,10027.0,4,0,27.5,0.0,10.0,0.0,15.0,3.0,13.0,1,16,196
1215,10022.0,0,0,26.8,0.0,1.0,0.0,1.0,0.0,11.6,0,15,196
1216,10012.0,0,0,23.6,0.0,0.0,0.0,0.0,0.0,10.7,0,12,196
1217,10032.0,0,0,25.3,0.0,0.0,0.0,0.0,0.0,12.5,0,14,196
1218,10013.0,0,0,28.6,0.0,20.0,0.0,31.0,4.0,10.2,0,0,196
1219,10014.0,1,0,27.8,0.0,13.0,1.0,15.0,10.0,13.5,1,17,196
1220,10019.0,0,0,22.2,0.0,0.0,0.0,0.0,0.0,12.7,0,8,196
1221,10021.0,1,0,27.8,0.0,13.0,1.0,15.0,10.0,13.5,1,17,196
1222,10029.0,1,0,24.4,0.0,0.0,0.0,0.0,0.0,12.0,1,13,196
1223,10010.0,0,0,27.8,0.0,16.0,0.0,24.0,4.0,12.4,0,18,196
1224,10016.0,1,0,21.7,0.0,0.0,0.0,0.0,0.0,12.2,1,9,196
1225,10030.0,1,0,27.8,0.0,16.0,0.0,24.0,4.0,12.4,1,18,196
1226,10128.0,0,0,23.6,0.0,0.0,0.0,0.0,0.0,10.7,0,12,196
1227,10031.0,0,0,28.8,0.0,25.0,2.0,37.0,4.0,10.0,0,21,196
1228,10128.0,1,0,26.8,0.0,1.0,0.0,1.0,0.0,11.6,1,15,196
1229,10034.0,0,0,23.6,0.0,0.0,0.0,0.0,0.0,10.7,0,12,196
1230,10038.0,0,0,27.8,0.0,23.0,0.0,34.0,7.0,12.3,0,19,196
1231,10003.0,0,0,25.3,0.0,0.0,0.0,0.0,0.0,12.5,0,14,196
1232,10032.0,0,0,22.9,0.0,0.0,0.0,0.0,0.0,10.8,0,11,196
1233,10017.0,0,0,24.6,0.0,9.0,0.0,5.0,21.0,7.6,0,13,195
1234,10028.0,0,0,23.6,0.2,30.0,9.0,21.0,30.0,6.5,0,8,195
1235,10036.0,1,0,28.4,0.0,44.0,8.0,17.0,87.0,9.4,1,17,195
1236,10002.0,0,0,23.8,0.0,6.0,0.0,9.0,1.0,6.2,0,12,195
1237,10034.0,0,0,29.8,0.0,27.0,4.0,31.0,17.0,13.4,0,22,195
1238,10012.0,0,0,23.6,0.2,30.0,9.0,21.0,30.0,6.5,0,8,195
1239,10075.0,1,0,22.6,1.3,21.0,2.0,29.0,6.0,2.9,1,10,195
1240,10032.0,0,0,27.4,0.0,32.0,2.0,0.0,100.0,7.4,0,15,195
1241,10012.0,0,0,23.6,0.2,30.0,9.0,21.0,30.0,6.5,0,8,195
1242,10028.0,0,0,23.6,0.2,30.0,9.0,21.0,30.0,6.5,0,8,195
1243,10028.0,0,0,22.6,1.3,21.0,2.0,29.0,6.0,2.9,0,10,195
1244,10025.0,0,0,24.6,0.0,9.0,0.0,5.0,21.0,7.6,0,13,195
1245,10128.0,0,0,29.4,0.0,28.0,5.0,30.0,17.0,12.2,0,19,195
1246,10128.0,0,0,24.6,0.0,9.0,0.0,5.0,21.0,7.6,0,13,195
1247,10031.0,1,0,25.5,0.0,26.0,1.0,3.0,77.0,7.2,1,14,195
1248,10032.0,0,0,23.0,0.5,10.0,2.0,14.0,0.0,3.3,0,11,195
1249,10009.0,0,0,29.4,0.0,28.0,5.0,30.0,17.0,12.2,0,19,195
1250,10065.0,0,0,27.4,0.0,32.0,2.0,0.0,100.0,7.4,0,15,195
1251,10075.0,0,0,29.8,0.0,27.0,4.0,31.0,17.0,13.4,0,22,195
1252,10025.0,0,0,28.0,0.0,35.0,3.0,5.0,99.0,8.1,0,16,195
1253,10039.0,0,0,28.6,0.0,41.0,7.0,40.0,37.0,11.2,0,18,195
1254,10028.0,0,0,23.6,0.2,30.0,9.0,21.0,30.0,6.5,0,8,195
1255,10009.0,0,0,28.6,0.0,41.0,7.0,40.0,37.0,11.2,0,18,195
1256,10019.0,1,0,29.6,0.0,19.0,0.0,14.0,35.0,11.5,1,20,195
1257,10016.0,3,0,23.8,0.0,6.0,0.0,9.0,1.0,6.2,1,12,195
1258,10040.0,2,0,30.3,0.0,23.0,0.0,39.0,0.0,9.6,1,22,194
1259,10030.0,0,0,30.2,0.0,7.0,0.0,12.0,0.0,13.9,0,18,194
1260,10128.0,1,0,29.7,0.0,24.0,5.0,33.0,0.0,14.4,1,17,194
1261,10002.0,1,0,28.0,0.0,31.0,9.0,38.0,0.0,14.1,1,15,194
1262,10034.0,0,0,29.8,0.0,28.0,0.0,45.0,2.0,7.9,0,23,194
1263,10029.0,0,0,25.1,0.0,0.0,0.0,0.0,0.0,13.4,0,13,194
1264,10040.0,0,0,30.2,0.0,7.0,0.0,12.0,0.0,13.9,0,18,194
1265,10032.0,1,0,29.8,0.0,28.0,0.0,45.0,2.0,7.9,1,23,194
1266,10016.0,0,0,24.4,0.0,0.0,0.0,0.0,0.0,13.1,0,12,194
1267,10032.0,0,0,25.9,0.0,3.0,3.0,0.0,0.0,13.6,0,14,194
1268,10012.0,0,0,30.2,0.0,7.0,0.0,12.0,0.0,13.9,0,18,194
1269,10022.0,0,0,25.2,0.0,83.0,54.0,56.0,4.0,8.6,0,12,193
1270,10012.0,1,0,25.9,0.0,100.0,78.0,82.0,2.0,10.0,1,13,193
1271,10009.0,0,0,25.9,0.0,100.0,78.0,82.0,2.0,10.0,0,13,193
1272,10037.0,0,0,27.5,0.0,14.0,4.0,14.0,5.0,10.9,0,23,193
1273,10032.0,1,0,25.9,0.0,100.0,78.0,82.0,2.0,10.0,1,13,193
1274,10019.0,1,0,23.2,0.0,40.0,36.0,6.0,13.0,24.3,1,7,193
1275,10065.0,1,0,29.0,0.0,37.0,30.0,4.0,24.0,12.4,1,18,193
1276,10009.0,0,0,23.5,0.2,100.0,94.0,37.0,7.0,22.4,0,4,193
1277,10024.0,1,0,27.4,0.0,32.0,20.0,15.0,17.0,11.2,1,22,193
1278,10002.0,1,0,24.3,0.0,8.0,6.0,4.0,0.0,6.6,1,11,193
1279,10033.0,1,0,27.4,0.0,40.0,23.0,29.0,5.0,10.6,1,16,193
1280,10032.0,0,0,23.9,1.2,100.0,100.0,90.0,0.0,21.2,0,1,193
1281,10028.0,0,0,28.2,0.0,23.0,20.0,6.0,6.0,11.5,0,17,193
1282,10029.0,0,0,27.4,0.0,40.0,23.0,29.0,5.0,10.6,0,16,193
1283,10038.0,0,0,27.3,0.0,75.0,48.0,50.0,6.0,11.4,0,15,193
1284,10002.0,1,0,29.0,0.0,37.0,30.0,4.0,24.0,12.4,1,18,193
1285,10030.0,0,0,25.2,0.0,83.0,54.0,56.0,4.0,8.6,0,12,193
1286,10011.0,1,0,27.5,0.0,14.0,4.0,14.0,5.0,10.9,1,23,193
1287,10027.0,0,0,23.6,0.0,3.0,3.0,0.0,0.0,8.3,0,10,193
1288,10024.0,0,0,27.3,0.0,75.0,48.0,50.0,6.0,11.4,0,15,193
1289,10002.0,0,0,23.0,0.0,5.0,5.0,0.0,0.0,16.0,0,9,193
1290,10128.0,0,0,26.4,0.0,100.0,99.0,66.0,0.0,9.8,0,14,193
1291,10002.0,0,0,24.0,1.8,100.0,43.0,100.0,100.0,26.4,0,17,192
1292,10032.0,0,0,26.2,0.0,24.0,0.0,6.0,68.0,7.8,0,1,192
1293,10035.0,0,0,24.8,0.0,100.0,100.0,55.0,100.0,11.8,0,11,192
1294,10037.0,1,0,24.2,0.0,100.0,74.0,7.0,100.0,9.0,1,8,192
1295,10027.0,1,0,24.8,0.0,100.0,100.0,55.0,100.0,11.8,1,11,192
1296,10011.0,1,0,24.6,0.0,100.0,90.0,73.0,100.0,14.0,1,12,192
1297,10022.0,1,0,24.4,1.3,100.0,99.0,100.0,100.0,26.2,1,18,192
1298,10019.0,0,0,24.2,0.0,94.0,69.0,3.0,99.0,7.8,0,7,192
1299,10012.0,0,0,24.7,2.3,100.0,100.0,51.0,28.0,29.2,0,21,192
1300,10002.0,0,0,23.9,0.0,100.0,99.0,16.0,100.0,9.6,0,9,192
1301,10033.0,1,0,24.2,0.0,100.0,74.0,7.0,100.0,9.0,1,8,192
1302,10031.0,0,0,24.4,1.3,100.0,99.0,100.0,100.0,26.2,0,18,192
1303,10018.0,0,0,24.6,0.0,100.0,90.0,73.0,100.0,14.0,0,12,192
1304,10022.0,0,0,25.8,0.0,28.0,0.0,1.0,90.0,8.4,0,2,192
1305,10027.0,1,0,24.1,1.5,100.0,62.0,94.0,100.0,19.2,1,15,192
1306,10011.0,0,0,24.7,0.0,100.0,100.0,17.0,100.0,9.9,0,10,192
1307,10032.0,0,0,24.5,0.5,100.0,87.0,87.0,100.0,15.0,0,14,192
1308,10029.0,1,0,24.5,0.0,74.0,47.0,2.0,100.0,7.6,1,6,192
1309,10031.0,1,0,24.0,1.8,100.0,43.0,100.0,100.0,26.4,1,17,192
1310,10001.0,0,0,28.5,0.0,21.0,17.0,9.0,0.0,6.5,0,16,191
1311,10035.0,1,0,28.1,0.0,2.0,0.0,2.0,2.0,11.7,1,22,191
1312,10036.0,0,0,28.1,0.0,2.0,0.0,2.0,2.0,11.7,0,22,191
1313,10038.0,0,0,23.3,0.0,35.0,39.0,0.0,0.0,5.9,0,9,191
1314,10023.0,1,0,24.4,0.0,21.0,23.0,0.0,0.0,2.3,1,11,191
1315,10010.0,0,0,24.4,0.0,21.0,23.0,0.0,0.0,2.3,0,11,191
1316,10002.0,1,0,24.0,0.0,8.0,8.0,0.0,1.0,7.4,1,7,191
1317,10001.0,0,0,24.2,0.0,2.0,2.0,0.0,0.0,9.6,0,6,191
1318,10029.0,0,0,24.3,0.0,23.0,26.0,0.0,0.0,3.3,0,10,191
1319,10128.0,1,0,29.4,0.0,14.0,11.0,7.0,0.0,9.7,1,18,191
1320,10065.0,0,0,25.8,0.0,17.0,17.0,3.0,0.0,3.6,0,14,191
1321,10014.0,0,0,27.8,0.0,19.0,18.0,4.0,0.0,4.8,0,15,191
1322,10009.0,0,0,24.3,0.0,24.0,27.0,0.0,0.0,3.3,0,12,191
1323,10027.0,0,0,24.3,0.0,24.0,27.0,0.0,0.0,3.3,0,12,191
1324,10016.0,0,0,29.4,0.0,14.0,11.0,7.0,0.0,9.7,0,18,191
1325,10032.0,1,0,29.3,0.0,10.0,8.0,5.0,0.0,7.6,1,17,191
1326,10033.0,0,0,24.8,0.0,26.0,28.0,1.0,0.0,3.5,0,13,191
1327,10128.0,0,0,24.4,0.0,21.0,23.0,0.0,0.0,2.3,0,11,191
1328,10033.0,0,0,24.3,0.0,24.0,27.0,0.0,0.0,3.3,0,12,191
1329,10035.0,0,0,28.1,0.0,2.0,0.0,2.0,2.0,11.7,0,22,191
1330,10036.0,1,0,29.3,0.0,10.0,8.0,5.0,0.0,7.6,1,17,191
1331,10018.0,0,0,29.4,0.0,14.0,11.0,7.0,0.0,9.7,0,18,191
1332,10065.0,0,0,25.8,0.0,17.0,17.0,3.0,0.0,3.6,0,14,191
1333,10024.0,0,0,24.4,0.0,21.0,23.0,0.0,0.0,2.3,0,11,191
1334,10003.0,5,0,28.1,0.0,2.0,0.0,2.0,2.0,11.7,1,22,191
1335,10001.0,1,0,23.6,0.0,24.0,27.0,0.0,0.0,6.4,1,8,191
1336,10026.0,1,0,25.8,0.0,16.0,0.0,0.0,52.0,3.3,1,1,191
1337,10003.0,0,0,29.1,0.0,5.0,1.0,7.0,0.0,13.4,0,21,191
1338,10065.0,0,0,28.1,0.0,2.0,0.0,2.0,2.0,11.7,0,22,191
1339,10013.0,0,0,29.3,0.0,4.0,1.0,5.0,0.0,14.5,0,20,191
1340,10035.0,0,0,29.3,0.0,10.0,8.0,5.0,0.0,7.6,0,17,191
1341,10065.0,0,0,29.3,0.0,10.0,8.0,5.0,0.0,7.6,0,17,191
1342,10029.0,0,0,24.0,0.0,8.0,8.0,0.0,1.0,7.4,0,7,191
1343,10010.0,1,0,27.6,0.4,93.0,14.0,86.0,97.0,8.6,1,20,190
1344,10038.0,0,0,24.4,0.0,90.0,57.0,33.0,62.0,10.6,0,12,190
1345,10024.0,1,0,24.1,0.0,100.0,72.0,41.0,65.0,8.4,1,11,190
1346,10016.0,1,0,24.1,0.0,100.0,72.0,41.0,65.0,8.4,1,11,190
1347,10065.0,1,0,25.8,0.0,100.0,81.0,30.0,86.0,9.7,1,14,190
1348,10012.0,1,0,28.0,0.0,98.0,57.0,30.0,96.0,7.9,1,16,190
1349,10024.0,0,0,27.1,0.0,100.0,86.0,19.0,97.0,8.2,0,15,190
1350,10034.0,0,0,28.7,0.0,100.0,46.0,50.0,99.0,8.7,0,17,190
1351,10002.0,0,0,27.1,0.0,100.0,86.0,19.0,97.0,8.2,0,15,190
1352,10007.0,0,0,24.9,0.0,98.0,71.0,25.0,63.0,10.9,0,13,190
1353,10128.0,0,0,28.7,0.0,100.0,46.0,50.0,99.0,8.7,0,17,190
1354,10033.0,0,0,27.1,0.0,100.0,86.0,19.0,97.0,8.2,0,15,190
1355,10023.0,0,0,28.0,0.0,98.0,57.0,30.0,96.0,7.9,0,16,190
1356,10003.0,0,0,24.2,0.0,100.0,80.0,56.0,64.0,6.3,0,10,190
1357,10001.0,0,0,28.4,0.0,100.0,22.0,88.0,95.0,9.2,0,19,190
1358,10010.0,1,0,27.6,0.4,93.0,14.0,86.0,97.0,8.6,1,20,190
1359,10019.0,0,0,26.3,0.1,85.0,13.0,75.0,93.0,6.2,0,22,190
1360,10035.0,0,0,23.8,0.0,68.0,45.0,9.0,72.0,7.6,0,9,190
1361,10036.0,0,0,24.2,0.0,100.0,80.0,56.0,64.0,6.3,0,10,190
1362,10002.0,1,0,24.2,0.0,100.0,80.0,56.0,64.0,6.3,1,10,190
1363,10026.0,0,0,24.9,0.0,98.0,71.0,25.0,63.0,10.9,0,13,190
1364,10036.0,0,0,28.7,0.0,100.0,46.0,50.0,99.0,8.7,0,17,190
1365,10002.0,0,0,24.0,0.1,89.0,99.0,0.0,0.0,11.6,0,13,189
1366,10018.0,0,0,25.5,0.0,87.0,95.0,3.0,0.0,14.2,0,16,189
1367,10000.0,1,0,26.4,0.0,56.0,55.0,11.0,0.0,15.8,1,18,189
1368,10023.0,0,0,23.0,0.0,32.0,23.0,0.0,39.0,12.4,0,1,189
1369,10030.0,0,0,23.0,0.1,71.0,79.0,0.0,0.0,8.4,0,10,189
1370,10065.0,0,0,24.0,0.1,89.0,99.0,0.0,0.0,11.6,0,13,189
1371,10024.0,1,0,24.3,0.2,91.0,100.0,1.0,0.0,12.6,1,14,189
1372,10033.0,0,0,26.1,0.2,80.0,79.0,14.0,0.0,15.0,0,21,189
1373,10027.0,1,0,24.0,0.1,89.0,99.0,0.0,0.0,11.6,1,13,189
1374,10029.0,1,0,23.3,0.1,69.0,77.0,0.0,0.0,9.4,1,11,189
1375,10037.0,1,0,24.0,0.1,89.0,99.0,0.0,0.0,11.6,1,13,189
1376,10024.0,1,0,25.2,0.2,92.0,99.0,4.0,0.0,13.4,1,15,189
1377,10002.0,1,0,24.3,0.2,91.0,100.0,1.0,0.0,12.6,1,14,189
1378,10035.0,1,0,24.3,0.2,91.0,100.0,1.0,0.0,12.6,1,14,189
1379,10012.0,1,0,26.4,0.0,72.0,70.0,15.0,0.0,15.8,1,19,189
1380,10002.0,0,0,26.0,0.1,62.0,58.0,16.0,0.0,14.8,0,17,189
1381,10016.0,0,0,25.5,0.0,87.0,95.0,3.0,0.0,14.2,0,16,189
1382,10022.0,0,0,26.1,0.2,80.0,79.0,14.0,0.0,15.0,0,21,189
1383,10025.0,0,0,24.3,0.2,91.0,100.0,1.0,0.0,12.6,0,14,189
1384,10065.0,0,0,25.2,0.2,92.0,99.0,4.0,0.0,13.4,0,15,189
1385,10024.0,0,0,21.6,1.3,65.0,71.0,1.0,0.0,12.0,0,4,189
1386,10002.0,0,0,21.0,2.1,71.0,78.0,2.0,0.0,12.6,0,5,189
1387,10027.0,0,0,27.2,0.0,4.0,0.0,2.0,8.0,3.4,0,13,188
1388,10036.0,0,0,28.6,0.0,4.0,0.0,1.0,10.0,3.7,0,14,188
1389,10016.0,0,0,24.4,0.0,12.0,0.0,1.0,38.0,7.2,0,8,188
1390,10018.0,0,0,31.5,0.0,11.0,0.0,16.0,5.0,6.5,0,17,188
1391,10128.0,1,0,26.3,0.0,25.0,0.0,28.0,28.0,13.8,1,21,188
1392,10032.0,0,0,25.1,0.0,3.0,0.0,2.0,6.0,4.0,0,11,188
1393,10009.0,0,0,25.1,0.0,3.0,0.0,2.0,6.0,4.0,0,11,188
1394,10025.0,0,0,30.3,0.0,33.0,0.0,33.0,45.0,9.2,0,19,188
1395,10029.0,0,0,27.2,0.0,4.0,0.0,2.0,8.0,3.4,0,13,188
1396,10002.0,1,0,30.4,0.0,0.0,0.0,0.0,0.0,3.3,1,15,188
1397,10016.0,1,0,25.1,0.0,3.0,0.0,2.0,6.0,4.0,1,11,188
1398,10065.0,1,0,31.5,0.0,11.0,0.0,16.0,5.0,6.5,1,17,188
1399,10031.0,1,0,23.7,0.0,2.0,0.0,0.0,8.0,6.6,1,9,188
1400,10023.0,0,0,25.9,0.0,5.0,0.0,0.0,18.0,6.5,0,5,188
1401,10022.0,1,0,27.3,0.0,25.0,0.0,5.0,73.0,6.3,1,2,188
1402,10031.0,2,0,26.3,0.0,25.0,0.0,28.0,28.0,13.8,1,21,188
1403,10002.0,1,0,31.5,0.0,11.0,0.0,16.0,5.0,6.5,1,17,188
1404,10028.0,0,0,24.4,0.0,12.0,0.0,1.0,38.0,7.2,0,8,188
1405,10034.0,0,0,31.5,0.0,11.0,0.0,16.0,5.0,6.5,0,17,188
1406,10012.0,0,0,28.6,0.0,4.0,0.0,1.0,10.0,3.7,0,14,188
1407,10016.0,1,0,25.1,0.0,3.0,0.0,2.0,6.0,4.0,1,11,188
1408,10036.0,0,0,27.5,1.3,48.0,0.0,64.0,32.0,8.2,0,20,188
1409,10002.0,0,0,23.7,0.0,2.0,0.0,0.0,8.0,6.6,0,9,188
1410,10014.0,1,0,31.6,0.2,26.0,0.0,37.0,14.0,10.0,1,18,188
1411,10024.0,0,0,28.6,0.0,4.0,0.0,1.0,10.0,3.7,0,14,188
1412,10065.0,0,0,28.6,0.0,4.0,0.0,1.0,10.0,3.7,0,14,188
1413,10002.0,0,0,25.3,0.0,14.0,0.0,1.0,43.0,8.0,0,7,188
1414,10009.0,0,0,27.2,0.0,4.0,0.0,2.0,8.0,3.4,0,13,188
1415,10009.0,0,0,24.1,0.0,11.0,0.0,19.0,0.0,9.8,0,1,187
1416,10035.0,0,0,29.3,0.0,3.0,1.0,2.0,2.0,5.6,0,16,187
1417,10003.0,0,0,22.2,0.0,14.0,3.0,18.0,0.0,9.8,0,8,187
1418,10031.0,0,0,23.3,0.0,82.0,91.0,0.0,1.0,9.8,0,12,187
1419,10034.0,0,0,22.8,0.0,12.0,0.0,17.0,6.0,9.7,0,4,187
1420,10009.0,0,0,30.7,0.0,3.0,0.0,0.0,11.0,3.9,0,18,187
1421,10018.0,0,0,29.3,0.0,3.0,1.0,2.0,2.0,5.6,0,16,187
1422,10014.0,0,0,24.1,0.0,11.0,0.0,19.0,0.0,9.8,0,1,187
1423,10027.0,0,0,23.8,0.0,13.0,0.0,22.0,0.0,9.4,0,2,187
1424,10009.0,0,0,23.3,0.0,87.0,93.0,0.0,12.0,10.7,0,11,187
1425,10128.0,1,0,21.9,0.0,9.0,2.0,12.0,0.0,9.7,1,9,187
1426,10012.0,0,0,30.4,0.0,2.0,0.0,0.0,8.0,4.8,0,17,187
1427,10019.0,1,0,25.6,0.0,5.0,6.0,0.0,0.0,6.1,1,14,187
1428,10017.0,2,0,30.4,0.0,2.0,0.0,0.0,8.0,4.8,1,17,187
1429,10022.0,0,0,23.1,0.0,12.0,0.0,17.0,6.0,10.0,0,3,187
1430,10029.0,0,0,25.6,0.0,5.0,6.0,0.0,0.0,6.1,0,14,187
1431,10001.0,1,0,28.2,0.0,1.0,1.0,0.0,0.0,5.5,1,15,187
1432,10035.0,0,0,21.9,0.0,9.0,2.0,12.0,0.0,9.7,0,9,187
1433,10019.0,1,0,31.6,0.0,30.0,0.0,13.0,75.0,0.7,1,20,187
1434,10026.0,2,0,23.8,0.0,13.0,0.0,22.0,0.0,9.4,1,2,187
1435,10023.0,0,0,25.2,0.0,25.0,0.0,41.0,0.0,10.6,0,0,187
1436,10025.0,4,0,23.1,0.0,12.0,0.0,17.0,6.0,10.0,1,3,187
1437,10011.0,0,0,30.7,0.0,3.0,0.0,0.0,11.0,3.9,0,18,187
1438,10027.0,0,0,29.3,0.0,3.0,1.0,2.0,2.0,5.6,0,16,187
1439,10010.0,0,0,23.3,0.0,87.0,93.0,0.0,12.0,10.7,0,11,187
1440,10019.0,0,0,22.3,0.0,100.0,95.0,40.0,0.0,6.9,0,11,186
1441,10029.0,0,0,22.1,0.0,86.0,82.0,20.0,0.0,7.9,0,12,186
1442,10032.0,1,0,23.1,0.0,54.0,55.0,7.0,0.0,11.6,1,14,186
1443,10023.0,0,0,27.1,0.0,31.0,0.0,52.0,0.0,10.8,0,22,186
1444,10031.0,0,0,28.5,0.0,15.0,3.0,20.0,0.0,7.1,0,18,186
1445,10032.0,1,0,29.2,0.0,19.0,3.0,27.0,0.0,5.8,1,19,186
1446,10019.0,1,0,26.2,0.0,12.0,10.0,5.0,0.0,9.2,1,16,186
1447,10040.0,0,0,22.1,0.0,86.0,82.0,20.0,0.0,7.9,0,12,186
1448,10029.0,0,0,26.2,0.0,12.0,10.0,5.0,0.0,9.2,0,16,186
1449,10027.0,1,0,22.3,0.0,100.0,95.0,40.0,0.0,6.9,1,11,186
1450,10001.0,0,0,26.1,0.3,31.0,9.0,26.0,23.0,10.9,0,0,186
1451,10029.0,0,0,26.2,0.0,12.0,10.0,5.0,0.0,9.2,0,16,186
1452,10039.0,1,0,21.7,1.4,77.0,65.0,25.0,12.0,7.6,1,4,186
1453,10032.0,0,0,21.1,0.1,100.0,100.0,13.0,17.0,7.3,0,8,186
1454,10026.0,5,0,26.2,0.0,12.0,10.0,5.0,0.0,9.2,1,16,186
1455,10038.0,0,0,23.3,1.8,80.0,56.0,32.0,33.0,9.7,0,2,186
1456,10031.0,1,0,26.1,0.3,31.0,9.0,26.0,23.0,10.9,1,0,186
1457,10024.0,0,0,26.6,0.0,8.0,0.0,11.0,5.0,9.3,0,12,185
1458,10032.0,1,0,29.0,0.0,36.0,6.0,36.0,30.0,7.7,1,21,185
1459,10003.0,1,0,30.5,0.0,20.0,0.0,33.0,0.0,9.1,1,0,185
1460,10019.0,1,0,26.1,0.0,3.0,0.0,4.0,1.0,8.9,1,10,185
1461,10029.0,0,0,29.0,0.0,36.0,6.0,36.0,30.0,7.7,0,21,185
1462,10019.0,0,0,30.5,0.0,20.0,0.0,33.0,0.0,9.1,0,0,185
1463,10027.0,0,0,29.3,0.0,14.0,0.0,24.0,0.0,10.6,0,1,185
1464,10037.0,2,0,25.6,0.0,14.0,0.0,14.0,19.0,10.5,1,8,185
1465,10003.0,2,0,28.9,0.0,31.0,0.0,44.0,16.0,4.8,1,15,185
1466,10025.0,0,0,27.3,0.0,44.0,5.0,54.0,23.0,9.8,0,23,185
1467,10029.0,1,0,28.9,0.0,31.0,0.0,44.0,16.0,4.8,1,15,185
1468,10033.0,0,0,28.0,0.0,13.0,0.0,21.0,0.0,10.2,0,2,185
1469,10065.0,0,0,29.0,0.0,36.0,6.0,36.0,30.0,7.7,0,21,185
1470,10002.0,0,0,27.0,0.0,18.0,1.0,23.0,10.0,10.7,0,13,185
1471,10022.0,1,0,29.3,0.0,30.0,6.0,38.0,7.0,3.8,1,17,185
1472,10009.0,0,0,29.7,0.8,49.0,9.0,36.0,64.0,0.8,0,20,185
1473,10016.0,0,0,26.1,0.0,3.0,0.0,4.0,1.0,8.9,0,10,185
1474,10002.0,0,0,27.7,0.0,40.0,0.0,62.0,10.0,10.1,0,14,185
1475,10027.0,2,0,29.0,0.0,36.0,6.0,36.0,30.0,7.7,1,21,185
1476,10002.0,0,0,26.6,0.0,8.0,0.0,11.0,5.0,9.3,0,12,185
1477,10013.0,0,0,28.9,0.0,31.0,0.0,44.0,16.0,4.8,0,15,185
1478,10031.0,1,0,27.0,0.0,18.0,1.0,23.0,10.0,10.7,1,13,185
1479,10026.0,0,0,26.6,0.0,8.0,0.0,11.0,5.0,9.3,0,12,185
1480,10007.0,0,0,26.6,0.0,8.0,0.0,11.0,5.0,9.3,0,12,185
1481,10032.0,1,0,30.5,0.0,20.0,0.0,33.0,0.0,9.1,1,0,185
1482,10016.0,0,0,30.6,0.0,23.0,0.0,38.0,0.0,4.8,0,22,184
1483,10017.0,1,0,22.4,0.0,7.0,0.0,11.0,0.0,5.9,1,11,184
1484,10003.0,1,0,25.2,0.0,5.0,0.0,9.0,0.0,8.2,1,14,184
1485,10037.0,1,0,20.3,0.0,62.0,52.0,19.0,11.0,5.4,1,7,184
1486,10016.0,0,0,30.8,0.0,8.0,0.0,10.0,7.0,8.4,0,19,184
1487,10065.0,0,0,28.7,0.0,15.0,0.0,24.0,2.0,7.6,0,16,184
1488,10016.0,1,0,20.3,0.0,62.0,52.0,19.0,11.0,5.4,1,7,184
1489,10026.0,0,0,31.6,0.0,19.0,0.0,30.0,4.0,10.6,0,21,184
1490,10027.0,0,0,30.8,0.0,8.0,0.0,10.0,7.0,8.4,0,19,184
1491,10010.0,1,0,21.7,0.0,23.0,3.0,34.0,0.0,6.0,1,10,184
1492,10031.0,0,0,22.4,0.0,7.0,0.0,11.0,0.0,5.9,0,11,184
1493,10003.0,0,0,22.4,0.0,7.0,0.0,11.0,0.0,5.9,0,11,184
1494,10018.0,4,0,31.6,0.0,19.0,0.0,30.0,4.0,10.6,1,21,184
1495,10014.0,1,0,30.1,0.0,8.0,0.0,12.0,3.0,9.2,1,18,184
1496,10003.0,1,0,30.1,0.0,8.0,0.0,12.0,3.0,9.2,1,18,184
1497,10280.0,0,0,25.2,0.0,5.0,0.0,9.0,0.0,8.2,0,14,184
1498,10075.0,0,0,20.0,0.0,37.0,35.0,9.0,0.0,7.4,0,9,184
1499,10032.0,1,0,31.6,0.0,19.0,0.0,30.0,4.0,10.6,1,21,184
1500,10034.0,0,0,28.7,0.0,15.0,0.0,24.0,2.0,7.6,0,16,184
1501,10002.0,0,0,25.2,0.0,5.0,0.0,9.0,0.0,8.2,0,14,184
1502,10030.0,0,0,21.7,0.0,23.0,3.0,34.0,0.0,6.0,0,10,184
1503,10002.0,0,0,27.5,0.0,11.0,0.0,17.0,1.0,7.7,0,15,184
1504,10006.0,0,0,20.0,0.0,37.0,35.0,9.0,0.0,7.4,0,9,184
1505,10035.0,1,0,24.0,0.0,2.0,0.0,4.0,0.0,7.9,1,13,184
1506,10016.0,1,0,30.6,0.0,23.0,0.0,38.0,0.0,4.8,1,22,184
1507,10016.0,0,0,20.3,0.0,62.0,52.0,19.0,11.0,5.4,0,7,184
1508,10035.0,0,0,20.6,0.0,31.0,4.0,23.0,46.0,5.0,0,6,184
1509,10040.0,1,0,23.4,0.0,3.0,0.0,5.0,0.0,6.6,1,12,184
1510,10021.0,0,0,25.2,0.0,5.0,0.0,9.0,0.0,8.2,0,14,184
1511,10032.0,0,0,21.7,0.0,23.0,3.0,34.0,0.0,6.0,0,10,184
1512,10009.0,1,0,25.2,0.0,5.0,0.0,9.0,0.0,8.2,1,14,184
1513,10002.0,1,0,20.0,0.0,37.0,35.0,9.0,0.0,7.4,1,9,184
1514,10026.0,0,0,20.7,0.0,32.0,0.0,17.0,73.0,1.8,0,3,184
1515,10019.0,0,0,28.7,0.0,15.0,0.0,24.0,2.0,7.6,0,16,184
1516,10028.0,0,0,30.6,0.0,22.0,0.0,37.0,0.0,7.1,0,23,184
1517,10026.0,1,0,29.6,0.0,11.0,0.0,17.0,1.0,8.4,1,17,184
1518,10282.0,0,0,20.4,0.0,58.0,52.0,17.0,4.0,5.4,0,8,184
1519,10029.0,0,0,27.5,0.0,11.0,0.0,17.0,1.0,7.7,0,15,184
1520,10036.0,0,0,28.7,0.0,15.0,0.0,24.0,2.0,7.6,0,16,184
1521,10002.0,1,0,30.1,0.0,8.0,0.0,12.0,3.0,9.2,1,18,184
1522,10001.0,1,0,29.6,0.0,11.0,0.0,17.0,1.0,8.4,1,17,184
1523,10002.0,1,0,29.6,0.0,11.0,0.0,17.0,1.0,8.4,1,17,184
1524,10019.0,3,0,22.4,0.0,7.0,0.0,11.0,0.0,5.9,1,11,184
1525,10019.0,0,0,21.5,0.0,48.0,28.0,10.0,56.0,2.1,0,2,183
1526,10016.0,1,0,23.4,0.2,49.0,51.0,3.0,5.0,3.8,1,14,183
1527,10022.0,0,0,20.4,0.2,49.0,30.0,22.0,30.0,2.4,0,6,183
1528,10010.0,1,0,24.2,1.3,47.0,3.0,31.0,87.0,11.6,1,22,183
1529,10010.0,0,0,20.1,0.0,35.0,21.0,12.0,29.0,5.2,0,9,183
1530,10002.0,0,0,24.8,0.2,48.0,41.0,6.0,24.0,3.8,0,17,183
1531,10034.0,0,0,24.8,0.2,48.0,41.0,6.0,24.0,3.8,0,17,183
1532,10002.0,2,0,20.2,0.0,40.0,26.0,17.0,20.0,2.3,1,8,183
1533,10032.0,0,0,24.2,0.3,37.0,32.0,6.0,14.0,5.0,0,15,183
1534,10001.0,0,0,24.8,0.2,48.0,41.0,6.0,24.0,3.8,0,17,183
1535,10035.0,0,0,23.4,0.2,49.0,51.0,3.0,5.0,3.8,0,14,183
1536,10280.0,1,0,24.8,0.2,48.0,41.0,6.0,24.0,3.8,1,17,183
1537,10065.0,0,0,20.1,0.0,35.0,21.0,12.0,29.0,5.2,0,9,183
1538,10033.0,0,0,23.4,0.2,49.0,51.0,3.0,5.0,3.8,0,14,183
1539,10128.0,0,0,25.4,0.2,30.0,14.0,19.0,21.0,3.3,0,18,183
1540,10009.0,1,0,20.2,0.0,40.0,26.0,17.0,20.0,2.3,1,8,183
1541,10004.0,0,0,21.6,0.0,30.0,25.0,12.0,1.0,5.1,0,12,183
1542,10038.0,0,0,20.7,0.0,42.0,30.0,16.0,19.0,6.7,0,11,183
1543,10019.0,0,0,20.2,0.0,40.0,26.0,17.0,20.0,2.3,0,8,183
1544,10022.0,1,0,24.2,1.3,47.0,3.0,31.0,87.0,11.6,1,22,183
1545,10012.0,1,0,24.8,0.2,48.0,41.0,6.0,24.0,3.8,1,17,183
1546,10030.0,0,0,24.2,0.3,37.0,32.0,6.0,14.0,5.0,0,15,183
1547,10021.0,1,0,26.4,0.5,27.0,8.0,6.0,53.0,4.7,1,20,183
1548,10036.0,0,0,20.2,0.0,40.0,26.0,17.0,20.0,2.3,0,8,183
1549,10022.0,0,0,21.6,0.0,30.0,25.0,12.0,1.0,5.1,0,12,183
1550,10128.0,1,0,22.2,0.0,22.0,19.0,5.0,7.0,3.3,1,13,183
1551,10032.0,1,0,25.4,0.2,30.0,14.0,19.0,21.0,3.3,1,18,183
1552,10018.0,0,0,24.5,0.3,45.0,40.0,9.0,12.0,4.7,0,16,183
1553,10016.0,2,0,21.9,0.2,59.0,21.0,23.0,88.0,2.3,1,1,183
1554,10002.0,1,0,22.2,0.0,22.0,19.0,5.0,7.0,3.3,1,13,183
1555,10018.0,0,0,24.5,0.3,45.0,40.0,9.0,12.0,4.7,0,16,183
1556,10005.0,1,0,20.5,0.0,43.0,33.0,22.0,0.0,9.7,1,9,182
1557,10065.0,0,0,22.0,0.1,29.0,15.0,24.0,4.0,7.6,0,13,182
1558,10002.0,0,0,24.0,0.2,48.0,35.0,18.0,19.0,3.7,0,17,182
1559,10011.0,1,0,24.2,2.6,51.0,20.0,48.0,14.0,4.2,1,18,182
1560,10013.0,0,0,21.3,0.0,24.0,21.0,8.0,0.0,8.3,0,7,182
1561,10024.0,3,0,24.2,2.6,51.0,20.0,48.0,14.0,4.2,1,18,182
1562,10022.0,1,0,24.2,2.6,51.0,20.0,48.0,14.0,4.2,1,18,182
1563,10035.0,1,0,24.4,0.0,61.0,41.0,32.0,17.0,3.6,1,16,182
1564,10017.0,1,0,20.9,0.0,15.0,12.0,7.0,1.0,8.6,1,11,182
1565,10031.0,1,0,24.7,0.0,39.0,5.0,46.0,23.0,8.7,1,0,182
1566,10003.0,0,0,20.4,0.0,26.0,11.0,19.0,14.0,7.8,0,10,182
1567,10032.0,1,0,20.5,0.0,43.0,33.0,22.0,0.0,9.7,1,9,182
1568,10065.0,0,0,20.9,0.0,15.0,12.0,7.0,1.0,8.6,0,11,182
1569,10032.0,1,0,24.2,2.6,51.0,20.0,48.0,14.0,4.2,1,18,182
1570,10029.0,0,0,22.4,0.0,1.0,1.0,0.0,0.0,5.0,0,3,182
1571,10022.0,0,0,23.0,2.4,70.0,14.0,51.0,90.0,0.4,0,22,182
1572,10003.0,0,0,22.0,0.1,29.0,15.0,24.0,4.0,7.6,0,13,182
1573,10013.0,0,0,24.2,2.6,51.0,20.0,48.0,14.0,4.2,0,18,182
1574,10026.0,0,0,20.9,0.0,15.0,12.0,7.0,1.0,8.6,0,11,182
1575,10034.0,0,0,24.4,0.0,61.0,41.0,32.0,17.0,3.6,0,16,182
1576,10011.0,0,0,22.0,0.1,29.0,15.0,24.0,4.0,7.6,0,13,182
1577,10027.0,0,0,22.3,0.0,6.0,7.0,0.0,0.0,5.6,0,4,182
1578,10011.0,0,0,21.7,0.0,22.0,18.0,8.0,2.0,7.6,0,6,182
1579,10024.0,1,0,21.0,0.0,23.0,19.0,9.0,0.0,9.4,1,8,182
1580,10002.0,0,0,24.2,2.6,51.0,20.0,48.0,14.0,4.2,0,18,182
1581,10032.0,0,0,21.6,0.0,29.0,16.0,24.0,1.0,8.7,0,12,182
1582,10002.0,0,0,24.4,0.0,61.0,41.0,32.0,17.0,3.6,0,16,182
1583,10002.0,0,0,24.0,0.2,48.0,35.0,18.0,19.0,3.7,0,17,182
1584,10026.0,3,0,22.6,0.0,13.0,3.0,17.0,0.0,7.3,1,6,181
1585,10029.0,1,0,24.9,0.0,35.0,35.0,3.0,6.0,13.4,1,14,181
1586,10069.0,0,0,23.6,0.2,21.0,2.0,31.0,3.0,2.6,0,0,181
1587,10030.0,1,0,26.7,0.0,24.0,20.0,9.0,3.0,11.9,1,15,181
1588,10016.0,0,0,23.0,0.0,2.0,0.0,3.0,0.0,10.7,0,10,181
1589,10002.0,0,0,26.7,0.0,24.0,20.0,9.0,3.0,11.9,0,15,181
1590,10128.0,1,0,28.6,0.0,15.0,7.0,14.0,2.0,13.8,1,18,181
1591,10027.0,1,0,23.6,0.2,21.0,2.0,31.0,3.0,2.6,1,0,181
1592,10128.0,0,0,28.3,0.1,41.0,8.0,30.0,53.0,8.8,0,22,181
1593,10027.0,0,0,26.7,0.0,24.0,20.0,9.0,3.0,11.9,0,15,181
1594,10012.0,0,0,23.0,0.0,2.0,0.0,3.0,0.0,10.7,0,10,181
1595,10021.0,1,0,27.7,0.0,28.0,18.0,19.0,3.0,13.0,1,17,181
1596,10033.0,0,0,23.6,0.2,21.0,2.0,31.0,3.0,2.6,0,0,181
1597,10029.0,2,0,26.7,0.0,24.0,20.0,9.0,3.0,11.9,1,15,181
1598,10032.0,0,0,26.7,0.0,24.0,20.0,9.0,3.0,11.9,0,15,181
1599,10036.0,1,0,23.6,0.2,21.0,2.0,31.0,3.0,2.6,1,0,181
1600,10010.0,1,0,28.6,0.0,15.0,7.0,14.0,2.0,13.8,1,18,181
1601,10032.0,0,0,22.8,0.0,17.0,3.0,24.0,0.0,8.5,0,4,181
1602,10002.0,1,0,24.9,0.0,35.0,35.0,3.0,6.0,13.4,1,14,181
1603,10025.0,1,0,29.2,0.0,10.0,5.0,9.0,0.0,13.0,1,19,181
1604,10007.0,0,0,28.3,0.1,41.0,8.0,30.0,53.0,8.8,0,22,181
1605,10026.0,0,0,26.7,0.0,24.0,20.0,9.0,3.0,11.9,0,15,181
1606,10029.0,0,0,23.6,0.2,21.0,2.0,31.0,3.0,2.6,0,0,181
1607,10022.0,0,0,29.1,0.0,22.0,17.0,7.0,9.0,12.4,0,20,181
1608,10035.0,1,0,24.4,0.0,15.0,16.0,1.0,0.0,12.2,1,13,181
1609,10017.0,1,0,30.6,0.0,17.0,5.0,14.0,13.0,8.4,1,18,180
1610,10002.0,1,0,29.0,0.0,15.0,7.0,8.0,12.0,5.9,1,16,180
1611,10035.0,0,0,22.8,0.0,42.0,41.0,4.0,8.0,2.6,0,10,180
1612,10011.0,1,0,25.8,0.0,6.0,1.0,7.0,2.0,1.8,1,14,180
1613,10026.0,1,0,30.0,0.0,27.0,11.0,19.0,19.0,7.7,1,17,180
1614,10012.0,0,0,29.0,0.0,15.0,7.0,8.0,12.0,5.9,0,16,180
1615,10002.0,1,0,30.6,0.0,24.0,2.0,30.0,14.0,8.4,1,19,180
1616,10011.0,1,0,30.6,0.0,17.0,5.0,14.0,13.0,8.4,1,18,180
1617,10034.0,0,0,30.6,0.0,24.0,2.0,30.0,14.0,8.4,0,19,180
1618,10012.0,1,0,22.6,0.0,8.0,0.0,14.0,0.0,6.5,1,7,180
1619,10016.0,1,0,22.5,0.0,10.0,0.0,17.0,0.0,5.8,1,8,180
1620,10009.0,0,0,24.6,0.0,59.0,10.0,35.0,98.0,6.6,0,1,180
1621,10040.0,0,0,30.6,0.0,24.0,2.0,30.0,14.0,8.4,0,19,180
1622,10026.0,1,0,23.4,0.0,37.0,0.0,12.0,99.0,3.4,1,3,180
1623,10001.0,0,0,30.6,0.0,17.0,5.0,14.0,13.0,8.4,0,18,180
1624,10039.0,1,0,28.3,0.5,55.0,12.0,42.0,63.0,5.9,1,21,180
1625,10036.0,1,0,30.6,0.0,24.0,2.0,30.0,14.0,8.4,1,19,180
1626,10028.0,1,0,25.8,0.0,6.0,1.0,7.0,2.0,1.8,1,14,180
1627,10037.0,1,0,24.6,0.0,59.0,10.0,35.0,98.0,6.6,1,1,180
1628,10012.0,1,0,22.5,0.0,10.0,0.0,17.0,0.0,5.8,1,8,180
1629,10033.0,0,0,30.6,0.0,24.0,2.0,30.0,14.0,8.4,0,19,180
1630,10035.0,1,0,24.6,0.0,19.0,0.0,1.0,62.0,6.6,1,3,179
1631,10022.0,1,0,25.8,1.6,100.0,30.0,96.0,98.0,12.5,1,18,179
1632,10029.0,0,0,25.2,2.3,86.0,18.0,67.0,98.0,14.5,0,19,179
1633,10027.0,0,0,24.6,0.0,19.0,0.0,1.0,62.0,6.6,0,3,179
1634,10027.0,0,0,22.4,0.0,42.0,0.0,22.0,95.0,4.2,0,12,179
1635,10031.0,0,0,23.2,0.0,30.0,0.0,0.0,99.0,7.9,0,6,179
1636,10035.0,1,0,21.9,0.0,27.0,0.0,5.0,81.0,2.8,1,11,179
1637,10039.0,1,0,24.2,0.0,0.0,0.0,0.0,0.0,7.9,1,4,179
1638,10032.0,1,0,25.9,0.0,60.0,0.0,70.0,61.0,8.3,1,15,179
1639,10035.0,0,0,23.9,0.0,88.0,0.0,98.0,97.0,8.9,0,14,179
1640,10003.0,1,0,21.9,0.0,27.0,0.0,5.0,81.0,2.8,1,11,179
1641,10037.0,1,0,25.8,1.6,100.0,30.0,96.0,98.0,12.5,1,18,179
1642,10002.0,1,0,22.1,0.0,29.0,0.0,0.0,95.0,7.1,1,8,179
1643,10028.0,0,0,22.8,0.0,76.0,0.0,77.0,100.0,6.5,0,13,179
1644,10031.0,4,1,24.2,0.0,0.0,0.0,0.0,0.0,7.9,2,4,179
1645,10035.0,1,0,26.3,1.0,51.0,12.0,17.0,100.0,14.0,1,22,179
1646,10028.0,0,0,22.4,0.0,42.0,0.0,22.0,95.0,4.2,0,12,179
1647,10002.0,0,0,27.4,0.1,63.0,8.0,43.0,100.0,18.4,0,21,179
1648,10010.0,0,0,22.4,0.0,42.0,0.0,22.0,95.0,4.2,0,12,179
1649,10037.0,0,0,27.6,0.0,25.0,0.0,41.0,0.0,12.4,0,17,178
1650,10017.0,2,0,28.7,0.0,22.0,0.0,36.0,0.0,12.0,1,19,178
1651,10029.0,1,0,29.4,0.0,20.0,0.0,34.0,0.0,12.8,1,20,178
1652,10023.0,0,0,26.9,0.0,35.0,0.0,45.0,27.0,11.6,0,16,178
1653,10028.0,1,0,22.6,0.0,1.0,0.0,1.0,0.0,10.0,1,12,178
1654,10013.0,0,0,21.3,0.0,2.0,0.0,2.0,1.0,7.4,0,8,178
1655,10013.0,0,0,24.3,0.0,12.0,0.0,12.0,16.0,8.4,0,1,178
1656,10022.0,0,0,22.8,0.0,8.0,0.0,13.0,0.0,7.0,0,4,178
1657,10033.0,0,0,28.7,0.0,22.0,0.0,36.0,0.0,12.0,0,19,178
1658,10032.0,0,0,20.8,0.0,6.0,0.0,2.0,16.0,6.9,0,9,178
1659,10029.0,2,0,28.7,0.0,20.0,0.0,34.0,0.0,10.1,1,23,178
1660,10002.0,1,0,28.8,0.0,29.0,0.0,48.0,0.0,12.0,1,22,178
1661,10017.0,0,0,22.6,0.0,1.0,0.0,1.0,0.0,10.0,0,12,178
1662,10038.0,0,0,26.3,0.0,32.0,0.0,20.0,68.0,9.0,0,15,178
1663,10065.0,0,0,20.8,0.0,6.0,0.0,2.0,16.0,6.9,0,9,178
1664,10037.0,0,0,21.5,0.0,1.0,0.0,1.0,0.0,6.2,0,10,178
1665,10022.0,0,0,28.2,0.0,20.0,0.0,33.0,0.0,11.6,0,18,178
1666,10013.0,0,0,28.2,0.0,20.0,0.0,33.0,0.0,11.6,0,18,178
1667,10027.0,0,0,24.2,0.0,17.0,0.0,5.0,47.0,8.1,0,14,178
1668,10035.0,1,0,28.7,0.0,20.0,0.0,34.0,0.0,10.1,1,23,178
1669,10002.0,1,0,29.4,0.0,20.0,0.0,34.0,0.0,12.8,1,20,178
1670,10018.0,0,0,20.8,0.0,6.0,0.0,2.0,16.0,6.9,0,9,178
1671,10002.0,1,0,28.8,0.0,29.0,0.0,48.0,0.0,12.0,1,22,178
1672,10029.0,0,0,26.3,0.0,32.0,0.0,20.0,68.0,9.0,0,15,178
1673,10040.0,0,0,22.0,0.0,0.0,0.0,0.0,0.0,8.5,0,11,178
1674,10001.0,0,0,22.3,0.0,7.0,0.0,12.0,0.0,7.8,0,5,178
1675,10033.0,0,0,26.9,0.0,35.0,0.0,45.0,27.0,11.6,0,16,178
1676,10036.0,0,0,26.3,0.0,32.0,0.0,20.0,68.0,9.0,0,15,178
1677,10024.0,0,0,22.0,0.0,0.0,0.0,0.0,0.0,8.5,0,11,178
1678,10023.0,0,0,22.0,0.0,0.0,0.0,0.0,0.0,8.5,0,11,178
1679,10021.0,0,0,22.9,0.0,32.0,0.0,5.0,96.0,9.0,0,6,177
1680,10029.0,1,0,21.9,0.0,41.0,2.0,17.0,96.0,5.9,1,9,177
1681,10003.0,1,0,24.7,0.0,26.0,0.0,1.0,86.0,5.1,1,14,177
1682,10011.0,0,0,22.0,0.0,32.0,0.0,5.0,96.0,6.0,0,10,177
1683,10011.0,0,0,23.0,0.0,33.0,0.0,7.0,96.0,5.1,0,12,177
1684,10033.0,0,0,23.9,0.0,30.0,0.0,3.0,93.0,5.8,0,13,177
1685,10026.0,1,0,27.4,0.4,46.0,0.0,49.0,55.0,15.6,1,21,177
1686,10029.0,1,0,23.9,0.0,0.0,0.0,0.0,0.0,9.1,1,3,177
1687,10029.0,0,0,28.2,0.0,18.0,0.0,30.0,0.0,12.7,0,18,177
1688,10032.0,0,0,27.6,0.0,23.0,0.0,38.0,1.0,10.2,0,17,177
1689,10025.0,0,0,26.3,0.0,13.0,0.0,2.0,39.0,4.3,0,15,177
1690,10013.0,0,0,25.4,0.0,39.0,0.0,38.0,53.0,13.8,0,23,177
1691,10027.0,0,0,27.1,0.0,6.0,0.0,9.0,2.0,7.1,0,16,177
1692,10034.0,0,0,26.5,0.0,1.0,0.0,1.0,0.0,10.0,0,1,177
1693,10038.0,1,0,23.9,0.0,30.0,0.0,3.0,93.0,5.8,1,13,177
1694,10032.0,0,0,22.9,0.0,32.0,0.0,5.0,96.0,9.0,0,6,177
1695,10032.0,1,0,22.9,0.0,17.0,0.0,5.0,47.0,10.0,1,5,177
1696,10001.0,0,0,24.7,0.0,26.0,0.0,1.0,86.0,5.1,0,14,177
1697,10035.0,0,0,22.5,0.0,35.0,0.0,11.0,95.0,5.8,0,8,177
1698,10037.0,0,0,27.4,0.4,46.0,0.0,49.0,55.0,15.6,0,21,177
1699,10032.0,0,0,23.4,0.0,1.0,0.0,0.0,3.0,10.2,0,4,177
1700,10032.0,0,0,21.9,0.0,41.0,2.0,17.0,96.0,5.9,0,9,177
1701,10028.0,0,0,23.0,0.0,33.0,0.0,7.0,96.0,5.1,0,12,177
1702,10017.0,0,0,23.9,0.0,30.0,0.0,3.0,93.0,5.8,0,13,177
1703,10026.0,0,0,28.4,0.0,18.0,0.0,28.0,3.0,13.6,0,19,177
1704,10022.0,0,0,24.7,0.0,26.0,0.0,1.0,86.0,5.1,0,14,177
1705,10037.0,0,0,22.7,0.0,30.0,0.0,5.0,90.0,7.6,0,7,177
1706,10003.0,0,0,21.9,0.0,41.0,2.0,17.0,96.0,5.9,0,9,177
1707,10031.0,0,0,28.7,0.0,18.0,0.0,30.0,0.0,16.1,0,22,176
1708,10034.0,1,0,25.1,0.0,71.0,6.0,78.0,62.0,10.8,1,12,176
1709,10022.0,0,0,28.2,0.0,30.0,13.0,0.0,60.0,15.1,0,18,176
1710,10004.0,1,0,28.7,0.0,18.0,0.0,30.0,0.0,16.1,1,22,176
1711,10027.0,0,0,26.9,0.0,94.0,16.0,96.0,72.0,15.2,0,15,176
1712,10033.0,0,0,25.8,0.0,82.0,13.0,92.0,51.0,12.5,0,14,176
1713,10023.0,0,0,28.2,0.0,30.0,13.0,0.0,60.0,15.1,0,18,176
1714,10012.0,0,0,27.6,0.0,27.0,1.0,2.0,83.0,14.0,0,17,176
1715,10025.0,0,0,24.4,0.0,33.0,3.0,2.0,98.0,9.4,0,7,176
1716,10128.0,1,0,26.9,0.0,94.0,16.0,96.0,72.0,15.2,1,15,176
1717,10022.0,1,0,26.5,0.0,35.0,4.0,19.0,65.0,12.7,1,0,176
1718,10034.0,0,0,28.7,0.0,11.0,3.0,4.0,18.0,16.6,0,19,176
1719,10002.0,0,0,29.0,0.0,4.0,0.0,6.0,0.0,17.6,0,20,176
1720,10029.0,0,0,26.5,0.0,35.0,4.0,19.0,65.0,12.7,0,0,176
1721,10034.0,0,0,28.7,0.0,18.0,0.0,30.0,0.0,16.1,0,22,176
1722,10065.0,0,0,26.9,0.0,59.0,8.0,42.0,90.0,14.2,0,16,176
1723,10033.0,0,0,28.2,0.0,37.0,0.0,46.0,30.0,14.5,0,23,176
1724,10032.0,0,0,27.6,0.0,27.0,1.0,2.0,83.0,14.0,0,17,176
1725,10033.0,0,0,29.0,0.0,4.0,0.0,6.0,0.0,17.6,0,20,176
1726,10014.0,0,0,24.9,0.0,54.0,13.0,39.0,62.0,10.1,0,11,176
1727,10011.0,1,0,29.0,0.0,4.0,0.0,6.0,0.0,17.6,1,20,176
1728,10128.0,0,0,28.7,0.0,11.0,3.0,4.0,18.0,16.6,0,19,176
1729,10034.0,0,0,26.9,0.0,59.0,8.0,42.0,90.0,14.2,0,16,176
1730,10065.0,0,0,24.4,0.0,33.0,3.0,2.0,98.0,9.4,0,7,176
1731,10001.0,0,0,25.8,0.0,82.0,13.0,92.0,51.0,12.5,0,14,176
1732,10022.0,0,0,23.8,0.4,85.0,33.0,46.0,92.0,11.3,0,9,176
1733,10016.0,0,0,25.8,0.0,82.0,13.0,92.0,51.0,12.5,0,14,176
1734,10003.0,0,0,25.4,0.0,65.0,0.0,96.0,24.0,10.4,0,13,176
1735,10035.0,0,0,22.5,0.0,11.0,5.0,5.0,13.0,7.6,0,9,175
1736,10035.0,2,0,27.8,0.0,52.0,26.0,7.0,80.0,11.9,1,16,175
1737,10003.0,0,0,23.0,0.0,9.0,1.0,2.0,22.0,8.1,0,8,175
1738,10026.0,1,0,28.5,0.0,75.0,47.0,16.0,77.0,13.1,1,17,175
1739,10011.0,0,0,23.7,0.0,15.0,2.0,6.0,31.0,4.4,0,10,175
1740,10002.0,1,0,27.8,0.0,52.0,26.0,7.0,80.0,11.9,1,16,175
1741,10012.0,0,0,22.5,0.0,11.0,5.0,5.0,13.0,7.6,0,9,175
1742,10035.0,1,0,25.5,0.0,81.0,33.0,43.0,86.0,9.4,1,14,175
1743,10032.0,0,0,28.7,0.0,75.0,48.0,18.0,70.0,15.2,0,18,175
1744,10022.0,1,0,27.8,0.0,52.0,26.0,7.0,80.0,11.9,1,16,175
1745,10027.0,0,0,23.4,0.0,26.0,0.0,3.0,81.0,6.6,0,6,175
1746,10021.0,0,0,23.8,0.0,23.0,0.0,3.0,70.0,8.3,0,5,175
1747,10019.0,0,0,25.5,0.0,81.0,33.0,43.0,86.0,9.4,0,14,175
1748,10030.0,0,0,23.8,0.0,35.0,5.0,27.0,46.0,6.2,0,12,175
1749,10035.0,0,0,28.5,0.6,59.0,35.0,39.0,13.0,17.0,0,19,175
1750,10032.0,0,0,23.7,0.0,15.0,2.0,6.0,31.0,4.4,0,10,175
1751,10011.0,0,0,28.7,0.0,75.0,48.0,18.0,70.0,15.2,0,18,175
1752,10128.0,1,0,24.3,0.0,67.0,34.0,22.0,76.0,8.7,1,13,175
1753,10031.0,0,0,22.5,0.0,11.0,5.0,5.0,13.0,7.6,0,9,175
1754,10002.0,1,0,28.7,0.0,75.0,48.0,18.0,70.0,15.2,1,18,175
1755,10013.0,1,0,23.7,0.0,15.0,2.0,6.0,31.0,4.4,1,10,175
1756,10012.0,0,0,27.6,0.0,11.0,0.0,12.0,11.0,13.8,0,23,175
1757,10029.0,1,0,25.5,0.0,81.0,33.0,43.0,86.0,9.4,1,14,175
1758,10014.0,1,0,28.5,0.6,59.0,35.0,39.0,13.0,17.0,1,19,175
1759,10035.0,0,0,23.7,0.0,15.0,2.0,6.0,31.0,4.4,0,10,175
1760,10040.0,1,0,28.7,0.0,35.0,15.0,25.0,22.0,16.2,1,21,175
1761,10029.0,0,0,23.0,0.0,9.0,1.0,2.0,22.0,8.1,0,8,175
1762,10003.0,1,0,28.5,0.6,59.0,35.0,39.0,13.0,17.0,1,19,175
1763,10032.0,0,0,24.3,0.0,67.0,34.0,22.0,76.0,8.7,0,13,175
1764,10002.0,1,0,27.1,0.0,80.0,43.0,28.0,80.0,10.1,1,15,175
1765,10002.0,0,0,25.5,0.0,81.0,33.0,43.0,86.0,9.4,0,14,175
1766,10065.0,0,0,22.9,0.0,16.0,3.0,5.0,33.0,6.6,0,10,174
1767,10029.0,1,0,23.6,0.0,7.0,0.0,5.0,12.0,6.8,1,3,174
1768,10018.0,0,0,22.5,0.0,5.0,2.0,5.0,0.0,8.7,0,7,174
1769,10019.0,0,0,25.9,0.0,4.0,1.0,5.0,0.0,4.3,0,14,174
1770,10010.0,0,0,23.1,0.0,10.0,10.0,2.0,0.0,6.1,0,11,174
1771,10026.0,1,0,24.8,0.0,8.0,0.0,9.0,10.0,6.2,1,2,174
1772,10025.0,0,0,23.1,0.0,10.0,10.0,2.0,0.0,6.1,0,11,174
1773,10039.0,1,0,30.3,0.2,29.0,5.0,41.0,0.0,10.4,1,20,174
1774,10018.0,0,0,21.8,0.0,9.0,1.0,4.0,18.0,8.1,0,9,174
1775,10026.0,1,0,30.0,0.6,23.0,10.0,23.0,0.0,11.2,1,19,174
1776,10029.0,0,0,22.3,0.0,5.0,2.0,5.0,2.0,8.3,0,8,174
1777,10035.0,0,0,22.7,0.0,6.0,2.0,7.0,0.0,9.1,0,6,174
1778,10036.0,1,0,23.1,0.0,10.0,10.0,2.0,0.0,6.1,1,11,174
1779,10028.0,0,0,28.4,0.0,18.0,9.0,16.0,0.0,7.6,0,17,174
1780,10033.0,0,0,22.9,0.0,16.0,3.0,5.0,33.0,6.6,0,10,174
1781,10003.0,0,0,22.5,0.0,5.0,2.0,5.0,0.0,8.7,0,7,174
1782,10025.0,0,0,21.8,0.0,9.0,1.0,4.0,18.0,8.1,0,9,174
1783,10032.0,0,0,23.1,0.0,10.0,10.0,2.0,0.0,6.1,0,11,174
1784,10019.0,1,0,27.8,0.0,21.0,5.0,27.0,0.0,4.3,1,15,174
1785,10036.0,0,0,30.3,0.0,16.0,1.0,25.0,0.0,10.8,0,21,174
1786,10033.0,0,0,27.8,0.0,12.0,5.0,12.0,0.0,5.7,0,16,174
1787,10010.0,0,0,26.1,0.0,25.0,1.0,14.0,51.0,10.1,0,0,174
1788,10028.0,0,0,22.5,0.0,5.0,2.0,5.0,0.0,8.7,0,7,174
1789,10032.0,1,0,24.8,0.0,6.0,3.0,6.0,0.0,5.2,1,13,174
1790,10011.0,0,0,29.2,0.0,14.0,4.0,17.0,0.0,10.2,0,18,174
1791,10029.0,1,0,24.0,0.0,30.0,0.0,0.0,99.0,6.7,1,1,173
1792,10003.0,0,0,23.4,0.0,29.0,0.0,0.0,96.0,5.0,0,2,173
1793,10029.0,1,0,23.7,0.0,47.0,30.0,16.0,36.0,5.9,1,14,173
1794,10032.0,0,0,26.8,0.0,29.0,2.0,21.0,50.0,10.2,0,23,173
1795,10023.0,0,0,28.0,0.0,40.0,15.0,24.0,40.0,8.3,0,19,173
1796,10026.0,1,0,27.6,0.0,53.0,24.0,27.0,50.0,10.9,1,21,173
1797,10032.0,0,0,20.4,0.0,74.0,59.0,0.0,69.0,4.7,0,9,173
1798,10027.0,2,0,27.0,0.0,33.0,2.0,27.0,50.0,9.4,1,22,173
1799,10003.0,1,0,22.5,0.0,40.0,44.0,0.0,0.0,2.2,1,12,173
1800,10022.0,3,0,23.7,0.0,47.0,30.0,16.0,36.0,5.9,1,14,173
1801,10023.0,0,0,26.8,0.0,29.0,2.0,21.0,50.0,10.2,0,23,173
1802,10027.0,0,0,23.4,0.0,29.0,0.0,0.0,96.0,5.0,0,2,173
1803,10037.0,0,0,22.4,0.0,28.0,0.0,0.0,94.0,5.8,0,3,173
1804,10002.0,0,0,26.8,0.0,29.0,2.0,21.0,50.0,10.2,0,23,173
1805,10035.0,0,0,20.2,0.0,33.0,1.0,8.0,90.0,5.4,0,9,172
1806,10012.0,0,0,23.2,0.0,42.0,0.0,25.0,91.0,8.6,0,1,172
1807,10022.0,1,0,22.1,0.0,35.0,0.0,10.0,96.0,5.1,1,4,172
1808,10038.0,0,0,26.3,0.0,32.0,2.0,1.0,100.0,6.8,0,16,172
1809,10037.0,0,0,26.3,0.0,32.0,2.0,1.0,100.0,6.8,0,16,172
1810,10031.0,0,0,20.9,0.0,32.0,0.0,8.0,89.0,6.0,0,8,172
1811,10019.0,1,0,22.0,0.0,3.0,3.0,1.0,0.0,1.3,1,11,172
1812,10032.0,0,0,22.0,0.0,3.0,3.0,1.0,0.0,1.3,0,11,172
1813,10013.0,0,0,27.4,0.7,50.0,15.0,12.0,99.0,9.3,0,20,172
1814,10028.0,0,0,20.9,0.0,32.0,0.0,8.0,89.0,6.0,0,8,172
1815,10025.0,0,0,26.3,0.0,32.0,2.0,1.0,100.0,6.8,0,16,172
1816,10040.0,1,0,25.1,0.0,32.0,2.0,2.0,95.0,8.8,1,23,172
1817,10009.0,2,0,25.8,0.0,30.0,2.0,0.0,95.0,5.4,1,15,172
1818,10029.0,1,0,27.3,1.0,72.0,20.0,42.0,96.0,8.7,1,19,172
1819,10016.0,0,0,21.8,0.0,38.0,3.0,12.0,95.0,1.3,0,10,172
1820,10036.0,0,0,27.3,1.0,72.0,20.0,42.0,96.0,8.7,0,19,172
1821,10009.0,0,0,23.3,0.0,36.0,0.0,14.0,92.0,10.2,0,0,172
1822,10022.0,0,0,26.6,0.0,50.0,20.0,5.0,98.0,12.2,0,21,172
1823,10039.0,1,0,23.1,0.0,41.0,0.0,22.0,93.0,7.6,1,2,172
1824,10037.0,2,0,25.1,0.0,32.0,2.0,2.0,95.0,8.8,1,23,172
1825,10010.0,1,0,25.8,0.0,30.0,2.0,0.0,95.0,5.4,1,15,172
1826,10002.0,1,0,25.1,0.0,32.0,2.0,2.0,95.0,8.8,1,23,172
1827,10035.0,1,0,25.1,0.0,32.0,2.0,2.0,95.0,8.8,1,23,172
1828,10035.0,0,0,22.5,0.0,36.0,23.0,12.0,26.0,3.2,0,14,171
1829,10002.0,1,0,25.8,0.0,86.0,35.0,43.0,97.0,10.9,1,19,171
1830,10036.0,0,0,24.8,0.0,59.0,23.0,35.0,58.0,8.2,0,17,171
1831,10012.0,0,0,20.4,0.0,100.0,93.0,39.0,0.0,3.3,0,12,171
1832,10128.0,0,0,25.8,0.0,48.0,8.0,30.0,77.0,13.7,0,21,171
1833,10009.0,1,0,21.3,0.0,59.0,39.0,37.0,6.0,3.6,1,13,171
1834,10039.0,0,0,19.5,0.0,92.0,100.0,1.0,4.0,6.3,0,9,171
1835,10075.0,0,0,25.8,0.2,77.0,30.0,36.0,95.0,11.9,0,20,171
1836,10030.0,1,0,25.8,0.0,48.0,8.0,30.0,77.0,13.7,1,21,171
1837,10031.0,1,0,23.7,0.0,63.0,26.0,32.0,69.0,6.4,1,15,171
1838,10001.0,0,0,19.5,0.0,92.0,100.0,1.0,4.0,6.3,0,9,171
1839,10026.0,0,0,24.8,0.0,59.0,23.0,35.0,58.0,8.2,0,17,171
1840,10009.0,1,0,24.4,0.0,65.0,27.0,41.0,52.0,7.6,1,16,171
1841,10038.0,0,0,19.8,0.0,90.0,100.0,0.0,0.0,7.6,0,6,171
1842,10022.0,1,0,19.7,0.0,92.0,100.0,0.0,6.0,6.8,1,8,171
1843,10002.0,1,0,19.7,0.0,92.0,100.0,0.0,6.0,6.8,1,8,171
1844,10065.0,0,0,20.3,0.0,92.0,100.0,2.0,3.0,2.7,0,10,171
1845,10035.0,0,0,24.4,0.0,65.0,27.0,41.0,52.0,7.6,0,16,171
1846,10036.0,0,0,23.7,0.0,63.0,26.0,32.0,69.0,6.4,0,15,171
1847,10011.0,0,0,19.8,0.0,90.0,100.0,0.0,0.0,7.6,0,6,171
1848,10040.0,0,0,22.5,0.0,36.0,23.0,12.0,26.0,3.2,0,14,171
1849,10014.0,0,0,24.4,0.0,65.0,27.0,41.0,52.0,7.6,0,16,171
1850,10021.0,0,0,20.7,0.0,100.0,100.0,68.0,100.0,9.8,0,14,170
1851,10012.0,1,0,20.2,0.0,83.0,73.0,28.0,3.0,7.7,1,0,170
1852,10033.0,0,0,19.6,0.0,100.0,99.0,69.0,15.0,7.2,0,2,170
1853,10011.0,0,0,19.6,0.0,100.0,100.0,69.0,95.0,10.2,0,13,170
1854,10027.0,0,0,20.7,0.0,100.0,100.0,68.0,100.0,9.8,0,14,170
1855,10031.0,0,0,23.1,0.0,99.0,67.0,21.0,88.0,10.1,0,21,170
1856,10034.0,3,0,18.6,0.0,100.0,100.0,2.0,47.0,7.2,1,5,170
1857,10002.0,0,0,23.1,0.5,100.0,83.0,41.0,98.0,11.9,0,18,170
1858,10019.0,0,0,19.4,0.0,100.0,100.0,64.0,94.0,7.7,0,11,170
1859,10016.0,3,0,23.2,0.0,100.0,95.0,9.0,60.0,8.8,1,22,170
1860,10038.0,0,0,19.5,0.0,100.0,100.0,63.0,77.0,8.9,0,12,170
1861,10036.0,1,0,22.4,0.0,100.0,96.0,70.0,98.0,6.8,1,16,170
1862,10001.0,0,0,20.7,0.0,100.0,100.0,68.0,100.0,9.8,0,14,170
1863,10001.0,0,0,20.7,0.0,100.0,100.0,68.0,100.0,9.8,0,14,170
1864,10038.0,1,0,22.9,0.1,100.0,100.0,57.0,94.0,9.7,1,17,170
1865,10029.0,0,0,23.1,0.5,100.0,83.0,41.0,98.0,11.9,0,18,170
1866,10031.0,1,0,23.1,0.0,99.0,67.0,21.0,88.0,10.1,1,21,170
1867,10036.0,0,0,23.1,0.0,100.0,71.0,32.0,94.0,10.9,0,20,170
1868,10029.0,0,0,19.1,0.0,24.0,0.0,0.0,79.0,12.3,0,13,169
1869,10035.0,2,0,20.1,0.0,30.0,10.0,0.0,69.0,13.7,1,14,169
1870,10035.0,0,0,21.0,0.0,100.0,89.0,3.0,98.0,11.2,0,22,169
1871,10018.0,0,0,19.3,0.0,1.0,0.0,2.0,0.0,5.8,0,2,169
1872,10001.0,0,0,17.2,0.0,31.0,1.0,0.0,99.0,9.7,0,10,169
1873,10009.0,1,0,19.1,0.0,24.0,0.0,0.0,79.0,12.3,1,13,169
1874,10023.0,2,0,21.6,0.0,44.0,30.0,0.0,58.0,13.3,1,15,169
1875,10033.0,0,0,17.7,0.0,29.0,0.0,0.0,97.0,10.2,0,11,169
1876,10001.0,0,0,20.8,0.0,0.0,0.0,0.0,0.0,6.4,0,0,169
1877,10032.0,1,0,16.5,0.0,32.0,0.0,7.0,91.0,8.9,1,8,169
1878,10034.0,1,0,23.2,0.0,39.0,24.0,1.0,55.0,12.9,1,18,169
1879,10021.0,0,0,22.1,0.0,48.0,39.0,0.0,44.0,13.0,0,16,169
1880,10034.0,1,0,17.7,0.0,29.0,0.0,0.0,97.0,10.2,1,11,169
1881,10012.0,1,0,22.7,0.0,100.0,85.0,10.0,100.0,13.6,1,20,169
1882,10027.0,0,0,17.7,0.0,29.0,0.0,0.0,97.0,10.2,0,11,169
1883,10030.0,1,0,18.4,0.0,30.0,0.0,0.0,99.0,11.5,1,12,169
1884,10033.0,0,0,21.6,0.0,44.0,30.0,0.0,58.0,13.3,0,15,169
1885,10018.0,1,0,16.0,0.0,42.0,0.0,22.0,96.0,9.9,1,9,169
1886,10023.0,0,0,22.5,0.0,39.0,36.0,0.0,23.0,13.5,0,17,169
1887,10003.0,2,0,21.0,0.0,100.0,89.0,3.0,98.0,11.2,1,22,169
1888,10035.0,0,0,22.3,0.0,91.0,63.0,7.0,100.0,13.9,0,21,169
1889,10065.0,0,0,16.0,0.0,42.0,0.0,22.0,96.0,9.9,0,9,169
1890,10036.0,0,0,17.7,0.0,29.0,0.0,0.0,97.0,10.2,0,11,169
1891,10027.0,0,0,21.6,0.0,44.0,30.0,0.0,58.0,13.3,0,15,169
1892,10065.0,0,0,20.1,0.0,30.0,10.0,0.0,69.0,13.7,0,14,169
1893,10033.0,0,0,22.5,0.0,39.0,36.0,0.0,23.0,13.5,0,17,169
1894,10009.0,1,0,18.3,0.0,2.0,0.0,4.0,0.0,5.9,1,3,169
1895,10001.0,1,0,22.2,0.0,25.0,8.0,0.0,60.0,14.8,1,15,168
1896,10033.0,2,0,21.7,0.0,5.0,0.0,0.0,16.0,10.3,1,22,168
1897,10032.0,0,0,22.7,0.0,24.0,0.0,0.0,81.0,15.0,0,18,168
1898,10027.0,0,0,22.5,0.0,29.0,8.0,0.0,72.0,15.1,0,16,168
1899,10018.0,0,0,22.2,0.0,25.0,8.0,0.0,60.0,14.8,0,15,168
1900,10065.0,1,0,15.2,0.0,27.0,0.0,0.0,91.0,7.9,1,9,168
1901,10032.0,3,0,21.5,0.0,0.0,0.0,0.0,0.0,9.2,1,23,168
1902,10001.0,0,0,22.7,0.0,24.0,0.0,0.0,81.0,15.0,0,18,168
1903,10002.0,1,0,18.6,0.0,28.0,2.0,0.0,88.0,9.0,1,12,168
1904,10022.0,0,1,15.7,0.0,30.0,0.0,0.0,99.0,6.5,2,8,168
1905,10001.0,0,0,22.5,0.0,29.0,8.0,0.0,72.0,15.1,0,16,168
1906,10024.0,0,0,22.8,0.0,22.0,0.0,0.0,72.0,15.2,0,19,168
1907,10029.0,0,0,17.5,0.0,27.0,2.0,0.0,84.0,9.1,0,11,168
1908,10065.0,3,0,16.6,0.0,32.0,3.0,0.0,98.0,5.6,1,3,168
1909,10028.0,0,0,22.5,0.0,29.0,8.0,0.0,72.0,15.1,0,16,168
1910,10002.0,0,0,18.6,0.0,28.0,2.0,0.0,88.0,9.0,0,12,168
1911,10001.0,0,0,22.7,0.0,24.0,0.0,0.0,81.0,15.0,0,18,168
1912,10003.0,1,0,18.6,0.0,28.0,2.0,0.0,88.0,9.0,1,12,168
1913,10039.0,0,0,19.3,0.0,20.0,0.0,0.0,68.0,11.1,0,13,168
1914,10027.0,1,0,22.6,0.0,27.0,2.0,0.0,85.0,14.8,1,17,168
1915,10026.0,0,0,20.4,0.0,19.0,3.0,0.0,55.0,13.0,0,14,168
1916,10021.0,1,0,22.5,0.0,29.0,8.0,0.0,72.0,15.1,1,16,168
1917,10029.0,0,0,21.5,0.0,0.0,0.0,0.0,0.0,9.2,0,23,168
1918,10029.0,0,0,18.6,0.0,28.0,2.0,0.0,88.0,9.0,0,12,168
1919,10022.0,0,0,22.8,0.0,22.0,0.0,0.0,72.0,15.2,0,19,168
1920,10029.0,0,0,22.6,0.0,27.0,2.0,0.0,85.0,14.8,0,17,168
1921,10032.0,0,0,22.2,0.0,25.0,8.0,0.0,60.0,14.8,0,15,168
1922,10035.0,0,0,19.2,0.0,31.0,0.0,1.0,100.0,11.1,0,0,168
1923,10039.0,0,0,21.5,0.0,0.0,0.0,0.0,0.0,9.2,0,23,168
1924,10035.0,0,0,16.7,0.0,6.0,0.0,1.0,18.0,5.2,0,5,167
1925,10017.0,0,0,16.7,0.0,14.0,1.0,1.0,42.0,5.9,0,6,167
1926,10018.0,0,0,17.7,0.0,29.0,7.0,3.0,68.0,11.7,0,12,167
1927,10075.0,0,0,17.0,0.0,26.0,1.0,3.0,79.0,10.4,0,11,167
1928,10031.0,0,0,21.9,0.0,38.0,0.0,17.0,92.0,11.9,0,19,167
1929,10037.0,0,0,16.7,0.0,26.0,1.0,0.0,84.0,10.5,0,10,167
1930,10003.0,0,0,20.8,0.0,29.0,0.0,0.0,96.0,11.1,0,15,167
1931,10065.0,1,0,21.8,0.0,40.0,0.0,26.0,82.0,11.5,1,20,167
1932,10023.0,0,0,16.2,0.0,23.0,2.0,1.0,70.0,7.5,0,8,167
1933,10004.0,0,0,16.7,0.0,26.0,1.0,0.0,84.0,10.5,0,10,167
1934,10002.0,1,0,21.6,0.0,37.0,0.0,18.0,87.0,12.8,1,21,167
1935,10032.0,0,0,16.3,0.0,18.0,0.0,1.0,58.0,6.8,0,7,167
1936,10011.0,0,0,17.7,0.0,29.0,7.0,3.0,68.0,11.7,0,12,167
1937,10002.0,0,0,17.0,0.0,26.0,1.0,3.0,79.0,10.4,0,11,167
1938,10029.0,0,0,15.3,0.0,4.0,1.0,1.0,8.0,17.9,0,4,166
1939,10002.0,0,0,21.9,0.0,28.0,0.0,47.0,0.0,7.8,0,21,166
1940,10007.0,1,0,20.7,0.0,1.0,0.0,1.0,0.0,11.2,1,23,166
1941,10007.0,0,0,21.0,0.0,60.0,19.0,71.0,0.0,3.9,0,18,166
1942,10035.0,1,0,21.7,0.0,47.0,0.0,79.0,0.0,5.1,1,20,166
1943,10035.0,0,0,18.7,0.0,2.0,0.0,2.0,3.0,18.4,0,2,166
1944,10021.0,1,0,14.2,0.0,8.0,1.0,2.0,18.0,16.4,1,5,166
1945,10002.0,0,0,21.9,0.0,28.0,0.0,47.0,0.0,7.8,0,21,166
1946,10034.0,0,0,14.8,0.0,0.0,0.0,0.0,0.0,12.0,0,12,166
1947,10032.0,1,0,16.7,0.0,0.0,0.0,0.0,0.0,9.0,1,14,166
1948,10025.0,1,0,18.8,0.0,0.0,0.0,0.0,0.0,7.3,1,15,166
1949,10011.0,0,0,20.7,0.0,1.0,0.0,1.0,0.0,11.2,0,23,166
1950,10019.0,1,0,21.7,0.0,47.0,0.0,79.0,0.0,5.1,1,20,166
1951,10038.0,1,0,15.3,0.0,4.0,1.0,1.0,8.0,17.9,1,4,166
1952,10040.0,1,0,19.4,0.0,0.0,0.0,0.0,0.0,5.7,1,16,166
1953,10017.0,0,0,21.4,0.0,39.0,0.0,65.0,0.0,4.3,0,19,166
1954,10128.0,0,0,20.2,0.0,17.0,15.0,0.0,10.0,4.7,0,17,166
1955,10029.0,0,0,13.8,0.0,14.0,0.0,17.0,12.0,13.1,0,11,166
1956,10029.0,1,0,13.6,0.0,5.0,0.0,2.0,13.0,16.0,1,7,166
1957,10025.0,2,0,21.1,0.0,1.0,0.0,1.0,0.0,11.5,1,0,166
1958,10026.0,1,0,21.7,0.0,47.0,0.0,79.0,0.0,5.1,1,20,166
1959,10040.0,0,0,21.7,0.0,47.0,0.0,79.0,0.0,5.1,0,20,166
1960,10065.0,0,0,15.7,0.0,0.0,0.0,0.0,0.0,10.6,0,13,166
1961,10031.0,1,0,14.2,0.0,8.0,1.0,2.0,18.0,16.4,1,5,166
1962,10035.0,1,0,16.7,0.0,0.0,0.0,0.0,0.0,15.5,1,9,165
1963,10038.0,0,0,17.3,0.0,0.0,0.0,0.0,0.0,12.4,0,13,165
1964,10002.0,1,0,17.3,0.0,0.0,0.0,0.0,0.0,12.4,1,13,165
1965,10001.0,0,0,20.0,0.0,12.0,0.0,20.0,0.0,17.4,0,6,165
1966,10040.0,1,0,18.0,0.0,0.0,0.0,0.0,0.0,10.9,1,14,165
1967,10035.0,0,0,17.3,0.0,0.0,0.0,0.0,0.0,12.4,0,13,165
1968,10024.0,1,0,17.0,0.0,0.0,0.0,0.0,0.0,12.8,1,12,165
1969,10028.0,1,0,21.6,0.0,13.0,0.0,21.0,0.0,10.7,1,4,165
1970,10039.0,0,0,16.7,0.0,0.0,0.0,0.0,0.0,15.5,0,9,165
1971,10012.0,0,0,21.8,0.0,3.0,3.0,0.0,0.0,10.0,0,19,165
1972,10003.0,1,0,22.8,0.0,1.0,0.0,1.0,0.0,12.0,1,21,165
1973,10033.0,1,0,21.9,0.0,1.0,0.0,1.0,0.0,11.0,1,23,165
1974,10023.0,0,0,17.0,0.0,0.0,0.0,0.0,0.0,12.8,0,12,165
1975,10035.0,1,0,18.9,0.0,3.0,0.0,5.0,0.0,17.0,1,7,165
1976,10027.0,0,0,18.0,0.0,0.0,0.0,0.0,0.0,10.9,0,14,165
1977,10001.0,0,0,24.2,0.0,13.0,0.0,22.0,0.0,10.7,0,2,165
1978,10004.0,2,0,20.3,0.0,0.0,0.0,0.0,0.0,9.0,1,16,165
1979,10003.0,1,0,21.0,0.0,0.0,0.0,0.0,0.0,8.8,1,17,165
1980,10029.0,0,0,18.0,0.0,0.0,0.0,0.0,0.0,10.9,0,14,165
1981,10023.0,0,0,16.6,0.0,0.0,0.0,0.0,0.0,11.9,0,10,165
1982,10029.0,1,0,22.3,0.0,0.0,0.0,0.0,0.0,10.3,1,20,165
1983,10025.0,0,0,21.0,0.0,0.0,0.0,0.0,0.0,8.8,0,17,165
1984,10026.0,1,0,20.8,0.0,10.0,0.0,16.0,0.0,14.7,1,5,165
1985,10013.0,1,0,17.0,0.0,0.0,0.0,0.0,0.0,12.8,1,12,165
1986,10065.0,0,0,18.9,0.0,3.0,0.0,5.0,0.0,17.0,0,7,165
1987,10021.0,1,0,21.3,0.0,1.0,1.0,0.0,0.0,9.2,1,18,165
1988,10040.0,4,0,23.6,0.0,12.0,4.0,14.0,0.0,7.1,1,13,164
1989,10001.0,0,0,21.4,0.0,29.0,2.0,10.0,70.0,7.9,0,10,164
1990,10038.0,0,0,22.8,0.0,17.0,3.0,23.0,1.0,7.0,0,12,164
1991,10016.0,0,0,20.7,0.0,35.0,0.0,11.0,94.0,8.3,0,8,164
1992,10037.0,1,0,28.0,0.0,40.0,0.0,66.0,0.0,15.5,1,20,164
1993,10065.0,0,0,27.0,0.0,0.0,0.0,0.0,0.0,10.5,0,16,164
1994,10035.0,0,0,28.3,0.0,48.0,0.0,80.0,0.0,12.9,0,19,164
1995,10022.0,1,0,23.6,0.0,12.0,4.0,14.0,0.0,7.1,1,13,164
1996,10033.0,0,0,26.4,0.0,0.0,0.0,0.0,0.0,10.2,0,15,164
1997,10011.0,0,0,28.0,0.0,40.0,0.0,66.0,0.0,15.5,0,20,164
1998,10035.0,0,0,23.6,0.0,12.0,4.0,14.0,0.0,7.1,0,13,164
1999,10026.0,0,0,22.8,0.0,17.0,3.0,23.0,1.0,7.0,0,12,164
2000,10065.0,2,0,27.2,0.0,26.0,0.0,44.0,0.0,8.2,1,22,164
2001,10031.0,0,0,27.6,0.0,7.0,0.0,11.0,0.0,11.8,0,17,164
2002,10039.0,0,0,27.2,0.0,15.0,0.0,25.0,0.0,5.2,0,23,164
2003,10065.0,0,0,20.9,0.0,42.0,0.0,23.0,95.0,8.1,0,7,164
2004,10013.0,0,0,27.0,0.0,0.0,0.0,0.0,0.0,10.5,0,16,164
2005,10027.0,1,0,22.8,0.0,17.0,3.0,23.0,1.0,7.0,1,12,164
2006,10027.0,0,0,22.8,0.0,17.0,3.0,23.0,1.0,7.0,0,12,164
2007,10028.0,1,0,27.6,0.0,7.0,0.0,11.0,0.0,11.8,1,17,164
2008,10019.0,0,0,19.9,0.0,32.0,2.0,6.0,87.0,8.9,0,9,164
2009,10027.0,1,0,27.6,0.0,49.0,0.0,81.0,0.0,13.5,1,18,164
2010,10002.0,1,0,23.6,0.0,12.0,4.0,14.0,0.0,7.1,1,13,164
2011,10030.0,1,0,27.6,0.0,49.0,0.0,81.0,0.0,13.5,1,18,164
2012,10026.0,2,0,28.0,0.0,40.0,0.0,66.0,0.0,15.5,1,20,164
2013,10032.0,1,0,22.8,0.0,17.0,3.0,23.0,1.0,7.0,1,12,164
2014,10128.0,0,0,27.0,0.0,0.0,0.0,0.0,0.0,10.5,0,16,164
2015,10038.0,0,0,22.8,0.0,17.0,3.0,23.0,1.0,7.0,0,12,164
2016,10029.0,0,0,22.3,0.0,8.0,0.0,8.0,12.0,8.6,0,11,164
2017,10035.0,1,0,19.9,0.0,32.0,2.0,6.0,87.0,8.9,1,9,164
2018,10027.0,1,0,23.3,0.0,100.0,96.0,25.0,31.0,17.9,1,11,163
2019,10027.0,0,0,23.8,1.4,100.0,99.0,98.0,99.0,13.0,0,21,163
2020,10029.0,1,0,24.6,0.4,100.0,79.0,80.0,90.0,17.8,1,14,163
2021,10037.0,0,0,24.4,1.4,100.0,33.0,98.0,99.0,12.4,0,18,163
2022,10128.0,0,0,25.5,0.5,100.0,12.0,99.0,100.0,13.3,0,17,163
2023,10033.0,1,0,23.9,2.3,100.0,93.0,93.0,99.0,11.6,1,20,163
2024,10036.0,0,0,25.3,1.6,100.0,26.0,96.0,98.0,15.5,0,16,163
2025,10030.0,1,0,23.7,0.0,23.0,4.0,9.0,48.0,15.8,1,3,163
2026,10010.0,0,0,23.8,1.4,100.0,99.0,98.0,99.0,13.0,0,21,163
2027,10013.0,1,0,25.1,2.0,88.0,11.0,82.0,95.0,16.6,1,15,163
2028,10022.0,1,0,25.3,1.6,100.0,26.0,96.0,98.0,15.5,1,16,163
2029,10128.0,0,0,24.4,4.4,100.0,58.0,90.0,100.0,11.4,0,19,163
2030,10002.0,0,0,22.8,0.0,98.0,76.0,19.0,61.0,18.1,0,7,163
2031,10017.0,0,0,22.1,0.0,100.0,100.0,45.0,17.0,19.6,0,9,163
2032,10034.0,0,0,25.5,0.5,100.0,12.0,99.0,100.0,13.3,0,17,163
2033,10065.0,1,0,25.3,1.6,100.0,26.0,96.0,98.0,15.5,1,16,163
2034,10027.0,0,0,25.5,0.5,100.0,12.0,99.0,100.0,13.3,0,17,163
2035,10075.0,0,0,25.5,0.5,100.0,12.0,99.0,100.0,13.3,0,17,163
2036,10019.0,0,0,23.7,0.0,23.0,4.0,9.0,48.0,15.8,0,3,163
2037,10002.0,0,0,23.7,0.0,100.0,97.0,56.0,75.0,18.7,0,12,163
2038,10030.0,1,0,24.6,0.4,100.0,79.0,80.0,90.0,17.8,1,14,163
2039,10037.0,1,0,25.1,2.0,88.0,11.0,82.0,95.0,16.6,1,15,163
2040,10022.0,0,0,23.3,0.0,100.0,99.0,60.0,20.0,18.1,0,10,163
2041,10019.0,0,0,25.1,2.0,88.0,11.0,82.0,95.0,16.6,0,15,163
2042,10075.0,0,0,23.6,0.0,32.0,6.0,8.0,72.0,17.3,0,4,163
2043,10003.0,3,0,23.9,2.3,100.0,93.0,93.0,99.0,11.6,1,20,163
2044,10026.0,1,0,22.6,0.0,100.0,99.0,48.0,23.0,18.9,1,8,163
2045,10023.0,2,0,23.7,0.0,100.0,97.0,56.0,75.0,18.7,1,12,163
2046,10019.0,0,0,23.7,0.0,100.0,94.0,95.0,94.0,19.9,0,13,163
2047,10039.0,0,0,21.9,0.0,1.0,0.0,0.0,3.0,6.9,0,8,162
2048,10012.0,1,0,26.4,0.0,44.0,14.0,5.0,96.0,12.0,1,16,162
2049,10033.0,1,0,26.4,0.0,44.0,14.0,5.0,96.0,12.0,1,16,162
2050,10013.0,0,0,27.9,0.0,42.0,5.0,16.0,94.0,16.3,0,20,162
2051,10031.0,0,0,27.5,0.0,0.0,0.0,0.0,0.0,9.5,0,0,162
2052,10022.0,0,0,22.4,0.0,37.0,8.0,0.0,98.0,6.3,0,11,162
2053,10029.0,1,0,22.8,0.0,34.0,6.0,0.0,95.0,8.8,1,13,162
2054,10032.0,1,0,22.4,0.0,38.0,10.0,0.0,97.0,7.6,1,12,162
2055,10002.0,0,0,22.4,0.0,29.0,1.0,0.0,95.0,4.5,0,10,162
2056,10022.0,1,0,23.5,0.0,31.0,3.0,0.0,93.0,10.2,1,14,162
2057,10069.0,1,0,27.9,0.0,42.0,5.0,16.0,94.0,16.3,1,20,162
2058,10003.0,0,0,23.5,0.0,31.0,3.0,0.0,93.0,10.2,0,14,162
2059,10065.0,1,0,26.1,0.0,0.0,0.0,0.0,0.0,10.9,1,2,162
2060,10035.0,0,0,27.3,0.0,53.0,15.0,17.0,98.0,15.8,0,18,162
2061,10032.0,0,0,23.5,0.0,31.0,3.0,0.0,93.0,10.2,0,14,162
2062,10029.0,0,0,27.5,0.0,54.0,15.0,21.0,93.0,16.5,0,19,162
2063,10029.0,0,0,27.3,0.0,53.0,15.0,17.0,98.0,15.8,0,18,162
2064,10011.0,0,0,22.4,0.0,0.0,0.0,0.0,0.0,8.8,0,7,162
2065,10016.0,0,0,27.3,0.0,53.0,15.0,17.0,98.0,15.8,0,18,162
2066,10035.0,4,0,28.6,0.0,0.0,0.0,0.0,0.0,13.1,1,19,161
2067,10030.0,0,0,29.1,0.0,0.0,0.0,0.0,0.0,13.0,0,20,161
2068,10019.0,1,0,18.5,0.0,0.0,0.0,0.0,0.0,7.7,1,8,161
2069,10032.0,0,0,17.9,0.0,0.0,0.0,0.0,0.0,7.6,0,9,161
2070,10025.0,0,0,23.1,0.0,0.0,0.0,0.0,0.0,8.8,0,14,161
2071,10025.0,0,0,28.5,0.0,0.0,0.0,0.0,0.0,9.2,0,22,161
2072,10032.0,0,0,28.5,0.0,0.0,0.0,0.0,0.0,9.2,0,22,161
2073,10019.0,0,0,29.1,0.0,0.0,0.0,0.0,0.0,13.0,0,20,161
2074,10010.0,0,0,19.2,0.0,0.0,0.0,0.0,0.0,6.6,0,11,161
2075,10031.0,1,0,28.2,0.0,0.0,0.0,0.0,0.0,12.4,1,18,161
2076,10022.0,0,0,18.5,0.0,0.0,0.0,0.0,0.0,7.7,0,8,161
2077,10013.0,2,0,29.2,0.0,0.0,0.0,0.0,0.0,11.7,1,21,161
2078,10007.0,0,0,18.9,0.0,0.0,0.0,0.0,0.0,6.6,0,10,161
2079,10128.0,0,0,26.4,0.0,2.0,0.0,3.0,0.0,11.4,0,16,161
2080,10022.0,0,0,19.1,0.0,19.0,0.0,0.0,63.0,6.6,0,5,161
2081,10001.0,1,0,20.4,0.0,14.0,0.0,0.0,45.0,6.9,1,3,161
2082,10019.0,0,0,25.1,0.0,49.0,0.0,82.0,0.0,11.0,0,21,160
2083,10009.0,0,0,22.1,0.0,1.0,0.0,0.0,4.0,7.9,0,15,160
2084,10022.0,0,0,23.5,0.0,17.0,0.0,0.0,58.0,10.5,0,18,160
2085,10038.0,0,0,18.2,0.0,0.0,0.0,0.0,0.0,9.0,0,12,160
2086,10034.0,2,0,21.6,0.0,26.0,0.0,43.0,0.0,8.2,1,1,160
2087,10010.0,0,0,22.4,0.0,24.0,0.0,40.0,0.0,7.4,0,0,160
2088,10031.0,1,0,23.5,0.0,17.0,0.0,0.0,58.0,10.5,1,18,160
2089,10029.0,0,0,16.6,0.0,2.0,0.0,3.0,0.0,13.1,0,7,160
2090,10001.0,0,0,22.4,0.0,24.0,0.0,40.0,0.0,7.4,0,0,160
2091,10033.0,2,0,15.4,0.0,0.0,0.0,0.0,0.0,12.0,1,9,160
2092,10033.0,0,0,17.3,0.0,0.0,0.0,0.0,0.0,8.9,0,11,160
2093,10026.0,1,0,18.2,0.0,0.0,0.0,0.0,0.0,9.0,1,12,160
2094,10031.0,0,0,24.6,0.0,10.0,0.0,0.0,32.0,6.3,0,22,160
2095,10017.0,1,0,25.1,0.0,49.0,0.0,82.0,0.0,11.0,1,21,160
2096,10005.0,0,0,19.0,0.0,0.0,0.0,0.0,0.0,9.1,0,13,160
2097,10033.0,1,0,19.0,0.0,0.0,0.0,0.0,0.0,9.1,1,13,160
2098,10002.0,0,0,22.9,0.0,0.0,0.0,0.0,0.0,10.2,0,17,160
2099,10002.0,1,0,22.1,0.0,1.0,0.0,0.0,4.0,7.9,1,15,160
2100,10027.0,1,0,23.5,0.0,17.0,0.0,0.0,58.0,10.5,1,18,160
2101,10011.0,0,0,20.2,0.0,0.0,0.0,0.0,0.0,9.3,0,14,160
2102,10034.0,3,0,21.6,0.0,26.0,0.0,43.0,0.0,8.2,1,1,160
2103,10017.0,1,0,18.2,0.0,0.0,0.0,0.0,0.0,9.0,1,12,160
2104,10037.0,1,0,15.4,0.0,0.0,0.0,0.0,0.0,12.0,1,9,160
2105,10038.0,0,0,17.0,0.0,1.0,1.0,0.0,1.0,9.5,0,10,160
2106,10029.0,0,0,21.6,0.0,0.0,0.0,0.0,0.0,18.2,0,15,159
2107,10025.0,1,0,23.2,0.0,19.0,0.0,32.0,0.0,20.6,1,18,159
2108,10034.0,0,0,23.3,0.0,37.0,0.0,61.0,0.0,20.6,0,19,159
2109,10035.0,0,0,24.5,0.0,0.0,0.0,0.0,0.0,15.6,0,2,159
2110,10024.0,1,0,18.6,0.0,0.0,0.0,0.0,0.0,12.4,1,11,159
2111,10028.0,0,0,17.9,0.0,0.0,0.0,0.0,0.0,16.6,0,9,159
2112,10040.0,0,0,23.6,0.0,30.0,0.0,50.0,0.0,20.0,0,20,159
2113,10035.0,0,0,19.2,0.0,0.0,0.0,0.0,0.0,16.1,0,13,159
2114,10075.0,1,0,18.5,0.0,0.0,0.0,0.0,0.0,13.8,1,10,159
2115,10024.0,0,0,19.2,0.0,0.0,0.0,0.0,0.0,16.1,0,13,159
2116,10013.0,1,0,22.8,0.0,17.0,5.0,21.0,0.0,21.1,1,17,159
2117,10027.0,0,0,23.2,0.0,19.0,0.0,32.0,0.0,20.6,0,18,159
2118,10031.0,0,0,18.5,0.0,0.0,0.0,0.0,0.0,13.8,0,10,159
2119,10065.0,1,0,23.0,0.0,76.0,66.0,0.0,54.0,9.5,1,13,158
2120,10029.0,0,0,22.2,0.0,80.0,71.0,0.0,54.0,11.3,0,12,158
2121,10038.0,1,0,23.7,0.0,55.0,32.0,0.0,88.0,8.4,1,14,158
2122,10128.0,0,0,21.2,0.8,80.0,10.0,71.0,95.0,6.0,0,7,158
2123,10016.0,0,0,28.8,0.0,29.0,4.0,38.0,8.0,13.0,0,18,158
2124,10035.0,0,0,22.4,0.0,100.0,92.0,0.0,81.0,7.2,0,11,158
2125,10028.0,1,0,23.0,0.0,76.0,66.0,0.0,54.0,9.5,1,13,158
2126,10040.0,1,0,28.3,0.0,35.0,4.0,25.0,53.0,11.8,1,17,158
2127,10018.0,0,0,21.4,2.5,93.0,6.0,96.0,99.0,6.0,0,6,158
2128,10013.0,0,0,27.6,0.0,22.0,0.0,35.0,2.0,13.3,0,23,158
2129,10032.0,0,0,28.8,0.0,29.0,4.0,38.0,8.0,13.0,0,18,158
2130,10031.0,1,0,28.0,0.0,51.0,21.0,37.0,33.0,12.9,1,21,158
2131,10007.0,1,0,28.8,0.0,29.0,4.0,38.0,8.0,13.0,1,18,158
2132,10033.0,1,0,21.4,2.5,93.0,6.0,96.0,99.0,6.0,1,6,158
2133,10027.0,0,0,28.0,0.5,48.0,8.0,31.0,73.0,14.9,0,20,158
2134,10028.0,1,0,22.4,0.0,100.0,92.0,0.0,81.0,7.2,1,11,158
2135,10010.0,0,0,27.2,0.0,53.0,13.0,22.0,93.0,10.7,0,16,158
2136,10033.0,1,0,27.6,0.0,22.0,0.0,35.0,2.0,13.3,1,23,158
2137,10019.0,1,0,21.7,1.1,65.0,1.0,58.0,99.0,7.3,1,3,158
2138,10002.0,0,0,28.0,0.5,48.0,8.0,31.0,73.0,14.9,0,20,158
2139,10011.0,0,0,28.8,0.0,29.0,4.0,38.0,8.0,13.0,0,18,158
2140,10016.0,0,0,20.6,2.6,91.0,2.0,98.0,100.0,7.2,0,7,157
2141,10006.0,0,0,22.6,3.3,100.0,30.0,100.0,100.0,5.9,0,23,157
2142,10065.0,0,0,24.8,0.1,86.0,4.0,94.0,88.0,5.5,0,18,157
2143,10029.0,1,0,25.7,0.0,86.0,11.0,79.0,97.0,2.1,1,19,157
2144,10029.0,1,0,22.7,0.0,92.0,53.0,46.0,56.0,11.1,1,14,157
2145,10027.0,0,0,24.3,0.0,83.0,0.0,89.0,97.0,7.6,0,17,157
2146,10019.0,0,0,21.0,2.2,84.0,1.0,88.0,100.0,7.6,0,6,157
2147,10035.0,0,0,23.6,0.0,100.0,53.0,76.0,73.0,11.7,0,15,157
2148,10033.0,0,0,24.3,0.0,48.0,9.0,16.0,100.0,11.5,0,2,157
2149,10001.0,0,0,22.7,0.0,92.0,53.0,46.0,56.0,11.1,0,14,157
2150,10033.0,1,0,23.6,0.0,100.0,53.0,76.0,73.0,11.7,1,15,157
2151,10033.0,2,0,25.4,1.1,93.0,16.0,81.0,99.0,5.8,1,20,157
2152,10021.0,0,0,20.9,0.4,93.0,8.0,93.0,100.0,4.3,0,10,157
2153,10029.0,1,0,20.6,2.6,91.0,2.0,98.0,100.0,7.2,1,7,157
2154,10010.0,1,0,24.8,0.1,86.0,4.0,94.0,88.0,5.5,1,18,157
2155,10007.0,0,0,24.9,2.2,89.0,25.0,61.0,100.0,8.1,0,21,157
2156,10035.0,0,0,21.0,2.2,84.0,1.0,88.0,100.0,7.6,0,6,157
2157,10018.0,1,0,24.9,2.2,89.0,25.0,61.0,100.0,8.1,1,21,157
2158,10028.0,0,0,21.3,0.0,90.0,8.0,89.0,99.0,6.8,0,11,157
2159,10027.0,0,0,22.7,1.3,37.0,0.0,16.0,90.0,10.8,0,1,156
2160,10032.0,0,0,30.1,0.0,20.0,0.0,18.0,29.0,7.2,0,21,156
2161,10000.0,1,0,26.7,0.0,5.0,0.0,1.0,13.0,8.3,1,17,156
2162,10027.0,0,0,24.8,0.0,29.0,0.0,0.0,95.0,7.6,0,15,156
2163,10026.0,0,0,21.1,0.5,37.0,0.0,13.0,98.0,11.8,0,2,156
2164,10029.0,1,0,19.8,0.0,38.0,0.0,21.0,83.0,9.0,1,4,156
2165,10014.0,1,0,27.1,0.0,29.0,0.0,9.0,80.0,9.1,1,18,156
2166,10029.0,0,0,25.8,0.0,24.0,0.0,0.0,80.0,8.3,0,16,156
2167,10038.0,0,0,20.6,0.0,30.0,0.0,0.0,100.0,8.4,0,11,156
2168,10019.0,1,0,24.8,0.0,29.0,0.0,0.0,95.0,7.6,1,15,156
2169,10280.0,1,0,18.8,0.0,26.0,0.0,0.0,88.0,6.6,1,8,156
2170,10032.0,0,0,21.1,0.5,37.0,0.0,13.0,98.0,11.8,0,2,156
2171,10027.0,1,0,22.7,0.0,29.0,0.0,0.0,97.0,7.2,1,14,156
2172,10034.0,0,0,26.4,0.0,11.0,0.0,3.0,29.0,8.9,0,22,156
2173,10038.0,1,0,26.7,0.0,5.0,0.0,1.0,13.0,8.3,1,17,156
2174,10029.0,1,0,27.1,0.0,29.0,0.0,9.0,80.0,9.1,1,18,156
2175,10036.0,0,0,23.4,0.0,38.0,1.0,12.0,100.0,11.9,0,15,155
2176,10009.0,0,0,18.2,0.0,35.0,13.0,31.0,17.0,10.9,0,5,155
2177,10029.0,0,0,23.4,0.0,38.0,1.0,12.0,100.0,11.9,0,15,155
2178,10025.0,1,0,23.7,0.0,95.0,13.0,89.0,98.0,15.8,1,18,155
2179,10029.0,0,0,21.6,0.0,38.0,4.0,18.0,79.0,9.4,0,14,155
2180,10029.0,0,0,23.4,0.0,38.0,1.0,12.0,100.0,11.9,0,15,155
2181,10065.0,0,0,16.8,0.5,49.0,1.0,39.0,83.0,7.4,0,9,155
2182,10025.0,0,0,26.0,0.0,12.0,8.0,8.0,0.0,13.7,0,21,155
2183,10029.0,0,0,16.8,0.5,49.0,1.0,39.0,83.0,7.4,0,9,155
2184,10028.0,0,0,17.1,0.3,50.0,15.0,28.0,64.0,9.9,0,7,155
2185,10011.0,0,0,19.1,0.0,36.0,3.0,6.0,98.0,9.0,0,12,155
2186,10016.0,1,0,24.4,0.0,35.0,8.0,24.0,44.0,10.9,1,23,155
2187,10026.0,0,0,21.6,0.0,38.0,4.0,18.0,79.0,9.4,0,14,155
2188,10029.0,1,0,23.4,0.0,38.0,1.0,12.0,100.0,11.9,1,15,155
2189,10035.0,1,0,23.7,0.0,95.0,13.0,89.0,98.0,15.8,1,18,155
2190,10034.0,1,0,23.4,0.8,100.0,35.0,100.0,88.0,13.9,1,19,155
2191,10028.0,0,0,16.2,0.0,10.0,0.0,3.0,26.0,5.5,0,12,154
2192,10002.0,2,0,15.8,0.0,43.0,0.0,23.0,98.0,8.6,1,10,154
2193,10027.0,0,0,19.3,0.0,25.0,0.0,42.0,0.0,6.9,0,1,154
2194,10013.0,0,0,20.3,0.0,77.0,0.0,92.0,73.0,12.0,0,16,154
2195,10000.0,1,0,15.0,0.0,29.0,0.0,2.0,94.0,10.2,1,7,154
2196,10004.0,0,0,15.8,0.0,63.0,0.0,62.0,85.0,7.2,0,11,154
2197,10031.0,0,0,15.8,0.0,43.0,0.0,23.0,98.0,8.6,0,10,154
2198,10029.0,1,0,18.3,0.0,86.0,0.0,98.0,90.0,8.4,1,14,154
2199,10029.0,0,0,15.8,0.0,63.0,0.0,62.0,85.0,7.2,0,11,154
2200,10028.0,0,0,21.7,0.0,58.0,1.0,45.0,99.0,13.5,0,20,154
2201,10001.0,0,0,21.4,0.0,83.0,0.0,89.0,98.0,14.1,0,18,154
2202,10018.0,1,0,14.6,0.0,30.0,0.0,1.0,98.0,11.9,1,9,154
2203,10022.0,1,0,21.4,0.0,83.0,0.0,89.0,98.0,14.1,1,18,154
2204,10022.0,2,0,16.3,0.0,0.0,0.0,0.0,0.0,16.4,1,2,153
2205,10065.0,1,0,20.6,0.0,29.0,0.0,44.0,7.0,8.9,1,23,153
2206,10027.0,0,0,11.3,0.0,0.0,0.0,0.0,0.0,9.3,0,9,153
2207,10002.0,1,0,14.7,0.0,23.0,8.0,26.0,0.0,14.6,1,14,153
2208,10038.0,0,0,13.0,0.0,0.0,0.0,0.0,0.0,12.0,0,12,153
2209,10012.0,0,0,17.0,0.0,1.0,0.0,1.0,0.0,14.2,0,1,153
2210,10065.0,1,0,16.7,0.0,24.0,3.0,35.0,0.0,16.5,1,15,153
2211,10014.0,0,0,14.0,0.0,0.0,0.0,0.0,0.0,15.5,0,4,153
2212,10016.0,2,0,17.1,0.0,29.0,1.0,47.0,0.0,17.6,1,16,153
2213,10003.0,0,0,19.7,0.0,16.0,0.0,26.0,0.0,17.7,0,21,153
2214,10022.0,0,0,14.0,0.0,0.0,0.0,0.0,0.0,15.5,0,4,153
2215,10028.0,0,0,14.7,0.0,23.0,8.0,26.0,0.0,14.6,0,14,153
2216,10032.0,0,0,14.7,0.0,23.0,8.0,26.0,0.0,14.6,0,14,153
2217,10016.0,0,0,18.1,0.0,0.0,0.0,0.0,0.0,14.1,0,0,153
2218,10038.0,0,0,13.7,0.0,0.0,0.0,0.0,1.0,12.0,0,13,153
2219,10030.0,1,0,18.5,0.0,41.0,0.0,69.0,0.0,18.2,1,18,153
2220,10002.0,0,0,13.0,0.0,0.0,0.0,0.0,0.0,12.0,0,12,153
2221,10032.0,0,0,19.7,0.0,16.0,0.0,26.0,0.0,17.7,0,21,153
2222,10065.0,0,0,18.1,0.0,0.0,0.0,0.0,0.0,14.1,0,0,153
2223,10002.0,0,0,13.0,0.0,0.0,0.0,0.0,0.0,12.0,0,12,153
2224,10012.0,0,0,17.0,0.0,1.0,0.0,1.0,0.0,14.2,0,1,153
2225,10032.0,0,0,19.1,0.0,0.0,0.0,0.0,0.0,18.1,0,22,152
2226,10023.0,1,0,16.8,0.0,0.0,0.0,0.0,0.0,16.6,1,14,152
2227,10033.0,1,0,25.0,0.0,23.0,0.0,38.0,0.0,10.0,1,0,152
2228,10023.0,1,0,19.1,0.0,0.0,0.0,0.0,0.0,18.1,1,22,152
2229,10016.0,1,0,20.1,0.0,29.0,0.0,48.0,0.0,18.8,1,18,152
2230,10036.0,1,0,18.7,0.0,0.0,0.0,0.0,0.0,16.9,1,23,152
2231,10032.0,1,0,19.1,0.0,0.0,0.0,0.0,0.0,18.1,1,22,152
2232,10032.0,0,0,19.1,0.0,0.0,0.0,0.0,0.0,18.1,0,22,152
2233,10012.0,0,0,25.0,0.0,23.0,0.0,38.0,0.0,10.0,0,0,152
2234,10030.0,1,0,22.9,0.0,20.0,0.0,34.0,0.0,14.2,1,2,152
2235,10021.0,0,0,18.5,0.0,1.0,0.0,2.0,0.0,20.8,0,6,152
2236,10040.0,0,0,16.2,0.0,0.0,0.0,0.0,0.0,17.0,0,13,152
2237,10012.0,0,0,19.1,0.0,0.0,0.0,0.0,0.0,18.1,0,22,152
2238,10029.0,1,0,19.6,0.0,19.0,0.0,32.0,0.0,22.2,1,21,152
2239,10003.0,2,0,20.1,0.0,29.0,0.0,48.0,0.0,18.8,1,18,152
2240,10012.0,1,0,18.5,0.0,1.0,0.0,2.0,0.0,20.8,1,6,152
2241,10011.0,1,0,19.6,0.0,19.0,0.0,32.0,0.0,22.2,1,21,152
2242,10000.0,1,0,20.6,0.0,74.0,43.0,17.0,83.0,14.3,1,6,151
2243,10036.0,0,0,21.2,0.0,35.0,7.0,2.0,90.0,13.8,0,13,151
2244,10027.0,1,0,24.0,0.0,3.0,0.0,5.0,0.0,12.3,1,17,151
2245,10029.0,0,0,22.2,0.0,80.0,12.0,65.0,100.0,13.3,0,1,151
2246,10031.0,0,0,26.8,0.0,16.0,0.0,26.0,0.0,14.0,0,21,151
2247,10010.0,0,0,21.2,0.0,30.0,0.0,2.0,95.0,11.5,0,12,151
2248,10065.0,1,0,22.7,0.0,8.0,3.0,7.0,2.0,13.8,1,15,151
2249,10024.0,0,0,20.3,0.0,93.0,61.0,14.0,99.0,12.6,0,8,151
2250,10002.0,1,0,21.4,0.0,24.0,7.0,10.0,40.0,13.8,1,14,151
2251,10023.0,0,0,22.9,0.0,10.0,1.0,15.0,0.0,12.8,0,16,151
2252,10016.0,2,0,22.9,0.0,10.0,1.0,15.0,0.0,12.8,1,16,151
2253,10013.0,0,0,25.9,0.0,31.0,0.0,51.0,0.0,8.6,0,22,151
2254,10033.0,1,0,26.3,0.0,8.0,2.0,10.0,0.0,13.2,1,20,151
2255,10032.0,0,0,21.0,0.0,40.0,11.0,0.0,100.0,9.6,0,10,151
2256,10010.0,1,0,25.5,0.0,93.0,73.0,0.0,92.0,15.5,1,18,150
2257,10029.0,0,0,20.1,0.0,100.0,100.0,8.0,59.0,13.3,0,8,150
2258,10027.0,0,0,24.7,0.0,100.0,90.0,12.0,97.0,14.1,0,16,150
2259,10022.0,0,0,21.9,0.0,100.0,100.0,23.0,79.0,12.2,0,12,150
2260,10011.0,0,0,26.1,0.0,69.0,47.0,2.0,84.0,15.9,0,19,150
2261,10035.0,1,0,25.5,0.0,93.0,73.0,0.0,92.0,15.5,1,18,150
2262,10001.0,0,0,20.0,0.3,100.0,87.0,22.0,42.0,12.3,0,4,150
2263,10035.0,0,0,21.6,0.0,100.0,100.0,14.0,79.0,12.6,0,11,150
2264,10019.0,0,0,19.9,0.0,100.0,100.0,9.0,75.0,13.6,0,9,150
2265,10002.0,1,0,22.1,0.0,100.0,88.0,26.0,83.0,13.0,1,13,150
2266,10027.0,0,0,23.8,0.0,100.0,95.0,32.0,82.0,15.6,0,15,150
2267,10002.0,0,0,25.4,0.2,100.0,82.0,2.0,94.0,15.2,0,17,150
2268,10003.0,0,0,23.0,0.0,100.0,99.0,41.0,94.0,13.9,0,14,150
2269,10003.0,1,0,23.8,0.0,100.0,95.0,32.0,82.0,15.6,1,15,150
2270,10018.0,1,0,20.0,0.0,100.0,100.0,12.0,15.0,12.3,1,6,150
2271,10025.0,1,0,25.3,1.5,88.0,50.0,26.0,90.0,16.2,1,21,150
2272,10018.0,1,0,22.1,0.0,100.0,88.0,26.0,83.0,13.0,1,13,150
2273,10030.0,2,0,25.3,1.5,88.0,50.0,26.0,90.0,16.2,1,21,150
2274,10003.0,0,0,21.9,0.0,100.0,100.0,23.0,79.0,12.2,0,12,150
2275,10028.0,0,0,23.0,0.0,100.0,99.0,41.0,94.0,13.9,0,14,150
2276,10128.0,0,0,20.1,0.0,100.0,100.0,11.0,39.0,12.6,0,7,150
2277,10011.0,0,0,25.5,0.0,93.0,73.0,0.0,92.0,15.5,0,18,150
2278,10035.0,0,0,25.4,0.2,100.0,82.0,2.0,94.0,15.2,0,17,150
2279,10025.0,0,0,25.4,0.2,100.0,82.0,2.0,94.0,15.2,0,17,150
2280,10026.0,0,0,25.4,0.2,100.0,82.0,2.0,94.0,15.2,0,17,150
2281,10016.0,0,0,26.1,0.0,69.0,47.0,2.0,84.0,15.9,0,19,150
2282,10018.0,0,0,23.0,0.0,100.0,99.0,41.0,94.0,13.9,0,14,150
2283,10035.0,0,0,21.6,0.0,100.0,100.0,14.0,79.0,12.6,0,11,150
2284,10029.0,0,0,22.1,0.0,100.0,100.0,12.0,88.0,15.4,0,15,149
2285,10035.0,0,0,17.9,0.0,100.0,100.0,3.0,99.0,7.6,0,6,149
2286,10005.0,0,0,22.9,0.0,100.0,68.0,33.0,96.0,17.8,0,19,149
2287,10024.0,0,0,22.1,0.0,100.0,100.0,12.0,88.0,15.4,0,15,149
2288,10065.0,0,0,18.3,0.0,100.0,100.0,1.0,100.0,6.5,0,8,149
2289,10005.0,0,0,22.1,0.0,100.0,100.0,12.0,88.0,15.4,0,15,149
2290,10018.0,0,0,17.9,0.0,100.0,100.0,3.0,99.0,7.6,0,6,149
2291,10010.0,0,0,21.0,0.0,100.0,100.0,21.0,86.0,12.9,0,14,149
2292,10075.0,0,0,22.8,0.0,100.0,87.0,33.0,48.0,17.7,0,16,149
2293,10033.0,0,0,21.9,0.9,100.0,87.0,44.0,95.0,18.3,0,21,149
2294,10027.0,1,0,21.9,0.9,100.0,87.0,44.0,95.0,18.3,1,21,149
2295,10128.0,2,0,19.6,0.0,100.0,100.0,37.0,94.0,10.1,1,11,149
2296,10036.0,0,0,21.9,0.9,100.0,87.0,44.0,95.0,18.3,0,21,149
2297,10038.0,0,0,23.2,0.0,100.0,81.0,44.0,69.0,17.6,0,17,149
2298,10011.0,2,0,22.2,0.6,100.0,61.0,36.0,99.0,19.5,1,20,149
2299,10013.0,1,0,23.2,0.0,100.0,81.0,44.0,69.0,17.6,1,17,149
2300,10022.0,0,0,22.9,0.0,100.0,56.0,44.0,93.0,16.7,0,18,149
2301,10036.0,1,0,21.3,0.0,60.0,32.0,3.0,98.0,12.9,1,22,148
2302,10001.0,1,0,16.4,0.0,100.0,100.0,0.0,53.0,4.6,1,13,148
2303,10033.0,0,0,15.9,0.0,91.0,100.0,0.0,3.0,4.3,0,10,148
2304,10065.0,0,0,19.6,0.0,100.0,96.0,0.0,82.0,6.5,0,15,148
2305,10002.0,0,0,22.3,0.0,68.0,42.0,0.0,100.0,14.2,0,21,148
2306,10029.0,0,0,23.1,0.0,78.0,53.0,0.0,100.0,14.0,0,20,148
2307,10009.0,0,0,15.9,0.0,91.0,100.0,0.0,3.0,4.3,0,10,148
2308,10010.0,1,0,21.2,0.0,100.0,95.0,0.0,92.0,7.6,1,16,148
2309,10023.0,1,0,23.1,0.0,78.0,53.0,0.0,100.0,14.0,1,20,148
2310,10009.0,0,0,17.3,0.0,100.0,100.0,0.0,69.0,5.9,0,14,148
2311,10037.0,0,0,21.2,0.0,100.0,95.0,0.0,92.0,7.6,0,16,148
2312,10019.0,1,0,16.4,0.0,100.0,100.0,0.0,53.0,4.6,1,13,148
2313,10033.0,0,0,15.4,0.0,92.0,100.0,0.0,8.0,0.7,0,8,147
2314,10035.0,0,0,21.1,0.0,49.0,51.0,0.0,11.0,7.1,0,18,147
2315,10040.0,1,0,22.7,0.0,6.0,0.0,0.0,21.0,11.1,1,20,147
2316,10065.0,1,0,20.6,0.0,75.0,83.0,0.0,0.0,3.7,1,16,147
2317,10026.0,1,0,20.5,0.0,65.0,72.0,0.0,0.0,5.0,1,17,147
2318,10035.0,0,0,15.4,0.0,92.0,100.0,0.0,8.0,0.7,0,8,147
2319,10037.0,1,0,22.7,0.0,6.0,0.0,0.0,21.0,11.1,1,20,147
2320,10029.0,1,0,21.1,0.0,49.0,51.0,0.0,11.0,7.1,1,18,147
2321,10026.0,1,0,16.7,0.0,81.0,84.0,9.0,0.0,2.9,1,14,147
2322,10037.0,0,0,16.7,0.0,81.0,84.0,9.0,0.0,2.9,0,14,147
2323,10001.0,0,0,15.4,0.0,96.0,100.0,8.0,5.0,1.6,0,11,147
2324,10016.0,0,0,18.9,0.0,75.0,83.0,0.0,0.0,4.0,0,15,147
2325,10002.0,1,0,20.5,0.0,65.0,72.0,0.0,0.0,5.0,1,17,147
2326,10025.0,0,0,21.1,0.0,49.0,51.0,0.0,11.0,7.1,0,18,147
2327,10014.0,1,0,16.6,0.0,90.0,100.0,0.0,0.0,4.2,1,17,146
2328,10029.0,0,0,15.7,0.0,50.0,31.0,0.0,75.0,8.8,0,2,146
2329,10032.0,1,0,13.6,0.0,89.0,99.0,0.0,0.0,8.2,1,9,146
2330,10038.0,0,0,14.2,0.0,89.0,99.0,0.0,0.0,8.3,0,11,146
2331,10128.0,0,0,13.6,0.0,89.0,99.0,0.0,0.0,8.2,0,9,146
2332,10014.0,0,0,14.2,0.0,89.0,99.0,0.0,0.0,8.7,0,10,146
2333,10016.0,1,0,14.2,0.0,89.0,99.0,0.0,0.0,8.3,1,11,146
2334,10027.0,1,0,18.5,0.0,93.0,99.0,6.0,0.0,5.4,1,20,146
2335,10028.0,0,0,14.2,0.0,89.0,99.0,0.0,0.0,8.3,0,11,146
2336,10011.0,0,0,17.8,0.0,90.0,99.0,1.0,0.0,4.8,0,19,146
2337,10021.0,1,0,18.5,0.0,93.0,99.0,6.0,0.0,5.4,1,20,146
2338,10032.0,0,0,14.4,0.0,93.0,100.0,0.0,9.0,8.6,0,14,146
2339,10032.0,1,0,17.8,0.0,90.0,99.0,1.0,0.0,4.8,1,19,146
2340,10032.0,1,0,16.2,0.0,90.0,100.0,0.0,0.0,5.8,1,16,146
2341,10035.0,0,0,12.0,0.0,15.0,9.0,0.0,23.0,15.8,0,9,145
2342,10012.0,0,0,11.7,0.0,6.0,6.0,0.0,2.0,14.0,0,10,145
2343,10002.0,0,0,17.5,0.0,78.0,69.0,0.0,52.0,11.9,0,18,145
2344,10029.0,4,1,18.2,0.0,96.0,86.0,0.0,62.0,13.1,2,20,145
2345,10027.0,1,0,17.7,0.0,56.0,31.0,0.0,93.0,8.9,1,23,145
2346,10029.0,2,0,17.5,0.0,78.0,69.0,0.0,52.0,11.9,1,18,145
2347,10023.0,2,0,17.0,0.0,74.0,73.0,0.0,29.0,12.6,1,17,145
2348,10003.0,1,0,11.9,0.0,22.0,7.0,0.0,51.0,14.0,1,11,145
2349,10026.0,1,0,17.9,0.0,89.0,82.0,0.0,49.0,12.3,1,19,145
2350,10030.0,0,0,16.1,0.0,50.0,46.0,0.0,30.0,12.7,0,16,145
2351,10018.0,0,0,17.1,2.1,100.0,100.0,82.0,98.0,4.0,0,11,144
2352,10034.0,1,0,18.3,0.0,100.0,86.0,29.0,42.0,8.2,1,2,144
2353,10026.0,0,0,17.2,0.7,100.0,100.0,16.0,77.0,4.0,0,7,144
2354,10005.0,1,0,17.0,3.3,100.0,100.0,58.0,98.0,4.1,1,12,144
2355,10017.0,0,0,18.3,0.3,100.0,100.0,68.0,100.0,8.7,0,19,144
2356,10016.0,0,0,17.3,0.0,100.0,100.0,28.0,81.0,4.0,0,6,144
2357,10005.0,0,0,18.5,1.4,100.0,100.0,97.0,99.0,7.4,0,16,144
2358,10014.0,0,0,17.0,3.3,100.0,100.0,58.0,98.0,4.1,0,12,144
2359,10019.0,1,0,18.5,1.4,100.0,100.0,97.0,99.0,7.4,1,16,144
2360,10075.0,4,0,17.2,0.7,100.0,100.0,16.0,77.0,4.0,1,7,144
2361,10001.0,1,0,22.5,0.0,100.0,83.0,96.0,51.0,9.4,1,17,143
2362,10035.0,0,0,13.5,0.0,86.0,96.0,0.0,0.0,4.6,0,7,143
2363,10022.0,3,0,15.8,0.0,46.0,50.0,0.0,3.0,13.1,1,0,143
2364,10036.0,0,0,15.8,0.0,46.0,50.0,0.0,3.0,13.1,0,0,143
2365,10038.0,0,0,20.6,0.0,100.0,70.0,75.0,23.0,6.1,0,15,143
2366,10017.0,0,0,21.3,0.0,100.0,83.0,95.0,36.0,8.3,0,16,143
2367,10032.0,0,0,15.5,0.0,41.0,35.0,13.0,7.0,1.8,0,12,143
2368,10032.0,0,0,22.6,0.2,100.0,45.0,85.0,81.0,6.8,0,19,143
2369,10013.0,0,0,16.6,0.0,71.0,49.0,35.0,21.0,2.6,0,13,143
2370,10029.0,1,0,18.1,0.0,97.0,62.0,58.0,21.0,4.0,1,14,143
2371,10031.0,0,0,20.6,0.0,100.0,70.0,75.0,23.0,6.1,0,15,143
2372,10019.0,2,0,16.6,0.0,71.0,49.0,35.0,21.0,2.6,1,13,143
2373,10013.0,0,0,13.0,0.0,76.0,84.0,0.0,0.0,1.5,0,9,143
2374,10022.0,0,0,14.5,0.0,39.0,43.0,0.0,0.0,10.1,0,2,143
2375,10039.0,0,0,20.6,0.0,100.0,70.0,75.0,23.0,6.1,0,15,143
2376,10028.0,0,0,21.3,0.0,100.0,83.0,95.0,36.0,8.3,0,16,143
2377,10029.0,1,0,16.6,0.0,71.0,49.0,35.0,21.0,2.6,1,13,143
2378,10036.0,1,0,22.3,0.0,100.0,95.0,97.0,56.0,8.6,1,18,143
2379,10033.0,0,0,14.5,0.0,39.0,43.0,0.0,0.0,10.1,0,2,143
2380,10002.0,0,0,15.8,0.0,46.0,50.0,0.0,3.0,13.1,0,0,143
2381,10009.0,1,0,13.1,0.0,80.0,89.0,0.0,0.0,4.5,1,8,143
2382,10032.0,1,0,21.3,0.0,100.0,83.0,95.0,36.0,8.3,1,16,143
2383,10065.0,0,0,21.8,0.0,79.0,0.0,82.0,98.0,7.1,0,20,143
2384,10031.0,0,0,18.2,0.0,0.0,0.0,0.0,0.0,10.8,0,19,142
2385,10009.0,0,0,10.8,0.0,41.0,45.0,0.0,0.0,6.6,0,12,142
2386,10016.0,0,0,18.3,0.0,0.0,0.0,0.0,0.0,12.2,0,20,142
2387,10009.0,0,0,18.2,0.0,0.0,0.0,0.0,0.0,10.8,0,19,142
2388,10027.0,0,0,18.1,0.0,2.0,2.0,0.0,0.0,13.9,0,21,142
2389,10030.0,0,0,9.9,0.0,6.0,7.0,0.0,0.0,7.4,0,11,142
2390,10027.0,0,0,10.8,0.0,41.0,45.0,0.0,0.0,6.6,0,12,142
2391,10037.0,0,0,16.3,0.0,8.0,3.0,0.0,19.0,6.4,0,16,142
2392,10035.0,0,0,9.4,0.0,0.0,0.0,0.0,0.0,4.7,0,7,142
2393,10035.0,0,0,17.4,0.0,7.0,0.0,0.0,23.0,7.4,0,17,142
2394,10002.0,1,0,17.9,0.0,0.0,0.0,0.0,0.0,8.7,1,18,142
2395,10029.0,0,0,15.5,0.0,20.0,18.0,0.0,13.0,6.0,0,15,142
2396,10019.0,1,0,18.1,0.0,2.0,2.0,0.0,0.0,13.9,1,21,142
2397,10026.0,1,0,9.4,0.0,0.0,0.0,0.0,0.0,4.7,1,7,142
2398,10016.0,0,0,8.8,0.0,0.0,0.0,0.0,0.0,4.0,0,8,142
2399,10002.0,2,0,13.3,0.0,23.0,0.0,0.0,77.0,10.2,1,0,142
2400,10033.0,0,0,10.8,0.0,31.0,0.0,1.0,100.0,14.0,0,8,141
2401,10013.0,0,0,12.0,0.0,31.0,0.0,2.0,99.0,13.8,0,11,141
2402,10022.0,1,0,16.2,0.0,26.0,0.0,0.0,86.0,19.5,1,17,141
2403,10021.0,0,0,12.0,0.0,31.0,0.0,2.0,99.0,13.8,0,11,141
2404,10019.0,1,0,14.9,0.0,24.0,0.0,0.0,79.0,13.4,1,22,141
2405,10004.0,0,0,15.7,0.0,28.0,0.0,0.0,94.0,19.2,0,16,141
2406,10009.0,0,0,12.4,0.0,29.0,0.0,0.0,97.0,17.2,0,12,141
2407,10065.0,0,0,16.5,0.0,19.0,0.0,0.0,62.0,19.1,0,18,141
2408,10001.0,1,0,13.7,0.0,30.0,0.0,0.0,99.0,18.3,1,14,141
2409,10022.0,1,0,14.9,0.0,24.0,0.0,0.0,79.0,13.4,1,22,141
2410,10032.0,4,0,15.7,0.0,28.0,0.0,0.0,94.0,19.2,1,16,141
2411,10033.0,0,0,16.2,0.0,26.0,0.0,0.0,86.0,19.5,0,17,141
2412,10033.0,1,0,15.7,0.0,28.0,0.0,0.0,94.0,19.2,1,16,141
2413,10010.0,4,0,16.2,0.0,26.0,0.0,0.0,86.0,19.5,1,17,141
2414,10023.0,0,0,12.0,0.0,31.0,0.0,2.0,99.0,13.8,0,11,141
2415,10022.0,0,0,12.0,0.0,56.0,0.0,43.0,100.0,13.5,0,5,141
2416,10040.0,0,0,13.7,0.0,30.0,0.0,0.0,99.0,18.3,0,14,141
2417,10040.0,0,0,13.7,0.0,30.0,0.0,0.0,99.0,18.3,0,14,141
2418,10027.0,0,0,11.8,0.0,34.0,0.0,6.0,100.0,13.8,0,10,141
2419,10039.0,1,0,12.0,0.0,31.0,0.0,2.0,99.0,13.8,1,11,141
2420,10029.0,0,1,16.5,0.0,19.0,0.0,0.0,62.0,19.1,2,18,141
2421,10032.0,0,0,16.2,0.0,26.0,0.0,0.0,86.0,19.5,0,17,141
2422,10003.0,0,0,16.7,0.0,17.0,0.0,0.0,56.0,18.9,0,20,141
2423,10002.0,0,0,10.8,0.0,31.0,0.0,1.0,100.0,14.0,0,8,141
2424,10065.0,1,0,13.1,0.0,29.0,1.0,0.0,95.0,16.6,1,8,140
2425,10039.0,0,0,18.5,0.0,30.0,0.0,0.0,100.0,26.1,0,17,140
2426,10025.0,0,0,14.8,0.0,30.0,0.0,0.0,100.0,18.1,0,12,140
2427,10035.0,1,0,16.9,0.0,37.0,0.0,11.0,100.0,11.6,1,0,140
2428,10035.0,1,0,13.1,0.0,29.0,1.0,0.0,95.0,16.6,1,8,140
2429,10002.0,0,0,18.5,0.0,30.0,0.0,0.0,100.0,26.1,0,17,140
2430,10016.0,0,0,13.1,0.0,25.0,0.0,0.0,83.0,15.3,0,7,140
2431,10023.0,0,0,14.3,0.0,29.0,0.0,0.0,97.0,17.6,0,11,140
2432,10035.0,0,0,15.7,0.0,38.0,0.0,14.0,100.0,18.8,0,22,140
2433,10032.0,1,0,18.5,0.0,34.0,2.0,4.0,100.0,26.4,1,18,140
2434,10036.0,1,0,16.3,0.0,30.0,0.0,0.0,100.0,23.4,1,14,140
2435,10027.0,1,0,17.7,0.0,30.0,0.0,0.0,99.0,24.6,1,15,140
2436,10075.0,0,0,17.7,0.0,30.0,0.0,0.0,99.0,24.6,0,15,140
2437,10029.0,1,0,17.9,0.0,30.0,0.0,0.0,100.0,25.2,1,16,140
2438,10002.0,0,0,15.4,0.0,31.0,1.0,0.0,100.0,22.0,0,13,140
2439,10032.0,0,0,18.4,0.0,35.0,0.0,8.0,100.0,26.3,0,19,140
2440,10128.0,2,0,13.6,0.0,27.0,0.0,0.0,90.0,15.3,1,6,140
2441,10011.0,0,0,17.9,0.0,30.0,0.0,0.0,100.0,25.2,0,16,140
2442,10010.0,1,0,18.5,0.0,34.0,2.0,4.0,100.0,26.4,1,18,140
2443,10023.0,0,0,17.5,0.0,40.0,0.0,17.0,99.0,22.7,0,21,140
2444,10029.0,0,0,14.8,0.0,30.0,0.0,0.0,100.0,18.1,0,12,140
2445,10021.0,0,0,12.8,0.0,29.0,0.0,0.0,95.0,18.2,0,9,140
2446,10040.0,2,0,18.8,0.0,59.0,28.0,10.0,92.0,17.3,1,18,139
2447,10017.0,1,0,14.1,0.0,63.0,21.0,25.0,97.0,13.0,1,13,139
2448,10026.0,0,0,13.2,0.0,56.0,8.0,33.0,97.0,10.1,0,11,139
2449,10031.0,0,0,14.1,0.0,63.0,21.0,25.0,97.0,13.0,0,13,139
2450,10009.0,1,0,18.8,0.0,59.0,28.0,10.0,92.0,17.3,1,18,139
2451,10017.0,0,0,12.8,0.0,61.0,1.0,50.0,99.0,7.3,0,6,139
2452,10035.0,0,0,13.2,0.0,56.0,8.0,33.0,97.0,10.1,0,11,139
2453,10019.0,0,0,12.4,0.0,50.0,0.0,34.0,99.0,8.4,0,9,139
2454,10032.0,0,0,12.8,0.0,61.0,1.0,50.0,99.0,7.3,0,6,139
2455,10019.0,0,0,18.9,0.0,55.0,26.0,9.0,88.0,17.3,0,19,139
2456,10017.0,1,0,15.1,0.0,66.0,26.0,22.0,99.0,13.4,1,14,139
2457,10016.0,3,0,13.5,0.0,51.0,10.0,23.0,94.0,11.6,1,12,139
2458,10038.0,0,0,12.9,0.0,47.0,3.0,26.0,97.0,9.2,0,10,139
2459,10013.0,1,0,13.2,0.0,61.0,4.0,51.0,88.0,10.1,1,12,138
2460,10010.0,0,0,17.4,0.0,71.0,0.0,76.0,85.0,13.5,0,18,138
2461,10033.0,1,0,13.7,0.0,54.0,8.0,33.0,91.0,10.7,1,13,138
2462,10032.0,0,0,17.4,0.0,44.0,0.0,31.0,84.0,13.6,0,19,138
2463,10033.0,4,0,19.6,0.0,35.0,1.0,10.0,95.0,8.3,1,1,138
2464,10003.0,0,0,16.8,0.0,59.0,0.0,51.0,93.0,12.5,0,16,138
2465,10032.0,2,0,14.8,0.0,49.0,4.0,31.0,90.0,10.8,1,14,138
2466,10009.0,0,0,12.9,0.0,46.0,2.0,24.0,99.0,8.3,0,10,138
2467,10030.0,1,0,16.6,0.0,55.0,0.0,45.0,94.0,13.8,1,21,138
2468,10017.0,1,0,14.8,0.0,49.0,4.0,31.0,90.0,10.8,1,14,138
2469,10026.0,0,0,15.1,0.0,76.0,0.0,81.0,91.0,10.0,0,23,138
2470,10038.0,0,0,13.3,0.0,40.0,2.0,14.0,100.0,10.6,0,6,138
2471,10023.0,0,0,21.2,0.0,38.0,11.0,0.0,93.0,9.1,0,18,137
2472,10013.0,0,0,18.9,0.0,28.0,0.0,0.0,93.0,9.1,0,12,137
2473,10003.0,0,0,20.8,0.0,32.0,2.0,0.0,99.0,11.3,0,16,137
2474,10019.0,3,0,20.1,0.0,44.0,10.0,36.0,46.0,6.0,1,22,137
2475,10012.0,0,0,24.4,0.0,24.0,0.0,4.0,72.0,18.4,0,0,137
2476,10013.0,0,0,21.2,0.0,29.0,1.0,0.0,93.0,9.9,0,17,137
2477,10035.0,1,0,19.9,0.0,30.0,0.0,0.0,100.0,12.7,1,15,137
2478,10027.0,1,0,24.4,0.0,24.0,0.0,4.0,72.0,18.4,1,0,137
2479,10033.0,0,0,23.4,0.0,33.0,0.0,24.0,62.0,21.3,0,1,137
2480,10030.0,0,0,19.9,0.0,30.0,0.0,0.0,100.0,12.7,0,15,137
2481,10006.0,1,0,21.2,0.0,38.0,11.0,0.0,93.0,9.1,1,18,137
2482,10033.0,0,0,18.4,0.0,34.0,2.0,5.0,96.0,9.9,0,11,137
2483,10006.0,0,0,20.1,0.0,44.0,10.0,36.0,46.0,6.0,0,22,137
2484,10019.0,1,0,21.1,0.0,49.0,13.0,24.0,77.0,6.1,1,21,137
2485,10009.0,0,0,24.4,0.0,24.0,0.0,4.0,72.0,18.4,0,0,137
2486,10035.0,1,0,22.6,0.0,38.0,0.0,30.0,67.0,19.4,1,2,137
2487,10029.0,0,0,23.4,0.0,33.0,0.0,24.0,62.0,21.3,0,1,137
2488,10016.0,0,0,21.3,0.0,56.0,23.0,10.0,99.0,7.9,0,19,137
2489,10032.0,1,0,19.9,0.0,30.0,0.0,0.0,100.0,12.7,1,15,137
2490,10026.0,4,0,17.0,0.0,12.0,4.0,0.0,28.0,12.4,1,0,136
2491,10039.0,1,0,22.8,0.0,7.0,0.0,0.0,22.0,14.5,1,16,136
2492,10029.0,0,0,16.0,0.9,48.0,4.0,71.0,5.0,10.8,0,11,136
2493,10011.0,0,0,21.1,0.0,2.0,0.0,0.0,7.0,12.5,0,15,136
2494,10037.0,0,0,17.0,0.0,12.0,4.0,0.0,28.0,12.4,0,0,136
2495,10010.0,0,0,16.4,0.0,17.0,0.0,22.0,13.0,11.2,0,2,136
2496,10027.0,0,0,26.3,0.0,37.0,8.0,14.0,70.0,14.5,0,21,136
2497,10029.0,3,0,25.4,0.0,37.0,2.0,23.0,70.0,12.7,1,22,136
2498,10026.0,1,0,15.2,0.1,47.0,0.0,32.0,91.0,8.3,1,6,136
2499,10002.0,0,0,16.3,0.1,30.0,9.0,37.0,0.0,10.3,0,12,136
2500,10001.0,1,0,24.1,0.0,16.0,1.0,9.0,31.0,15.9,1,17,136
2501,10021.0,1,0,25.4,0.0,37.0,2.0,23.0,70.0,12.7,1,22,136
2502,10032.0,0,0,16.0,0.9,48.0,4.0,71.0,5.0,10.8,0,11,136
2503,10035.0,0,0,15.1,0.0,52.0,2.0,38.0,90.0,7.9,0,7,136
2504,10016.0,0,0,22.8,0.0,7.0,0.0,0.0,22.0,14.5,0,16,136
2505,10031.0,0,0,16.0,0.9,48.0,4.0,71.0,5.0,10.8,0,11,136
2506,10030.0,0,0,25.0,0.0,9.0,0.0,3.0,25.0,17.0,0,23,136
2507,10016.0,0,0,15.2,1.0,93.0,6.0,97.0,97.0,9.7,0,9,136
2508,10022.0,0,0,7.5,0.0,24.0,0.0,0.0,79.0,5.9,0,9,135
2509,10033.0,0,0,18.5,0.0,41.0,3.0,64.0,0.0,11.0,0,21,135
2510,10012.0,0,0,17.3,0.0,56.0,10.0,79.0,0.0,10.0,0,22,135
2511,10031.0,0,0,7.5,0.0,24.0,0.0,0.0,79.0,5.9,0,9,135
2512,10005.0,0,0,11.3,0.0,18.0,0.0,0.0,61.0,4.8,0,12,135
2513,10036.0,1,0,8.1,0.0,25.0,0.0,0.0,84.0,5.8,1,10,135
2514,10038.0,0,0,9.2,0.0,29.0,0.0,0.0,97.0,6.2,0,7,135
2515,10021.0,1,0,17.6,0.0,11.0,0.0,0.0,35.0,12.0,1,18,135
2516,10037.0,0,0,8.6,0.0,33.0,0.0,13.0,85.0,7.6,0,11,135
2517,10033.0,0,0,15.0,0.0,0.0,0.0,0.0,0.0,6.9,0,0,135
2518,10011.0,1,0,11.3,0.0,18.0,0.0,0.0,61.0,4.8,1,12,135
2519,10035.0,1,0,7.5,0.0,24.0,0.0,0.0,79.0,5.9,1,9,135
2520,10022.0,1,0,8.6,0.0,33.0,0.0,13.0,85.0,7.6,1,11,135
2521,10019.0,0,0,7.5,0.0,24.0,0.0,0.0,79.0,5.9,0,9,135
2522,10001.0,0,0,13.4,0.0,0.0,0.0,0.0,0.0,3.3,0,14,135
2523,10026.0,0,0,18.5,0.0,41.0,3.0,64.0,0.0,11.0,0,21,135
2524,10029.0,0,0,8.1,0.0,25.0,0.0,0.0,84.0,5.8,0,10,135
2525,10035.0,1,0,14.3,0.0,57.0,0.0,95.0,0.0,21.3,1,18,134
2526,10010.0,0,0,6.9,0.0,0.0,0.0,0.0,0.0,11.4,0,8,134
2527,10039.0,1,0,13.1,0.0,37.0,0.0,62.0,0.0,10.1,1,0,134
2528,10001.0,0,0,9.5,0.0,0.0,0.0,0.0,0.0,8.1,0,14,134
2529,10037.0,0,0,14.3,0.0,57.0,0.0,95.0,0.0,21.3,0,18,134
2530,10001.0,3,0,6.9,0.0,0.0,0.0,0.0,0.0,11.4,1,8,134
2531,10011.0,0,0,12.4,0.0,0.0,0.0,0.0,0.0,13.9,0,16,134
2532,10003.0,0,0,11.5,0.0,0.0,0.0,0.0,0.0,10.6,0,15,134
2533,10013.0,0,0,15.8,0.0,42.0,0.0,70.0,0.0,16.1,0,21,134
2534,10010.0,0,0,6.9,0.0,0.0,0.0,0.0,0.0,11.4,0,8,134
2535,10017.0,0,0,9.5,0.0,0.0,0.0,0.0,0.0,8.1,0,14,134
2536,10032.0,0,0,5.8,0.0,0.0,0.0,0.0,0.0,10.9,0,9,134
2537,10029.0,0,0,15.8,0.0,42.0,0.0,70.0,0.0,16.1,0,21,134
2538,10039.0,0,0,6.7,0.0,0.0,0.0,0.0,0.0,8.9,0,10,134
2539,10029.0,0,0,6.5,0.0,0.0,0.0,0.0,0.0,7.5,0,11,134
2540,10019.0,0,0,15.2,0.0,0.0,0.0,0.0,0.0,5.2,0,23,134
2541,10026.0,0,0,9.5,0.0,0.0,0.0,0.0,0.0,8.1,0,14,134
2542,10021.0,0,0,13.1,0.0,37.0,0.0,62.0,0.0,10.1,0,0,134
2543,10031.0,2,0,6.7,0.0,0.0,0.0,0.0,0.0,8.9,1,10,134
2544,10002.0,0,0,14.3,0.0,57.0,0.0,95.0,0.0,21.3,0,18,134
2545,10035.0,0,0,11.5,0.0,0.0,0.0,0.0,0.0,10.6,0,15,134
2546,10013.0,0,0,8.9,0.0,0.0,0.0,0.0,0.0,20.8,0,13,133
2547,10024.0,0,0,7.8,0.0,2.0,2.0,0.0,0.0,15.8,0,7,133
2548,10019.0,0,0,13.6,0.0,37.0,0.0,62.0,0.0,12.1,0,23,133
2549,10019.0,0,0,7.2,0.0,0.0,0.0,0.0,0.0,16.5,0,9,133
2550,10027.0,0,0,12.8,0.0,0.0,0.0,0.0,0.0,23.0,0,17,133
2551,10026.0,0,0,11.9,0.0,0.0,0.0,0.0,0.0,22.7,0,16,133
2552,10005.0,0,0,7.7,0.0,0.0,0.0,0.0,0.0,16.4,0,10,133
2553,10036.0,0,0,8.0,0.0,0.0,0.0,0.0,0.0,15.4,0,11,133
2554,10038.0,0,0,7.2,0.0,0.0,0.0,0.0,0.0,16.5,0,9,133
2555,10017.0,1,0,8.9,0.0,0.0,0.0,0.0,0.0,20.8,1,13,133
2556,10028.0,0,0,11.2,0.0,0.0,0.0,0.0,0.0,22.6,0,15,133
2557,10069.0,0,0,12.8,0.0,0.0,0.0,0.0,0.0,23.0,0,17,133
2558,10035.0,0,0,12.8,0.0,0.0,0.0,0.0,0.0,23.0,0,17,133
2559,10009.0,1,0,7.7,0.0,0.0,0.0,0.0,0.0,16.4,1,10,133
2560,10036.0,3,0,7.9,0.0,3.0,3.0,0.0,0.0,17.4,1,5,133
2561,10019.0,0,0,7.8,0.0,2.0,2.0,0.0,0.0,15.8,0,7,133
2562,10016.0,0,0,8.9,0.0,0.0,0.0,0.0,0.0,20.8,0,13,133
2563,10035.0,3,0,14.4,0.0,29.0,0.0,47.0,1.0,15.6,1,1,132
2564,10013.0,0,0,14.3,0.0,100.0,26.0,89.0,83.0,22.4,0,20,132
2565,10031.0,1,0,9.9,0.0,39.0,0.0,35.0,59.0,7.7,1,10,132
2566,10027.0,0,0,11.2,0.3,84.0,1.0,100.0,78.0,8.0,0,14,132
2567,10036.0,0,0,9.7,0.0,0.0,0.0,0.0,0.0,9.8,0,7,132
2568,10030.0,0,0,13.0,0.0,88.0,44.0,78.0,6.0,12.8,0,17,132
2569,10016.0,0,0,12.4,0.0,8.0,0.0,14.0,0.0,16.1,0,3,132
2570,10032.0,0,0,9.7,0.0,0.0,0.0,0.0,0.0,9.8,0,7,132
2571,10002.0,0,0,10.4,0.0,89.0,0.0,100.0,97.0,6.6,0,12,132
2572,10021.0,0,0,15.2,0.0,42.0,0.0,67.0,7.0,13.8,0,0,132
2573,10032.0,0,0,9.9,0.0,39.0,0.0,35.0,59.0,7.7,0,10,132
2574,10033.0,1,0,9.7,0.0,0.0,0.0,0.0,0.0,9.8,1,7,132
2575,10019.0,0,0,9.9,0.0,39.0,0.0,35.0,59.0,7.7,0,10,132
2576,10024.0,1,0,9.2,0.0,3.0,0.0,4.0,3.0,8.6,1,8,132
2577,10036.0,1,0,11.0,0.0,87.0,0.0,97.0,96.0,7.9,1,13,132
2578,10027.0,0,0,9.2,0.0,3.0,0.0,4.0,3.0,8.6,0,8,132
2579,10034.0,0,0,7.9,0.0,2.0,0.0,0.0,8.0,20.0,0,13,131
2580,10027.0,0,0,5.9,0.0,0.0,0.0,0.0,0.0,16.7,0,11,131
2581,10012.0,0,0,15.9,0.0,17.0,0.0,24.0,8.0,13.8,0,23,131
2582,10019.0,0,0,6.9,0.0,0.0,0.0,0.0,0.0,18.4,0,12,131
2583,10024.0,0,0,5.4,0.0,0.0,0.0,0.0,0.0,16.3,0,10,131
2584,10002.0,1,0,12.5,0.0,4.0,0.0,0.0,12.0,22.2,1,15,131
2585,10012.0,0,0,5.4,0.0,0.0,0.0,0.0,0.0,16.3,0,10,131
2586,10033.0,0,0,9.6,0.0,7.0,0.0,0.0,24.0,20.7,0,14,131
2587,10065.0,0,0,13.7,0.0,2.0,0.0,0.0,6.0,23.7,0,16,131
2588,10012.0,0,0,16.0,0.0,26.0,0.0,44.0,0.0,23.7,0,19,131
2589,10034.0,1,0,5.3,0.0,0.0,0.0,0.0,0.0,16.8,1,4,131
2590,10028.0,0,0,15.4,0.0,38.0,0.0,63.0,0.0,25.8,0,18,131
2591,10033.0,0,0,2.8,0.0,2.0,2.0,0.0,0.0,29.8,0,11,130
2592,10003.0,3,0,3.5,0.0,4.0,4.0,0.0,0.0,30.5,1,13,130
2593,10024.0,0,0,3.2,0.0,52.0,18.0,59.0,0.0,22.3,0,7,130
2594,10022.0,0,0,8.3,0.0,36.0,0.0,60.0,0.0,25.8,0,21,130
2595,10002.0,0,0,6.3,0.0,45.0,0.0,75.0,0.0,31.9,0,15,130
2596,10002.0,0,0,2.5,0.0,0.0,0.0,0.0,0.0,22.9,0,9,130
2597,10002.0,0,0,2.7,0.0,7.0,2.0,8.0,0.0,26.9,0,10,130
2598,10002.0,0,0,7.8,0.0,51.0,0.0,65.0,39.0,21.8,0,22,130
2599,10027.0,0,0,8.3,0.0,36.0,0.0,60.0,0.0,25.8,0,21,130
2600,10002.0,0,0,6.9,0.0,49.0,0.0,81.0,0.0,30.9,0,16,130
2601,10026.0,0,0,8.0,0.0,48.0,0.0,80.0,0.0,27.5,0,19,130
2602,10026.0,0,0,9.6,0.0,56.0,0.0,92.0,3.0,7.1,0,11,129
2603,10035.0,0,0,9.7,0.0,62.0,0.0,95.0,16.0,4.1,0,12,129
2604,10036.0,0,0,9.9,0.4,90.0,0.0,100.0,100.0,2.3,0,17,129
2605,10002.0,0,0,14.5,0.0,14.0,0.0,23.0,0.0,14.8,0,3,129
2606,10029.0,0,0,10.2,0.0,85.0,0.0,99.0,86.0,6.4,0,14,129
2607,10128.0,0,0,10.5,0.3,90.0,0.0,100.0,99.0,6.7,0,16,129
2608,10003.0,0,0,10.8,0.0,89.0,0.0,100.0,98.0,7.1,0,15,129
2609,10017.0,0,0,9.9,0.4,90.0,0.0,100.0,100.0,2.3,0,17,129
2610,10033.0,0,0,9.1,0.3,91.0,2.0,99.0,99.0,0.5,0,18,129
2611,10026.0,1,0,9.7,0.0,62.0,0.0,95.0,16.0,4.1,1,12,129
2612,10032.0,0,0,9.0,0.5,100.0,72.0,98.0,100.0,7.7,0,20,129
2613,10033.0,0,0,9.9,0.4,90.0,0.0,100.0,100.0,2.3,0,17,129
2614,10033.0,0,0,10.2,0.0,85.0,0.0,99.0,86.0,6.4,0,14,129
2615,10004.0,0,0,9.7,0.0,62.0,0.0,95.0,16.0,4.1,0,12,129
2616,10037.0,1,0,9.1,0.3,91.0,2.0,99.0,99.0,0.5,1,18,129
2617,10033.0,0,0,10.0,0.0,76.0,0.0,81.0,92.0,4.8,0,13,129
2618,10018.0,0,0,9.6,0.0,56.0,0.0,92.0,3.0,7.1,0,11,129
2619,10018.0,0,0,16.7,0.0,59.0,0.0,99.0,0.0,17.6,0,18,128
2620,10039.0,0,0,14.6,0.0,0.0,0.0,0.0,0.0,15.3,0,15,128
2621,10022.0,0,0,15.1,0.0,23.0,0.0,39.0,0.0,16.3,0,16,128
2622,10002.0,0,0,6.8,0.0,46.0,6.0,57.0,20.0,5.8,0,4,128
2623,10039.0,0,0,17.3,0.0,11.0,0.0,18.0,0.0,16.9,0,21,128
2624,10034.0,1,0,16.2,0.0,58.0,0.0,97.0,0.0,18.0,1,17,128
2625,10002.0,1,0,8.0,0.0,8.0,0.0,14.0,0.0,11.1,1,8,128
2626,10026.0,1,0,16.7,0.0,59.0,0.0,99.0,0.0,17.6,1,18,128
2627,10013.0,1,0,11.1,0.0,0.0,0.0,0.0,0.0,13.7,1,13,128
2628,10027.0,0,0,16.7,0.0,59.0,0.0,99.0,0.0,17.6,0,18,128
2629,10032.0,1,0,11.2,0.0,60.0,2.0,97.0,0.0,16.8,1,15,127
2630,10022.0,0,0,10.7,0.0,53.0,0.0,88.0,0.0,15.6,0,14,127
2631,10016.0,0,0,10.3,0.0,51.0,0.0,82.0,7.0,15.8,0,12,127
2632,10128.0,0,0,15.6,0.0,14.0,0.0,22.0,1.0,3.6,0,0,127
2633,10026.0,2,0,10.9,0.4,82.0,30.0,88.0,6.0,14.9,1,18,127
2634,10001.0,0,0,15.6,0.0,14.0,0.0,22.0,1.0,3.6,0,0,127
2635,10013.0,0,0,9.4,0.0,70.0,0.0,84.0,65.0,15.9,0,9,127
2636,10022.0,0,0,15.6,0.0,14.0,0.0,22.0,1.0,3.6,0,0,127
2637,10010.0,1,0,8.7,0.6,100.0,59.0,93.0,0.0,6.5,1,22,127
2638,10029.0,0,0,11.2,0.0,64.0,5.0,99.0,0.0,16.5,0,16,127
2639,10031.0,1,0,12.1,0.0,4.0,0.0,0.0,13.0,16.1,1,15,126
2640,10026.0,0,0,10.5,0.0,0.0,0.0,0.0,0.0,16.9,0,14,126
2641,10002.0,1,0,13.7,0.0,34.0,0.0,6.0,100.0,13.2,1,17,126
2642,10001.0,0,0,8.8,0.0,30.0,0.0,0.0,100.0,14.8,0,9,126
2643,10001.0,0,0,9.8,0.0,26.0,0.0,0.0,88.0,15.3,0,6,126
2644,10023.0,0,0,12.1,0.0,4.0,0.0,0.0,13.0,16.1,0,15,126
2645,10032.0,0,0,9.1,0.0,29.0,0.0,0.0,96.0,13.5,0,11,126
2646,10013.0,1,0,15.5,0.0,50.0,0.0,60.0,47.0,4.1,1,23,126
2647,10035.0,0,0,14.3,0.0,67.0,0.0,61.0,100.0,13.7,0,18,126
2648,10023.0,1,0,12.1,0.0,4.0,0.0,0.0,13.0,16.1,1,15,126
2649,10016.0,0,0,9.3,0.0,30.0,0.0,0.0,99.0,14.5,0,8,126
2650,10013.0,1,0,15.5,0.0,50.0,0.0,60.0,47.0,4.1,1,23,126
2651,10002.0,0,0,8.8,0.0,30.0,0.0,0.0,100.0,14.8,0,9,126
2652,10038.0,0,0,9.0,0.0,29.0,0.0,0.0,96.0,13.8,0,10,126
2653,10040.0,0,0,20.0,0.0,26.0,0.0,0.0,87.0,11.7,0,2,125
2654,10035.0,1,0,16.8,0.0,23.0,3.0,34.0,0.0,26.3,1,20,125
2655,10001.0,1,0,17.3,0.0,0.0,0.0,0.0,0.0,4.7,1,13,125
2656,10039.0,2,0,16.3,0.0,5.0,0.0,9.0,0.0,26.1,1,21,125
2657,10023.0,0,0,16.7,0.0,9.0,0.0,2.0,26.0,3.1,0,12,125
2658,10016.0,1,0,16.7,0.0,9.0,0.0,2.0,26.0,3.1,1,12,125
2659,10065.0,1,0,19.4,0.0,26.0,0.0,44.0,0.0,18.6,1,17,125
2660,10029.0,0,0,16.8,0.0,23.0,3.0,34.0,0.0,26.3,0,20,125
2661,10021.0,0,0,17.6,0.0,38.0,16.0,39.0,0.0,25.7,0,19,125
2662,10036.0,0,0,16.0,0.0,38.0,0.0,13.0,100.0,9.4,0,9,125
2663,10031.0,0,0,18.2,0.0,13.0,0.0,21.0,2.0,11.8,0,1,124
2664,10035.0,0,0,21.2,0.0,25.0,1.0,0.0,79.0,15.2,0,18,124
2665,10029.0,1,0,14.5,0.0,21.0,1.0,29.0,9.0,12.3,1,13,124
2666,10029.0,0,0,18.4,0.0,34.0,0.0,8.0,97.0,13.0,0,16,124
2667,10016.0,1,0,18.9,0.0,7.0,0.0,12.0,0.0,10.3,1,0,124
2668,10027.0,0,0,18.4,0.0,34.0,0.0,8.0,97.0,13.0,0,16,124
2669,10029.0,0,0,12.9,0.2,14.0,4.0,17.0,2.0,11.5,0,11,124
2670,10022.0,0,0,23.4,0.0,9.0,0.0,15.0,0.0,14.2,0,20,124
2671,10013.0,1,0,13.6,0.0,28.0,3.0,38.0,7.0,10.1,1,12,124
2672,10033.0,0,0,23.2,0.0,19.0,2.0,25.0,8.0,9.7,0,21,124
2673,10037.0,2,0,21.0,0.0,4.0,0.0,6.0,0.0,15.7,1,20,123
2674,10013.0,0,0,14.9,0.0,24.0,0.0,0.0,80.0,15.9,0,14,123
2675,10001.0,1,0,14.9,0.0,24.0,0.0,0.0,80.0,15.9,1,14,123
2676,10075.0,0,0,11.7,0.0,0.0,0.0,0.0,0.0,17.3,0,10,123
2677,10027.0,1,0,14.9,0.0,24.0,0.0,0.0,80.0,15.9,1,14,123
2678,10029.0,1,0,15.3,0.2,47.0,21.0,22.0,49.0,11.5,1,0,123
2679,10035.0,1,0,18.1,0.0,21.0,0.0,0.0,69.0,17.4,1,16,123
2680,10029.0,0,0,21.0,0.0,4.0,0.0,6.0,0.0,15.7,0,20,123
2681,10028.0,0,0,14.9,0.0,24.0,0.0,0.0,80.0,15.9,0,14,123
2682,10027.0,1,0,11.8,0.0,0.0,0.0,0.0,0.0,18.5,1,9,123
2683,10002.0,0,0,18.1,0.0,21.0,0.0,0.0,69.0,17.4,0,16,123
2684,10012.0,0,0,12.0,0.0,0.0,0.0,0.0,0.0,16.1,0,11,123
2685,10016.0,1,0,19.1,0.0,17.0,0.0,0.0,56.0,17.1,1,17,123
2686,10013.0,0,0,13.5,0.0,5.0,0.0,0.0,15.0,14.1,0,13,123
2687,10031.0,0,0,21.0,0.0,4.0,0.0,6.0,0.0,15.7,0,20,123
2688,10033.0,0,0,17.3,1.5,80.0,42.0,47.0,45.0,9.2,0,19,122
2689,10004.0,0,0,17.0,1.1,88.0,47.0,62.0,29.0,12.0,0,21,122
2690,10128.0,0,0,15.2,0.0,100.0,92.0,32.0,0.0,7.0,0,15,122
2691,10033.0,2,0,14.1,3.6,100.0,93.0,100.0,100.0,31.8,1,1,122
2692,10025.0,0,0,14.1,3.6,100.0,93.0,100.0,100.0,31.8,0,1,122
2693,10024.0,0,0,12.9,0.3,100.0,81.0,51.0,100.0,5.1,0,9,122
2694,10040.0,1,0,14.8,0.0,100.0,92.0,46.0,1.0,6.4,1,14,122
2695,10065.0,0,0,13.3,0.0,100.0,100.0,21.0,97.0,7.3,0,12,122
2696,10018.0,0,0,12.9,0.3,100.0,81.0,51.0,100.0,5.1,0,9,122
2697,10025.0,0,0,17.4,0.6,100.0,99.0,39.0,9.0,6.7,0,17,122
2698,10029.0,0,0,16.0,0.4,60.0,25.0,32.0,62.0,9.9,0,23,122
2699,10027.0,0,0,13.3,0.0,100.0,100.0,21.0,97.0,7.3,0,12,122
2700,10018.0,0,0,13.0,0.4,100.0,85.0,100.0,100.0,6.1,0,8,122
2701,10017.0,1,0,14.8,0.0,100.0,67.0,100.0,100.0,32.1,1,22,121
2702,10002.0,0,0,15.5,0.0,100.0,94.0,50.0,100.0,29.8,0,18,121
2703,10024.0,0,0,10.6,0.0,100.0,100.0,24.0,98.0,21.4,0,0,121
2704,10030.0,1,0,14.8,0.4,100.0,45.0,100.0,100.0,31.1,1,23,121
2705,10016.0,0,0,10.6,0.0,100.0,100.0,24.0,98.0,21.4,0,0,121
2706,10002.0,0,0,15.5,0.0,100.0,94.0,50.0,100.0,29.8,0,18,121
2707,10029.0,0,0,10.7,0.5,100.0,100.0,87.0,89.0,21.0,0,6,121
2708,10036.0,0,0,10.3,0.3,100.0,100.0,92.0,100.0,19.3,0,9,121
2709,10016.0,0,0,15.5,0.1,100.0,88.0,47.0,100.0,29.6,0,19,121
2710,10075.0,0,0,11.7,0.8,100.0,76.0,51.0,98.0,19.6,0,12,121
2711,10029.0,0,0,12.7,0.9,100.0,53.0,66.0,100.0,19.4,0,13,121
2712,10026.0,0,0,15.2,0.0,100.0,62.0,100.0,100.0,30.4,0,21,121
2713,10018.0,0,0,15.5,0.1,100.0,88.0,47.0,100.0,29.6,0,19,121
2714,10022.0,0,0,11.9,0.0,58.0,22.0,48.0,30.0,17.2,0,16,120
2715,10024.0,0,0,13.0,0.0,100.0,97.0,79.0,68.0,21.2,0,18,120
2716,10002.0,0,0,9.3,0.0,64.0,4.0,95.0,12.0,12.9,0,13,120
2717,10035.0,0,0,9.6,0.0,0.0,0.0,0.0,0.0,1.8,0,6,120
2718,10018.0,1,0,8.9,0.0,62.0,5.0,94.0,5.0,12.1,1,12,120
2719,10034.0,1,0,12.7,0.0,19.0,0.0,32.0,0.0,7.4,1,1,120
2720,10001.0,0,0,8.9,0.0,62.0,5.0,94.0,5.0,12.1,0,12,120
2721,10012.0,1,0,9.2,0.0,1.0,0.0,1.0,0.0,1.9,1,7,120
2722,10017.0,1,0,11.5,0.0,66.0,10.0,70.0,51.0,15.0,1,15,120
2723,10033.0,0,0,7.8,0.0,0.0,0.0,0.0,0.0,9.2,0,13,119
2724,10029.0,0,0,6.3,0.0,0.0,0.0,0.0,0.0,11.0,0,7,119
2725,10022.0,0,0,12.4,0.0,51.0,27.0,45.0,0.0,14.6,0,16,119
2726,10035.0,1,0,11.1,0.0,21.0,23.0,0.0,0.0,12.0,1,15,119
2727,10033.0,0,0,15.8,0.0,49.0,0.0,82.0,0.0,2.6,0,22,119
2728,10011.0,0,0,7.2,0.0,100.0,31.0,96.0,58.0,13.6,0,2,119
2729,10032.0,0,0,6.6,0.0,8.0,6.0,5.0,0.0,12.6,0,5,119
2730,10029.0,0,0,12.4,0.0,51.0,27.0,45.0,0.0,14.6,0,16,119
2731,10040.0,2,0,15.1,0.0,15.0,0.0,25.0,0.0,16.8,1,18,119
2732,10027.0,0,0,17.0,0.0,42.0,0.0,70.0,0.0,6.5,0,23,119
2733,10029.0,0,0,16.3,0.0,54.0,0.0,89.0,1.0,8.2,0,21,119
2734,10029.0,1,0,7.8,0.0,0.0,0.0,0.0,0.0,9.2,1,13,119
2735,10009.0,0,0,11.1,0.0,21.0,23.0,0.0,0.0,12.0,0,15,119
2736,10118.0,0,0,6.3,0.0,0.0,0.0,0.0,0.0,12.2,0,6,119
2737,10039.0,1,0,6.0,0.0,15.0,1.0,3.0,41.0,9.2,1,11,119
2738,10028.0,0,0,17.0,0.0,60.0,0.0,96.0,8.0,15.0,0,20,119
2739,10019.0,0,0,14.0,0.0,31.0,4.0,45.0,0.0,16.9,0,17,119
2740,10004.0,0,0,8.6,0.0,61.0,2.0,82.0,32.0,15.0,0,23,118
2741,10033.0,0,0,7.9,0.1,100.0,100.0,64.0,14.0,21.2,0,1,118
2742,10027.0,1,0,7.9,0.1,100.0,96.0,100.0,0.0,21.1,1,16,118
2743,10027.0,0,0,5.1,0.1,100.0,89.0,32.0,86.0,15.4,0,10,118
2744,10003.0,1,0,6.8,0.2,100.0,99.0,99.0,0.0,22.8,1,14,118
2745,10029.0,1,0,5.1,0.1,100.0,89.0,32.0,86.0,15.4,1,10,118
2746,10001.0,0,0,6.8,0.2,100.0,99.0,99.0,0.0,22.8,0,14,118
2747,10027.0,0,0,7.9,0.1,100.0,100.0,64.0,14.0,21.2,0,1,118
2748,10033.0,0,0,7.9,0.1,100.0,100.0,64.0,14.0,21.2,0,1,118
2749,10032.0,0,0,5.7,0.0,100.0,94.0,83.0,19.0,17.1,0,12,118
2750,10029.0,1,0,5.2,0.2,100.0,98.0,49.0,91.0,17.6,1,9,118
2751,10038.0,0,0,7.9,0.1,100.0,100.0,64.0,14.0,21.2,0,1,118
2752,10029.0,0,0,9.2,0.0,100.0,79.0,87.0,0.0,20.8,0,21,118
2753,10036.0,1,0,9.7,0.1,100.0,63.0,95.0,0.0,22.2,1,15,117
2754,10035.0,0,0,9.7,0.1,100.0,63.0,95.0,0.0,22.2,0,15,117
2755,10038.0,0,0,8.9,1.0,100.0,100.0,81.0,92.0,22.4,0,21,117
2756,10003.0,0,0,9.5,0.0,100.0,100.0,91.0,0.0,24.2,0,17,117
2757,10031.0,0,0,9.3,0.0,88.0,0.0,97.0,100.0,11.6,0,8,117
2758,10037.0,0,0,5.8,0.0,90.0,100.0,0.0,0.0,4.7,0,10,116
2759,10016.0,0,0,7.4,0.0,100.0,100.0,0.0,43.0,3.1,0,12,116
2760,10016.0,0,0,5.9,0.0,100.0,100.0,0.0,32.0,4.7,0,11,116
2761,10032.0,0,0,7.4,0.0,100.0,100.0,0.0,43.0,3.1,0,12,116
2762,10002.0,1,0,7.4,1.1,100.0,98.0,99.0,86.0,17.9,1,13,115
2763,10029.0,1,0,9.6,0.3,100.0,100.0,100.0,26.0,16.4,1,20,115
2764,10014.0,0,0,6.9,0.0,100.0,100.0,100.0,93.0,16.3,0,10,115
2765,10032.0,1,0,9.5,0.2,100.0,100.0,100.0,86.0,17.3,1,19,115
2766,10009.0,1,0,8.4,0.5,100.0,100.0,100.0,56.0,18.7,1,16,115
2767,10032.0,0,0,9.5,0.2,100.0,100.0,100.0,86.0,17.3,0,19,115
2768,10023.0,0,0,7.5,1.1,100.0,100.0,99.0,96.0,17.4,0,14,115
2769,10035.0,2,0,8.1,0.0,89.0,1.0,99.0,94.0,10.2,1,0,115
2770,10021.0,0,0,6.7,2.3,100.0,100.0,100.0,93.0,13.8,0,8,115
2771,10037.0,0,0,6.5,2.4,100.0,99.0,100.0,100.0,12.9,0,6,115
2772,10032.0,0,0,9.3,0.7,100.0,100.0,100.0,58.0,17.7,0,18,115
2773,10022.0,0,0,4.9,0.0,55.0,0.0,92.0,0.0,4.4,0,10,114
2774,10029.0,0,0,7.3,0.0,68.0,0.0,65.0,97.0,3.3,0,17,114
2775,10012.0,0,0,6.8,0.0,77.0,0.0,84.0,89.0,1.8,0,16,114
2776,10065.0,0,0,8.9,0.0,81.0,0.0,85.0,100.0,10.2,0,22,114
2777,10021.0,0,0,6.4,0.0,76.0,2.0,91.0,64.0,1.9,0,15,114
2778,10002.0,0,0,9.9,0.0,55.0,0.0,92.0,0.0,28.7,0,20,113
2779,10035.0,0,0,3.4,0.0,2.0,2.0,0.0,0.0,16.3,0,10,113
2780,10021.0,0,0,8.5,0.0,60.0,0.0,100.0,0.0,29.7,0,18,113
2781,10029.0,1,0,5.0,0.0,60.0,1.0,98.0,0.0,28.0,1,14,113
2782,10040.0,1,0,4.3,0.0,59.0,20.0,69.0,0.0,26.6,1,13,113
2783,10009.0,0,0,7.3,0.0,62.0,2.0,100.0,0.0,27.5,0,16,113
2784,10018.0,0,0,3.8,0.0,3.0,3.0,0.0,0.0,20.3,0,12,113
2785,10075.0,0,0,10.4,0.0,53.0,0.0,88.0,0.0,28.5,0,21,113
2786,10037.0,0,0,3.8,0.0,3.0,3.0,0.0,0.0,20.3,0,12,113
2787,10002.0,0,0,4.3,0.0,59.0,20.0,69.0,0.0,26.6,0,13,113
2788,10029.0,0,0,8.0,0.0,59.0,0.0,99.0,0.0,28.9,0,17,113
2789,10021.0,0,0,3.8,0.0,3.0,3.0,0.0,0.0,20.3,0,12,113
2790,10035.0,0,0,8.0,0.0,59.0,0.0,99.0,0.0,28.9,0,17,113
2791,10010.0,1,0,8.0,0.0,59.0,0.0,99.0,0.0,28.9,1,17,113
2792,10027.0,0,0,8.0,0.0,59.0,0.0,99.0,0.0,28.9,0,17,113
2793,10031.0,3,0,10.0,0.0,32.0,17.0,27.0,2.0,18.8,1,13,112
2794,10001.0,0,0,12.8,0.8,77.0,7.0,95.0,47.0,15.8,0,20,112
2795,10011.0,0,0,13.1,0.0,100.0,30.0,98.0,79.0,25.7,0,15,112
2796,10037.0,1,0,11.6,5.3,86.0,14.0,83.0,78.0,21.8,1,19,112
2797,10029.0,0,0,7.9,0.0,8.0,4.0,7.0,0.0,12.6,0,11,112
2798,10011.0,1,0,12.8,1.6,89.0,15.0,81.0,89.0,18.6,1,18,112
2799,10033.0,1,0,6.3,0.0,11.0,3.0,5.0,17.0,12.4,1,8,112
2800,10037.0,2,0,11.4,0.0,30.0,0.0,0.0,100.0,1.9,1,22,111
2801,10022.0,2,0,10.2,0.0,84.0,0.0,90.0,100.0,11.9,1,12,111
2802,10035.0,0,0,11.0,0.0,82.0,0.0,87.0,100.0,9.4,0,7,111
2803,10023.0,0,0,10.1,0.0,90.0,0.0,100.0,100.0,15.5,0,15,111
2804,10029.0,2,0,10.5,0.0,88.0,1.0,95.0,100.0,8.0,1,10,111
2805,10021.0,0,0,10.2,0.0,84.0,0.0,90.0,100.0,11.9,0,12,111
2806,10009.0,0,0,11.0,0.0,82.0,0.0,87.0,100.0,9.4,0,7,111
2807,10032.0,0,0,11.0,0.0,82.0,0.0,87.0,100.0,9.4,0,7,111
2808,10030.0,1,0,11.4,0.0,30.0,0.0,0.0,100.0,1.9,1,22,111
2809,10027.0,0,0,10.0,0.0,89.0,0.0,99.0,100.0,15.8,0,16,111
2810,10032.0,0,0,10.2,0.0,84.0,0.0,90.0,100.0,11.9,0,12,111
2811,10033.0,0,0,6.6,0.0,0.0,0.0,0.0,0.0,10.4,0,2,110
2812,10019.0,0,0,15.1,0.0,43.0,0.0,21.0,100.0,23.2,0,20,110
2813,10029.0,0,0,5.3,0.0,0.0,0.0,0.0,0.0,11.5,0,5,110
2814,10034.0,0,0,13.6,0.0,15.0,0.0,0.0,51.0,21.7,0,17,110
2815,10029.0,0,0,5.3,0.0,0.0,0.0,0.0,0.0,11.5,0,5,110
2816,10001.0,0,0,15.1,0.0,43.0,0.0,21.0,100.0,23.2,0,20,110
2817,10019.0,0,0,6.8,0.0,82.0,44.0,70.0,0.0,22.1,0,20,109
2818,10030.0,0,0,5.8,0.4,100.0,84.0,50.0,0.0,20.6,0,18,109
2819,10027.0,0,0,5.6,1.0,100.0,98.0,100.0,0.0,8.2,0,8,109
2820,10065.0,0,0,6.3,0.4,100.0,100.0,89.0,97.0,12.7,0,14,109
2821,10033.0,0,0,6.2,0.7,100.0,100.0,99.0,91.0,13.3,0,15,109
2822,10036.0,1,0,5.9,1.0,100.0,100.0,100.0,0.0,8.4,1,9,109
2823,10002.0,0,0,7.0,0.2,100.0,51.0,100.0,94.0,3.8,0,0,109
2824,10029.0,1,0,5.6,1.0,100.0,84.0,100.0,33.0,9.7,1,7,109
2825,10016.0,0,0,3.0,0.0,1.0,0.0,0.0,3.0,9.7,0,8,108
2826,10023.0,0,0,4.7,0.0,0.0,0.0,0.0,0.0,12.6,0,13,108
2827,10039.0,2,0,9.0,0.0,90.0,0.0,100.0,100.0,19.8,1,19,108
2828,10016.0,0,0,9.0,0.0,90.0,0.0,100.0,100.0,19.8,0,19,108
2829,10009.0,0,0,8.7,0.0,100.0,29.0,100.0,100.0,17.4,0,20,108
2830,10035.0,0,0,7.5,0.0,78.0,36.0,34.0,84.0,15.8,0,15,108
2831,10017.0,1,0,7.2,0.0,19.0,1.0,30.0,0.0,18.0,1,0,108
2832,10027.0,0,0,7.5,0.0,78.0,36.0,34.0,84.0,15.8,0,15,108
2833,10001.0,0,0,5.7,0.0,0.0,0.0,0.0,0.0,14.8,0,14,108
2834,10011.0,1,0,8.2,0.0,35.0,0.0,9.0,100.0,15.2,1,16,108
2835,10032.0,0,0,3.0,0.0,1.0,0.0,0.0,3.0,9.7,0,8,108
2836,10010.0,0,0,7.1,0.0,50.0,0.0,84.0,0.0,17.4,0,8,107
2837,10006.0,0,0,7.5,0.0,53.0,0.0,89.0,0.0,18.7,0,7,107
2838,10034.0,0,0,7.4,0.0,23.0,20.0,9.0,0.0,19.9,0,15,107
2839,10027.0,0,0,8.1,0.0,55.0,0.0,91.0,0.0,25.0,0,17,107
2840,10168.0,1,0,6.5,0.0,18.0,20.0,0.0,0.0,18.4,1,14,107
2841,10002.0,0,0,7.5,0.0,3.0,0.0,5.0,0.0,15.6,0,4,107
2842,10017.0,0,0,5.9,0.0,3.0,3.0,0.0,0.0,18.6,0,12,107
2843,10035.0,1,0,8.3,0.0,38.0,0.0,64.0,0.0,25.0,1,19,107
2844,10036.0,0,0,7.6,0.0,27.0,1.0,43.0,0.0,22.2,0,16,107
2845,10065.0,1,0,10.4,0.0,0.0,0.0,0.0,0.0,10.2,1,0,107
2846,10021.0,0,0,8.1,0.1,35.0,0.0,58.0,0.0,16.9,0,22,107
2847,10002.0,2,0,8.5,0.0,41.0,0.0,69.0,0.0,22.5,1,21,107
2848,10001.0,1,0,8.1,0.0,55.0,0.0,91.0,0.0,25.0,1,17,107
2849,10032.0,0,0,7.5,0.0,19.0,0.0,32.0,0.0,17.3,0,5,107
2850,10001.0,0,0,7.8,0.0,2.0,0.0,4.0,0.0,13.4,0,3,107
2851,10075.0,0,0,6.1,0.0,1.0,0.0,1.0,0.0,14.3,0,11,107
2852,10001.0,0,0,8.2,0.0,40.0,0.0,66.0,0.0,25.6,0,18,107
2853,10012.0,1,0,5.8,0.0,74.0,0.0,92.0,63.0,14.4,1,13,106
2854,10032.0,0,0,9.6,0.1,92.0,3.0,99.0,100.0,13.7,0,5,106
2855,10033.0,0,0,6.2,0.0,35.0,0.0,59.0,0.0,13.4,0,14,106
2856,10036.0,2,0,5.9,0.3,89.0,1.0,100.0,93.0,11.5,1,10,106
2857,10001.0,1,0,10.4,0.0,28.0,0.0,47.0,0.0,12.6,1,22,106
2858,10031.0,0,0,7.9,0.0,13.0,4.0,16.0,0.0,11.5,0,15,106
2859,10035.0,1,0,6.2,0.0,35.0,0.0,59.0,0.0,13.4,1,14,106
2860,10029.0,0,0,9.9,0.0,60.0,0.0,100.0,0.0,18.4,0,18,106
2861,10026.0,1,0,9.2,0.0,25.0,0.0,41.0,0.0,12.6,1,12,105
2862,10022.0,0,0,9.8,0.0,62.0,0.0,61.0,83.0,12.5,0,14,105
2863,10037.0,0,0,10.8,0.0,68.0,0.0,67.0,94.0,12.2,0,15,105
2864,10025.0,0,0,9.2,0.0,25.0,0.0,41.0,0.0,12.6,0,12,105
2865,10003.0,1,0,9.8,0.0,62.0,0.0,61.0,83.0,12.5,1,14,105
2866,10001.0,1,0,9.0,0.0,9.0,0.0,3.0,24.0,19.4,1,9,105
2867,10038.0,0,0,13.3,0.8,90.0,0.0,100.0,100.0,23.9,0,6,104
2868,10006.0,0,0,14.5,3.3,100.0,100.0,100.0,100.0,37.3,0,13,104
2869,10021.0,0,0,16.3,2.4,100.0,100.0,41.0,98.0,38.2,0,17,104
2870,10035.0,0,0,13.4,1.9,100.0,19.0,100.0,100.0,23.9,0,10,104
2871,10038.0,0,0,17.2,2.5,91.0,73.0,26.0,31.0,35.4,0,20,104
2872,10002.0,0,0,6.5,0.0,9.0,0.0,0.0,31.0,9.6,0,12,103
2873,10022.0,0,0,7.7,0.0,3.0,0.0,0.0,9.0,8.0,0,3,103
2874,10026.0,0,0,15.5,0.0,70.0,0.0,67.0,99.0,13.2,0,22,103
2875,10036.0,0,0,5.5,0.0,0.0,0.0,0.0,0.0,4.1,0,8,103
2876,10018.0,0,0,11.0,0.0,55.0,0.0,91.0,0.0,23.3,0,18,102
2877,10031.0,0,0,7.5,0.0,0.0,0.0,0.0,0.0,24.4,0,1,102
2878,10037.0,0,0,7.5,0.0,0.0,0.0,0.0,0.0,26.6,0,0,102
2879,10019.0,0,0,8.6,0.0,51.0,0.0,85.0,0.0,23.8,0,15,102
2880,10034.0,1,0,7.5,0.0,0.0,0.0,0.0,0.0,24.4,1,1,102
2881,10032.0,0,0,6.7,0.0,4.0,4.0,1.0,0.0,21.5,0,14,102
2882,10010.0,1,0,12.1,0.0,56.0,0.0,93.0,0.0,24.3,1,20,102
2883,10002.0,0,0,6.9,0.1,23.0,6.0,30.0,0.0,34.0,0,14,101
2884,10016.0,0,0,7.8,0.0,29.0,0.0,48.0,0.0,31.3,0,16,101
2885,10035.0,0,0,10.2,0.0,0.0,0.0,0.0,0.0,17.9,0,0,101
2886,10035.0,0,0,5.2,0.0,14.0,6.0,14.0,0.0,24.8,0,10,101
2887,10128.0,0,0,8.0,0.0,78.0,17.0,84.0,42.0,36.5,0,20,101
2888,10013.0,0,0,13.4,4.3,100.0,100.0,72.0,24.0,17.7,0,16,100
2889,10016.0,1,0,9.9,0.5,97.0,18.0,86.0,96.0,17.1,1,13,100
2890,10027.0,1,0,12.7,0.0,1.0,0.0,2.0,0.0,24.7,1,21,100
2891,10002.0,1,0,9.0,0.0,4.0,3.0,2.0,0.0,10.3,1,4,100
2892,10025.0,1,0,8.3,0.0,33.0,3.0,0.0,100.0,9.4,1,8,100
2893,10037.0,0,0,15.4,0.6,100.0,90.0,92.0,39.0,20.7,0,17,100
2894,10011.0,0,0,9.9,0.5,97.0,18.0,86.0,96.0,17.1,0,13,100
2895,10014.0,0,0,8.4,0.0,17.0,2.0,0.0,50.0,10.0,0,7,100
2896,10023.0,1,0,15.4,0.6,100.0,90.0,92.0,39.0,20.7,1,17,100
2897,10029.0,0,0,18.1,0.0,25.0,3.0,37.0,0.0,6.5,0,21,99
2898,10010.0,0,0,13.3,0.0,71.0,79.0,0.0,0.0,9.8,0,16,99
2899,10022.0,1,0,12.5,0.0,35.0,39.0,0.0,0.0,9.4,1,15,99
2900,10034.0,0,0,11.6,1.4,100.0,27.0,80.0,100.0,6.5,0,10,99
2901,10009.0,0,0,11.7,0.0,49.0,54.0,0.0,1.0,10.9,0,13,99
2902,10009.0,0,0,10.8,1.4,98.0,11.0,97.0,99.0,9.7,0,8,99
2903,10019.0,0,0,18.1,0.0,25.0,3.0,37.0,0.0,6.5,0,21,99
2904,10013.0,0,0,10.7,0.0,4.0,0.0,6.0,2.0,6.5,0,12,98
2905,10027.0,0,0,14.9,0.0,28.0,0.0,1.0,90.0,7.9,0,17,98
2906,10030.0,0,0,13.9,0.0,19.0,0.0,0.0,64.0,5.0,0,16,98
2907,10002.0,0,0,11.0,0.0,59.0,0.0,66.0,65.0,6.5,0,10,98
2908,10030.0,2,0,11.1,0.0,22.0,0.0,20.0,33.0,5.1,1,13,98
2909,10011.0,1,0,14.9,0.0,28.0,0.0,1.0,90.0,7.9,1,17,98
2910,10033.0,0,0,11.0,0.0,59.0,0.0,66.0,65.0,6.5,0,10,98
2911,10036.0,0,0,11.4,0.0,60.0,0.0,52.0,96.0,8.4,0,8,98
2912,10013.0,0,0,10.8,0.0,27.0,6.0,36.0,0.0,9.4,0,7,97
2913,10010.0,0,0,10.5,0.0,21.0,1.0,33.0,0.0,10.9,0,8,97
2914,10035.0,0,0,14.8,0.0,4.0,4.0,0.0,0.0,8.7,0,18,97
2915,10022.0,1,0,13.9,0.0,2.0,2.0,0.0,0.0,8.7,1,17,97
2916,10009.0,3,0,15.6,0.0,0.0,0.0,0.0,0.0,6.5,1,22,97
2917,10027.0,0,0,13.0,0.0,2.0,0.0,0.0,5.0,9.0,0,15,97
2918,10035.0,0,0,10.8,0.0,51.0,9.0,72.0,0.0,5.1,0,5,97
2919,10016.0,0,0,11.2,0.0,65.0,15.0,64.0,43.0,3.2,0,3,97
2920,10010.0,0,0,11.1,0.0,58.0,14.0,75.0,0.0,4.0,0,4,97
2921,10025.0,0,0,14.8,0.0,4.0,4.0,0.0,0.0,8.7,0,18,97
2922,10021.0,0,0,11.6,0.0,90.0,25.0,65.0,96.0,3.4,0,16,96
2923,10033.0,2,0,14.7,0.0,100.0,70.0,72.0,86.0,7.7,1,20,96
2924,10281.0,1,0,11.2,0.0,100.0,41.0,72.0,94.0,2.3,1,15,96
2925,10033.0,0,0,8.6,0.0,100.0,93.0,99.0,0.0,10.0,0,12,95
2926,10031.0,2,0,9.0,0.0,100.0,100.0,48.0,0.0,13.7,1,8,95
2927,10039.0,1,0,10.7,0.0,100.0,97.0,47.0,0.0,9.7,1,16,95
2928,10037.0,0,0,13.9,0.0,100.0,98.0,63.0,0.0,1.8,0,20,95
2929,10036.0,0,0,8.8,0.0,100.0,100.0,91.0,0.0,13.4,0,9,95
2930,10026.0,0,0,10.7,0.0,100.0,97.0,47.0,0.0,9.7,0,16,95
2931,10029.0,0,0,13.9,0.0,100.0,98.0,63.0,0.0,1.8,0,20,95
2932,10032.0,0,0,12.8,0.0,98.0,100.0,13.0,0.0,8.0,0,18,95
2933,10002.0,0,0,7.7,0.0,100.0,83.0,81.0,69.0,19.6,0,12,94
2934,10034.0,0,0,9.6,0.3,100.0,70.0,96.0,34.0,22.4,0,15,94
2935,10029.0,0,0,7.8,0.2,100.0,65.0,95.0,47.0,20.1,0,11,94
2936,10036.0,0,0,9.5,0.0,77.0,0.0,89.0,79.0,23.1,0,6,94
2937,10022.0,0,0,10.8,0.5,100.0,100.0,100.0,100.0,22.6,0,18,94
2938,10009.0,0,0,7.7,0.3,100.0,44.0,94.0,70.0,19.3,0,10,94
2939,10027.0,0,0,7.9,0.5,80.0,6.0,86.0,77.0,21.6,0,9,94
2940,10025.0,0,0,10.7,0.2,100.0,100.0,100.0,12.0,23.1,0,20,94
2941,10030.0,2,0,10.0,0.6,100.0,99.0,99.0,52.0,22.8,1,16,94
2942,10032.0,0,0,10.7,0.2,100.0,100.0,100.0,12.0,23.1,0,20,94
2943,10022.0,0,0,10.6,0.4,100.0,100.0,100.0,14.0,22.6,0,21,94
2944,10011.0,0,0,7.7,0.3,100.0,44.0,94.0,70.0,19.3,0,10,94
2945,10016.0,1,0,7.7,0.0,23.0,26.0,0.0,0.0,26.8,1,14,93
2946,10281.0,0,0,13.6,0.0,53.0,1.0,86.0,0.0,28.7,0,18,93
2947,10013.0,0,0,5.0,0.0,0.0,0.0,0.0,0.0,18.9,0,9,93
2948,10035.0,0,0,5.0,0.0,0.0,0.0,0.0,0.0,18.9,0,9,93
2949,10065.0,1,0,9.9,0.0,1.0,1.0,0.0,0.0,25.8,1,15,93
2950,10037.0,4,0,12.6,0.0,46.0,27.0,36.0,0.0,27.7,1,17,93
2951,10016.0,0,0,4.8,0.0,1.0,1.0,0.0,0.0,17.4,0,10,93
2952,10282.0,0,0,4.8,0.0,1.0,1.0,0.0,0.0,17.4,0,10,93
2953,10029.0,0,0,12.6,0.0,46.0,27.0,36.0,0.0,27.7,0,17,93
2954,10065.0,0,0,7.7,0.0,23.0,26.0,0.0,0.0,26.8,0,14,93
2955,10022.0,0,0,13.6,0.0,53.0,1.0,86.0,0.0,28.7,0,18,93
2956,10036.0,0,0,4.8,0.0,1.0,1.0,0.0,0.0,17.4,0,10,93
2957,10035.0,0,0,5.8,0.0,39.0,10.0,0.0,99.0,14.0,0,14,92
2958,10021.0,0,0,11.9,0.0,63.0,4.0,95.0,8.0,14.8,0,21,92
2959,10031.0,0,0,3.9,0.0,56.0,14.0,27.0,90.0,13.8,0,11,92
2960,10029.0,0,0,10.3,0.0,78.0,36.0,44.0,63.0,14.8,0,18,92
2961,10035.0,0,0,5.2,0.0,100.0,76.0,92.0,67.0,11.9,0,7,92
2962,10031.0,1,0,11.0,0.0,24.0,0.0,40.0,0.0,7.7,1,23,92
2963,10029.0,0,0,4.0,0.0,50.0,11.0,28.0,78.0,15.4,0,12,92
2964,10012.0,0,0,9.6,0.0,94.0,80.0,1.0,72.0,13.3,0,17,92
2965,10009.0,0,0,5.8,0.0,39.0,10.0,0.0,99.0,14.0,0,14,92
2966,10031.0,0,0,6.7,0.0,100.0,81.0,0.0,96.0,6.9,0,0,92
2967,10032.0,0,0,8.3,0.0,86.0,67.0,0.0,85.0,13.6,0,16,92
2968,10035.0,2,0,9.6,0.0,94.0,80.0,1.0,72.0,13.3,1,17,92
2969,10026.0,2,0,5.5,0.0,100.0,83.0,84.0,57.0,10.8,1,6,92
2970,10016.0,0,0,9.6,0.0,94.0,80.0,1.0,72.0,13.3,0,17,92
2971,10040.0,1,0,5.3,0.2,100.0,100.0,88.0,0.0,10.6,1,11,91
2972,10016.0,0,0,5.6,0.2,100.0,100.0,84.0,0.0,9.8,0,10,91
2973,10019.0,0,0,6.1,0.0,100.0,100.0,96.0,3.0,9.7,0,7,91
2974,10033.0,0,0,7.5,0.0,100.0,100.0,2.0,49.0,4.2,0,19,91
2975,10029.0,0,0,5.5,0.0,100.0,100.0,95.0,0.0,11.7,0,9,91
2976,10022.0,0,0,5.3,0.2,100.0,100.0,88.0,0.0,10.6,0,11,91
2977,10036.0,1,0,5.3,0.2,100.0,100.0,88.0,0.0,10.6,1,11,91
2978,10031.0,0,0,5.6,0.2,100.0,100.0,84.0,0.0,9.8,0,10,91
2979,10030.0,0,0,5.3,0.2,100.0,100.0,88.0,0.0,10.6,0,11,91
2980,10037.0,0,0,6.4,0.0,100.0,100.0,71.0,0.0,8.6,0,15,91
2981,10029.0,0,0,5.9,0.0,100.0,100.0,92.0,0.0,10.5,0,8,91
2982,10006.0,0,0,8.1,0.0,98.0,99.0,14.0,0.0,6.9,0,16,90
2983,10006.0,0,0,8.1,0.0,100.0,100.0,15.0,2.0,11.5,0,0,90
2984,10031.0,0,0,7.1,0.0,90.0,100.0,0.0,0.0,8.6,0,10,90
2985,10001.0,0,0,6.8,0.0,97.0,100.0,11.0,0.0,5.1,0,13,90
2986,10038.0,1,0,8.1,0.0,95.0,99.0,3.0,14.0,9.2,1,8,90
2987,10023.0,0,0,8.8,0.0,93.0,100.0,5.0,0.0,7.7,0,17,90
2988,10027.0,0,0,9.4,0.0,100.0,86.0,84.0,0.0,5.5,0,19,90
2989,10017.0,1,0,8.8,0.0,100.0,100.0,45.0,100.0,15.6,1,13,89
2990,10016.0,0,0,8.0,0.5,100.0,100.0,78.0,46.0,18.5,0,9,89
2991,10075.0,0,0,9.7,0.0,100.0,100.0,76.0,100.0,12.0,0,15,89
2992,10026.0,0,0,8.8,0.0,100.0,100.0,45.0,100.0,15.6,0,13,89
2993,10013.0,0,0,8.3,0.0,100.0,100.0,44.0,100.0,14.0,0,11,89
2994,10016.0,0,0,8.0,2.0,100.0,40.0,100.0,100.0,11.6,0,19,88
2995,10029.0,1,0,7.9,0.0,100.0,71.0,100.0,100.0,12.1,1,20,88
2996,10035.0,1,0,7.9,0.0,14.0,0.0,16.0,15.0,13.8,1,11,88
2997,10128.0,0,0,9.4,0.0,21.0,0.0,0.0,71.0,12.4,0,6,88
2998,10035.0,1,0,8.4,0.9,92.0,2.0,100.0,100.0,11.6,1,18,88
2999,10034.0,0,0,8.1,0.5,100.0,100.0,100.0,99.0,11.0,0,22,88
3000,10022.0,0,0,8.0,0.3,100.0,100.0,100.0,100.0,13.1,0,23,88
3001,10011.0,0,0,9.4,0.0,21.0,0.0,0.0,71.0,12.4,0,6,88
3002,10023.0,0,0,8.6,1.0,89.0,0.0,100.0,98.0,9.8,0,17,88
3003,10128.0,0,0,8.6,0.0,42.0,0.0,23.0,95.0,12.8,0,8,88
3004,10016.0,0,0,7.7,0.2,100.0,100.0,100.0,100.0,13.1,0,21,88
3005,10013.0,0,0,8.9,0.0,86.0,0.0,100.0,86.0,10.1,0,15,88
3006,10010.0,0,0,16.5,0.0,0.0,0.0,0.0,0.0,13.0,0,18,87
3007,10075.0,0,0,17.3,0.0,0.0,0.0,0.0,0.0,6.4,0,22,87
3008,10038.0,0,0,16.0,0.0,0.0,0.0,0.0,0.0,13.3,0,17,87
3009,10028.0,0,0,14.6,0.0,6.0,0.0,6.0,8.0,14.1,0,15,87
3010,10027.0,1,0,16.5,0.0,0.0,0.0,0.0,0.0,13.0,1,18,87
3011,10013.0,1,0,9.8,0.0,89.0,0.0,100.0,98.0,14.6,1,5,87
3012,10280.0,0,0,12.3,0.0,19.0,7.0,21.0,0.0,9.7,0,14,87
3013,10026.0,0,0,9.6,0.0,71.0,0.0,99.0,37.0,11.2,0,8,87
3014,10065.0,0,0,16.0,0.0,0.0,0.0,0.0,0.0,13.3,0,17,87
3015,10018.0,0,0,15.3,0.0,1.0,0.0,0.0,3.0,13.6,0,16,87
3016,10011.0,0,0,9.6,0.0,48.0,0.0,79.0,1.0,8.0,0,10,87
3017,10002.0,1,0,16.9,0.0,0.0,0.0,0.0,0.0,9.3,1,20,87
3018,10035.0,1,0,14.6,0.0,6.0,0.0,6.0,8.0,14.1,1,15,87
3019,10025.0,0,0,16.0,0.0,0.0,0.0,0.0,0.0,13.3,0,17,87
3020,10013.0,4,0,10.6,0.0,66.0,0.0,68.0,84.0,12.2,1,0,87
3021,10007.0,0,0,12.3,0.0,19.0,7.0,21.0,0.0,9.7,0,14,87
3022,10026.0,0,0,16.5,0.0,0.0,0.0,0.0,0.0,13.0,0,18,87
3023,10022.0,1,0,4.1,0.0,0.0,0.0,0.0,0.0,9.0,1,7,86
3024,10002.0,1,0,5.6,0.0,0.0,0.0,0.0,0.0,2.3,1,14,86
3025,10002.0,0,0,3.0,0.0,0.0,0.0,0.0,0.0,5.5,0,11,86
3026,10026.0,0,0,3.7,0.0,1.0,1.0,0.0,0.0,8.4,0,8,86
3027,10029.0,0,0,9.9,0.0,5.0,0.0,0.0,18.0,7.6,0,17,86
3028,10002.0,1,0,7.7,0.0,0.0,0.0,0.0,0.0,4.5,1,15,86
3029,10016.0,0,0,4.2,0.0,0.0,0.0,0.0,0.0,3.2,0,13,86
3030,10032.0,0,0,9.9,0.0,5.0,0.0,0.0,18.0,7.6,0,17,86
3031,10031.0,0,0,10.9,0.0,0.0,0.0,0.0,0.0,9.7,0,18,86
3032,10025.0,0,0,12.1,0.0,0.0,0.0,0.0,0.0,9.7,0,22,86
3033,10028.0,1,0,11.5,0.0,0.0,0.0,0.0,0.0,11.0,1,19,86
3034,10035.0,0,0,12.4,0.0,0.0,0.0,0.0,0.0,11.7,0,20,86
3035,10027.0,0,0,4.9,0.0,100.0,14.0,100.0,99.0,12.8,0,10,85
3036,10011.0,0,0,6.6,0.0,100.0,98.0,98.0,85.0,20.7,0,15,85
3037,10033.0,0,0,7.0,0.0,100.0,100.0,98.0,67.0,22.4,0,16,85
3038,10034.0,2,0,5.1,0.0,42.0,0.0,44.0,53.0,14.0,1,6,85
3039,10009.0,0,0,7.1,0.1,100.0,83.0,97.0,70.0,21.4,0,17,85
3040,10001.0,0,0,5.5,0.0,100.0,91.0,94.0,82.0,18.1,0,13,85
3041,10029.0,0,0,5.1,0.0,58.0,0.0,85.0,22.0,14.3,0,7,85
3042,10065.0,0,0,6.0,0.0,100.0,98.0,98.0,81.0,19.3,0,14,85
3043,10012.0,1,0,5.3,0.0,100.0,95.0,93.0,96.0,13.7,1,12,85
3044,10128.0,2,0,7.3,0.0,100.0,48.0,100.0,7.0,21.6,1,19,85
3045,10016.0,0,0,7.0,0.0,100.0,100.0,98.0,67.0,22.4,0,16,85
3046,10022.0,1,0,5.3,0.0,100.0,95.0,93.0,96.0,13.7,1,12,85
3047,10016.0,0,0,7.4,0.0,100.0,62.0,96.0,1.0,19.8,0,20,85
3048,10029.0,0,0,7.4,0.0,100.0,62.0,96.0,1.0,19.8,0,20,85
3049,10033.0,0,0,6.6,0.0,100.0,98.0,98.0,85.0,20.7,0,15,85
3050,10007.0,0,0,4.7,0.0,77.0,1.0,96.0,61.0,15.0,0,8,85
3051,10032.0,0,0,7.0,0.0,88.0,71.0,40.0,0.0,17.3,0,22,85
3052,10035.0,0,0,7.0,0.0,88.0,71.0,40.0,0.0,17.3,0,22,85
3053,10128.0,2,0,6.0,0.0,100.0,98.0,98.0,81.0,19.3,1,14,85
3054,10075.0,0,0,6.0,0.0,100.0,98.0,98.0,81.0,19.3,0,14,85
3055,10029.0,0,0,6.6,0.0,100.0,98.0,98.0,85.0,20.7,0,15,85
3056,10035.0,0,0,5.3,0.0,100.0,95.0,93.0,96.0,13.7,0,12,85
3057,10035.0,1,0,4.0,0.0,2.0,2.0,0.0,0.0,11.1,1,12,84
3058,10022.0,0,0,3.2,0.0,78.0,87.0,0.0,0.0,13.6,0,6,84
3059,10018.0,0,0,5.0,0.0,5.0,6.0,0.0,0.0,12.1,0,13,84
3060,10032.0,3,0,8.1,0.0,16.0,16.0,0.0,5.0,14.8,1,15,84
3061,10029.0,0,0,5.0,0.0,5.0,6.0,0.0,0.0,12.1,0,13,84
3062,10032.0,0,0,10.5,0.0,25.0,0.0,0.0,83.0,6.2,0,23,84
3063,10029.0,0,0,9.5,0.0,76.0,84.0,0.0,0.0,9.2,0,17,84
3064,10029.0,0,0,4.0,0.0,2.0,2.0,0.0,0.0,11.1,0,12,84
3065,10032.0,0,0,10.5,0.0,15.0,1.0,2.0,44.0,5.8,0,22,84
3066,10032.0,0,0,10.6,0.0,81.0,89.0,1.0,0.0,10.2,0,19,84
3067,10036.0,1,0,4.0,0.0,2.0,2.0,0.0,0.0,11.1,1,12,84
3068,10025.0,0,0,6.0,0.0,11.0,12.0,0.0,0.0,15.6,0,14,84
3069,10017.0,0,0,8.7,0.0,25.0,28.0,0.0,0.0,10.8,0,16,84
3070,10021.0,1,0,3.0,0.0,2.0,2.0,0.0,0.0,6.9,1,10,84
3071,10065.0,0,0,4.0,0.0,2.0,2.0,0.0,0.0,11.1,0,12,84
3072,10029.0,0,0,4.0,0.0,2.0,2.0,0.0,0.0,11.1,0,12,84
3073,10013.0,0,0,6.0,0.0,11.0,12.0,0.0,0.0,15.6,0,14,84
3074,10010.0,0,0,2.8,0.0,26.0,29.0,0.0,0.0,11.0,0,8,84
3075,10029.0,1,0,2.8,0.0,26.0,29.0,0.0,0.0,11.0,1,8,84
3076,10025.0,0,0,10.1,0.0,78.0,85.0,0.0,4.0,9.4,0,18,84
3077,10019.0,0,0,8.7,0.0,25.0,28.0,0.0,0.0,10.8,0,16,84
3078,10039.0,0,0,3.1,0.2,100.0,90.0,98.0,22.0,19.4,0,11,83
3079,10019.0,0,0,3.9,1.7,100.0,100.0,97.0,100.0,23.2,0,17,83
3080,10007.0,0,0,3.8,0.8,100.0,97.0,100.0,100.0,23.8,0,15,83
3081,10012.0,0,0,3.6,0.0,100.0,52.0,100.0,100.0,13.9,0,8,83
3082,10038.0,0,0,3.6,0.0,100.0,32.0,99.0,100.0,14.5,0,7,83
3083,10035.0,0,0,3.2,0.2,100.0,47.0,100.0,100.0,16.4,0,9,83
3084,10032.0,0,0,4.2,1.3,100.0,99.0,100.0,100.0,23.4,0,16,83
3085,10033.0,0,0,3.6,0.0,98.0,13.0,94.0,100.0,15.3,0,6,83
3086,10028.0,0,0,5.0,1.3,100.0,100.0,100.0,40.0,20.0,0,23,83
3087,10029.0,0,0,3.6,0.0,98.0,13.0,94.0,100.0,15.3,0,6,83
3088,10022.0,2,0,4.5,1.5,100.0,100.0,100.0,100.0,24.1,1,19,83
3089,10065.0,0,0,3.6,0.0,100.0,52.0,100.0,100.0,13.9,0,8,83
3090,10028.0,1,0,3.1,0.2,100.0,90.0,98.0,22.0,19.4,1,11,83
3091,10021.0,0,0,3.6,0.0,100.0,32.0,99.0,100.0,14.5,0,7,83
3092,10029.0,0,0,3.9,1.7,100.0,100.0,97.0,100.0,23.2,0,17,83
3093,10002.0,0,0,3.6,0.0,98.0,13.0,94.0,100.0,15.3,0,6,83
3094,10007.0,0,0,3.8,0.8,100.0,97.0,100.0,100.0,23.8,0,15,83
3095,10012.0,0,0,3.1,0.4,100.0,94.0,100.0,94.0,22.0,0,12,83
3096,10035.0,0,0,3.3,0.3,100.0,70.0,95.0,4.0,15.3,0,10,83
3097,10029.0,0,0,5.3,2.2,100.0,100.0,92.0,91.0,23.6,0,21,83
3098,10003.0,0,0,3.9,1.7,100.0,100.0,97.0,100.0,23.2,0,17,83
3099,10017.0,0,0,3.1,0.2,100.0,90.0,98.0,22.0,19.4,0,11,83
3100,10016.0,0,0,3.1,0.2,100.0,90.0,98.0,22.0,19.4,0,11,83
3101,10013.0,0,0,1.1,0.0,71.0,72.0,11.0,0.0,17.4,0,13,82
3102,10018.0,0,0,5.4,0.0,100.0,99.0,0.0,93.0,12.6,0,21,82
3103,10065.0,0,0,1.1,0.0,49.0,32.0,34.0,0.0,16.3,0,10,82
3104,10003.0,0,0,1.1,0.0,71.0,72.0,11.0,0.0,17.4,0,13,82
3105,10001.0,0,0,2.9,0.0,89.0,89.0,4.0,21.0,14.8,0,15,82
3106,10001.0,0,0,2.6,0.0,37.0,14.0,41.0,0.0,17.9,0,8,82
3107,10036.0,0,0,8.1,0.0,4.0,0.0,6.0,0.0,5.9,0,0,82
3108,10035.0,0,0,1.8,0.0,34.0,16.0,33.0,0.0,18.2,0,9,82
3109,10016.0,0,0,2.9,0.0,89.0,89.0,4.0,21.0,14.8,0,15,82
3110,10128.0,0,0,2.9,0.0,89.0,89.0,4.0,21.0,14.8,0,15,82
3111,10036.0,0,0,2.9,0.0,89.0,89.0,4.0,21.0,14.8,0,15,82
3112,10038.0,0,0,4.1,0.0,100.0,90.0,31.0,2.0,10.9,0,17,82
3113,10029.0,1,0,3.4,0.0,86.0,90.0,8.0,0.0,13.2,1,16,82
3114,10035.0,0,0,7.8,0.0,16.0,0.0,0.0,53.0,15.9,0,16,81
3115,10032.0,0,0,9.5,0.0,0.0,0.0,0.0,0.0,10.4,0,19,81
3116,10033.0,0,0,6.1,0.0,35.0,0.0,9.0,97.0,16.3,0,13,81
3117,10019.0,0,0,11.7,0.0,77.0,0.0,78.0,100.0,23.3,0,8,81
3118,10013.0,0,0,6.1,0.0,30.0,0.0,2.0,95.0,16.0,0,14,81
3119,10003.0,1,0,9.2,0.0,0.0,0.0,0.0,0.0,12.5,1,18,81
3120,10033.0,0,0,6.1,0.0,30.0,0.0,2.0,95.0,16.0,0,14,81
3121,10019.0,0,0,7.3,0.0,82.0,0.0,87.0,100.0,18.8,0,10,81
3122,10037.0,0,0,11.7,0.0,77.0,0.0,78.0,100.0,23.3,0,8,81
3123,10013.0,1,0,6.1,0.0,35.0,0.0,9.0,97.0,16.3,1,13,81
3124,10029.0,0,0,7.2,0.0,27.0,0.0,0.0,89.0,16.2,0,15,81
3125,10038.0,0,0,9.5,0.0,0.0,0.0,0.0,0.0,10.4,0,19,81
3126,10065.0,0,0,16.3,0.0,51.0,0.0,39.0,92.0,14.6,0,5,81
3127,10032.0,0,0,6.6,0.0,66.0,0.0,60.0,100.0,18.0,0,11,81
3128,10019.0,0,0,9.2,0.0,8.0,0.0,13.0,0.0,6.4,0,23,81
3129,10018.0,0,0,6.1,0.0,30.0,0.0,2.0,95.0,16.0,0,14,81
3130,10029.0,0,0,7.8,0.0,16.0,0.0,0.0,53.0,15.9,0,16,81
3131,10032.0,1,0,6.3,0.0,55.0,0.0,41.0,100.0,17.6,1,12,81
3132,10036.0,0,0,19.5,0.0,86.0,0.0,94.0,100.0,17.1,0,2,81
3133,10021.0,0,0,7.2,0.0,27.0,0.0,0.0,89.0,16.2,0,15,81
3134,10022.0,0,0,6.1,0.0,35.0,0.0,9.0,97.0,16.3,0,13,81
3135,10017.0,0,0,7.5,0.1,78.0,42.0,17.0,100.0,8.7,0,8,80
3136,10022.0,0,0,17.2,0.0,56.0,2.0,41.0,99.0,18.4,0,18,80
3137,10016.0,1,0,7.5,0.1,78.0,42.0,17.0,100.0,8.7,1,8,80
3138,10032.0,0,0,8.0,0.0,100.0,100.0,95.0,100.0,4.3,0,12,80
3139,10026.0,0,0,7.9,0.0,53.0,23.0,4.0,100.0,9.8,0,7,80
3140,10018.0,0,0,7.5,0.1,78.0,42.0,17.0,100.0,8.7,0,8,80
3141,10034.0,0,0,14.6,0.9,100.0,70.0,49.0,100.0,8.7,0,15,80
3142,10029.0,1,0,7.9,0.0,53.0,23.0,4.0,100.0,9.8,1,7,80
3143,10018.0,0,0,7.4,0.0,100.0,100.0,100.0,100.0,2.8,0,11,80
3144,10002.0,0,0,21.7,0.0,27.0,12.0,26.0,2.0,22.2,0,21,80
3145,10013.0,1,0,15.5,0.3,92.0,31.0,56.0,100.0,8.9,1,16,80
3146,10009.0,1,0,9.1,0.0,100.0,88.0,12.0,100.0,2.5,1,0,80
3147,10016.0,0,0,17.2,0.0,56.0,2.0,41.0,99.0,18.4,0,18,80
3148,10033.0,0,0,8.0,0.0,100.0,100.0,95.0,100.0,4.3,0,12,80
3149,10006.0,0,0,10.8,0.5,100.0,95.0,41.0,100.0,7.7,0,14,80
3150,10016.0,0,0,18.5,0.0,30.0,0.0,2.0,96.0,19.4,0,19,80
3151,10030.0,0,0,18.5,0.0,30.0,0.0,2.0,96.0,19.4,0,19,80
3152,10022.0,0,0,8.8,0.0,100.0,100.0,25.0,89.0,7.0,0,13,80
3153,10003.0,1,0,15.5,0.3,92.0,31.0,56.0,100.0,8.9,1,16,80
3154,10016.0,0,0,7.4,0.0,100.0,100.0,100.0,100.0,2.8,0,11,80
3155,10011.0,0,0,7.6,0.0,100.0,100.0,96.0,100.0,3.0,0,10,80
3156,10028.0,0,0,7.6,0.4,100.0,100.0,70.0,98.0,8.3,0,9,80
3157,10022.0,1,0,8.8,0.0,100.0,100.0,25.0,89.0,7.0,1,13,80
3158,10026.0,0,0,20.6,0.0,47.0,11.0,25.0,73.0,12.4,0,23,80
3159,10016.0,0,0,7.5,0.1,78.0,42.0,17.0,100.0,8.7,0,8,80
3160,10001.0,1,0,8.8,0.0,100.0,100.0,25.0,89.0,7.0,1,13,80
3161,10036.0,0,0,15.5,0.3,92.0,31.0,56.0,100.0,8.9,0,16,80
3162,10038.0,0,0,8.6,0.0,100.0,32.0,89.0,100.0,6.8,0,4,80
3163,10009.0,0,0,16.5,0.7,86.0,3.0,90.0,99.0,16.9,0,17,80
3164,10035.0,0,0,9.0,0.0,100.0,100.0,0.0,100.0,7.1,0,19,79
3165,10029.0,0,0,6.0,2.0,100.0,100.0,100.0,100.0,11.2,0,7,79
3166,10030.0,0,0,8.0,0.0,86.0,0.0,93.0,100.0,14.0,0,0,79
3167,10010.0,0,0,6.5,0.0,100.0,100.0,53.0,0.0,14.8,0,14,79
3168,10004.0,0,0,6.4,1.3,100.0,100.0,100.0,100.0,9.2,0,6,79
3169,10036.0,0,0,6.4,0.0,100.0,100.0,79.0,6.0,14.7,0,13,79
3170,10034.0,0,0,9.0,0.0,100.0,100.0,0.0,100.0,7.1,0,19,79
3171,10036.0,0,0,8.0,0.0,86.0,0.0,93.0,100.0,14.0,0,0,79
3172,10009.0,0,0,6.9,0.1,100.0,100.0,100.0,100.0,11.0,0,5,79
3173,10029.0,0,0,9.1,0.0,100.0,100.0,2.0,100.0,5.7,0,20,79
3174,10010.0,2,0,6.5,0.0,100.0,100.0,53.0,0.0,14.8,1,14,79
3175,10001.0,1,0,6.4,0.0,100.0,100.0,79.0,6.0,14.7,1,13,79
3176,10027.0,0,0,9.1,0.0,100.0,100.0,2.0,100.0,5.7,0,20,79
3177,10019.0,0,0,8.2,0.0,100.0,100.0,2.0,100.0,11.1,0,17,79
3178,10002.0,1,0,6.0,2.0,100.0,100.0,100.0,100.0,11.2,1,7,79
3179,10016.0,0,0,6.1,2.4,100.0,100.0,100.0,40.0,12.7,0,11,79
3180,10033.0,0,0,9.1,0.0,100.0,99.0,18.0,100.0,4.3,0,23,79
3181,10035.0,0,0,5.7,2.7,100.0,100.0,100.0,100.0,13.3,0,8,79
3182,10035.0,0,0,7.1,0.0,0.0,0.0,0.0,0.0,7.9,0,7,78
3183,10128.0,1,0,10.3,0.0,30.0,0.0,0.0,100.0,9.4,1,19,78
3184,10017.0,0,0,3.9,0.0,10.0,0.0,0.0,33.0,7.9,0,10,78
3185,10035.0,0,0,3.5,0.0,3.0,0.0,0.0,11.0,5.6,0,12,78
3186,10030.0,0,0,9.4,0.0,30.0,0.0,0.0,99.0,8.4,0,17,78
3187,10027.0,0,0,5.5,0.0,0.0,0.0,0.0,0.0,7.9,0,9,78
3188,10012.0,0,0,9.9,0.0,30.0,0.0,0.0,99.0,12.4,0,21,78
3189,10010.0,1,0,3.9,0.0,28.0,0.0,0.0,92.0,7.5,1,11,78
3190,10016.0,0,0,3.9,0.0,10.0,0.0,0.0,33.0,7.9,0,10,78
3191,10017.0,0,0,10.2,0.0,30.0,0.0,0.0,100.0,10.5,0,20,78
3192,10029.0,1,0,6.9,0.0,0.0,0.0,0.0,0.0,4.0,1,14,78
3193,10032.0,0,0,3.9,0.0,28.0,0.0,0.0,92.0,7.5,0,11,78
3194,10017.0,0,0,7.4,0.0,3.0,3.0,0.0,0.0,8.2,0,6,78
3195,10002.0,0,0,9.4,0.0,30.0,0.0,0.0,99.0,8.4,0,17,78
3196,10029.0,0,0,8.7,0.0,0.0,0.0,0.0,0.0,3.6,0,15,78
3197,10035.0,0,0,9.3,0.0,11.0,0.0,0.0,38.0,4.4,0,16,78
3198,10032.0,0,0,6.9,0.0,0.0,0.0,0.0,0.0,4.0,0,14,78
3199,10035.0,0,0,3.9,0.0,28.0,0.0,0.0,92.0,7.5,0,11,78
3200,10016.0,0,0,5.6,0.0,0.0,0.0,0.0,0.0,4.1,0,13,78
3201,10075.0,0,0,8.7,0.0,0.0,0.0,0.0,0.0,3.6,0,15,78
3202,10280.0,0,0,8.7,0.0,0.0,0.0,0.0,0.0,3.6,0,15,78
3203,10033.0,0,0,5.6,0.0,0.0,0.0,0.0,0.0,4.1,0,13,78
3204,10016.0,0,0,3.9,0.0,28.0,0.0,0.0,92.0,7.5,0,11,78
3205,10027.0,0,0,9.2,0.0,56.0,62.0,0.0,0.0,9.4,0,1,78
3206,10013.0,0,0,5.6,0.0,0.0,0.0,0.0,0.0,4.1,0,13,78
3207,10007.0,0,0,5.6,0.0,76.0,7.0,77.0,78.0,8.3,0,7,77
3208,10029.0,0,0,5.6,0.0,76.0,7.0,77.0,78.0,8.3,0,7,77
3209,10039.0,0,0,5.6,1.0,90.0,15.0,99.0,56.0,8.5,0,12,77
3210,10128.0,0,0,5.1,0.0,65.0,35.0,12.0,88.0,11.0,0,0,77
3211,10018.0,0,0,7.3,0.2,100.0,38.0,87.0,76.0,3.3,0,15,77
3212,10032.0,0,0,4.9,0.3,87.0,20.0,95.0,40.0,6.0,0,11,77
3213,10002.0,2,0,8.8,0.0,100.0,98.0,67.0,0.0,4.5,1,17,77
3214,10018.0,0,0,5.5,0.4,88.0,11.0,97.0,67.0,5.6,0,13,77
3215,10007.0,1,0,8.8,0.0,100.0,98.0,67.0,0.0,4.5,1,17,77
3216,10003.0,0,0,10.7,0.0,54.0,48.0,18.0,0.0,14.4,0,21,77
3217,10003.0,0,0,5.4,0.0,69.0,4.0,98.0,21.0,10.6,0,5,77
3218,10018.0,0,0,6.2,1.0,100.0,26.0,84.0,95.0,3.6,0,14,77
3219,10009.0,0,0,6.2,1.0,100.0,26.0,84.0,95.0,3.6,0,14,77
3220,10018.0,0,0,5.6,0.0,76.0,7.0,77.0,78.0,8.3,0,7,77
3221,10001.0,0,0,6.2,1.0,100.0,26.0,84.0,95.0,3.6,0,14,77
3222,10016.0,0,0,5.5,0.4,88.0,11.0,97.0,67.0,5.6,0,13,77
3223,10009.0,0,0,5.6,1.0,90.0,15.0,99.0,56.0,8.5,0,12,77
3224,10032.0,0,0,6.2,1.0,100.0,26.0,84.0,95.0,3.6,0,14,77
3225,10012.0,1,0,7.3,0.2,100.0,38.0,87.0,76.0,3.3,1,15,77
3226,10022.0,1,0,5.4,0.3,74.0,4.0,89.0,55.0,8.8,1,8,77
3227,10025.0,0,0,5.4,0.0,69.0,4.0,98.0,21.0,10.6,0,5,77
3228,10022.0,0,0,9.2,0.0,100.0,100.0,85.0,0.0,8.3,0,18,77
3229,10017.0,1,0,5.6,0.0,76.0,7.0,77.0,78.0,8.3,1,7,77
3230,10002.0,0,0,5.1,0.0,65.0,35.0,12.0,88.0,11.0,0,0,77
3231,10018.0,0,0,4.9,0.3,87.0,20.0,95.0,40.0,6.0,0,11,77
3232,10012.0,0,0,5.3,0.2,82.0,23.0,80.0,44.0,5.1,0,10,77
3233,10022.0,0,0,10.8,0.0,16.0,12.0,8.0,0.0,8.0,0,22,77
3234,10011.0,0,0,5.4,0.3,74.0,4.0,89.0,55.0,8.8,0,8,77
3235,10018.0,0,0,3.6,0.0,0.0,0.0,0.0,0.0,16.1,0,6,76
3236,10002.0,0,0,4.3,0.0,50.0,41.0,0.0,45.0,12.3,0,16,76
3237,10016.0,0,0,1.8,0.0,10.0,7.0,0.0,13.0,14.2,0,14,76
3238,10030.0,0,0,1.8,0.0,10.0,7.0,0.0,13.0,14.2,0,14,76
3239,10032.0,0,0,8.7,0.0,0.0,0.0,0.0,0.0,7.0,0,0,76
3240,10027.0,0,0,0.2,0.0,0.0,0.0,0.0,0.0,13.8,0,10,76
3241,10019.0,0,0,4.3,0.0,50.0,41.0,0.0,45.0,12.3,0,16,76
3242,10021.0,0,0,1.1,0.0,0.0,0.0,0.0,0.0,14.3,0,9,76
3243,10029.0,0,0,1.8,0.0,0.0,0.0,0.0,0.0,15.0,0,8,76
3244,10017.0,0,0,1.1,0.0,0.0,0.0,0.0,0.0,14.3,0,9,76
3245,10017.0,0,0,8.7,0.0,0.0,0.0,0.0,0.0,7.0,0,0,76
3246,10001.0,0,0,0.9,0.0,4.0,4.0,0.0,0.0,14.6,0,13,76
3247,10033.0,0,0,4.3,0.0,50.0,41.0,0.0,45.0,12.3,0,16,76
3248,10002.0,0,0,1.8,0.0,0.0,0.0,0.0,0.0,15.0,0,8,76
3249,10001.0,0,0,1.1,0.0,0.0,0.0,0.0,0.0,14.3,0,9,76
3250,10035.0,1,0,6.9,0.0,0.0,0.0,0.0,0.0,7.7,1,2,76
3251,10032.0,0,0,4.3,0.0,50.0,41.0,0.0,45.0,12.3,0,16,76
3252,10026.0,0,0,3.7,0.0,17.0,19.0,0.0,0.0,12.4,0,15,76
3253,10016.0,0,0,1.1,0.0,0.0,0.0,0.0,0.0,14.3,0,9,76
3254,10018.0,0,0,1.8,0.0,0.0,0.0,0.0,0.0,15.0,0,8,76
3255,10065.0,0,0,5.4,0.0,100.0,98.0,0.0,94.0,12.1,0,18,76
3256,10034.0,1,0,2.6,0.0,0.0,0.0,0.0,0.0,15.7,1,7,76
3257,10013.0,0,0,5.3,0.0,0.0,0.0,0.0,0.0,8.4,0,3,76
3258,10036.0,0,0,1.1,0.0,0.0,0.0,0.0,0.0,14.3,0,9,76
3259,10029.0,0,0,1.1,0.0,0.0,0.0,0.0,0.0,14.3,0,9,76
3260,10012.0,1,0,5.4,0.0,100.0,98.0,0.0,94.0,12.1,1,18,76
3261,10029.0,0,0,0.9,0.0,4.0,4.0,0.0,0.0,14.6,0,13,76
3262,10029.0,0,0,1.1,0.0,0.0,0.0,0.0,0.0,14.3,0,9,76
3263,10011.0,0,0,1.8,0.0,10.0,7.0,0.0,13.0,14.2,0,14,76
3264,10017.0,0,0,3.7,0.0,17.0,19.0,0.0,0.0,12.4,0,15,76
3265,10022.0,0,0,4.3,0.0,50.0,41.0,0.0,45.0,12.3,0,16,76
3266,10029.0,0,0,0.2,0.0,0.0,0.0,0.0,0.0,13.8,0,10,76
3267,10002.0,0,0,3.7,0.0,17.0,19.0,0.0,0.0,12.4,0,15,76
3268,10002.0,0,0,-0.2,0.0,0.0,0.0,0.0,0.0,14.2,0,11,76
3269,10010.0,0,0,1.1,0.0,0.0,0.0,0.0,0.0,14.3,0,9,76
3270,10013.0,0,0,4.3,0.0,50.0,41.0,0.0,45.0,12.3,0,16,76
3271,10022.0,0,0,1.1,0.0,0.0,0.0,0.0,0.0,14.3,0,9,76
3272,10019.0,0,0,3.7,0.0,17.0,19.0,0.0,0.0,12.4,0,15,76
3273,10018.0,0,0,0.9,0.0,4.0,4.0,0.0,0.0,14.6,0,13,76
3274,10038.0,0,0,4.3,0.0,50.0,41.0,0.0,45.0,12.3,0,16,76
3275,10022.0,2,0,10.4,0.0,0.0,0.0,0.0,0.0,6.1,1,22,75
3276,10027.0,0,0,10.3,0.0,9.0,0.0,15.0,0.0,8.8,0,19,75
3277,10032.0,0,0,5.9,0.0,5.0,0.0,8.0,0.0,10.7,0,13,75
3278,10028.0,1,0,5.9,0.0,5.0,0.0,8.0,0.0,10.7,1,13,75
3279,10027.0,0,0,8.2,0.0,89.0,0.0,98.0,100.0,11.3,0,3,75
3280,10013.0,0,0,11.0,0.0,8.0,0.0,14.0,0.0,10.1,0,20,75
3281,10002.0,0,0,9.3,0.0,4.0,4.0,0.0,0.0,9.0,0,17,75
3282,10013.0,0,0,5.6,0.0,45.0,0.0,73.0,5.0,7.9,0,12,75
3283,10036.0,0,0,8.2,0.0,89.0,0.0,98.0,100.0,11.3,0,3,75
3284,10065.0,0,0,8.5,0.0,0.0,0.0,0.0,0.0,10.1,0,16,75
3285,10039.0,0,0,10.0,0.0,89.0,0.0,99.0,100.0,8.4,0,0,75
3286,10033.0,2,0,6.3,0.0,4.0,0.0,7.0,0.0,12.9,1,14,75
3287,10027.0,0,0,7.8,0.0,2.0,0.0,3.0,0.0,11.7,0,15,75
3288,10019.0,0,0,5.9,0.0,65.0,0.0,79.0,60.0,6.8,0,9,75
3289,10029.0,0,0,7.8,0.0,2.0,0.0,3.0,0.0,11.7,0,15,75
3290,10034.0,0,0,7.5,0.1,85.0,0.0,99.0,85.0,9.6,0,5,75
3291,10017.0,1,0,10.4,0.0,0.0,0.0,0.0,0.0,6.1,1,22,75
3292,10002.0,0,0,11.0,0.0,8.0,0.0,14.0,0.0,10.1,0,20,75
3293,10001.0,0,0,5.6,0.0,45.0,0.0,73.0,5.0,7.9,0,12,75
3294,10014.0,0,0,5.7,0.0,74.0,0.0,89.0,68.0,6.2,0,11,75
3295,10016.0,0,0,9.3,0.0,4.0,4.0,0.0,0.0,9.0,0,17,75
3296,10019.0,0,0,9.7,0.0,90.0,0.0,100.0,100.0,10.1,0,1,75
3297,10003.0,0,0,10.4,0.0,0.0,0.0,0.0,0.0,6.1,0,22,75
3298,10027.0,1,0,7.8,0.0,2.0,0.0,3.0,0.0,11.7,1,15,75
3299,10023.0,2,0,9.3,0.0,4.0,4.0,0.0,0.0,9.0,1,17,75
3300,10019.0,0,0,9.5,0.0,9.0,0.0,0.0,31.0,15.5,0,16,74
3301,10031.0,0,0,11.7,0.0,31.0,0.0,1.0,100.0,14.6,0,20,74
3302,10010.0,0,0,6.1,0.0,6.0,0.0,0.0,20.0,13.9,0,11,74
3303,10004.0,0,0,10.4,0.0,14.0,0.0,0.0,45.0,16.3,0,17,74
3304,10035.0,1,0,7.0,0.0,0.0,0.0,0.0,0.0,14.2,1,9,74
3305,10035.0,0,0,11.1,0.0,26.0,0.0,0.0,88.0,15.0,0,19,74
3306,10009.0,1,0,11.5,0.0,7.0,0.0,0.0,22.0,15.3,1,3,74
3307,10016.0,0,0,6.1,0.0,6.0,0.0,0.0,20.0,13.9,0,11,74
3308,10022.0,0,0,7.3,0.0,0.0,0.0,0.0,1.0,17.9,0,14,74
3309,10036.0,0,0,10.8,0.0,64.0,0.0,56.0,100.0,9.7,0,22,74
3310,10011.0,0,0,11.1,0.0,26.0,0.0,0.0,88.0,15.0,0,19,74
3311,10033.0,1,0,8.9,0.0,0.0,0.0,0.0,0.0,19.3,1,15,74
3312,10036.0,0,0,6.9,0.0,0.0,0.0,0.0,0.0,13.0,0,13,74
3313,10018.0,0,0,7.8,0.0,0.0,0.0,0.0,0.0,15.3,0,8,74
3314,10025.0,0,0,7.3,0.0,0.0,0.0,0.0,1.0,17.9,0,14,74
3315,10031.0,0,0,6.3,0.0,4.0,0.0,0.0,14.0,15.8,0,10,74
3316,10030.0,0,0,7.3,0.0,0.0,0.0,0.0,1.0,17.9,0,14,74
3317,10035.0,0,0,7.8,0.0,0.0,0.0,0.0,0.0,15.3,0,8,74
3318,10010.0,0,0,8.9,0.0,0.0,0.0,0.0,0.0,19.3,0,15,74
3319,10034.0,0,0,7.3,0.0,0.0,0.0,0.0,1.0,17.9,0,14,74
3320,10039.0,0,0,14.5,0.0,0.0,0.0,0.0,0.0,17.0,0,1,74
3321,10038.0,0,0,10.4,0.0,85.0,0.0,91.0,100.0,6.4,0,23,74
3322,10039.0,0,0,10.8,0.0,0.0,0.0,0.0,0.0,15.8,0,4,74
3323,10009.0,0,0,7.0,0.0,0.0,0.0,0.0,0.0,14.2,0,9,74
3324,10040.0,1,0,9.5,0.0,9.0,0.0,0.0,31.0,15.5,1,16,74
3325,10019.0,0,0,6.3,0.0,6.0,0.0,0.0,20.0,15.0,0,12,74
3326,10002.0,1,0,10.4,0.0,14.0,0.0,0.0,45.0,16.3,1,17,74
3327,10001.0,1,0,9.5,0.0,9.0,0.0,0.0,31.0,15.5,1,16,74
3328,10013.0,0,0,9.5,0.0,0.0,0.0,0.0,0.0,15.5,0,5,74
3329,10026.0,0,0,10.9,0.0,24.0,0.0,0.0,81.0,13.4,0,18,74
3330,10002.0,0,0,10.4,0.0,85.0,0.0,91.0,100.0,6.4,0,23,74
3331,10039.0,1,0,8.9,0.0,0.0,0.0,0.0,0.0,19.3,1,15,74
3332,10019.0,0,0,8.4,0.0,0.0,0.0,0.0,0.0,15.6,0,7,74
3333,10003.0,1,0,6.3,0.0,6.0,0.0,0.0,20.0,15.0,1,12,74
3334,10011.0,0,0,10.4,0.0,85.0,0.0,91.0,100.0,6.4,0,23,74
3335,10005.0,0,0,16.4,0.0,9.0,0.0,0.0,31.0,15.6,0,23,73
3336,10002.0,3,0,11.3,1.9,100.0,100.0,99.0,8.0,11.9,1,14,73
3337,10001.0,0,0,10.9,0.8,100.0,100.0,100.0,60.0,16.0,0,13,73
3338,10010.0,0,0,8.6,0.5,100.0,93.0,71.0,100.0,13.4,0,8,73
3339,10002.0,0,0,16.8,0.0,63.0,70.0,0.0,0.0,23.4,0,18,73
3340,10027.0,0,0,8.6,0.5,100.0,93.0,71.0,100.0,13.4,0,8,73
3341,10011.0,0,0,14.1,0.0,90.0,100.0,0.0,0.0,14.8,0,16,73
3342,10018.0,0,0,8.3,0.0,100.0,99.0,35.0,100.0,15.1,0,7,73
3343,10040.0,0,0,16.8,0.0,63.0,70.0,0.0,0.0,23.4,0,18,73
3344,10039.0,0,0,17.6,0.0,0.0,0.0,0.0,0.0,20.7,0,22,73
3345,10014.0,0,0,8.6,0.5,100.0,93.0,71.0,100.0,13.4,0,8,73
3346,10009.0,0,0,10.1,0.9,100.0,100.0,98.0,100.0,13.3,0,10,73
3347,10017.0,1,0,19.0,0.0,41.0,46.0,0.0,0.0,23.0,1,20,73
3348,10013.0,0,0,10.1,0.9,100.0,100.0,98.0,100.0,13.3,0,10,73
3349,10025.0,0,0,8.3,0.0,100.0,99.0,35.0,100.0,15.1,0,7,73
3350,10037.0,0,0,8.7,0.6,100.0,75.0,100.0,100.0,12.4,0,9,73
3351,10010.0,0,0,16.1,0.0,73.0,81.0,0.0,0.0,20.8,0,17,73
3352,10003.0,0,0,7.9,0.0,74.0,35.0,71.0,0.0,11.8,0,0,73
3353,10028.0,0,0,8.3,0.0,100.0,99.0,35.0,100.0,15.1,0,7,73
3354,10028.0,0,0,10.9,0.8,100.0,100.0,100.0,60.0,16.0,0,13,73
3355,10014.0,0,0,17.6,0.0,0.0,0.0,0.0,0.0,20.7,0,22,73
3356,10018.0,0,0,10.1,0.9,100.0,100.0,98.0,100.0,13.3,0,10,73
3357,10029.0,0,0,8.6,0.5,100.0,93.0,71.0,100.0,13.4,0,8,73
3358,10029.0,0,0,10.5,1.4,100.0,100.0,77.0,82.0,15.8,0,12,73
3359,10021.0,0,0,8.1,1.1,100.0,98.0,26.0,100.0,16.1,0,6,73
3360,10024.0,1,0,8.6,0.5,100.0,93.0,71.0,100.0,13.4,1,8,73
3361,10007.0,1,0,8.1,1.1,100.0,98.0,26.0,100.0,16.1,1,6,73
3362,10029.0,0,0,8.6,0.5,100.0,93.0,71.0,100.0,13.4,0,8,73
3363,10027.0,0,0,10.4,1.7,100.0,100.0,100.0,96.0,14.2,0,11,73
3364,10031.0,0,0,10.5,1.4,100.0,100.0,77.0,82.0,15.8,0,12,73
3365,10019.0,0,0,10.9,0.8,100.0,100.0,100.0,60.0,16.0,0,13,73
3366,10021.0,0,0,10.1,0.9,100.0,100.0,98.0,100.0,13.3,0,10,73
3367,10016.0,0,0,8.6,0.5,100.0,93.0,71.0,100.0,13.4,0,8,73
3368,10029.0,0,0,8.3,0.0,100.0,99.0,35.0,100.0,15.1,0,7,73
3369,10035.0,0,0,14.1,0.0,90.0,100.0,0.0,0.0,14.8,0,16,73
3370,10036.0,0,0,10.1,0.9,100.0,100.0,98.0,100.0,13.3,0,10,73
3371,10011.0,0,0,11.3,1.9,100.0,100.0,99.0,8.0,11.9,0,14,73
3372,10028.0,0,0,16.1,0.0,73.0,81.0,0.0,0.0,20.8,0,17,73
3373,10016.0,1,0,10.1,0.9,100.0,100.0,98.0,100.0,13.3,1,10,73
3374,10002.0,0,0,10.1,0.9,100.0,100.0,98.0,100.0,13.3,0,10,73
3375,10018.0,0,0,11.3,1.9,100.0,100.0,99.0,8.0,11.9,0,14,73
3376,10013.0,0,0,16.1,0.0,73.0,81.0,0.0,0.0,20.8,0,17,73
3377,10036.0,0,0,19.0,0.0,41.0,46.0,0.0,0.0,23.0,0,20,73
3378,10002.0,0,0,11.3,1.9,100.0,100.0,99.0,8.0,11.9,0,14,73
3379,10016.0,0,0,10.9,0.8,100.0,100.0,100.0,60.0,16.0,0,13,73
3380,10020.0,0,0,19.0,0.0,41.0,46.0,0.0,0.0,23.0,0,20,73
3381,10003.0,0,0,8.3,0.0,100.0,99.0,35.0,100.0,15.1,0,7,73
3382,10028.0,0,0,14.1,0.0,90.0,100.0,0.0,0.0,14.8,0,16,73
3383,10001.0,0,0,7.9,0.0,74.0,35.0,71.0,0.0,11.8,0,0,73
3384,10001.0,1,0,17.8,0.0,42.0,47.0,0.0,0.0,21.3,1,19,73
3385,10002.0,0,0,12.5,0.4,100.0,100.0,54.0,0.0,11.4,0,15,73
3386,10027.0,0,0,17.8,0.0,42.0,47.0,0.0,0.0,21.3,0,19,73
3387,10010.0,0,0,8.7,0.6,100.0,75.0,100.0,100.0,12.4,0,9,73
3388,10029.0,0,0,16.1,0.0,73.0,81.0,0.0,0.0,20.8,0,17,73
3389,10038.0,0,0,10.9,0.8,100.0,100.0,100.0,60.0,16.0,0,13,73
3390,10027.0,1,0,19.0,0.0,41.0,46.0,0.0,0.0,23.0,1,20,73
3391,10035.0,0,0,8.7,0.6,100.0,75.0,100.0,100.0,12.4,0,9,73
3392,10028.0,1,0,16.8,0.0,63.0,70.0,0.0,0.0,23.4,1,18,73
3393,10029.0,0,0,16.1,0.0,73.0,81.0,0.0,0.0,20.8,0,17,73
3394,10002.0,1,0,10.9,0.8,100.0,100.0,100.0,60.0,16.0,1,13,73
3395,10018.0,0,0,8.2,0.0,100.0,99.0,93.0,0.0,10.2,0,19,72
3396,10016.0,0,0,5.6,0.0,100.0,69.0,81.0,22.0,5.6,0,13,72
3397,10012.0,1,0,4.5,0.0,100.0,58.0,66.0,65.0,7.9,1,11,72
3398,10036.0,0,0,5.4,0.0,17.0,10.0,0.0,25.0,6.1,0,7,72
3399,10003.0,0,0,5.0,0.0,54.0,34.0,1.0,76.0,4.7,0,8,72
3400,10019.0,0,0,8.1,0.0,100.0,64.0,74.0,59.0,10.2,0,23,72
3401,10016.0,0,0,8.1,0.0,100.0,97.0,73.0,0.0,10.6,0,20,72
3402,10021.0,0,0,8.1,0.0,100.0,97.0,73.0,0.0,10.6,0,20,72
3403,10029.0,0,0,5.1,0.0,100.0,70.0,76.0,45.0,7.5,0,12,72
3404,10038.0,0,0,7.7,0.0,100.0,98.0,99.0,0.0,10.2,0,17,72
3405,10022.0,1,0,8.1,0.0,100.0,97.0,73.0,0.0,10.6,1,20,72
3406,10024.0,0,0,9.4,0.0,47.0,0.0,73.0,11.0,5.7,0,0,72
3407,10035.0,0,0,7.7,0.0,100.0,98.0,99.0,0.0,10.2,0,17,72
3408,10023.0,0,0,4.5,0.0,100.0,58.0,66.0,65.0,7.9,0,11,72
3409,10035.0,0,0,5.0,0.0,54.0,34.0,1.0,76.0,4.7,0,8,72
3410,10021.0,1,0,4.7,0.0,89.0,50.0,54.0,37.0,7.4,1,10,72
3411,10032.0,0,0,5.1,0.0,100.0,70.0,76.0,45.0,7.5,0,12,72
3412,10029.0,0,0,4.7,0.0,89.0,50.0,54.0,37.0,7.4,0,10,72
3413,10017.0,0,0,8.1,0.0,100.0,64.0,74.0,59.0,10.2,0,23,72
3414,10010.0,0,0,7.2,0.0,100.0,97.0,98.0,0.0,9.2,0,16,72
3415,10003.0,0,0,5.9,0.0,100.0,87.0,97.0,44.0,5.4,0,14,72
3416,10014.0,0,0,4.5,0.0,100.0,58.0,66.0,65.0,7.9,0,11,72
3417,10003.0,0,0,5.1,0.0,100.0,70.0,76.0,45.0,7.5,0,12,72
3418,10016.0,0,0,8.1,0.0,100.0,97.0,73.0,0.0,10.6,0,20,72
3419,10026.0,0,0,8.1,0.0,100.0,100.0,93.0,0.0,9.7,0,22,72
3420,10032.0,0,0,5.4,0.0,17.0,10.0,0.0,25.0,6.1,0,7,72
3421,10006.0,0,0,4.7,0.0,89.0,50.0,54.0,37.0,7.4,0,10,72
3422,10002.0,0,0,9.4,0.0,47.0,0.0,73.0,11.0,5.7,0,0,72
3423,10012.0,1,0,7.2,0.0,100.0,97.0,98.0,0.0,9.2,1,16,72
3424,10025.0,1,0,5.8,0.0,3.0,2.0,0.0,3.0,6.2,1,6,72
3425,10035.0,0,0,5.0,0.0,54.0,34.0,1.0,76.0,4.7,0,8,72
3426,10036.0,1,0,6.1,0.0,5.0,0.0,0.0,18.0,5.9,1,5,72
3427,10028.0,0,0,6.9,0.0,100.0,97.0,100.0,8.0,7.2,0,15,72
3428,10033.0,0,0,4.5,0.0,83.0,58.0,14.0,74.0,5.2,0,9,72
3429,10013.0,0,0,5.1,0.0,100.0,70.0,76.0,45.0,7.5,0,12,72
3430,10018.0,0,0,5.9,0.0,100.0,87.0,97.0,44.0,5.4,0,14,72
3431,10016.0,0,0,4.5,0.0,100.0,58.0,66.0,65.0,7.9,0,11,72
3432,10065.0,0,0,5.9,0.0,100.0,87.0,97.0,44.0,5.4,0,14,72
3433,10010.0,1,0,8.2,0.0,100.0,99.0,93.0,0.0,10.2,1,19,72
3434,10013.0,0,0,8.0,0.0,100.0,98.0,100.0,0.0,10.2,0,18,72
3435,10009.0,1,0,8.1,0.0,100.0,64.0,74.0,59.0,10.2,1,23,72
3436,10035.0,0,0,8.1,0.0,100.0,100.0,93.0,0.0,9.7,0,22,72
3437,10003.0,1,0,6.9,0.0,100.0,97.0,100.0,8.0,7.2,1,15,72
3438,10029.0,0,0,4.5,0.0,83.0,58.0,14.0,74.0,5.2,0,9,72
3439,10006.0,0,0,8.3,0.0,100.0,91.0,53.0,0.0,11.6,0,21,72
3440,10018.0,0,0,8.1,0.0,100.0,64.0,74.0,59.0,10.2,0,23,72
3441,10278.0,0,0,7.7,0.0,100.0,98.0,99.0,0.0,10.2,0,17,72
3442,10033.0,0,0,5.9,0.0,100.0,87.0,97.0,44.0,5.4,0,14,72
3443,10012.0,1,0,8.1,0.0,100.0,97.0,73.0,0.0,10.6,1,20,72
3444,10280.0,0,0,5.1,0.0,100.0,70.0,76.0,45.0,7.5,0,12,72
3445,10000.0,1,0,8.0,0.0,100.0,98.0,100.0,0.0,10.2,1,18,72
3446,10021.0,0,0,6.7,0.0,20.0,0.0,0.0,68.0,8.2,0,13,71
3447,10035.0,0,0,9.2,0.0,25.0,25.0,0.0,9.0,14.9,0,8,71
3448,10037.0,2,0,9.6,0.0,38.0,0.0,13.0,99.0,6.2,1,17,71
3449,10065.0,0,0,9.7,0.0,66.0,0.0,61.0,97.0,4.1,0,18,71
3450,10019.0,0,0,9.4,0.0,29.0,0.0,0.0,98.0,7.0,0,16,71
3451,10038.0,1,0,6.7,0.0,20.0,0.0,0.0,68.0,8.2,1,13,71
3452,10065.0,0,0,10.5,0.0,38.0,17.0,0.0,75.0,17.5,0,6,71
3453,10021.0,0,0,5.9,0.0,17.0,1.0,0.0,54.0,7.7,0,12,71
3454,10009.0,0,0,16.4,0.2,49.0,10.0,37.0,59.0,15.3,0,0,71
3455,10011.0,0,0,9.2,0.0,30.0,0.0,0.0,99.0,7.8,0,15,71
3456,10016.0,1,0,11.4,0.0,64.0,0.0,76.0,62.0,3.4,1,19,71
3457,10027.0,0,0,16.4,0.2,49.0,10.0,37.0,59.0,15.3,0,0,71
3458,10019.0,0,0,9.6,0.0,38.0,0.0,13.0,99.0,6.2,0,17,71
3459,10004.0,0,0,7.6,0.0,30.0,0.0,0.0,99.0,8.6,0,14,71
3460,10013.0,0,0,5.9,0.0,6.0,2.0,0.0,15.0,7.1,0,11,71
3461,10029.0,0,0,9.2,0.0,25.0,25.0,0.0,9.0,14.9,0,8,71
3462,10010.0,1,0,5.9,0.0,17.0,1.0,0.0,54.0,7.7,1,12,71
3463,10024.0,0,0,11.4,0.0,64.0,0.0,76.0,62.0,3.4,0,19,71
3464,10029.0,0,0,9.2,0.0,30.0,0.0,0.0,99.0,7.8,0,15,71
3465,10278.0,0,0,11.4,0.0,64.0,0.0,76.0,62.0,3.4,0,19,71
3466,10036.0,0,0,6.1,0.0,4.0,4.0,0.0,0.0,7.1,0,10,71
3467,10033.0,0,0,5.9,0.0,17.0,1.0,0.0,54.0,7.7,0,12,71
3468,10016.0,0,0,10.1,0.0,41.0,31.0,0.0,45.0,16.7,0,7,71
3469,10001.0,1,0,10.1,0.0,41.0,31.0,0.0,45.0,16.7,1,7,71
3470,10001.0,0,0,9.2,0.0,30.0,0.0,0.0,99.0,7.8,0,15,71
3471,10028.0,0,0,9.4,0.0,29.0,0.0,0.0,98.0,7.0,0,16,71
3472,10012.0,0,0,5.9,0.0,6.0,2.0,0.0,15.0,7.1,0,11,71
3473,10128.0,1,0,9.2,0.0,25.0,25.0,0.0,9.0,14.9,1,8,71
3474,10010.0,0,0,5.9,0.0,17.0,1.0,0.0,54.0,7.7,0,12,71
3475,10029.0,0,0,5.9,0.0,6.0,2.0,0.0,15.0,7.1,0,11,71
3476,10016.0,1,0,9.9,0.0,89.0,0.0,98.0,100.0,3.0,1,22,71
3477,10023.0,0,0,9.2,0.0,25.0,25.0,0.0,9.0,14.9,0,8,71
3478,10128.0,1,0,10.1,0.0,41.0,31.0,0.0,45.0,16.7,1,7,71
3479,10019.0,0,0,10.4,0.0,68.0,0.0,63.0,100.0,6.4,0,21,71
3480,10035.0,0,0,9.2,0.0,30.0,0.0,0.0,99.0,7.8,0,15,71
3481,10013.0,0,0,6.7,0.0,20.0,0.0,0.0,68.0,8.2,0,13,71
3482,10001.0,0,0,16.3,0.3,70.0,7.0,73.0,65.0,16.2,0,1,71
3483,10036.0,0,0,9.7,0.2,77.0,0.0,83.0,89.0,4.3,0,23,71
3484,10028.0,0,0,6.7,0.0,20.0,0.0,0.0,68.0,8.2,0,13,71
3485,10035.0,0,0,9.2,0.0,25.0,25.0,0.0,9.0,14.9,0,8,71
3486,10016.0,0,0,6.1,0.0,4.0,4.0,0.0,0.0,7.1,0,10,71
3487,10012.0,0,0,6.1,0.0,4.0,4.0,0.0,0.0,7.1,0,10,71
3488,10023.0,0,0,5.9,0.0,6.0,2.0,0.0,15.0,7.1,0,11,71
3489,10013.0,0,0,9.4,0.0,29.0,0.0,0.0,98.0,7.0,0,16,71
3490,10040.0,0,0,10.5,0.0,38.0,17.0,0.0,75.0,17.5,0,6,71
3491,10036.0,0,0,6.1,0.0,4.0,4.0,0.0,0.0,7.1,0,10,71
3492,10013.0,0,0,10.4,0.0,68.0,0.0,63.0,100.0,6.4,0,21,71
3493,10003.0,0,0,9.7,0.2,77.0,0.0,83.0,89.0,4.3,0,23,71
3494,10037.0,0,0,9.4,0.0,29.0,0.0,0.0,98.0,7.0,0,16,71
3495,10001.0,0,0,5.9,0.0,17.0,1.0,0.0,54.0,7.7,0,12,71
3496,10036.0,1,0,5.9,0.0,17.0,1.0,0.0,54.0,7.7,1,12,71
3497,10038.0,0,0,6.7,0.0,20.0,0.0,0.0,68.0,8.2,0,13,71
3498,10003.0,1,0,16.7,0.0,54.0,4.0,63.0,43.0,13.9,1,23,70
3499,10016.0,1,0,14.8,0.0,76.0,3.0,96.0,52.0,16.6,1,16,70
3500,10038.0,0,0,9.2,0.0,87.0,0.0,97.0,97.0,12.3,0,12,70
3501,10017.0,1,0,9.6,0.0,18.0,0.0,0.0,60.0,11.5,1,9,70
3502,10001.0,0,0,16.4,0.0,100.0,27.0,99.0,94.0,21.4,0,18,70
3503,10065.0,0,0,8.8,0.0,30.0,0.0,0.0,100.0,9.7,0,10,70
3504,10075.0,0,0,11.7,0.0,86.0,0.0,93.0,100.0,13.8,0,14,70
3505,10022.0,0,0,14.7,0.0,30.0,0.0,10.0,80.0,11.7,0,0,70
3506,10032.0,0,0,8.8,0.0,30.0,0.0,0.0,100.0,9.7,0,10,70
3507,10032.0,0,0,16.5,0.0,49.0,18.0,38.0,32.0,23.5,0,20,70
3508,10002.0,0,0,14.0,0.0,88.0,1.0,95.0,100.0,14.9,0,15,70
3509,10013.0,0,0,9.0,0.0,66.0,0.0,60.0,100.0,10.2,0,11,70
3510,10022.0,0,0,14.8,0.0,76.0,3.0,96.0,52.0,16.6,0,16,70
3511,10010.0,1,0,16.7,0.0,71.0,6.0,73.0,74.0,22.1,1,19,70
3512,10010.0,0,0,8.8,0.0,30.0,0.0,0.0,100.0,9.7,0,10,70
3513,10009.0,1,0,14.0,0.0,88.0,1.0,95.0,100.0,14.9,1,15,70
3514,10001.0,0,0,16.4,0.0,100.0,27.0,99.0,94.0,21.4,0,18,70
3515,10033.0,0,0,9.2,0.0,87.0,0.0,97.0,97.0,12.3,0,12,70
3516,10029.0,0,0,10.8,0.0,30.0,0.0,0.0,100.0,12.9,0,7,70
3517,10013.0,0,0,9.0,0.0,66.0,0.0,60.0,100.0,10.2,0,11,70
3518,10024.0,0,0,9.6,0.0,18.0,0.0,0.0,60.0,11.5,0,9,70
3519,10065.0,0,0,14.0,0.0,88.0,1.0,95.0,100.0,14.9,0,15,70
3520,10016.0,0,0,16.4,0.0,100.0,27.0,99.0,94.0,21.4,0,18,70
3521,10001.0,0,0,16.4,0.0,100.0,27.0,99.0,94.0,21.4,0,18,70
3522,10011.0,0,0,9.6,0.0,18.0,0.0,0.0,60.0,11.5,0,9,70
3523,10027.0,0,0,14.8,0.0,76.0,3.0,96.0,52.0,16.6,0,16,70
3524,10028.0,0,0,16.7,0.0,71.0,6.0,73.0,74.0,22.1,0,19,70
3525,10018.0,0,0,9.6,0.0,18.0,0.0,0.0,60.0,11.5,0,9,70
3526,10034.0,0,0,9.2,0.0,87.0,0.0,97.0,97.0,12.3,0,12,70
3527,10065.0,0,0,10.3,0.0,89.0,0.0,99.0,99.0,13.7,0,13,70
3528,10002.0,0,0,10.8,0.0,30.0,0.0,0.0,100.0,12.9,0,7,70
3529,10013.0,0,0,11.4,0.0,30.0,0.0,0.0,100.0,13.1,0,6,70
3530,10013.0,1,0,11.7,0.0,86.0,0.0,93.0,100.0,13.8,1,14,70
3531,10011.0,0,0,14.8,0.0,76.0,3.0,96.0,52.0,16.6,0,16,70
3532,10035.0,0,0,14.0,0.0,88.0,1.0,95.0,100.0,14.9,0,15,70
3533,10036.0,0,0,14.8,0.0,76.0,3.0,96.0,52.0,16.6,0,16,70
3534,10001.0,1,0,17.3,1.0,55.0,3.0,76.0,23.0,13.4,1,22,70
3535,10013.0,0,0,11.7,0.0,86.0,0.0,93.0,100.0,13.8,0,14,70
3536,10039.0,0,0,14.0,0.0,88.0,1.0,95.0,100.0,14.9,0,15,70
3537,10010.0,0,0,16.7,0.0,71.0,6.0,73.0,74.0,22.1,0,19,70
3538,10019.0,0,0,16.4,0.0,100.0,27.0,99.0,94.0,21.4,0,18,70
3539,10037.0,0,0,8.8,0.0,30.0,0.0,0.0,100.0,9.7,0,10,70
3540,10002.0,0,0,14.0,0.0,88.0,1.0,95.0,100.0,14.9,0,15,70
3541,10003.0,0,0,16.4,0.0,100.0,27.0,99.0,94.0,21.4,0,18,70
3542,10035.0,0,0,10.0,0.0,16.0,0.0,0.0,54.0,11.8,0,8,70
3543,10039.0,0,0,16.0,0.0,81.0,18.0,100.0,16.0,17.8,0,17,70
3544,10002.0,0,0,9.6,0.0,18.0,0.0,0.0,60.0,11.5,0,9,70
3545,10027.0,0,0,10.0,0.0,16.0,0.0,0.0,54.0,11.8,0,8,70
3546,10021.0,0,0,9.2,0.0,87.0,0.0,97.0,97.0,12.3,0,12,70
3547,10026.0,0,0,16.4,0.0,100.0,27.0,99.0,94.0,21.4,0,18,70
3548,10022.0,1,0,11.7,0.0,86.0,0.0,93.0,100.0,13.8,1,14,70
3549,10022.0,0,0,9.0,0.0,66.0,0.0,60.0,100.0,10.2,0,11,70
3550,10014.0,0,0,10.0,0.0,16.0,0.0,0.0,54.0,11.8,0,8,70
3551,10010.0,0,0,12.7,0.0,34.0,0.0,23.0,68.0,13.2,0,3,70
3552,10022.0,0,0,10.3,0.0,89.0,0.0,99.0,99.0,13.7,0,13,70
3553,10037.0,0,0,10.8,0.0,30.0,0.0,0.0,100.0,12.9,0,7,70
3554,10026.0,0,0,10.8,0.0,30.0,0.0,0.0,100.0,12.9,0,7,70
3555,10023.0,0,0,11.7,0.0,86.0,0.0,93.0,100.0,13.8,0,14,70
3556,10037.0,2,0,10.3,0.0,89.0,0.0,99.0,99.0,13.7,1,13,70
3557,10035.0,0,0,10.0,0.0,16.0,0.0,0.0,54.0,11.8,0,8,70
3558,10001.0,1,0,9.2,0.0,87.0,0.0,97.0,97.0,12.3,1,12,70
3559,10035.0,0,0,16.4,0.0,100.0,27.0,99.0,94.0,21.4,0,18,70
3560,10003.0,1,0,16.4,0.0,100.0,27.0,99.0,94.0,21.4,1,18,70
3561,10036.0,0,0,9.2,0.0,87.0,0.0,97.0,97.0,12.3,0,12,70
3562,10002.0,0,0,14.4,0.0,0.0,0.0,0.0,0.0,13.8,0,16,69
3563,10017.0,0,0,5.3,0.0,0.0,0.0,0.0,0.0,11.5,0,10,69
3564,10075.0,0,0,6.2,0.0,5.0,0.0,0.0,17.0,14.0,0,9,69
3565,10001.0,0,0,5.3,0.0,0.0,0.0,0.0,0.0,11.3,0,11,69
3566,10168.0,0,0,18.5,0.0,0.0,0.0,0.0,0.0,12.5,0,21,69
3567,10025.0,0,0,14.4,0.0,0.0,0.0,0.0,0.0,13.8,0,16,69
3568,10019.0,0,0,6.2,0.0,5.0,0.0,0.0,17.0,14.0,0,9,69
3569,10024.0,0,0,12.0,0.0,0.0,0.0,0.0,0.0,12.7,0,15,69
3570,10003.0,0,0,6.7,0.0,20.0,0.0,0.0,65.0,14.5,0,8,69
3571,10075.0,0,0,6.8,0.0,0.0,0.0,0.0,0.0,12.6,0,13,69
3572,10003.0,0,0,10.7,0.0,8.0,0.0,0.0,25.0,14.2,0,0,69
3573,10128.0,0,0,7.1,0.0,18.0,0.0,0.0,61.0,15.2,0,6,69
3574,10026.0,1,0,10.7,0.0,8.0,0.0,0.0,25.0,14.2,1,0,69
3575,10075.0,0,0,5.0,0.0,0.0,0.0,0.0,0.0,12.2,0,12,69
3576,10011.0,0,0,12.0,0.0,0.0,0.0,0.0,0.0,12.7,0,15,69
3577,10012.0,0,0,5.0,0.0,0.0,0.0,0.0,0.0,12.2,0,12,69
3578,10021.0,0,0,6.8,0.0,0.0,0.0,0.0,0.0,12.6,0,13,69
3579,10036.0,0,0,5.3,0.0,0.0,0.0,0.0,0.0,11.5,0,10,69
3580,10036.0,0,0,18.8,0.0,0.0,0.0,0.0,0.0,15.6,0,19,69
3581,10021.0,0,0,7.2,0.0,21.0,0.0,0.0,71.0,15.0,0,7,69
3582,10022.0,0,0,5.0,0.0,0.0,0.0,0.0,0.0,12.2,0,12,69
3583,10036.0,1,0,6.2,0.0,5.0,0.0,0.0,17.0,14.0,1,9,69
3584,10019.0,0,0,9.1,0.0,0.0,0.0,0.0,0.0,12.6,0,14,69
3585,10036.0,0,0,9.1,0.0,0.0,0.0,0.0,0.0,12.6,0,14,69
3586,10040.0,1,0,7.4,0.0,11.0,0.0,0.0,37.0,15.4,1,5,69
3587,10003.0,0,0,9.1,0.0,0.0,0.0,0.0,0.0,12.6,0,14,69
3588,10019.0,0,0,6.2,0.0,5.0,0.0,0.0,17.0,14.0,0,9,69
3589,10034.0,0,0,5.0,0.0,0.0,0.0,0.0,0.0,12.2,0,12,69
3590,10022.0,0,0,18.0,0.0,0.0,0.0,0.0,0.0,15.2,0,18,69
3591,10019.0,0,0,16.7,0.0,2.0,0.0,0.0,6.0,10.6,0,22,69
3592,10013.0,0,0,18.8,0.0,0.0,0.0,0.0,0.0,15.6,0,19,69
3593,10018.0,0,0,6.7,0.0,20.0,0.0,0.0,65.0,14.5,0,8,69
3594,10036.0,0,0,16.7,0.0,0.0,0.0,0.0,0.0,14.6,0,17,69
3595,10037.0,0,0,7.2,0.0,21.0,0.0,0.0,71.0,15.0,0,7,69
3596,10017.0,2,0,5.3,0.0,0.0,0.0,0.0,0.0,11.5,1,10,69
3597,10007.0,0,0,6.8,0.0,0.0,0.0,0.0,0.0,12.6,0,13,69
3598,10014.0,0,0,6.8,0.0,0.0,0.0,0.0,0.0,12.6,0,13,69
3599,10033.0,0,0,6.8,0.0,0.0,0.0,0.0,0.0,12.6,0,13,69
3600,10035.0,0,0,7.2,0.0,21.0,0.0,0.0,71.0,15.0,0,7,69
3601,10019.0,3,0,15.9,0.0,21.0,0.0,0.0,70.0,11.2,1,23,69
3602,10001.0,0,0,6.8,0.0,0.0,0.0,0.0,0.0,12.6,0,13,69
3603,10036.0,1,0,5.0,0.0,0.0,0.0,0.0,0.0,12.2,1,12,69
3604,10002.0,1,0,5.0,0.0,0.0,0.0,0.0,0.0,12.2,1,12,69
3605,10065.0,0,0,6.2,0.0,5.0,0.0,0.0,17.0,14.0,0,9,69
3606,10016.0,0,0,6.7,0.0,20.0,0.0,0.0,65.0,14.5,0,8,69
3607,10038.0,1,0,14.4,0.0,0.0,0.0,0.0,0.0,13.8,1,16,69
3608,10033.0,0,0,7.2,0.0,21.0,0.0,0.0,71.0,15.0,0,7,69
3609,10036.0,0,0,15.9,0.0,21.0,0.0,0.0,70.0,11.2,0,23,69
3610,10013.0,1,0,18.5,0.0,0.0,0.0,0.0,0.0,12.5,1,21,69
3611,10001.0,0,0,5.3,0.0,0.0,0.0,0.0,0.0,11.5,0,10,69
3612,10036.0,0,0,6.8,0.0,0.0,0.0,0.0,0.0,12.6,0,13,69
3613,10032.0,1,0,6.2,0.0,5.0,0.0,0.0,17.0,14.0,1,9,69
3614,10016.0,0,0,5.0,0.0,0.0,0.0,0.0,0.0,12.2,0,12,69
3615,10035.0,0,0,6.2,0.0,5.0,0.0,0.0,17.0,14.0,0,9,69
3616,10002.0,0,0,16.7,0.0,0.0,0.0,0.0,0.0,14.6,0,17,69
3617,10030.0,0,0,18.0,0.0,0.0,0.0,0.0,0.0,15.2,0,18,69
3618,10016.0,0,0,5.3,0.0,0.0,0.0,0.0,0.0,11.5,0,10,69
3619,10035.0,1,0,12.0,0.0,0.0,0.0,0.0,0.0,12.7,1,15,69
3620,10036.0,0,0,5.3,0.0,0.0,0.0,0.0,0.0,11.5,0,10,69
3621,10027.0,0,0,5.3,0.0,0.0,0.0,0.0,0.0,11.5,0,10,69
3622,10028.0,0,0,9.1,0.0,0.0,0.0,0.0,0.0,12.6,0,14,69
3623,10021.0,0,0,18.0,0.0,0.0,0.0,0.0,0.0,15.2,0,18,69
3624,10023.0,0,0,18.8,0.0,0.0,0.0,0.0,0.0,15.6,0,19,69
3625,10035.0,0,0,5.3,0.0,0.0,0.0,0.0,0.0,11.3,0,11,69
3626,10022.0,0,0,6.2,0.0,5.0,0.0,0.0,17.0,14.0,0,9,69
3627,10035.0,1,0,5.3,0.0,0.0,0.0,0.0,0.0,11.3,1,11,69
3628,10021.0,1,0,18.8,0.0,0.0,0.0,0.0,0.0,15.6,1,19,69
3629,10010.0,1,0,6.7,0.0,20.0,0.0,0.0,65.0,14.5,1,8,69
3630,10035.0,1,0,2.9,0.0,0.0,0.0,0.0,0.0,13.2,1,3,68
3631,10012.0,0,0,1.5,0.0,4.0,0.0,7.0,0.0,9.4,0,13,68
3632,10034.0,0,0,10.8,0.0,0.0,0.0,0.0,0.0,15.6,0,18,68
3633,10036.0,1,0,7.1,0.0,0.0,0.0,0.0,0.0,10.5,1,15,68
3634,10035.0,0,0,0.1,0.0,0.0,0.0,0.0,0.0,8.7,0,11,68
3635,10075.0,0,0,0.9,0.0,4.0,0.0,7.0,0.0,9.8,0,9,68
3636,10128.0,0,0,12.4,0.0,0.0,0.0,0.0,0.0,9.4,0,22,68
3637,10033.0,0,0,2.9,0.0,0.0,0.0,0.0,0.0,13.2,0,3,68
3638,10029.0,0,0,12.5,0.0,0.0,0.0,0.0,0.0,16.0,0,20,68
3639,10016.0,0,0,5.7,0.0,0.0,0.0,0.0,0.0,10.5,0,0,68
3640,10034.0,0,0,9.5,0.0,0.0,0.0,0.0,0.0,13.7,0,17,68
3641,10013.0,0,0,0.1,0.0,4.0,0.0,6.0,0.0,10.1,0,12,68
3642,10039.0,0,0,0.0,0.0,11.0,0.0,17.0,4.0,9.7,0,10,68
3643,10038.0,1,0,3.7,0.0,1.0,0.0,1.0,0.0,10.4,1,14,68
3644,10013.0,0,0,12.8,0.0,0.0,0.0,0.0,0.0,13.5,0,21,68
3645,10013.0,0,0,3.7,0.0,1.0,0.0,1.0,0.0,10.4,0,14,68
3646,10038.0,2,0,4.9,0.0,0.0,0.0,0.0,0.0,12.5,1,1,68
3647,10016.0,0,0,2.9,0.0,0.0,0.0,0.0,0.0,13.2,0,3,68
3648,10075.0,0,0,5.7,0.0,0.0,0.0,0.0,0.0,10.5,0,0,68
3649,10033.0,0,0,10.8,0.0,0.0,0.0,0.0,0.0,15.6,0,18,68
3650,10013.0,0,0,8.5,0.0,0.0,0.0,0.0,0.0,11.5,0,16,68
3651,10034.0,0,0,12.8,0.0,0.0,0.0,0.0,0.0,13.5,0,21,68
3652,10036.0,1,0,7.1,0.0,0.0,0.0,0.0,0.0,10.5,1,15,68
3653,10029.0,0,0,11.8,0.0,0.0,0.0,0.0,0.0,16.3,0,19,68
3654,10027.0,0,0,0.1,0.0,0.0,0.0,0.0,0.0,8.7,0,11,68
3655,10065.0,0,0,7.1,0.0,0.0,0.0,0.0,0.0,10.5,0,15,68
3656,10003.0,1,0,12.8,0.0,0.0,0.0,0.0,0.0,13.5,1,21,68
3657,10010.0,0,0,2.9,0.0,0.0,0.0,0.0,0.0,13.2,0,3,68
3658,10001.0,1,0,12.4,0.0,0.0,0.0,0.0,0.0,9.4,1,22,68
3659,10004.0,0,0,5.7,0.0,0.0,0.0,0.0,0.0,10.5,0,0,68
3660,10033.0,0,0,12.4,0.0,0.0,0.0,0.0,0.0,9.4,0,22,68
3661,10011.0,0,0,5.7,0.0,0.0,0.0,0.0,0.0,10.5,0,0,68
3662,10029.0,0,0,1.5,0.0,4.0,0.0,7.0,0.0,9.4,0,13,68
3663,10022.0,0,0,5.7,0.0,0.0,0.0,0.0,0.0,10.5,0,0,68
3664,10001.0,0,0,3.7,0.0,1.0,0.0,1.0,0.0,10.4,0,14,68
3665,10032.0,1,0,1.2,0.0,6.0,0.0,10.0,1.0,9.7,1,8,68
3666,10001.0,1,0,12.8,0.0,0.0,0.0,0.0,0.0,13.5,1,21,68
3667,10034.0,1,0,8.5,0.0,0.0,0.0,0.0,0.0,11.5,1,16,68
3668,10002.0,0,0,2.9,0.0,0.0,0.0,0.0,0.0,13.2,0,3,68
3669,10036.0,0,0,1.9,0.0,0.0,0.0,0.0,0.0,12.0,0,5,68
3670,10011.0,0,0,8.5,0.0,0.0,0.0,0.0,0.0,11.5,0,16,68
3671,10002.0,0,0,10.8,0.0,0.0,0.0,0.0,0.0,15.6,0,18,68
3672,10019.0,0,0,0.0,0.0,11.0,0.0,17.0,4.0,9.7,0,10,68
3673,10039.0,0,0,1.7,0.0,0.0,0.0,0.0,0.0,10.4,0,6,68
3674,10012.0,1,0,12.4,0.0,0.0,0.0,0.0,0.0,9.4,1,22,68
3675,10022.0,0,0,10.8,0.0,0.0,0.0,0.0,0.0,15.6,0,18,68
3676,10002.0,1,0,2.9,0.0,0.0,0.0,0.0,0.0,13.2,1,3,68
3677,10035.0,0,0,1.2,0.0,6.0,0.0,10.0,1.0,9.7,0,8,68
3678,10033.0,0,0,2.3,0.0,50.0,23.0,0.0,99.0,20.3,0,13,67
3679,10007.0,0,0,2.4,0.0,82.0,5.0,79.0,100.0,17.0,0,9,67
3680,10013.0,0,0,3.8,0.0,6.0,0.0,0.0,21.0,26.1,0,15,67
3681,10034.0,0,0,2.5,0.0,24.0,12.0,4.0,37.0,26.4,0,14,67
3682,10038.0,0,0,1.9,0.0,74.0,30.0,29.0,100.0,17.4,0,11,67
3683,10010.0,0,0,7.6,0.0,0.0,0.0,0.0,0.0,21.4,0,20,67
3684,10019.0,0,0,4.3,0.2,100.0,27.0,100.0,100.0,12.8,0,1,67
3685,10016.0,0,0,3.8,0.0,97.0,9.0,98.0,100.0,12.2,0,2,67
3686,10024.0,0,0,3.8,0.0,6.0,0.0,0.0,21.0,26.1,0,15,67
3687,10035.0,0,0,2.5,0.0,24.0,12.0,4.0,37.0,26.4,0,14,67
3688,10003.0,1,0,7.9,0.0,0.0,0.0,0.0,0.0,19.5,1,21,67
3689,10035.0,1,0,7.2,0.0,0.0,0.0,0.0,0.0,11.2,1,22,67
3690,10013.0,0,0,2.0,0.0,77.0,12.0,61.0,100.0,16.0,0,10,67
3691,10022.0,0,0,1.9,0.0,74.0,30.0,29.0,100.0,17.4,0,11,67
3692,10011.0,0,0,2.9,0.0,81.0,0.0,85.0,100.0,15.3,0,8,67
3693,10028.0,0,0,5.5,0.0,0.0,0.0,0.0,0.0,25.2,0,17,67
3694,10002.0,0,0,7.2,0.0,0.0,0.0,0.0,0.0,11.2,0,22,67
3695,10023.0,0,0,7.9,0.0,0.0,0.0,0.0,0.0,19.5,0,21,67
3696,10019.0,0,0,1.9,0.0,79.0,54.0,0.0,100.0,19.8,0,12,67
3697,10128.0,5,0,1.9,0.0,74.0,30.0,29.0,100.0,17.4,1,11,67
3698,10036.0,1,0,1.9,0.0,79.0,54.0,0.0,100.0,19.8,1,12,67
3699,10012.0,0,0,7.9,0.0,0.0,0.0,0.0,0.0,19.5,0,21,67
3700,10029.0,0,0,7.0,0.0,0.0,0.0,0.0,0.0,22.2,0,19,67
3701,10003.0,1,0,7.0,0.0,0.0,0.0,0.0,0.0,22.2,1,19,67
3702,10013.0,0,0,1.9,0.0,79.0,54.0,0.0,100.0,19.8,0,12,67
3703,10002.0,0,0,3.8,0.0,97.0,9.0,98.0,100.0,12.2,0,2,67
3704,10021.0,0,0,2.5,0.0,24.0,12.0,4.0,37.0,26.4,0,14,67
3705,10035.0,0,0,2.5,0.0,24.0,12.0,4.0,37.0,26.4,0,14,67
3706,10036.0,1,0,2.4,0.0,82.0,5.0,79.0,100.0,17.0,1,9,67
3707,10017.0,1,0,5.5,0.0,0.0,0.0,0.0,0.0,25.2,1,17,67
3708,10022.0,0,0,3.8,0.0,6.0,0.0,0.0,21.0,26.1,0,15,67
3709,10001.0,0,0,6.3,0.0,0.0,0.0,0.0,0.0,8.7,0,23,67
3710,10013.0,0,0,3.0,0.0,100.0,25.0,98.0,100.0,14.5,0,6,67
3711,10002.0,0,0,3.3,0.0,99.0,11.0,98.0,100.0,12.6,0,4,67
3712,10027.0,0,0,7.0,0.0,0.0,0.0,0.0,0.0,22.2,0,19,67
3713,10033.0,0,0,3.8,0.0,6.0,0.0,0.0,21.0,26.1,0,15,67
3714,10002.0,1,0,6.3,0.0,0.0,0.0,0.0,0.0,8.7,1,23,67
3715,10011.0,0,0,2.3,0.0,50.0,23.0,0.0,99.0,20.3,0,13,67
3716,10013.0,0,0,7.2,0.0,0.0,0.0,0.0,0.0,11.2,0,22,67
3717,10027.0,0,0,4.4,0.0,0.0,0.0,0.0,0.0,26.1,0,16,67
3718,10009.0,0,0,4.3,0.6,100.0,25.0,100.0,100.0,12.9,0,0,67
3719,10016.0,0,0,7.9,0.0,0.0,0.0,0.0,0.0,19.5,0,21,67
3720,10036.0,0,0,2.5,0.0,24.0,12.0,4.0,37.0,26.4,0,14,67
3721,10016.0,0,0,2.9,0.0,81.0,0.0,85.0,100.0,15.3,0,8,67
3722,10002.0,0,0,4.3,0.6,100.0,25.0,100.0,100.0,12.9,0,0,67
3723,10035.0,0,0,3.8,0.0,6.0,0.0,0.0,21.0,26.1,0,15,67
3724,10007.0,0,0,7.0,0.0,0.0,0.0,0.0,0.0,22.2,0,19,67
3725,10023.0,0,0,2.5,0.0,24.0,12.0,4.0,37.0,26.4,0,14,67
3726,10003.0,0,0,2.4,0.0,82.0,5.0,79.0,100.0,17.0,0,9,67
3727,10028.0,0,0,1.9,0.0,79.0,54.0,0.0,100.0,19.8,0,12,67
3728,10010.0,1,0,4.6,0.9,100.0,22.0,100.0,100.0,12.7,1,23,66
3729,10019.0,0,0,3.4,0.0,5.0,0.0,0.0,15.0,6.4,0,9,66
3730,10034.0,0,0,7.1,0.0,75.0,7.0,100.0,30.0,10.6,0,16,66
3731,10035.0,0,0,5.0,0.0,29.0,0.0,0.0,97.0,9.1,0,2,66
3732,10017.0,0,0,6.3,0.5,90.0,0.0,100.0,100.0,14.8,0,20,66
3733,10007.0,0,0,7.2,0.5,100.0,40.0,100.0,96.0,10.7,0,18,66
3734,10033.0,0,0,7.2,0.5,100.0,40.0,100.0,96.0,10.7,0,18,66
3735,10036.0,0,0,2.6,0.0,4.0,0.0,0.0,12.0,6.2,0,10,66
3736,10002.0,1,0,4.9,0.0,54.0,1.0,88.0,0.0,12.0,1,14,66
3737,10013.0,0,0,7.2,0.5,100.0,40.0,100.0,96.0,10.7,0,18,66
3738,10018.0,0,0,3.4,0.0,5.0,0.0,0.0,15.0,6.4,0,9,66
3739,10019.0,1,0,6.3,0.5,90.0,0.0,100.0,100.0,14.8,1,20,66
3740,10041.0,0,0,2.4,0.0,3.0,0.0,0.0,9.0,8.1,0,11,66
3741,10025.0,0,0,6.5,0.0,69.0,3.0,100.0,22.0,12.0,0,15,66
3742,10010.0,0,0,3.4,0.0,5.0,0.0,0.0,15.0,6.4,0,9,66
3743,10021.0,0,0,2.1,0.0,8.0,1.0,11.0,0.0,10.7,0,12,66
3744,10030.0,0,0,3.6,0.0,16.0,0.0,0.0,52.0,6.2,0,8,66
3745,10023.0,0,0,4.9,0.0,54.0,1.0,88.0,0.0,12.0,0,14,66
3746,10014.0,0,0,3.6,0.0,26.0,0.0,0.0,88.0,8.0,0,7,66
3747,10128.0,0,0,2.4,0.0,3.0,0.0,0.0,9.0,8.1,0,11,66
3748,10023.0,0,0,7.0,0.5,90.0,0.0,100.0,99.0,13.0,0,19,66
3749,10010.0,0,0,7.2,0.5,100.0,40.0,100.0,96.0,10.7,0,18,66
3750,10022.0,0,0,2.4,0.0,3.0,0.0,0.0,9.0,8.1,0,11,66
3751,10033.0,0,0,6.9,0.2,91.0,15.0,100.0,57.0,10.6,0,17,66
3752,10075.0,0,0,4.9,0.0,54.0,1.0,88.0,0.0,12.0,0,14,66
3753,10027.0,0,0,6.9,0.2,91.0,15.0,100.0,57.0,10.6,0,17,66
3754,10016.0,0,0,2.1,0.0,8.0,1.0,11.0,0.0,10.7,0,12,66
3755,10035.0,0,0,6.9,0.0,29.0,0.0,0.0,95.0,8.9,0,0,66
3756,10039.0,1,0,4.7,0.7,100.0,26.0,100.0,100.0,11.2,1,22,66
3757,10003.0,0,0,3.0,0.0,28.0,1.0,45.0,0.0,10.2,0,13,66
3758,10001.0,0,0,3.0,0.0,28.0,1.0,45.0,0.0,10.2,0,13,66
3759,10017.0,0,0,6.3,0.5,90.0,0.0,100.0,100.0,14.8,0,20,66
3760,10036.0,0,0,6.9,0.0,29.0,0.0,0.0,95.0,8.9,0,0,66
3761,10032.0,0,0,5.4,0.6,100.0,22.0,100.0,100.0,12.3,0,21,66
3762,10002.0,1,0,5.4,0.6,100.0,22.0,100.0,100.0,12.3,1,21,66
3763,10035.0,0,0,2.6,0.0,4.0,0.0,0.0,12.0,6.2,0,10,66
3764,10028.0,0,0,3.8,0.0,28.0,0.0,0.0,92.0,7.4,0,4,66
3765,10030.0,0,0,3.0,0.0,28.0,1.0,45.0,0.0,10.2,0,13,66
3766,10001.0,0,0,7.2,0.5,100.0,40.0,100.0,96.0,10.7,0,18,66
3767,10003.0,0,0,6.3,0.5,90.0,0.0,100.0,100.0,14.8,0,20,66
3768,10009.0,0,0,5.4,0.6,100.0,22.0,100.0,100.0,12.3,0,21,66
3769,10019.0,0,0,4.9,0.0,54.0,1.0,88.0,0.0,12.0,0,14,66
3770,10013.0,0,0,6.9,0.2,91.0,15.0,100.0,57.0,10.6,0,17,66
3771,10002.0,0,0,3.0,0.0,28.0,1.0,45.0,0.0,10.2,0,13,66
3772,10019.0,0,0,4.9,0.0,54.0,1.0,88.0,0.0,12.0,0,14,66
3773,10022.0,0,0,3.4,0.0,5.0,0.0,0.0,15.0,6.4,0,9,66
3774,10009.0,1,0,6.9,0.0,29.0,0.0,0.0,95.0,8.9,1,0,66
3775,10037.0,0,0,2.6,0.0,4.0,0.0,0.0,12.0,6.2,0,10,66
3776,10032.0,0,0,7.2,0.5,100.0,40.0,100.0,96.0,10.7,0,18,66
3777,10065.0,0,0,3.4,0.0,27.0,0.0,0.0,89.0,10.2,0,6,66
3778,10035.0,0,0,2.4,0.0,3.0,0.0,0.0,9.0,8.1,0,11,66
3779,10035.0,0,0,6.9,0.2,91.0,15.0,100.0,57.0,10.6,0,17,66
3780,10002.0,1,0,7.2,0.5,100.0,40.0,100.0,96.0,10.7,1,18,66
3781,10035.0,0,0,4.6,0.9,100.0,22.0,100.0,100.0,12.7,0,23,66
3782,10019.0,1,0,5.4,0.6,100.0,22.0,100.0,100.0,12.3,1,21,66
3783,10019.0,0,0,6.3,0.5,90.0,0.0,100.0,100.0,14.8,0,20,66
3784,10032.0,0,0,6.5,0.0,69.0,3.0,100.0,22.0,12.0,0,15,66
3785,10001.0,0,0,5.4,0.6,100.0,22.0,100.0,100.0,12.3,0,21,66
3786,10019.0,0,0,4.6,0.9,100.0,22.0,100.0,100.0,12.7,0,23,66
3787,10002.0,0,0,7.1,0.0,75.0,7.0,100.0,30.0,10.6,0,16,66
3788,10003.0,0,0,4.6,0.9,100.0,22.0,100.0,100.0,12.7,0,23,66
3789,10017.0,0,0,3.8,0.0,28.0,0.0,0.0,92.0,7.4,0,4,66
3790,10013.0,0,0,3.4,0.0,5.0,0.0,0.0,15.0,6.4,0,9,66
3791,10033.0,0,0,7.1,0.0,75.0,7.0,100.0,30.0,10.6,0,16,66
3792,10019.0,0,0,3.6,0.0,26.0,0.0,0.0,88.0,8.0,0,7,66
3793,10014.0,0,0,4.9,0.0,54.0,1.0,88.0,0.0,12.0,0,14,66
3794,10013.0,0,0,7.2,0.5,100.0,40.0,100.0,96.0,10.7,0,18,66
3795,10016.0,0,0,7.0,0.5,90.0,0.0,100.0,99.0,13.0,0,19,66
3796,10278.0,0,0,2.6,0.0,4.0,0.0,0.0,12.0,6.2,0,10,66
3797,10029.0,0,0,3.8,0.0,29.0,0.0,0.0,95.0,9.4,0,5,66
3798,10003.0,0,0,4.7,0.7,100.0,26.0,100.0,100.0,11.2,0,22,66
3799,10003.0,0,0,2.4,0.0,3.0,0.0,0.0,9.0,8.1,0,11,66
3800,10029.0,1,0,5.4,0.6,100.0,22.0,100.0,100.0,12.3,1,21,66
3801,10033.0,0,0,4.9,0.0,54.0,1.0,88.0,0.0,12.0,0,14,66
3802,10001.0,0,0,4.7,0.7,100.0,26.0,100.0,100.0,11.2,0,22,66
3803,10001.0,0,0,2.6,0.0,4.0,0.0,0.0,12.0,6.2,0,10,66
3804,10003.0,0,0,5.0,0.0,29.0,0.0,0.0,97.0,9.1,0,2,66
3805,10018.0,0,0,6.9,0.2,91.0,15.0,100.0,57.0,10.6,0,17,66
3806,10003.0,0,0,3.4,0.0,5.0,0.0,0.0,15.0,6.4,0,9,66
3807,10019.0,0,0,5.4,0.6,100.0,22.0,100.0,100.0,12.3,0,21,66
3808,10010.0,0,0,4.6,0.9,100.0,22.0,100.0,100.0,12.7,0,23,66
3809,10033.0,0,0,7.2,0.5,100.0,40.0,100.0,96.0,10.7,0,18,66
3810,10001.0,0,0,4.6,0.9,100.0,22.0,100.0,100.0,12.7,0,23,66
3811,10029.0,0,0,4.7,0.7,100.0,26.0,100.0,100.0,11.2,0,22,66
3812,10023.0,0,0,7.2,0.5,100.0,40.0,100.0,96.0,10.7,0,18,66
3813,10033.0,0,0,7.2,0.5,100.0,40.0,100.0,96.0,10.7,0,18,66
3814,10075.0,0,0,4.7,0.7,100.0,26.0,100.0,100.0,11.2,0,22,66
3815,10003.0,0,0,3.6,0.0,26.0,0.0,0.0,88.0,8.0,0,7,66
3816,10019.0,0,0,7.2,0.5,100.0,40.0,100.0,96.0,10.7,0,18,66
3817,10128.0,1,0,6.9,0.2,91.0,15.0,100.0,57.0,10.6,1,17,66
3818,10014.0,0,0,2.4,0.0,3.0,0.0,0.0,9.0,8.1,0,11,66
3819,10013.0,0,0,3.0,0.0,28.0,1.0,45.0,0.0,10.2,0,13,66
3820,10031.0,0,0,7.1,0.0,75.0,7.0,100.0,30.0,10.6,0,16,66
3821,10001.0,0,0,7.1,0.0,75.0,7.0,100.0,30.0,10.6,0,16,66
3822,10032.0,0,0,6.5,0.0,69.0,3.0,100.0,22.0,12.0,0,15,66
3823,10024.0,0,0,6.9,0.0,29.0,0.0,0.0,95.0,8.9,0,0,66
3824,10036.0,0,0,6.9,0.2,91.0,15.0,100.0,57.0,10.6,0,17,66
3825,10022.0,0,0,4.6,0.0,0.0,0.0,0.0,0.0,9.2,0,13,65
3826,10001.0,0,0,5.4,0.0,0.0,0.0,0.0,0.0,14.0,0,14,65
3827,10021.0,1,0,7.9,0.0,3.0,0.0,0.0,11.0,6.2,1,18,65
3828,10035.0,0,0,7.3,0.0,0.0,0.0,0.0,0.0,9.2,0,16,65
3829,10036.0,0,0,7.3,0.0,0.0,0.0,0.0,0.0,9.2,0,16,65
3830,10018.0,1,0,7.9,0.0,3.0,0.0,0.0,11.0,6.2,1,18,65
3831,10013.0,0,0,4.6,0.0,0.0,0.0,0.0,0.0,9.2,0,13,65
3832,10019.0,0,0,3.9,0.0,0.0,0.0,0.0,0.0,10.9,0,11,65
3833,10012.0,0,0,4.0,0.0,0.0,0.0,0.0,0.0,16.1,0,10,65
3834,10002.0,0,0,5.9,0.0,0.0,0.0,0.0,0.0,17.8,0,8,65
3835,10003.0,0,0,4.0,0.0,0.0,0.0,0.0,0.0,9.9,0,12,65
3836,10034.0,0,0,4.6,0.0,0.0,0.0,0.0,0.0,9.2,0,13,65
3837,10032.0,1,0,8.8,0.0,29.0,0.0,0.0,97.0,6.1,1,21,65
3838,10024.0,0,0,8.3,0.0,3.0,0.0,0.0,10.0,6.6,0,19,65
3839,10016.0,0,0,5.2,0.0,0.0,0.0,0.0,0.0,17.6,0,9,65
3840,10019.0,0,0,8.3,0.0,3.0,0.0,0.0,10.0,6.6,0,19,65
3841,10035.0,1,0,8.1,0.0,29.0,0.0,0.0,97.0,8.1,1,23,65
3842,10016.0,0,0,7.9,0.0,3.0,0.0,0.0,11.0,6.2,0,18,65
3843,10128.0,0,0,8.2,0.0,29.0,0.0,0.0,98.0,5.6,0,22,65
3844,10003.0,0,0,4.0,0.0,0.0,0.0,0.0,0.0,9.9,0,12,65
3845,10022.0,0,0,7.7,0.0,0.0,0.0,0.0,1.0,6.9,0,17,65
3846,10022.0,0,0,4.6,0.0,0.0,0.0,0.0,0.0,9.2,0,13,65
3847,10003.0,0,0,5.4,0.0,0.0,0.0,0.0,0.0,14.0,0,14,65
3848,10018.0,0,0,8.2,0.0,29.0,0.0,0.0,98.0,5.6,0,22,65
3849,10032.0,4,0,4.0,0.0,0.0,0.0,0.0,0.0,16.1,1,10,65
3850,10016.0,0,0,10.5,0.0,36.0,0.0,60.0,0.0,10.5,0,0,65
3851,10002.0,1,0,7.3,0.0,0.0,0.0,0.0,0.0,9.2,1,16,65
3852,10035.0,2,0,4.6,0.0,0.0,0.0,0.0,0.0,9.2,1,13,65
3853,10036.0,0,0,5.9,0.0,0.0,0.0,0.0,0.0,17.8,0,8,65
3854,10030.0,0,0,7.7,0.0,0.0,0.0,0.0,1.0,6.9,0,17,65
3855,10012.0,0,0,8.6,0.0,22.0,0.0,0.0,72.0,7.2,0,20,65
3856,10001.0,0,0,3.9,0.0,0.0,0.0,0.0,0.0,10.9,0,11,65
3857,10001.0,1,0,6.8,0.0,0.0,0.0,0.0,0.0,12.0,1,15,65
3858,10006.0,0,0,8.6,0.0,22.0,0.0,0.0,72.0,7.2,0,20,65
3859,10012.0,0,0,10.5,0.0,36.0,0.0,60.0,0.0,10.5,0,0,65
3860,10026.0,0,0,4.0,0.0,0.0,0.0,0.0,0.0,16.1,0,10,65
3861,10036.0,0,0,7.3,0.0,0.0,0.0,0.0,0.0,9.2,0,16,65
3862,10001.0,0,0,7.7,0.0,0.0,0.0,0.0,1.0,6.9,0,17,65
3863,10037.0,0,0,4.6,0.0,0.0,0.0,0.0,0.0,9.2,0,13,65
3864,10013.0,0,0,5.4,0.0,0.0,0.0,0.0,0.0,14.0,0,14,65
3865,10001.0,0,0,3.9,0.0,0.0,0.0,0.0,0.0,10.9,0,11,65
3866,10065.0,0,0,4.0,0.0,0.0,0.0,0.0,0.0,9.9,0,12,65
3867,10022.0,0,0,7.7,0.0,0.0,0.0,0.0,1.0,6.9,0,17,65
3868,10002.0,0,0,5.4,0.0,0.0,0.0,0.0,0.0,14.0,0,14,65
3869,10004.0,0,0,5.4,0.0,0.0,0.0,0.0,0.0,14.0,0,14,65
3870,10017.0,0,0,8.3,0.0,3.0,0.0,0.0,10.0,6.6,0,19,65
3871,10003.0,0,0,7.9,0.0,16.0,0.0,26.0,0.0,10.7,0,5,65
3872,10016.0,0,0,4.0,0.0,0.0,0.0,0.0,0.0,16.1,0,10,65
3873,10019.0,0,0,5.4,0.0,0.0,0.0,0.0,0.0,14.0,0,14,65
3874,10036.0,0,0,5.9,0.0,0.0,0.0,0.0,0.0,17.8,0,8,65
3875,10037.0,0,0,3.9,0.0,0.0,0.0,0.0,0.0,10.9,0,11,65
3876,10035.0,0,0,3.9,0.0,0.0,0.0,0.0,0.0,10.9,0,11,65
3877,10024.0,0,0,7.7,0.0,0.0,0.0,0.0,1.0,6.9,0,17,65
3878,10032.0,0,0,8.6,0.0,6.0,0.0,10.0,0.0,9.1,0,4,65
3879,10018.0,1,0,8.6,0.0,22.0,0.0,0.0,72.0,7.2,1,20,65
3880,10021.0,0,0,4.0,0.0,0.0,0.0,0.0,0.0,9.9,0,12,65
3881,10033.0,0,0,4.6,0.0,0.0,0.0,0.0,0.0,9.2,0,13,65
3882,10029.0,0,0,4.0,0.0,0.0,0.0,0.0,0.0,16.1,0,10,65
3883,10017.0,1,0,8.2,0.0,29.0,0.0,0.0,98.0,5.6,1,22,65
3884,10002.0,1,0,7.3,0.0,0.0,0.0,0.0,0.0,9.2,1,16,65
3885,10016.0,0,0,4.0,0.0,0.0,0.0,0.0,0.0,16.1,0,10,65
3886,10002.0,0,0,7.1,0.0,4.0,0.0,6.0,0.0,14.0,0,6,65
3887,10018.0,0,0,4.0,0.0,0.0,0.0,0.0,0.0,9.9,0,12,65
3888,10002.0,0,0,4.0,0.0,0.0,0.0,0.0,0.0,9.9,0,12,65
3889,10017.0,0,0,8.3,0.0,3.0,0.0,0.0,10.0,6.6,0,19,65
3890,10024.0,0,0,4.6,0.0,0.0,0.0,0.0,0.0,9.2,0,13,65
3891,10019.0,0,0,11.0,0.0,38.0,2.0,61.0,0.0,29.4,0,17,64
3892,10025.0,0,0,7.5,0.0,56.0,62.0,0.0,0.0,20.5,0,13,64
3893,10022.0,0,0,11.0,0.0,38.0,2.0,61.0,0.0,29.4,0,17,64
3894,10024.0,0,0,7.6,0.0,0.0,0.0,0.0,0.0,20.6,0,9,64
3895,10128.0,0,0,8.2,0.0,82.0,91.0,0.0,0.0,25.2,0,14,64
3896,10031.0,0,0,8.2,0.0,0.0,0.0,0.0,0.0,20.2,0,8,64
3897,10029.0,0,0,8.2,0.0,0.0,0.0,0.0,0.0,20.2,0,8,64
3898,10002.0,1,0,6.8,0.0,10.0,11.0,0.0,0.0,19.2,1,12,64
3899,10023.0,1,0,8.2,0.0,0.0,0.0,0.0,0.0,20.2,1,8,64
3900,10027.0,0,0,12.2,0.0,4.0,0.0,7.0,0.0,22.0,0,21,64
3901,10032.0,0,0,9.1,0.0,1.0,0.0,1.0,0.0,22.7,0,6,64
3902,10007.0,0,0,12.1,0.0,46.0,0.0,77.0,0.0,25.3,0,20,64
3903,10003.0,0,0,7.1,0.0,0.0,0.0,0.0,0.0,19.9,0,11,64
3904,10001.0,1,0,12.1,0.0,46.0,0.0,77.0,0.0,25.3,1,20,64
3905,10019.0,1,0,11.0,0.0,22.0,0.0,37.0,0.0,27.5,1,18,64
3906,10007.0,0,0,9.1,0.0,18.0,20.0,0.0,0.0,27.1,0,15,64
3907,10011.0,0,0,7.1,0.0,0.0,0.0,0.0,0.0,19.7,0,10,64
3908,10065.0,0,0,7.1,0.0,0.0,0.0,0.0,0.0,19.9,0,11,64
3909,10022.0,0,0,7.5,0.0,56.0,62.0,0.0,0.0,20.5,0,13,64
3910,10040.0,1,0,12.1,0.0,46.0,0.0,77.0,0.0,25.3,1,20,64
3911,10019.0,0,0,11.0,0.0,22.0,0.0,37.0,0.0,27.5,0,18,64
3912,10013.0,0,0,7.5,0.0,56.0,62.0,0.0,0.0,20.5,0,13,64
3913,10001.0,1,0,9.1,0.0,18.0,20.0,0.0,0.0,27.1,1,15,64
3914,10018.0,0,0,8.2,0.0,82.0,91.0,0.0,0.0,25.2,0,14,64
3915,10013.0,0,0,9.1,0.0,1.0,0.0,1.0,0.0,22.7,0,6,64
3916,10019.0,1,0,11.0,0.0,22.0,0.0,37.0,0.0,27.5,1,18,64
3917,10011.0,0,0,9.9,0.0,25.0,11.0,25.0,1.0,28.2,0,16,64
3918,10017.0,0,0,11.5,0.0,6.0,0.0,9.0,2.0,14.0,0,22,64
3919,10036.0,0,0,12.1,0.0,46.0,0.0,77.0,0.0,25.3,0,20,64
3920,10033.0,0,0,11.0,0.0,65.0,0.0,100.0,15.0,13.0,0,23,64
3921,10032.0,1,0,12.1,0.0,46.0,0.0,77.0,0.0,25.3,1,20,64
3922,10019.0,0,0,7.1,0.0,0.0,0.0,0.0,0.0,19.7,0,10,64
3923,10017.0,0,0,7.1,0.0,0.0,0.0,0.0,0.0,19.9,0,11,64
3924,10027.0,1,0,9.1,0.0,18.0,20.0,0.0,0.0,27.1,1,15,64
3925,10010.0,0,0,7.6,0.0,0.0,0.0,0.0,0.0,20.6,0,9,64
3926,10012.0,0,0,10.6,1.0,100.0,77.0,96.0,43.0,17.2,0,3,64
3927,10016.0,0,0,6.8,0.0,10.0,11.0,0.0,0.0,19.2,0,12,64
3928,10001.0,0,0,7.1,0.0,0.0,0.0,0.0,0.0,19.9,0,11,64
3929,10022.0,0,0,9.1,0.0,1.0,0.0,1.0,0.0,22.7,0,6,64
3930,10001.0,2,0,6.8,0.0,10.0,11.0,0.0,0.0,19.2,1,12,64
3931,10128.0,0,0,8.6,0.0,0.0,0.0,0.0,0.0,20.6,0,7,64
3932,10029.0,0,0,11.0,0.0,38.0,2.0,61.0,0.0,29.4,0,17,64
3933,10011.0,0,0,9.1,0.0,18.0,20.0,0.0,0.0,27.1,0,15,64
3934,10036.0,0,0,11.5,0.0,6.0,0.0,9.0,2.0,14.0,0,22,64
3935,10009.0,0,0,7.1,0.0,0.0,0.0,0.0,0.0,19.7,0,10,64
3936,10128.0,0,0,8.6,0.0,0.0,0.0,0.0,0.0,20.6,0,7,64
3937,10013.0,0,0,9.9,0.0,25.0,11.0,25.0,1.0,28.2,0,16,64
3938,10022.0,0,0,7.1,0.0,0.0,0.0,0.0,0.0,19.9,0,11,64
3939,10014.0,0,0,10.6,0.0,76.0,42.0,43.0,40.0,14.6,0,2,64
3940,10017.0,0,0,6.8,0.0,10.0,11.0,0.0,0.0,19.2,0,12,64
3941,10018.0,0,0,11.6,0.0,50.0,0.0,84.0,0.0,27.8,0,19,64
3942,10009.0,1,0,9.1,0.0,18.0,20.0,0.0,0.0,27.1,1,15,64
3943,10065.0,0,0,9.1,0.0,1.0,0.0,1.0,0.0,22.7,0,6,64
3944,10019.0,0,0,12.2,0.0,4.0,0.0,7.0,0.0,22.0,0,21,64
3945,10007.0,0,0,6.8,0.0,10.0,11.0,0.0,0.0,19.2,0,12,64
3946,10036.0,0,0,11.0,0.0,22.0,0.0,37.0,0.0,27.5,0,18,64
3947,10014.0,1,0,7.5,0.0,56.0,62.0,0.0,0.0,20.5,1,13,64
3948,10019.0,0,0,6.8,0.0,10.0,11.0,0.0,0.0,19.2,0,12,64
3949,10028.0,0,0,11.5,0.0,6.0,0.0,9.0,2.0,14.0,0,22,64
3950,10128.0,0,0,11.0,0.0,22.0,0.0,37.0,0.0,27.5,0,18,64
3951,10036.0,0,0,12.2,0.0,4.0,0.0,7.0,0.0,22.0,0,21,64
3952,10027.0,0,0,8.2,0.0,82.0,91.0,0.0,0.0,25.2,0,14,64
3953,10023.0,0,0,8.2,0.0,82.0,91.0,0.0,0.0,25.2,0,14,64
3954,10017.0,0,0,11.0,0.0,22.0,0.0,37.0,0.0,27.5,0,18,64
3955,10010.0,0,0,7.1,0.0,0.0,0.0,0.0,0.0,19.7,0,10,64
3956,10032.0,2,0,8.2,0.0,0.0,0.0,0.0,0.0,20.2,1,8,64
3957,10019.0,0,0,9.1,0.0,18.0,20.0,0.0,0.0,27.1,0,15,64
3958,10029.0,0,0,11.0,0.0,22.0,0.0,37.0,0.0,27.5,0,18,64
3959,10022.0,1,0,7.1,0.0,0.0,0.0,0.0,0.0,19.9,1,11,64
3960,10128.0,0,0,7.9,0.0,90.0,78.0,9.0,48.0,8.2,0,11,63
3961,10003.0,0,0,11.8,0.0,100.0,25.0,92.0,93.0,10.2,0,17,63
3962,10039.0,0,0,9.4,0.0,37.0,6.0,2.0,100.0,6.8,0,13,63
3963,10007.0,0,0,11.5,0.0,35.0,6.0,0.0,99.0,5.4,0,15,63
3964,10011.0,0,0,11.5,0.0,35.0,6.0,0.0,99.0,5.4,0,15,63
3965,10034.0,0,0,8.0,0.0,82.0,76.0,3.0,38.0,9.0,0,10,63
3966,10009.0,1,0,9.9,0.4,100.0,100.0,90.0,90.0,9.9,1,8,63
3967,10002.0,1,0,11.5,0.0,98.0,15.0,100.0,81.0,9.7,1,18,63
3968,10002.0,1,0,11.1,0.0,34.0,4.0,0.0,100.0,2.9,1,14,63
3969,10012.0,0,0,9.4,0.0,37.0,6.0,2.0,100.0,6.8,0,13,63
3970,10032.0,0,0,11.9,0.0,89.0,0.0,98.0,99.0,17.9,0,0,63
3971,10032.0,0,0,9.9,0.4,100.0,100.0,90.0,90.0,9.9,0,8,63
3972,10024.0,0,0,7.9,0.0,90.0,78.0,9.0,48.0,8.2,0,11,63
3973,10036.0,0,0,11.8,0.0,100.0,25.0,92.0,93.0,10.2,0,17,63
3974,10017.0,0,0,11.9,0.0,78.0,0.0,80.0,100.0,20.6,0,1,63
3975,10023.0,0,0,11.8,0.0,100.0,25.0,92.0,93.0,10.2,0,17,63
3976,10281.0,0,0,11.9,0.0,89.0,0.0,98.0,99.0,17.9,0,0,63
3977,10019.0,0,0,8.0,0.0,82.0,76.0,3.0,38.0,9.0,0,10,63
3978,10022.0,0,0,7.9,0.0,90.0,78.0,9.0,48.0,8.2,0,11,63
3979,10075.0,0,0,9.4,0.0,37.0,6.0,2.0,100.0,6.8,0,13,63
3980,10027.0,0,0,10.4,0.5,100.0,35.0,92.0,95.0,11.5,0,7,63
3981,10029.0,0,0,9.9,0.0,66.0,19.0,31.0,100.0,8.3,0,16,63
3982,10011.0,0,0,7.9,0.0,90.0,78.0,9.0,48.0,8.2,0,11,63
3983,10016.0,0,0,10.7,1.2,86.0,8.0,92.0,79.0,11.2,0,20,63
3984,10019.0,0,0,9.9,0.0,66.0,19.0,31.0,100.0,8.3,0,16,63
3985,10013.0,0,0,10.4,0.5,100.0,35.0,92.0,95.0,11.5,0,7,63
3986,10016.0,0,0,11.8,0.0,100.0,25.0,92.0,93.0,10.2,0,17,63
3987,10007.0,0,0,11.5,0.0,35.0,6.0,0.0,99.0,5.4,0,15,63
3988,10011.0,0,0,8.0,0.0,82.0,76.0,3.0,38.0,9.0,0,10,63
3989,10036.0,0,0,9.1,0.1,100.0,100.0,41.0,76.0,7.9,0,9,63
3990,10002.0,1,0,11.1,0.0,34.0,4.0,0.0,100.0,2.9,1,14,63
3991,10012.0,0,0,7.8,0.0,46.0,32.0,1.0,56.0,7.1,0,12,63
3992,10037.0,0,0,8.0,0.0,82.0,76.0,3.0,38.0,9.0,0,10,63
3993,10012.0,0,0,7.9,0.0,90.0,78.0,9.0,48.0,8.2,0,11,63
3994,10001.0,1,0,9.9,0.0,66.0,19.0,31.0,100.0,8.3,1,16,63
3995,10036.0,0,0,11.4,0.1,100.0,55.0,90.0,99.0,17.6,0,4,63
3996,10016.0,0,0,11.1,0.0,34.0,4.0,0.0,100.0,2.9,0,14,63
3997,10022.0,0,0,11.8,0.1,38.0,0.0,13.0,100.0,17.6,0,2,63
3998,10022.0,0,0,7.8,0.0,46.0,32.0,1.0,56.0,7.1,0,12,63
3999,10017.0,1,0,10.0,1.8,100.0,90.0,93.0,24.0,11.7,1,21,63
4000,10020.0,0,0,7.8,0.0,46.0,32.0,1.0,56.0,7.1,0,12,63
4001,10036.0,0,0,7.9,0.0,90.0,78.0,9.0,48.0,8.2,0,11,63
4002,10035.0,0,0,9.1,0.1,100.0,100.0,41.0,76.0,7.9,0,9,63
4003,10033.0,0,0,9.1,0.1,100.0,100.0,41.0,76.0,7.9,0,9,63
4004,10006.0,1,0,7.8,0.0,46.0,32.0,1.0,56.0,7.1,1,12,63
4005,10065.0,0,0,10.7,1.2,86.0,8.0,92.0,79.0,11.2,0,20,63
4006,10034.0,0,0,9.1,0.1,100.0,100.0,41.0,76.0,7.9,0,9,63
4007,10019.0,1,0,11.9,0.0,78.0,0.0,80.0,100.0,20.6,1,1,63
4008,10035.0,0,0,8.0,0.0,82.0,76.0,3.0,38.0,9.0,0,10,63
4009,10016.0,0,0,9.1,0.1,100.0,100.0,41.0,76.0,7.9,0,9,63
4010,10018.0,0,0,9.9,0.4,100.0,100.0,90.0,90.0,9.9,0,8,63
4011,10006.0,0,0,7.9,0.0,90.0,78.0,9.0,48.0,8.2,0,11,63
4012,10022.0,0,0,11.1,0.0,34.0,4.0,0.0,100.0,2.9,0,14,63
4013,10016.0,0,0,11.9,0.0,89.0,0.0,98.0,99.0,17.9,0,0,63
4014,10065.0,0,0,11.5,0.0,35.0,6.0,0.0,99.0,5.4,0,15,63
4015,10007.0,0,0,9.9,0.4,100.0,100.0,90.0,90.0,9.9,0,8,63
4016,10023.0,0,0,7.8,0.0,46.0,32.0,1.0,56.0,7.1,0,12,63
4017,10029.0,0,0,11.8,0.0,100.0,25.0,92.0,93.0,10.2,0,17,63
4018,10025.0,0,0,11.5,0.0,98.0,15.0,100.0,81.0,9.7,0,18,63
4019,10075.0,0,0,10.4,0.5,100.0,35.0,92.0,95.0,11.5,0,7,63
4020,10038.0,0,0,9.4,0.0,37.0,6.0,2.0,100.0,6.8,0,13,63
4021,10036.0,1,0,11.2,0.1,77.0,9.0,93.0,43.0,12.2,1,19,63
4022,10023.0,1,0,9.2,1.0,100.0,99.0,88.0,4.0,11.8,1,22,63
4023,10017.0,0,0,9.9,0.0,66.0,19.0,31.0,100.0,8.3,0,16,63
4024,10016.0,1,0,9.2,1.0,100.0,99.0,88.0,4.0,11.8,1,22,63
4025,10001.0,0,0,9.9,0.0,66.0,19.0,31.0,100.0,8.3,0,16,63
4026,10009.0,0,0,11.8,0.0,100.0,25.0,92.0,93.0,10.2,0,17,63
4027,10029.0,0,0,9.1,0.1,100.0,100.0,41.0,76.0,7.9,0,9,63
4028,10002.0,0,0,11.8,0.0,100.0,25.0,92.0,93.0,10.2,0,17,63
4029,10010.0,0,0,10.7,1.2,86.0,8.0,92.0,79.0,11.2,0,20,63
4030,10007.0,0,0,9.9,0.0,66.0,19.0,31.0,100.0,8.3,0,16,63
4031,10020.0,0,0,9.9,0.0,66.0,19.0,31.0,100.0,8.3,0,16,63
4032,10002.0,2,0,11.5,0.0,98.0,15.0,100.0,81.0,9.7,1,18,63
4033,10013.0,0,0,9.9,0.4,100.0,100.0,90.0,90.0,9.9,0,8,63
4034,10026.0,1,0,11.5,0.0,98.0,15.0,100.0,81.0,9.7,1,18,63
4035,10128.0,0,0,7.9,0.0,90.0,78.0,9.0,48.0,8.2,0,11,63
4036,10024.0,0,0,11.9,0.0,0.0,0.0,0.0,0.0,13.1,0,18,62
4037,10031.0,0,0,0.4,0.0,1.0,0.0,0.0,4.0,11.3,0,9,62
4038,10025.0,0,0,1.9,0.0,69.0,0.0,72.0,86.0,7.7,0,3,62
4039,10001.0,1,0,1.3,0.0,3.0,0.0,0.0,11.0,8.6,1,10,62
4040,10009.0,1,0,9.1,0.0,20.0,0.0,3.0,59.0,12.3,1,16,62
4041,10031.0,0,0,1.8,0.0,26.0,0.0,18.0,49.0,9.8,0,12,62
4042,10013.0,0,0,9.1,0.0,20.0,0.0,3.0,59.0,12.3,0,16,62
4043,10001.0,1,0,1.4,0.0,12.0,0.0,0.0,41.0,9.7,1,11,62
4044,10009.0,0,0,1.9,0.0,69.0,0.0,72.0,86.0,7.7,0,3,62
4045,10023.0,0,0,11.9,0.0,0.0,0.0,0.0,0.0,13.1,0,18,62
4046,10007.0,0,0,0.8,0.0,3.0,0.0,4.0,3.0,10.4,0,8,62
4047,10128.0,0,0,0.6,0.0,14.0,0.0,20.0,7.0,10.1,0,7,62
4048,10001.0,0,0,0.8,0.0,3.0,0.0,4.0,3.0,10.4,0,8,62
4049,10065.0,0,0,9.1,0.0,20.0,0.0,3.0,59.0,12.3,0,16,62
4050,10018.0,0,0,1.4,0.0,12.0,0.0,0.0,41.0,9.7,0,11,62
4051,10029.0,0,0,7.3,0.0,23.0,0.0,6.0,64.0,11.4,0,15,62
4052,10019.0,0,0,10.5,0.0,0.0,0.0,0.0,0.0,12.9,0,17,62
4053,10003.0,0,0,1.4,0.0,12.0,0.0,0.0,41.0,9.7,0,11,62
4054,10019.0,0,0,2.9,0.0,25.0,0.0,13.0,56.0,10.2,0,13,62
4055,10027.0,0,0,0.8,0.0,3.0,0.0,4.0,3.0,10.4,0,8,62
4056,10035.0,0,0,2.9,0.0,25.0,0.0,13.0,56.0,10.2,0,13,62
4057,10011.0,0,0,11.9,0.0,0.0,0.0,0.0,0.0,13.1,0,18,62
4058,10034.0,2,0,4.8,0.0,20.0,0.0,9.0,48.0,10.0,1,14,62
4059,10007.0,0,0,0.8,0.0,3.0,0.0,4.0,3.0,10.4,0,8,62
4060,10020.0,0,0,0.8,0.0,3.0,0.0,4.0,3.0,10.4,0,8,62
4061,10022.0,1,0,4.8,0.0,20.0,0.0,9.0,48.0,10.0,1,14,62
4062,10035.0,0,0,4.8,0.0,20.0,0.0,9.0,48.0,10.0,0,14,62
4063,10019.0,0,0,1.3,0.0,3.0,0.0,0.0,11.0,8.6,0,10,62
4064,10027.0,2,0,3.6,0.0,2.0,0.0,3.0,0.0,8.8,1,1,62
4065,10035.0,1,0,1.3,0.0,3.0,0.0,0.0,11.0,8.6,1,10,62
4066,10013.0,1,0,9.1,0.0,20.0,0.0,3.0,59.0,12.3,1,16,62
4067,10026.0,1,0,9.1,0.0,20.0,0.0,3.0,59.0,12.3,1,16,62
4068,10001.0,0,0,1.8,0.0,26.0,0.0,18.0,49.0,9.8,0,12,62
4069,10019.0,0,0,0.6,0.0,14.0,0.0,20.0,7.0,10.1,0,7,62
4070,10033.0,0,0,0.4,0.0,1.0,0.0,0.0,4.0,11.3,0,9,62
4071,10065.0,0,0,1.4,0.0,12.0,0.0,0.0,41.0,9.7,0,11,62
4072,10026.0,0,0,1.4,0.0,12.0,0.0,0.0,41.0,9.7,0,11,62
4073,10040.0,0,0,1.3,0.0,3.0,0.0,0.0,11.0,8.6,0,10,62
4074,10014.0,0,0,0.9,0.0,24.0,0.0,39.0,2.0,9.4,0,6,62
4075,10013.0,1,0,4.8,0.0,20.0,0.0,9.0,48.0,10.0,1,14,62
4076,10022.0,1,0,1.8,0.0,26.0,0.0,18.0,49.0,9.8,1,12,62
4077,10033.0,1,0,1.4,0.0,12.0,0.0,0.0,41.0,9.7,1,11,62
4078,10022.0,0,0,4.8,0.0,20.0,0.0,9.0,48.0,10.0,0,14,62
4079,10022.0,0,0,10.5,0.0,0.0,0.0,0.0,0.0,12.9,0,17,62
4080,10013.0,0,0,1.3,0.0,3.0,0.0,0.0,11.0,8.6,0,10,62
4081,10018.0,0,0,4.8,0.0,20.0,0.0,9.0,48.0,10.0,0,14,62
4082,10019.0,0,0,9.1,0.0,20.0,0.0,3.0,59.0,12.3,0,16,62
4083,10128.0,0,0,1.3,0.0,3.0,0.0,0.0,11.0,8.6,0,10,62
4084,10023.0,0,0,1.4,0.0,12.0,0.0,0.0,41.0,9.7,0,11,62
4085,10013.0,0,0,1.4,0.0,12.0,0.0,0.0,41.0,9.7,0,11,62
4086,10022.0,1,0,0.6,0.0,14.0,0.0,20.0,7.0,10.1,1,7,62
4087,10032.0,0,0,0.4,0.0,1.0,0.0,0.0,4.0,11.3,0,9,62
4088,10028.0,1,0,4.8,0.0,20.0,0.0,9.0,48.0,10.0,1,14,62
4089,10010.0,0,0,1.8,0.0,26.0,0.0,18.0,49.0,9.8,0,12,62
4090,10029.0,0,0,9.1,0.0,20.0,0.0,3.0,59.0,12.3,0,16,62
4091,10019.0,0,0,1.3,0.0,3.0,0.0,0.0,11.0,8.6,0,10,62
4092,10001.0,0,0,7.3,0.0,23.0,0.0,6.0,64.0,11.4,0,15,62
4093,10010.0,0,0,1.8,0.0,26.0,0.0,18.0,49.0,9.8,0,12,62
4094,10036.0,0,0,4.8,0.0,20.0,0.0,9.0,48.0,10.0,0,14,62
4095,10019.0,0,0,2.9,0.0,25.0,0.0,13.0,56.0,10.2,0,13,62
4096,10032.0,0,0,0.4,0.0,1.0,0.0,0.0,4.0,11.3,0,9,62
4097,10128.0,0,0,0.4,0.0,1.0,0.0,0.0,4.0,11.3,0,9,62
4098,10010.0,0,0,1.4,0.0,12.0,0.0,0.0,41.0,9.7,0,11,62
4099,10038.0,0,0,1.4,0.0,12.0,0.0,0.0,41.0,9.7,0,11,62
4100,10011.0,0,0,4.8,0.0,20.0,0.0,9.0,48.0,10.0,0,14,62
4101,10023.0,0,0,10.5,0.0,0.0,0.0,0.0,0.0,12.9,0,17,62
4102,10009.0,0,0,1.4,0.0,12.0,0.0,0.0,41.0,9.7,0,11,62
4103,10029.0,0,0,0.8,0.0,3.0,0.0,4.0,3.0,10.4,0,8,62
4104,10017.0,0,0,5.6,0.0,0.0,0.0,0.0,0.0,7.8,0,22,61
4105,10035.0,0,0,-2.8,0.0,0.0,0.0,0.0,0.0,14.6,0,7,61
4106,10002.0,0,0,-1.0,0.0,24.0,27.0,0.0,0.0,20.4,0,14,61
4107,10036.0,0,0,3.8,0.0,53.0,54.0,8.0,0.0,19.2,0,18,61
4108,10011.0,0,0,-1.0,0.0,0.0,0.0,0.0,0.0,15.8,0,0,61
4109,10032.0,0,0,-2.9,0.0,0.0,0.0,0.0,0.0,13.9,0,8,61
4110,10012.0,0,0,5.4,0.0,0.0,0.0,0.0,0.0,8.6,0,23,61
4111,10017.0,1,0,1.8,0.0,79.0,88.0,0.0,0.0,18.4,1,16,61
4112,10016.0,1,0,5.9,0.0,0.0,0.0,0.0,0.0,15.4,1,21,61
4113,10036.0,0,0,2.9,0.0,47.0,52.0,0.0,0.0,18.0,0,17,61
4114,10021.0,0,0,-1.4,0.0,0.0,0.0,0.0,0.0,16.1,0,1,61
4115,10023.0,0,0,3.8,0.0,53.0,54.0,8.0,0.0,19.2,0,18,61
4116,10005.0,0,0,-3.3,0.0,4.0,4.0,0.0,0.0,13.9,0,10,61
4117,10029.0,0,0,1.0,0.0,61.0,68.0,0.0,0.0,18.5,0,15,61
4118,10022.0,1,0,4.6,0.0,0.0,0.0,0.0,0.0,18.4,1,19,61
4119,10002.0,0,0,1.8,0.0,79.0,88.0,0.0,0.0,18.4,0,16,61
4120,10065.0,0,0,-3.3,0.0,4.0,4.0,0.0,0.0,13.9,0,10,61
4121,10013.0,1,0,-3.3,0.0,4.0,4.0,0.0,0.0,13.9,1,10,61
4122,10029.0,1,0,-2.5,0.0,0.0,0.0,0.0,0.0,17.1,1,4,61
4123,10024.0,0,0,-1.0,0.0,24.0,27.0,0.0,0.0,20.4,0,14,61
4124,10018.0,0,0,5.3,0.0,0.0,0.0,0.0,0.0,18.3,0,20,61
4125,10075.0,0,0,-1.0,0.0,24.0,27.0,0.0,0.0,20.4,0,14,61
4126,10010.0,0,0,1.8,0.0,79.0,88.0,0.0,0.0,18.4,0,16,61
4127,10035.0,0,0,5.3,0.0,0.0,0.0,0.0,0.0,18.3,0,20,61
4128,10016.0,0,0,5.3,0.0,0.0,0.0,0.0,0.0,18.3,0,20,61
4129,10002.0,0,0,2.9,0.0,47.0,52.0,0.0,0.0,18.0,0,17,61
4130,10001.0,0,0,1.0,0.0,61.0,68.0,0.0,0.0,18.5,0,15,61
4131,10003.0,0,0,-1.4,0.0,0.0,0.0,0.0,0.0,16.1,0,1,61
4132,10011.0,0,0,-3.2,0.0,1.0,1.0,0.0,0.0,13.6,0,11,61
4133,10002.0,0,0,-2.5,0.0,0.0,0.0,0.0,0.0,17.1,0,4,61
4134,10128.0,0,0,5.6,0.0,0.0,0.0,0.0,0.0,7.8,0,22,61
4135,10024.0,0,0,-1.0,0.0,24.0,27.0,0.0,0.0,20.4,0,14,61
4136,10036.0,0,0,-1.0,0.0,0.0,0.0,0.0,0.0,15.8,0,0,61
4137,10012.0,0,0,1.8,0.0,79.0,88.0,0.0,0.0,18.4,0,16,61
4138,10002.0,0,0,-3.0,0.0,0.0,0.0,0.0,0.0,14.0,0,12,61
4139,10002.0,0,0,5.3,0.0,0.0,0.0,0.0,0.0,18.3,0,20,61
4140,10065.0,0,0,4.6,0.0,0.0,0.0,0.0,0.0,18.4,0,19,61
4141,10029.0,0,0,-3.0,0.0,0.0,0.0,0.0,0.0,14.0,0,9,61
4142,10013.0,0,0,5.3,0.0,0.0,0.0,0.0,0.0,18.3,0,20,61
4143,10014.0,0,0,1.0,0.0,61.0,68.0,0.0,0.0,18.5,0,15,61
4144,10011.0,0,0,5.6,0.0,0.0,0.0,0.0,0.0,7.8,0,22,61
4145,10003.0,1,0,2.9,0.0,47.0,52.0,0.0,0.0,18.0,1,17,61
4146,10035.0,0,0,-3.0,0.0,0.0,0.0,0.0,0.0,14.0,0,12,61
4147,10013.0,0,0,2.9,0.0,47.0,52.0,0.0,0.0,18.0,0,17,61
4148,10002.0,0,0,-1.4,0.0,0.0,0.0,0.0,0.0,16.1,0,1,61
4149,10013.0,2,0,4.6,0.0,0.0,0.0,0.0,0.0,18.4,1,19,61
4150,10016.0,0,0,-3.0,0.0,0.0,0.0,0.0,0.0,14.0,0,9,61
4151,10065.0,0,0,-1.0,0.0,24.0,27.0,0.0,0.0,20.4,0,14,61
4152,10001.0,0,0,5.4,0.0,0.0,0.0,0.0,0.0,8.6,0,23,61
4153,10009.0,0,0,4.6,0.0,0.0,0.0,0.0,0.0,18.4,0,19,61
4154,10001.0,0,0,5.6,0.0,0.0,0.0,0.0,0.0,7.8,0,22,61
4155,10027.0,0,0,1.0,0.0,61.0,68.0,0.0,0.0,18.5,0,15,61
4156,10037.0,0,0,-1.0,0.0,24.0,27.0,0.0,0.0,20.4,0,14,61
4157,10065.0,0,0,-1.0,0.0,0.0,0.0,0.0,0.0,15.8,0,0,61
4158,10037.0,0,0,-0.6,0.0,0.0,0.0,0.0,0.0,17.7,0,23,60
4159,10016.0,0,0,1.1,0.0,66.0,9.0,97.0,0.0,24.1,0,19,60
4160,10031.0,0,0,0.7,0.0,100.0,63.0,100.0,0.0,20.8,0,15,60
4161,10003.0,0,0,-2.0,0.0,14.0,0.0,15.0,17.0,11.9,0,12,60
4162,10013.0,0,0,0.9,0.0,66.0,8.0,98.0,0.0,21.7,0,16,60
4163,10027.0,1,0,-2.1,0.0,8.0,0.0,14.0,0.0,13.4,1,10,60
4164,10031.0,2,0,2.8,0.0,53.0,0.0,89.0,0.0,7.3,1,1,60
4165,10018.0,0,0,0.9,0.0,66.0,8.0,98.0,0.0,21.7,0,16,60
4166,10001.0,0,0,-2.0,0.0,5.0,0.0,7.0,1.0,11.4,0,11,60
4167,10016.0,0,0,1.3,0.0,1.0,0.0,2.0,0.0,10.9,0,4,60
4168,10002.0,1,0,-0.9,0.0,0.0,0.0,0.0,0.0,13.0,1,8,60
4169,10003.0,1,0,-2.1,0.0,8.0,0.0,14.0,0.0,13.4,1,10,60
4170,10013.0,0,0,1.5,0.0,24.0,3.0,35.0,0.0,10.4,0,3,60
4171,10010.0,0,0,1.1,0.0,66.0,9.0,97.0,0.0,24.1,0,19,60
4172,10075.0,0,0,-0.6,0.0,100.0,73.0,59.0,1.0,19.3,0,14,60
4173,10013.0,0,0,-2.1,0.0,8.0,0.0,14.0,0.0,13.4,0,10,60
4174,10013.0,0,0,1.1,0.0,71.0,13.0,99.0,0.0,23.2,0,18,60
4175,10035.0,0,0,1.3,0.0,1.0,0.0,2.0,0.0,10.9,0,4,60
4176,10035.0,0,0,-2.0,0.0,5.0,0.0,7.0,1.0,11.4,0,11,60
4177,10010.0,0,0,1.1,0.0,62.0,3.0,99.0,0.0,22.8,0,17,60
4178,10011.0,0,0,1.1,0.0,62.0,3.0,99.0,0.0,22.8,0,17,60
4179,10001.0,0,0,-1.3,0.0,0.0,0.0,0.0,0.0,12.3,0,9,60
4180,10029.0,0,0,-0.6,0.0,0.0,0.0,0.0,0.0,17.7,0,23,60
4181,10016.0,1,0,0.9,0.0,64.0,6.0,97.0,0.0,24.7,1,20,60
4182,10018.0,2,0,2.8,0.0,53.0,0.0,89.0,0.0,7.3,1,1,60
4183,10027.0,0,0,0.7,0.0,100.0,63.0,100.0,0.0,20.8,0,15,60
4184,10013.0,0,0,0.9,0.0,64.0,6.0,97.0,0.0,24.7,0,20,60
4185,10025.0,0,0,0.7,0.0,100.0,63.0,100.0,0.0,20.8,0,15,60
4186,10013.0,0,0,-2.0,0.0,5.0,0.0,7.0,1.0,11.4,0,11,60
4187,10039.0,0,0,-2.1,0.0,8.0,0.0,14.0,0.0,13.4,0,10,60
4188,10019.0,0,0,-0.9,0.0,0.0,0.0,0.0,0.0,13.0,0,8,60
4189,10035.0,0,0,1.1,0.0,66.0,9.0,97.0,0.0,24.1,0,19,60
4190,10036.0,0,0,-2.0,0.0,14.0,0.0,15.0,17.0,11.9,0,12,60
4191,10036.0,0,0,-2.1,0.0,8.0,0.0,14.0,0.0,13.4,0,10,60
4192,10019.0,1,0,-2.1,0.0,8.0,0.0,14.0,0.0,13.4,1,10,60
4193,10012.0,0,0,-1.3,0.0,0.0,0.0,0.0,0.0,12.3,0,9,60
4194,10001.0,0,0,2.8,0.0,53.0,0.0,89.0,0.0,7.3,0,1,60
4195,10035.0,0,0,1.1,0.0,62.0,3.0,99.0,0.0,22.8,0,17,60
4196,10009.0,0,0,-0.3,0.0,0.0,0.0,0.0,0.0,13.3,0,7,60
4197,10002.0,1,0,-2.0,0.0,14.0,0.0,15.0,17.0,11.9,1,12,60
4198,10037.0,1,0,-0.3,0.0,0.0,0.0,0.0,0.0,13.3,1,7,60
4199,10027.0,0,0,-2.0,0.0,14.0,0.0,15.0,17.0,11.9,0,12,60
4200,10037.0,0,0,2.2,0.0,48.0,3.0,76.0,0.0,8.0,0,2,60
4201,10069.0,0,0,-0.3,0.0,0.0,0.0,0.0,0.0,23.7,0,8,59
4202,10001.0,0,0,-1.1,0.0,0.0,0.0,0.0,0.0,19.4,0,10,59
4203,10002.0,0,0,-0.1,0.0,24.0,7.0,0.0,60.0,25.5,0,14,59
4204,10036.0,0,0,3.9,0.0,43.0,0.0,72.0,0.0,16.3,0,22,59
4205,10018.0,0,0,1.6,0.0,68.0,35.0,38.0,47.0,28.1,0,15,59
4206,10022.0,0,0,1.2,0.0,4.0,0.0,6.0,0.0,25.4,0,2,59
4207,10011.0,0,0,1.4,0.0,1.0,0.0,2.0,0.0,24.9,0,1,59
4208,10018.0,0,0,-0.6,0.0,14.0,0.0,0.0,46.0,20.9,0,13,59
4209,10075.0,0,0,0.8,0.0,0.0,0.0,0.0,0.0,25.9,0,3,59
4210,10035.0,0,0,-0.1,0.0,24.0,7.0,0.0,60.0,25.5,0,14,59
4211,10035.0,0,0,1.6,0.0,68.0,35.0,38.0,47.0,28.1,0,15,59
4212,10017.0,1,0,0.1,0.0,12.0,11.0,4.0,0.0,20.8,1,5,59
4213,10019.0,1,0,3.1,0.0,53.0,0.0,79.0,17.0,29.8,1,17,59
4214,10018.0,0,0,-0.3,0.0,0.0,0.0,0.0,0.0,23.7,0,8,59
4215,10021.0,0,0,3.5,0.0,58.0,0.0,95.0,3.0,30.7,0,18,59
4216,10033.0,1,0,4.3,0.0,60.0,0.0,100.0,0.0,28.6,1,20,59
4217,10036.0,0,0,1.4,0.0,1.0,0.0,2.0,0.0,24.9,0,1,59
4218,10002.0,0,0,3.1,0.0,53.0,0.0,79.0,17.0,29.8,0,17,59
4219,10033.0,0,0,-1.0,0.0,15.0,1.0,0.0,46.0,16.6,0,12,59
4220,10013.0,0,0,0.1,0.0,12.0,11.0,4.0,0.0,20.8,0,5,59
4221,10029.0,0,0,-0.1,0.0,0.0,0.0,0.0,0.0,21.7,0,7,59
4222,10001.0,1,0,-1.1,0.0,0.0,0.0,0.0,0.0,19.4,1,10,59
4223,10032.0,1,0,-0.1,0.0,24.0,7.0,0.0,60.0,25.5,1,14,59
4224,10035.0,0,0,-0.1,0.0,24.0,7.0,0.0,60.0,25.5,0,14,59
4225,10024.0,0,0,-0.1,0.0,0.0,0.0,0.0,0.0,21.7,0,7,59
4226,10034.0,2,0,-0.2,0.0,26.0,8.0,32.0,0.0,20.6,1,6,59
4227,10019.0,0,0,3.1,0.0,53.0,0.0,79.0,17.0,29.8,0,17,59
4228,10075.0,0,0,-0.1,0.0,24.0,7.0,0.0,60.0,25.5,0,14,59
4229,10035.0,0,0,2.1,0.0,65.0,0.0,89.0,40.0,28.6,0,16,59
4230,10033.0,0,0,-0.1,0.0,24.0,7.0,0.0,60.0,25.5,0,14,59
4231,10002.0,1,0,3.1,0.0,53.0,0.0,79.0,17.0,29.8,1,17,59
4232,10016.0,0,0,-1.1,0.0,4.0,1.0,0.0,9.0,17.6,0,11,59
4233,10010.0,0,0,0.1,0.0,12.0,11.0,4.0,0.0,20.8,0,5,59
4234,10065.0,0,0,1.6,0.0,68.0,35.0,38.0,47.0,28.1,0,15,59
4235,10009.0,0,0,-1.0,0.0,15.0,1.0,0.0,46.0,16.6,0,12,59
4236,10032.0,0,0,-0.1,0.0,24.0,7.0,0.0,60.0,25.5,0,14,59
4237,10029.0,0,0,1.7,0.0,1.0,0.0,2.0,0.0,26.7,0,0,59
4238,10021.0,0,0,1.4,0.0,1.0,0.0,2.0,0.0,24.9,0,1,59
4239,10065.0,0,0,-0.3,0.0,0.0,0.0,0.0,0.0,23.7,0,8,59
4240,10021.0,0,0,-0.3,0.0,0.0,0.0,0.0,0.0,23.7,0,8,59
4241,10029.0,0,0,3.9,0.0,43.0,0.0,72.0,0.0,16.3,0,22,59
4242,10016.0,0,0,0.8,0.0,0.0,0.0,0.0,0.0,25.9,0,3,59
4243,10018.0,0,0,3.5,0.0,58.0,0.0,95.0,3.0,30.7,0,18,59
4244,10021.0,0,0,-0.3,0.0,0.0,0.0,0.0,0.0,23.7,0,8,59
4245,10029.0,0,0,-0.1,0.0,24.0,7.0,0.0,60.0,25.5,0,14,59
4246,10013.0,1,0,0.8,0.0,0.0,0.0,0.0,0.0,25.9,1,3,59
4247,10033.0,0,0,-1.1,0.0,0.0,0.0,0.0,0.0,19.4,0,10,59
4248,10003.0,0,0,1.6,0.0,68.0,35.0,38.0,47.0,28.1,0,15,59
4249,10017.0,0,0,1.4,0.0,1.0,0.0,2.0,0.0,24.9,0,1,59
4250,10036.0,0,0,1.6,0.0,68.0,35.0,38.0,47.0,28.1,0,15,59
4251,10017.0,0,0,-0.3,0.0,0.0,0.0,0.0,0.0,23.7,0,8,59
4252,10022.0,0,0,3.1,0.0,53.0,0.0,79.0,17.0,29.8,0,17,59
4253,10033.0,0,0,3.8,0.0,55.0,0.0,91.0,0.0,30.6,0,19,59
4254,10030.0,0,0,3.5,0.0,58.0,0.0,95.0,3.0,30.7,0,18,59
4255,10009.0,0,0,3.8,0.0,55.0,0.0,91.0,0.0,30.6,0,19,59
4256,10034.0,0,0,1.7,0.0,1.0,0.0,2.0,0.0,26.7,0,0,59
4257,10007.0,0,0,3.1,0.0,53.0,0.0,79.0,17.0,29.8,0,17,59
4258,10016.0,0,0,-1.1,0.0,0.0,0.0,0.0,0.0,19.4,0,10,59
4259,10019.0,0,0,1.6,0.0,68.0,35.0,38.0,47.0,28.1,0,15,59
4260,10013.0,0,0,1.6,0.0,68.0,35.0,38.0,47.0,28.1,0,15,59
4261,10035.0,1,0,-1.1,0.0,0.0,0.0,0.0,0.0,19.4,1,10,59
4262,10003.0,0,0,1.6,0.0,68.0,35.0,38.0,47.0,28.1,0,15,59
4263,10024.0,0,0,-1.0,0.0,15.0,1.0,0.0,46.0,16.6,0,12,59
4264,10032.0,0,0,3.7,0.0,35.0,1.0,57.0,0.0,10.5,0,23,59
4265,10035.0,0,0,5.3,0.0,55.0,21.0,60.0,0.0,29.2,0,13,58
4266,10003.0,1,0,4.8,0.0,80.0,63.0,38.0,0.0,30.0,1,14,58
4267,10025.0,1,0,7.2,1.2,100.0,100.0,100.0,0.0,1.5,1,10,58
4268,10012.0,0,0,6.9,0.0,100.0,100.0,3.0,100.0,12.3,0,1,58
4269,10021.0,0,0,6.7,0.3,100.0,99.0,54.0,0.0,17.0,0,11,58
4270,10028.0,1,0,2.3,0.0,0.0,0.0,0.0,0.0,28.8,1,23,58
4271,10018.0,0,0,6.0,0.0,59.0,63.0,4.0,0.0,24.9,0,12,58
4272,10009.0,0,0,4.6,0.0,85.0,94.0,0.0,0.0,33.4,0,16,58
4273,10075.0,0,0,4.8,0.0,95.0,98.0,12.0,0.0,32.5,0,15,58
4274,10017.0,0,0,7.1,2.6,100.0,100.0,93.0,96.0,18.4,0,8,58
4275,10021.0,0,0,4.8,0.0,95.0,98.0,12.0,0.0,32.5,0,15,58
4276,10065.0,0,0,6.8,0.2,100.0,100.0,85.0,100.0,19.5,0,4,58
4277,10011.0,1,0,7.1,2.6,100.0,100.0,93.0,96.0,18.4,1,8,58
4278,10024.0,0,0,6.7,0.3,100.0,99.0,54.0,0.0,17.0,0,11,58
4279,10037.0,0,0,8.2,1.8,100.0,100.0,100.0,51.0,9.9,0,9,58
4280,10002.0,1,0,4.8,0.0,8.0,1.0,12.0,0.0,34.7,1,19,58
4281,10032.0,0,0,4.8,0.0,48.0,53.0,0.0,0.0,33.7,0,17,58
4282,10035.0,0,0,4.8,0.0,95.0,98.0,12.0,0.0,32.5,0,15,58
4283,10027.0,2,0,6.6,3.6,100.0,100.0,99.0,99.0,18.4,1,7,58
4284,10014.0,0,0,5.3,0.0,55.0,21.0,60.0,0.0,29.2,0,13,58
4285,10033.0,0,0,6.9,0.0,100.0,100.0,3.0,100.0,12.3,0,1,58
4286,10033.0,0,0,7.2,1.2,100.0,100.0,100.0,0.0,1.5,0,10,58
4287,10021.0,0,0,7.1,2.6,100.0,100.0,93.0,96.0,18.4,0,8,58
4288,10032.0,0,0,6.6,1.5,100.0,100.0,91.0,100.0,20.7,0,5,58
4289,10036.0,1,0,6.0,0.0,59.0,63.0,4.0,0.0,24.9,1,12,58
4290,10014.0,0,0,6.0,0.0,59.0,63.0,4.0,0.0,24.9,0,12,58
4291,10001.0,0,0,4.5,0.0,4.0,0.0,7.0,0.0,31.7,0,21,58
4292,10003.0,0,0,4.6,0.0,85.0,94.0,0.0,0.0,33.4,0,16,58
4293,10065.0,0,0,7.2,1.2,100.0,100.0,100.0,0.0,1.5,0,10,58
4294,10016.0,0,0,6.8,0.2,100.0,100.0,85.0,100.0,19.5,0,4,58
4295,10017.0,0,0,4.7,0.0,62.0,32.0,56.0,0.0,36.8,0,18,58
4296,10022.0,0,0,4.6,0.0,85.0,94.0,0.0,0.0,33.4,0,16,58
4297,10023.0,0,0,4.8,0.0,48.0,53.0,0.0,0.0,33.7,0,17,58
4298,10011.0,2,0,6.6,3.6,100.0,100.0,99.0,99.0,18.4,1,7,58
4299,10013.0,0,0,6.7,0.3,100.0,99.0,54.0,0.0,17.0,0,11,58
4300,10001.0,0,0,6.7,0.3,100.0,99.0,54.0,0.0,17.0,0,11,58
4301,10018.0,0,0,6.0,0.0,59.0,63.0,4.0,0.0,24.9,0,12,58
4302,10014.0,0,0,5.3,0.0,55.0,21.0,60.0,0.0,29.2,0,13,58
4303,10012.0,0,0,6.7,0.3,100.0,99.0,54.0,0.0,17.0,0,11,58
4304,10012.0,0,0,4.8,0.0,80.0,63.0,38.0,0.0,30.0,0,14,58
4305,10037.0,2,0,2.3,0.0,0.0,0.0,0.0,0.0,28.8,1,23,58
4306,10023.0,1,0,3.1,0.0,2.0,0.0,4.0,0.0,29.5,1,22,58
4307,10028.0,0,0,7.1,0.0,100.0,99.0,13.0,100.0,11.2,0,0,58
4308,10075.0,0,0,6.7,0.3,100.0,99.0,54.0,0.0,17.0,0,11,58
4309,10036.0,0,0,6.8,0.2,100.0,100.0,85.0,100.0,19.5,0,4,58
4310,10017.0,0,0,7.2,1.2,100.0,100.0,100.0,0.0,1.5,0,10,58
4311,10029.0,0,0,4.8,0.0,95.0,98.0,12.0,0.0,32.5,0,15,58
4312,10024.0,0,0,7.2,1.2,100.0,100.0,100.0,0.0,1.5,0,10,58
4313,10018.0,0,0,4.5,0.0,4.0,0.0,7.0,0.0,31.7,0,21,58
4314,10022.0,0,0,5.3,0.0,55.0,21.0,60.0,0.0,29.2,0,13,58
4315,10018.0,0,0,4.7,0.0,62.0,32.0,56.0,0.0,36.8,0,18,58
4316,10002.0,0,0,5.3,0.0,55.0,21.0,60.0,0.0,29.2,0,13,58
4317,10019.0,0,0,7.1,2.6,100.0,100.0,93.0,96.0,18.4,0,8,58
4318,10001.0,0,0,4.8,0.0,48.0,53.0,0.0,0.0,33.7,0,17,58
4319,10034.0,0,0,6.0,0.0,59.0,63.0,4.0,0.0,24.9,0,12,58
4320,10016.0,0,0,6.7,0.3,100.0,99.0,54.0,0.0,17.0,0,11,58
4321,10039.0,0,0,6.0,0.0,59.0,63.0,4.0,0.0,24.9,0,12,58
4322,10001.0,0,0,6.0,0.0,59.0,63.0,4.0,0.0,24.9,0,12,58
4323,10022.0,0,0,5.3,0.0,55.0,21.0,60.0,0.0,29.2,0,13,58
4324,10036.0,0,0,4.7,0.0,62.0,32.0,56.0,0.0,36.8,0,18,58
4325,10019.0,0,0,8.2,1.8,100.0,100.0,100.0,51.0,9.9,0,9,58
4326,10001.0,0,0,4.8,0.0,8.0,1.0,12.0,0.0,34.7,0,19,58
4327,10012.0,0,0,4.6,0.0,85.0,94.0,0.0,0.0,33.4,0,16,58
4328,10018.0,0,0,7.1,0.0,100.0,99.0,13.0,100.0,11.2,0,0,58
4329,10029.0,1,0,7.2,1.2,100.0,100.0,100.0,0.0,1.5,1,10,58
4330,10165.0,1,0,4.7,0.0,1.0,0.0,1.0,0.0,32.4,1,20,58
4331,10001.0,1,0,4.8,0.0,80.0,63.0,38.0,0.0,30.0,1,14,58
4332,10022.0,0,0,6.7,0.3,100.0,99.0,54.0,0.0,17.0,0,11,58
4333,10013.0,0,0,6.0,0.0,59.0,63.0,4.0,0.0,24.9,0,12,58
4334,10065.0,0,0,7.2,1.2,100.0,100.0,100.0,0.0,1.5,0,10,58
4335,10013.0,0,0,4.8,0.0,8.0,1.0,12.0,0.0,34.7,0,19,58
4336,10028.0,0,0,6.7,0.3,100.0,99.0,54.0,0.0,17.0,0,11,58
4337,10036.0,1,0,4.5,0.0,4.0,0.0,7.0,0.0,31.7,1,21,58
4338,10004.0,0,0,8.2,1.8,100.0,100.0,100.0,51.0,9.9,0,9,58
4339,10033.0,0,0,4.6,0.0,85.0,94.0,0.0,0.0,33.4,0,16,58
4340,10010.0,0,0,6.6,3.6,100.0,100.0,99.0,99.0,18.4,0,7,58
4341,10022.0,1,0,6.8,0.2,100.0,100.0,85.0,100.0,19.5,1,4,58
4342,10065.0,0,0,8.2,1.8,100.0,100.0,100.0,51.0,9.9,0,9,58
4343,10019.0,0,0,7.4,0.0,100.0,99.0,30.0,6.0,6.0,0,7,57
4344,10018.0,0,0,7.5,0.0,100.0,100.0,55.0,0.0,5.9,0,6,57
4345,10128.0,1,0,7.5,0.0,100.0,98.0,25.0,0.0,5.0,1,13,57
4346,10017.0,0,0,7.2,0.0,100.0,100.0,63.0,97.0,10.9,0,21,57
4347,10022.0,0,0,7.4,0.0,99.0,98.0,17.0,3.0,6.2,0,9,57
4348,10002.0,0,0,7.9,0.0,100.0,100.0,76.0,0.0,8.7,0,18,57
4349,10032.0,1,0,8.1,0.0,100.0,100.0,44.0,0.0,7.2,1,15,57
4350,10029.0,0,0,7.4,0.0,100.0,98.0,32.0,0.0,5.4,0,10,57
4351,10018.0,0,0,7.5,0.0,100.0,100.0,25.0,0.0,6.4,0,12,57
4352,10011.0,0,0,7.4,0.0,99.0,98.0,17.0,3.0,6.2,0,9,57
4353,10019.0,0,0,7.4,0.0,100.0,98.0,32.0,0.0,5.4,0,10,57
4354,10028.0,0,0,7.0,0.0,100.0,100.0,46.0,97.0,5.9,0,22,57
4355,10002.0,1,0,7.7,0.0,100.0,97.0,26.0,0.0,7.3,1,14,57
4356,10018.0,0,0,7.0,0.0,100.0,100.0,46.0,97.0,5.9,0,22,57
4357,10013.0,1,0,7.2,0.0,100.0,100.0,63.0,97.0,10.9,1,21,57
4358,10039.0,0,0,7.4,0.0,100.0,99.0,30.0,6.0,6.0,0,7,57
4359,10019.0,0,0,7.4,0.0,100.0,99.0,22.0,0.0,6.3,0,11,57
4360,10010.0,0,0,7.9,0.0,100.0,100.0,97.0,0.0,5.8,0,1,57
4361,10036.0,0,0,8.0,0.0,100.0,100.0,100.0,7.0,5.6,0,0,57
4362,10036.0,0,0,7.5,0.0,100.0,100.0,25.0,0.0,6.4,0,12,57
4363,10128.0,1,0,7.5,0.0,100.0,100.0,55.0,0.0,5.9,1,6,57
4364,10128.0,1,0,7.5,0.0,100.0,100.0,25.0,0.0,6.4,1,12,57
4365,10001.0,0,0,7.0,0.0,100.0,100.0,46.0,97.0,5.9,0,22,57
4366,10035.0,1,0,7.5,0.0,100.0,100.0,67.0,0.0,5.7,1,5,57
4367,10036.0,0,0,7.5,0.0,100.0,100.0,55.0,0.0,5.9,0,6,57
4368,10039.0,1,0,7.4,0.0,100.0,99.0,22.0,0.0,6.3,1,11,57
4369,10022.0,0,0,7.5,0.0,100.0,100.0,67.0,0.0,5.7,0,5,57
4370,10036.0,0,0,7.2,0.0,100.0,100.0,63.0,97.0,10.9,0,21,57
4371,10016.0,0,0,7.4,0.0,100.0,99.0,30.0,6.0,6.0,0,7,57
4372,10016.0,1,0,7.3,0.0,98.0,97.0,14.0,9.0,5.8,1,8,57
4373,10035.0,0,0,8.1,0.0,100.0,100.0,44.0,0.0,7.2,0,15,57
4374,10016.0,0,0,7.2,0.0,100.0,100.0,56.0,55.0,10.5,0,20,57
4375,10003.0,0,0,7.5,0.0,100.0,98.0,25.0,0.0,5.0,0,13,57
4376,10023.0,0,0,7.0,0.0,100.0,100.0,46.0,97.0,5.9,0,22,57
4377,10016.0,0,0,6.9,0.0,100.0,100.0,28.0,99.0,9.0,0,23,57
4378,10019.0,0,0,7.4,0.0,100.0,99.0,22.0,0.0,6.3,0,11,57
4379,10001.0,0,0,7.5,0.0,100.0,98.0,25.0,0.0,5.0,0,13,57
4380,10028.0,0,0,7.3,0.0,98.0,97.0,14.0,9.0,5.8,0,8,57
4381,10009.0,0,0,7.0,0.0,100.0,100.0,46.0,97.0,5.9,0,22,57
4382,10036.0,0,0,7.5,0.0,100.0,100.0,55.0,0.0,5.9,0,6,57
4383,10035.0,1,0,7.7,0.0,100.0,97.0,26.0,0.0,7.3,1,14,57
4384,10022.0,0,0,7.9,0.0,100.0,100.0,78.0,0.0,6.9,0,17,57
4385,10036.0,1,0,7.4,0.0,99.0,98.0,17.0,3.0,6.2,1,9,57
4386,10009.0,0,0,8.0,0.0,100.0,100.0,100.0,7.0,5.6,0,0,57
4387,10016.0,0,0,8.1,0.0,100.0,100.0,44.0,0.0,7.2,0,15,57
4388,10039.0,0,0,7.0,0.0,100.0,100.0,46.0,97.0,5.9,0,22,57
4389,10028.0,0,0,7.4,0.0,100.0,99.0,22.0,0.0,6.3,0,11,57
4390,10128.0,0,0,7.5,0.0,100.0,100.0,55.0,0.0,5.9,0,6,57
4391,10022.0,0,0,7.2,0.0,100.0,100.0,63.0,97.0,10.9,0,21,57
4392,10033.0,0,0,7.7,0.0,100.0,97.0,26.0,0.0,7.3,0,14,57
4393,10014.0,0,0,7.5,0.0,100.0,98.0,25.0,0.0,5.0,0,13,57
4394,10024.0,0,0,7.7,0.0,100.0,97.0,26.0,0.0,7.3,0,14,57
4395,10010.0,0,0,7.3,0.0,98.0,97.0,14.0,9.0,5.8,0,8,57
4396,10013.0,1,0,7.0,0.0,100.0,100.0,46.0,97.0,5.9,1,22,57
4397,10016.0,0,0,7.3,0.0,98.0,97.0,14.0,9.0,5.8,0,8,57
4398,10038.0,0,0,7.4,0.0,100.0,98.0,32.0,0.0,5.4,0,10,57
4399,10075.0,0,0,7.0,0.0,100.0,100.0,46.0,97.0,5.9,0,22,57
4400,10007.0,0,0,7.5,0.0,100.0,100.0,67.0,0.0,5.7,0,5,57
4401,10023.0,0,0,7.4,0.0,100.0,99.0,22.0,0.0,6.3,0,11,57
4402,10023.0,0,0,7.5,0.0,100.0,100.0,25.0,0.0,6.4,0,12,57
4403,10016.0,0,0,9.3,0.9,100.0,100.0,100.0,96.0,4.7,0,17,56
4404,10037.0,0,0,7.9,0.0,50.0,0.0,33.0,100.0,8.6,0,6,56
4405,10033.0,0,0,8.6,0.8,100.0,100.0,99.0,100.0,5.1,0,16,56
4406,10013.0,0,0,6.4,0.0,74.0,0.0,73.0,100.0,6.8,0,11,56
4407,10022.0,0,0,6.8,0.0,100.0,17.0,99.0,100.0,3.3,0,14,56
4408,10065.0,0,0,8.8,0.9,100.0,100.0,84.0,0.0,5.1,0,20,56
4409,10038.0,1,0,6.8,0.0,100.0,17.0,99.0,100.0,3.3,1,14,56
4410,10003.0,0,0,7.9,0.0,50.0,0.0,33.0,100.0,8.6,0,6,56
4411,10025.0,0,0,7.4,0.0,63.0,0.0,56.0,98.0,5.4,0,12,56
4412,10024.0,0,0,8.6,0.7,100.0,100.0,78.0,0.0,6.2,0,21,56
4413,10016.0,2,0,7.4,0.0,63.0,0.0,56.0,98.0,5.4,1,12,56
4414,10019.0,1,0,8.8,0.9,100.0,100.0,84.0,0.0,5.1,1,20,56
4415,10001.0,0,0,9.4,1.5,100.0,100.0,95.0,44.0,4.6,0,18,56
4416,10040.0,1,0,7.4,0.0,100.0,61.0,97.0,100.0,5.4,1,15,56
4417,10128.0,0,0,9.3,0.9,100.0,100.0,100.0,96.0,4.7,0,17,56
4418,10034.0,0,0,9.4,0.4,100.0,100.0,86.0,0.0,4.3,0,19,56
4419,10022.0,0,0,9.3,0.9,100.0,100.0,100.0,96.0,4.7,0,17,56
4420,10022.0,3,0,8.1,0.5,100.0,100.0,100.0,22.0,5.1,1,22,56
4421,10003.0,1,0,7.4,0.0,63.0,0.0,56.0,98.0,5.4,1,12,56
4422,10003.0,1,0,7.9,0.0,50.0,0.0,33.0,100.0,8.6,1,6,56
4423,10028.0,0,0,7.8,0.0,70.0,0.0,66.0,100.0,8.7,0,8,56
4424,10019.0,0,0,6.8,0.0,100.0,17.0,99.0,100.0,3.3,0,14,56
4425,10026.0,0,0,9.4,1.5,100.0,100.0,95.0,44.0,4.6,0,18,56
4426,10027.0,0,0,7.4,0.0,63.0,0.0,56.0,98.0,5.4,0,12,56
4427,10027.0,0,0,7.3,0.0,60.0,0.0,50.0,100.0,3.8,0,13,56
4428,10019.0,0,0,7.4,0.0,63.0,0.0,56.0,98.0,5.4,0,12,56
4429,10128.0,1,0,9.4,0.4,100.0,100.0,86.0,0.0,4.3,1,19,56
4430,10003.0,1,0,6.4,0.0,74.0,0.0,73.0,100.0,6.8,1,11,56
4431,10017.0,0,0,8.6,0.7,100.0,100.0,78.0,0.0,6.2,0,21,56
4432,10035.0,0,0,7.4,0.0,100.0,61.0,97.0,100.0,5.4,0,15,56
4433,10019.0,0,0,7.4,0.0,100.0,61.0,97.0,100.0,5.4,0,15,56
4434,10003.0,0,0,8.1,0.0,59.0,0.0,50.0,98.0,7.0,0,1,56
4435,10016.0,0,0,6.8,0.0,100.0,17.0,99.0,100.0,3.3,0,14,56
4436,10001.0,0,0,7.3,0.0,60.0,0.0,50.0,100.0,3.8,0,13,56
4437,10023.0,1,0,8.6,0.7,100.0,100.0,78.0,0.0,6.2,1,21,56
4438,10029.0,0,0,7.4,0.0,63.0,0.0,56.0,98.0,5.4,0,12,56
4439,10036.0,0,0,7.8,0.0,70.0,0.0,66.0,100.0,8.7,0,8,56
4440,10016.0,0,0,8.8,0.0,32.0,0.0,33.0,40.0,8.0,0,0,56
4441,10013.0,0,0,7.9,0.0,50.0,0.0,33.0,100.0,8.6,0,6,56
4442,10128.0,0,0,9.4,0.4,100.0,100.0,86.0,0.0,4.3,0,19,56
4443,10014.0,0,0,6.4,0.0,74.0,0.0,73.0,100.0,6.8,0,11,56
4444,10002.0,0,0,6.8,0.0,100.0,17.0,99.0,100.0,3.3,0,14,56
4445,10036.0,0,0,9.3,0.9,100.0,100.0,100.0,96.0,4.7,0,17,56
4446,10002.0,0,0,7.1,0.0,90.0,0.0,100.0,100.0,8.0,0,9,56
4447,10002.0,0,0,7.1,0.0,90.0,0.0,100.0,100.0,8.0,0,9,56
4448,10026.0,0,0,8.6,0.8,100.0,100.0,99.0,100.0,5.1,0,16,56
4449,10022.0,0,0,7.3,0.0,60.0,0.0,50.0,100.0,3.8,0,13,56
4450,10016.0,0,0,8.1,0.5,100.0,100.0,100.0,22.0,5.1,0,22,56
4451,10003.0,0,0,7.4,0.0,100.0,61.0,97.0,100.0,5.4,0,15,56
4452,10016.0,0,0,8.1,0.5,100.0,100.0,100.0,22.0,5.1,0,22,56
4453,10011.0,0,0,8.8,0.0,32.0,0.0,33.0,40.0,8.0,0,0,56
4454,10036.0,0,0,8.6,0.8,100.0,100.0,99.0,100.0,5.1,0,16,56
4455,10013.0,0,0,9.4,1.5,100.0,100.0,95.0,44.0,4.6,0,18,56
4456,10001.0,1,0,8.0,0.0,100.0,100.0,100.0,8.0,5.2,1,23,56
4457,10002.0,1,0,5.9,0.0,0.0,0.0,0.0,0.0,10.7,1,2,55
4458,10018.0,0,0,2.2,0.0,10.0,0.0,16.0,0.0,6.5,0,9,55
4459,10037.0,0,0,2.2,0.0,10.0,0.0,16.0,0.0,6.5,0,9,55
4460,10024.0,0,0,1.1,0.0,0.0,0.0,0.0,0.0,4.6,0,13,55
4461,10002.0,0,0,11.6,0.0,29.0,0.0,0.0,97.0,7.7,0,20,55
4462,10032.0,0,0,0.4,0.0,0.0,0.0,0.0,0.0,8.4,0,11,55
4463,10021.0,0,0,3.6,0.0,0.0,0.0,0.0,0.0,3.6,0,14,55
4464,10016.0,0,0,9.0,0.0,1.0,0.0,0.0,3.0,4.1,0,16,55
4465,10128.0,0,0,11.0,0.0,5.0,0.0,0.0,17.0,5.6,0,17,55
4466,10128.0,0,0,0.1,0.0,0.0,0.0,0.0,0.0,8.6,0,10,55
4467,10019.0,0,0,9.0,0.0,1.0,0.0,0.0,3.0,4.1,0,16,55
4468,10016.0,0,0,0.4,0.0,0.0,0.0,0.0,0.0,8.4,0,11,55
4469,10026.0,0,0,0.6,0.0,0.0,0.0,0.0,0.0,6.6,0,12,55
4470,10022.0,0,0,0.1,0.0,0.0,0.0,0.0,0.0,8.6,0,10,55
4471,10006.0,0,0,0.4,0.0,0.0,0.0,0.0,0.0,8.4,0,11,55
4472,10009.0,0,0,0.4,0.0,0.0,0.0,0.0,0.0,8.4,0,11,55
4473,10036.0,2,0,0.6,0.0,0.0,0.0,0.0,0.0,6.6,1,12,55
4474,10001.0,1,0,11.0,0.0,5.0,0.0,0.0,17.0,5.6,1,17,55
4475,10012.0,1,0,6.2,0.0,0.0,0.0,0.0,0.0,3.9,1,15,55
4476,10003.0,1,0,10.0,0.0,29.0,0.0,0.0,96.0,8.6,1,22,55
4477,10021.0,1,0,3.6,0.0,0.0,0.0,0.0,0.0,3.6,1,14,55
4478,10001.0,0,0,0.4,0.0,0.0,0.0,0.0,0.0,8.4,0,11,55
4479,10037.0,0,0,0.1,0.0,0.0,0.0,0.0,0.0,8.6,0,10,55
4480,10029.0,0,0,0.6,0.0,0.0,0.0,0.0,0.0,6.6,0,12,55
4481,10013.0,0,0,1.1,0.0,0.0,0.0,0.0,0.0,4.6,0,13,55
4482,10005.0,0,0,0.1,0.0,0.0,0.0,0.0,0.0,8.6,0,10,55
4483,10027.0,1,0,2.9,0.0,28.0,0.0,47.0,0.0,5.9,1,8,55
4484,10012.0,0,0,0.4,0.0,0.0,0.0,0.0,0.0,8.4,0,11,55
4485,10026.0,0,0,0.1,0.0,0.0,0.0,0.0,0.0,8.6,0,10,55
4486,10038.0,0,0,0.6,0.0,0.0,0.0,0.0,0.0,6.6,0,12,55
4487,10001.0,0,0,6.2,0.0,0.0,0.0,0.0,0.0,3.9,0,15,55
4488,10022.0,0,0,0.6,0.0,0.0,0.0,0.0,0.0,6.6,0,12,55
4489,10016.0,0,0,11.0,0.0,5.0,0.0,0.0,17.0,5.6,0,17,55
4490,10013.0,0,0,11.3,0.0,29.0,0.0,0.0,95.0,5.8,0,18,55
4491,10024.0,0,0,6.7,0.0,0.0,0.0,0.0,0.0,10.1,0,1,55
4492,10014.0,0,0,0.1,0.0,0.0,0.0,0.0,0.0,8.6,0,10,55
4493,10013.0,0,0,11.3,0.0,29.0,0.0,0.0,95.0,5.8,0,18,55
4494,10016.0,0,0,2.9,0.0,28.0,0.0,47.0,0.0,5.9,0,8,55
4495,10035.0,0,0,11.0,0.0,5.0,0.0,0.0,17.0,5.6,0,17,55
4496,10002.0,1,0,2.9,0.0,28.0,0.0,47.0,0.0,5.9,1,8,55
4497,10035.0,0,0,3.6,0.0,0.0,0.0,0.0,0.0,3.6,0,14,55
4498,10017.0,1,0,11.3,0.0,30.0,0.0,0.0,99.0,6.8,1,19,55
4499,10016.0,0,0,3.5,0.0,51.0,0.0,85.0,0.0,6.9,0,7,55
4500,10009.0,0,0,2.9,0.0,28.0,0.0,47.0,0.0,5.9,0,8,55
4501,10017.0,0,0,9.0,0.0,1.0,0.0,0.0,3.0,4.1,0,16,55
4502,10009.0,1,0,11.3,0.0,29.0,0.0,0.0,95.0,5.8,1,18,55
4503,10036.0,0,0,11.6,0.0,29.0,0.0,0.0,97.0,7.7,0,20,55
4504,10011.0,0,0,3.6,0.0,0.0,0.0,0.0,0.0,3.6,0,14,55
4505,10016.0,0,0,0.6,0.0,0.0,0.0,0.0,0.0,6.6,0,12,55
4506,10017.0,0,0,-1.5,0.0,0.0,0.0,0.0,0.0,7.2,0,11,54
4507,10013.0,0,0,-1.3,0.0,0.0,0.0,0.0,0.0,7.6,0,10,54
4508,10030.0,0,0,-1.3,0.0,0.0,0.0,0.0,0.0,7.6,0,10,54
4509,10036.0,0,0,-1.3,0.0,0.0,0.0,0.0,0.0,7.6,0,10,54
4510,10028.0,0,0,-1.7,0.0,0.0,0.0,0.0,0.0,6.9,0,12,54
4511,10029.0,1,0,-1.5,0.0,0.0,0.0,0.0,0.0,7.2,1,11,54
4512,10075.0,1,0,-1.5,0.0,0.0,0.0,0.0,0.0,7.2,1,11,54
4513,10016.0,0,0,5.9,0.0,0.0,0.0,0.0,0.0,10.8,0,0,54
4514,10016.0,0,0,-1.3,0.0,0.0,0.0,0.0,0.0,7.6,0,10,54
4515,10017.0,0,0,3.3,0.0,0.0,0.0,0.0,0.0,7.8,0,14,54
4516,10030.0,0,0,8.8,0.0,0.0,0.0,0.0,0.0,8.4,0,23,54
4517,10011.0,0,0,10.6,0.0,0.0,0.0,0.0,0.0,12.7,0,19,54
4518,10017.0,0,0,11.0,0.0,2.0,0.0,0.0,5.0,12.3,0,20,54
4519,10019.0,0,0,-0.5,0.0,0.0,0.0,0.0,0.0,9.3,0,13,54
4520,10002.0,0,0,-0.5,0.0,0.0,0.0,0.0,0.0,9.3,0,13,54
4521,10024.0,0,0,-0.5,0.0,0.0,0.0,0.0,0.0,9.3,0,13,54
4522,10027.0,2,0,10.6,0.0,0.0,0.0,0.0,0.0,12.7,1,19,54
4523,10018.0,0,0,8.0,0.0,0.0,0.0,0.0,0.0,9.7,0,16,54
4524,10022.0,0,0,9.2,0.0,0.0,0.0,0.0,0.0,10.5,0,17,54
4525,10024.0,0,0,9.2,0.0,0.0,0.0,0.0,0.0,10.5,0,17,54
4526,10009.0,0,0,3.7,0.0,1.0,0.0,0.0,3.0,10.0,0,2,54
4527,10036.0,0,0,8.8,0.0,0.0,0.0,0.0,0.0,8.4,0,23,54
4528,10002.0,0,0,2.2,0.0,0.0,0.0,0.0,0.0,8.9,0,4,54
4529,10002.0,0,0,8.0,0.0,0.0,0.0,0.0,0.0,9.7,0,16,54
4530,10013.0,2,0,3.7,0.0,1.0,0.0,0.0,3.0,10.0,1,2,54
4531,10012.0,0,0,4.7,0.0,0.0,0.0,0.0,1.0,10.7,0,1,54
4532,10103.0,0,0,3.3,0.0,0.0,0.0,0.0,0.0,7.8,0,14,54
4533,10075.0,0,0,8.0,0.0,0.0,0.0,0.0,0.0,9.7,0,16,54
4534,10011.0,0,0,6.8,0.0,0.0,0.0,0.0,0.0,8.2,0,15,54
4535,10013.0,0,0,8.8,0.0,0.0,0.0,0.0,0.0,8.4,0,23,54
4536,10002.0,0,0,9.2,0.0,0.0,0.0,0.0,0.0,8.1,0,22,54
4537,10027.0,0,0,10.0,0.0,0.0,0.0,0.0,0.0,12.1,0,18,54
4538,10010.0,1,0,10.0,0.0,0.0,0.0,0.0,0.0,12.1,1,18,54
4539,10006.0,0,0,-0.5,0.0,0.0,0.0,0.0,0.0,9.3,0,13,54
4540,10010.0,0,0,4.7,0.0,0.0,0.0,0.0,1.0,10.7,0,1,54
4541,10010.0,0,0,4.7,0.0,0.0,0.0,0.0,1.0,10.7,0,1,54
4542,10019.0,0,0,-0.5,0.0,0.0,0.0,0.0,0.0,9.3,0,13,54
4543,10033.0,0,0,9.2,0.0,0.0,0.0,0.0,0.0,10.5,0,17,54
4544,10007.0,0,0,8.0,0.0,0.0,0.0,0.0,0.0,9.7,0,16,54
4545,10022.0,0,0,11.0,0.0,2.0,0.0,0.0,5.0,12.3,0,20,54
4546,10021.0,0,0,-1.7,0.0,0.0,0.0,0.0,0.0,6.9,0,12,54
4547,10011.0,1,0,2.2,0.0,0.0,0.0,0.0,0.0,8.9,1,4,54
4548,10038.0,0,0,8.0,0.0,0.0,0.0,0.0,0.0,9.7,0,16,54
4549,10032.0,1,0,8.8,0.0,0.0,0.0,0.0,0.0,8.4,1,23,54
4550,10040.0,0,0,2.4,0.0,0.0,0.0,0.0,0.0,9.3,0,3,54
4551,10016.0,0,0,4.7,0.0,0.0,0.0,0.0,1.0,10.7,0,1,54
4552,10038.0,0,0,2.4,0.0,0.0,0.0,0.0,0.0,9.3,0,3,54
4553,10009.0,0,0,10.6,0.0,0.0,0.0,0.0,0.0,12.7,0,19,54
4554,10033.0,1,0,2.2,0.0,0.0,0.0,0.0,0.0,8.9,1,4,54
4555,10029.0,0,0,1.8,0.0,0.0,0.0,0.0,0.0,8.0,0,6,54
4556,10033.0,0,0,3.4,0.0,0.0,0.0,0.0,0.0,13.3,0,15,53
4557,10040.0,0,0,0.5,0.0,0.0,0.0,0.0,0.0,8.9,0,0,53
4558,10037.0,0,0,-2.2,0.0,0.0,0.0,0.0,0.0,12.3,0,12,53
4559,10026.0,0,0,0.1,0.0,0.0,0.0,0.0,0.0,12.4,0,14,53
4560,10017.0,0,0,4.5,0.0,0.0,0.0,0.0,0.0,13.6,0,16,53
4561,10034.0,0,0,6.8,0.0,0.0,0.0,0.0,0.0,15.7,0,18,53
4562,10011.0,0,0,4.5,0.0,0.0,0.0,0.0,0.0,13.6,0,16,53
4563,10030.0,0,0,-1.1,0.0,0.0,0.0,0.0,0.0,12.4,0,3,53
4564,10010.0,0,0,-2.4,0.0,0.0,0.0,0.0,0.0,12.6,0,11,53
4565,10065.0,0,0,0.1,0.0,0.0,0.0,0.0,0.0,12.4,0,14,53
4566,10001.0,0,0,8.5,0.0,0.0,0.0,0.0,0.0,16.3,0,20,53
4567,10036.0,0,0,-2.4,0.0,0.0,0.0,0.0,0.0,13.9,0,10,53
4568,10011.0,0,0,5.9,0.0,0.0,0.0,0.0,0.0,14.4,0,17,53
4569,10019.0,0,0,8.5,0.0,0.0,0.0,0.0,0.0,16.3,0,20,53
4570,10021.0,0,0,-2.2,0.0,0.0,0.0,0.0,0.0,12.3,0,12,53
4571,10028.0,2,0,-1.4,0.0,0.0,0.0,0.0,0.0,11.9,1,13,53
4572,10029.0,0,0,-1.4,0.0,0.0,0.0,0.0,0.0,14.4,0,8,53
4573,10039.0,0,0,8.8,0.0,0.0,0.0,0.0,0.0,13.7,0,21,53
4574,10019.0,1,0,5.9,0.0,0.0,0.0,0.0,0.0,14.4,1,17,53
4575,10016.0,0,0,7.7,0.0,0.0,0.0,0.0,0.0,16.5,0,19,53
4576,10037.0,0,0,-1.4,0.0,0.0,0.0,0.0,0.0,11.9,0,13,53
4577,10036.0,0,0,7.7,0.0,0.0,0.0,0.0,0.0,16.5,0,19,53
4578,10028.0,0,0,-1.4,0.0,0.0,0.0,0.0,0.0,14.4,0,8,53
4579,10003.0,0,0,7.7,0.0,0.0,0.0,0.0,0.0,16.5,0,19,53
4580,10065.0,0,0,8.8,0.0,0.0,0.0,0.0,0.0,13.7,0,21,53
4581,10001.0,1,0,-1.3,0.0,0.0,0.0,0.0,0.0,14.2,1,7,53
4582,10017.0,0,0,-1.1,0.0,0.0,0.0,0.0,0.0,12.4,0,3,53
4583,10010.0,1,0,-1.4,0.0,0.0,0.0,0.0,0.0,12.8,1,4,53
4584,10037.0,0,0,8.5,0.0,0.0,0.0,0.0,0.0,16.3,0,20,53
4585,10065.0,0,0,4.5,0.0,0.0,0.0,0.0,0.0,13.6,0,16,53
4586,10033.0,0,0,5.9,0.0,0.0,0.0,0.0,0.0,14.4,0,17,53
4587,10018.0,0,0,6.8,0.0,0.0,0.0,0.0,0.0,15.7,0,18,53
4588,10036.0,0,0,8.8,0.0,0.0,0.0,0.0,0.0,13.7,0,21,53
4589,10033.0,0,0,6.8,0.0,0.0,0.0,0.0,0.0,15.7,0,18,53
4590,10034.0,0,0,-1.4,0.0,0.0,0.0,0.0,0.0,14.4,0,8,53
4591,10001.0,0,0,-1.3,0.0,0.0,0.0,0.0,0.0,14.2,0,7,53
4592,10031.0,0,0,5.9,0.0,0.0,0.0,0.0,0.0,14.4,0,17,53
4593,10036.0,0,0,-0.2,0.0,0.0,0.0,0.0,0.0,11.0,0,1,53
4594,10023.0,1,0,-1.4,0.0,0.0,0.0,0.0,0.0,13.7,1,9,53
4595,10013.0,1,0,-2.4,0.0,0.0,0.0,0.0,0.0,12.6,1,11,53
4596,10016.0,0,0,0.5,0.0,0.0,0.0,0.0,0.0,8.9,0,0,53
4597,10001.0,0,0,-1.4,0.0,0.0,0.0,0.0,0.0,11.9,0,13,53
4598,10027.0,0,0,8.5,0.0,0.0,0.0,0.0,0.0,16.3,0,20,53
4599,10016.0,0,0,0.1,0.0,0.0,0.0,0.0,0.0,12.4,0,14,53
4600,10027.0,0,0,4.5,0.0,0.0,0.0,0.0,0.0,13.6,0,16,53
4601,10022.0,0,0,-4.2,0.0,0.0,0.0,0.0,0.0,17.6,0,8,52
4602,10033.0,0,0,-4.8,0.0,0.0,0.0,0.0,0.0,16.5,0,9,52
4603,10009.0,0,0,-5.2,0.0,1.0,1.0,0.0,0.0,15.6,0,13,52
4604,10034.0,0,0,-0.7,0.0,0.0,0.0,0.0,0.0,7.6,0,18,52
4605,10009.0,0,0,-4.6,0.0,2.0,2.0,0.0,0.0,14.4,0,14,52
4606,10023.0,0,0,-0.0,0.0,0.0,0.0,0.0,0.0,6.6,0,19,52
4607,10036.0,0,0,-3.8,0.0,0.0,0.0,0.0,0.0,17.9,0,7,52
4608,10029.0,0,0,-5.8,0.0,34.0,38.0,0.0,0.0,17.0,0,12,52
4609,10009.0,0,0,-4.6,0.0,2.0,2.0,0.0,0.0,14.4,0,14,52
4610,10003.0,0,0,-0.8,0.0,5.0,0.0,4.0,8.0,15.1,0,2,52
4611,10002.0,0,0,-1.4,0.0,0.0,0.0,0.0,0.0,10.0,0,17,52
4612,10013.0,0,0,-2.8,0.0,0.0,0.0,0.0,0.0,13.4,0,15,52
4613,10032.0,0,0,0.7,0.0,0.0,0.0,0.0,0.0,6.6,0,20,52
4614,10016.0,0,0,-2.7,0.0,1.0,0.0,0.0,4.0,17.0,0,5,52
4615,10013.0,0,0,1.5,0.0,0.0,0.0,0.0,0.0,6.4,0,23,52
4616,10016.0,0,0,-5.9,0.0,0.0,0.0,0.0,0.0,19.8,0,10,52
4617,10016.0,0,0,-0.0,0.0,0.0,0.0,0.0,0.0,6.6,0,19,52
4618,10037.0,0,0,1.6,0.0,0.0,0.0,0.0,0.0,4.7,0,22,52
4619,10128.0,0,0,0.7,0.0,0.0,0.0,0.0,0.0,6.6,0,20,52
4620,10022.0,0,0,-0.3,0.0,4.0,1.0,4.0,1.0,13.2,0,1,52
4621,10032.0,1,0,-2.3,0.0,0.0,0.0,0.0,0.0,11.7,1,16,52
4622,10009.0,0,0,-5.2,0.0,1.0,1.0,0.0,0.0,15.6,0,13,52
4623,10002.0,0,0,-0.0,0.0,0.0,0.0,0.0,0.0,6.6,0,19,52
4624,10001.0,0,0,-0.7,0.0,0.0,0.0,0.0,0.0,7.6,0,18,52
4625,10034.0,0,0,-5.9,0.0,0.0,0.0,0.0,0.0,19.8,0,10,52
4626,10018.0,0,0,-1.4,0.0,0.0,0.0,0.0,0.0,10.0,0,17,52
4627,10036.0,0,0,1.6,0.0,0.0,0.0,0.0,0.0,4.7,0,22,52
4628,10002.0,0,0,-4.8,0.0,0.0,0.0,0.0,0.0,16.5,0,9,52
4629,10026.0,1,0,1.6,0.0,0.0,0.0,0.0,0.0,4.7,1,22,52
4630,10027.0,0,0,-0.7,0.0,0.0,0.0,0.0,0.0,7.6,0,18,52
4631,10029.0,0,0,-4.8,0.0,0.0,0.0,0.0,0.0,16.5,0,9,52
4632,10029.0,0,0,-4.6,0.0,2.0,2.0,0.0,0.0,14.4,0,14,52
4633,10018.0,0,0,-2.3,0.0,0.0,0.0,0.0,0.0,11.7,0,16,52
4634,10004.0,0,0,-4.8,0.0,0.0,0.0,0.0,0.0,16.5,0,9,52
4635,10128.0,0,0,-3.8,0.0,0.0,0.0,0.0,0.0,17.9,0,7,52
4636,10018.0,0,0,-5.8,0.0,0.0,0.0,0.0,0.0,18.0,0,11,52
4637,10001.0,0,0,-4.6,0.0,2.0,2.0,0.0,0.0,14.4,0,14,52
4638,10036.0,0,0,-2.1,0.0,2.0,0.0,1.0,3.0,15.8,0,4,52
4639,10128.0,0,0,0.2,0.0,8.0,1.0,10.0,5.0,11.7,0,0,52
4640,10032.0,1,0,-5.2,0.0,1.0,1.0,0.0,0.0,15.6,1,13,52
4641,10033.0,1,0,-2.3,0.0,0.0,0.0,0.0,0.0,11.7,1,16,52
4642,10035.0,0,0,-2.7,0.0,1.0,0.0,0.0,4.0,17.0,0,5,52
4643,10011.0,0,0,-2.8,0.0,0.0,0.0,0.0,0.0,13.4,0,15,52
4644,10001.0,0,0,0.7,0.0,0.0,0.0,0.0,0.0,6.6,0,20,52
4645,10075.0,1,0,-5.9,0.0,0.0,0.0,0.0,0.0,19.8,1,10,52
4646,10022.0,0,0,-0.7,0.0,0.0,0.0,0.0,0.0,7.6,0,18,52
4647,10018.0,0,0,-2.7,0.0,1.0,0.0,0.0,4.0,17.0,0,5,52
4648,10022.0,0,0,-5.2,0.0,1.0,1.0,0.0,0.0,15.6,0,13,52
4649,10009.0,0,0,-5.2,0.0,1.0,1.0,0.0,0.0,15.6,0,13,52
4650,10027.0,0,0,-4.6,0.0,2.0,2.0,0.0,0.0,14.4,0,14,52
4651,10035.0,0,0,-2.8,0.0,0.0,0.0,0.0,0.0,13.4,0,15,52
4652,10128.0,0,0,-3.8,0.0,0.0,0.0,0.0,0.0,17.9,0,7,52
4653,10027.0,0,0,-1.4,0.0,0.0,0.0,0.0,0.0,10.0,0,17,52
4654,10014.0,0,0,-4.2,0.0,0.0,0.0,0.0,0.0,17.6,0,8,52
4655,10017.0,0,0,-4.8,0.0,0.0,0.0,0.0,0.0,16.5,0,9,52
4656,10001.0,1,0,-5.8,0.0,34.0,38.0,0.0,0.0,17.0,1,12,52
4657,10016.0,1,0,0.7,0.0,0.0,0.0,0.0,0.0,6.6,1,20,52
4658,10021.0,0,0,-5.8,0.0,0.0,0.0,0.0,0.0,18.0,0,11,52
4659,10004.0,1,0,-4.2,0.0,0.0,0.0,0.0,0.0,17.6,1,8,52
4660,10027.0,0,0,-4.8,0.0,0.0,0.0,0.0,0.0,16.5,0,9,52
4661,10013.0,1,0,-5.2,0.0,1.0,1.0,0.0,0.0,15.6,1,13,52
4662,10038.0,0,0,-5.8,0.0,34.0,38.0,0.0,0.0,17.0,0,12,52
4663,10011.0,1,0,-0.0,0.0,0.0,0.0,0.0,0.0,6.6,1,19,52
4664,10017.0,0,0,-3.8,0.0,0.0,0.0,0.0,0.0,17.9,0,7,52
4665,10036.0,0,0,-2.3,0.0,0.0,0.0,0.0,0.0,11.7,0,16,52
4666,10002.0,0,0,-5.8,0.0,34.0,38.0,0.0,0.0,17.0,0,12,52
4667,10031.0,0,0,-4.8,0.0,0.0,0.0,0.0,0.0,16.5,0,9,52
4668,10021.0,0,0,-5.8,0.0,0.0,0.0,0.0,0.0,18.0,0,11,52
4669,10014.0,1,0,-4.6,0.0,2.0,2.0,0.0,0.0,14.4,1,14,52
4670,10065.0,0,0,1.3,0.0,0.0,0.0,0.0,0.0,6.8,0,21,52
4671,10026.0,0,0,-5.8,0.0,34.0,38.0,0.0,0.0,17.0,0,12,52
4672,10035.0,0,0,-3.5,0.0,0.0,0.0,0.0,0.0,17.8,0,6,52
4673,10128.0,1,0,0.7,0.0,0.0,0.0,0.0,0.0,6.6,1,20,52
4674,10016.0,0,0,-1.4,0.0,0.0,0.0,0.0,0.0,10.0,0,17,52
4675,10128.0,0,0,-0.6,0.0,59.0,0.0,77.0,41.0,5.4,0,9,51
4676,10021.0,0,0,1.1,0.0,0.0,0.0,0.0,0.0,8.0,0,4,51
4677,10012.0,0,0,-1.6,0.0,33.0,0.0,16.0,78.0,10.3,0,13,51
4678,10038.0,1,0,0.4,0.0,54.0,0.0,41.0,99.0,8.9,1,16,51
4679,10036.0,0,0,0.4,0.0,54.0,0.0,41.0,99.0,8.9,0,16,51
4680,10016.0,2,0,0.9,0.0,31.0,7.0,33.0,16.0,9.7,1,23,51
4681,10011.0,0,0,1.9,0.0,86.0,22.0,99.0,21.0,13.0,0,20,51
4682,10027.0,0,0,1.4,0.0,100.0,42.0,89.0,95.0,11.2,0,19,51
4683,10018.0,0,0,-1.0,0.0,38.0,0.0,13.0,100.0,10.5,0,14,51
4684,10012.0,0,0,0.9,0.0,100.0,33.0,89.0,100.0,10.8,0,18,51
4685,10016.0,0,0,-1.8,0.0,60.0,0.0,82.0,37.0,7.5,0,10,51
4686,10001.0,0,0,-1.8,0.0,60.0,0.0,82.0,37.0,7.5,0,10,51
4687,10025.0,1,0,-1.6,0.0,33.0,0.0,16.0,78.0,10.3,1,13,51
4688,10032.0,0,0,0.9,0.0,100.0,33.0,89.0,100.0,10.8,0,18,51
4689,10027.0,0,0,0.4,0.0,54.0,0.0,41.0,99.0,8.9,0,16,51
4690,10075.0,0,0,0.1,0.0,39.0,0.0,16.0,99.0,10.0,0,15,51
4691,10019.0,0,0,-0.1,0.0,68.0,0.0,64.0,99.0,6.8,0,7,51
4692,10036.0,0,0,0.1,0.0,39.0,0.0,16.0,99.0,10.0,0,15,51
4693,10029.0,0,0,-1.6,0.0,33.0,0.0,16.0,78.0,10.3,0,13,51
4694,10035.0,0,0,0.4,0.0,26.0,0.0,0.0,88.0,7.6,0,6,51
4695,10018.0,0,0,1.4,0.0,0.0,0.0,0.0,0.0,8.4,0,3,51
4696,10002.0,0,0,0.6,0.0,75.0,0.0,75.0,99.0,8.7,0,17,51
4697,10013.0,0,0,-0.1,0.0,68.0,0.0,64.0,99.0,6.8,0,7,51
4698,10036.0,0,0,0.9,0.0,31.0,7.0,33.0,16.0,9.7,0,23,51
4699,10021.0,0,0,0.1,0.0,39.0,0.0,16.0,99.0,10.0,0,15,51
4700,10013.0,0,0,0.6,0.0,75.0,0.0,75.0,99.0,8.7,0,17,51
4701,10023.0,1,0,0.6,0.0,75.0,0.0,75.0,99.0,8.7,1,17,51
4702,10031.0,0,0,-1.6,0.0,33.0,0.0,16.0,78.0,10.3,0,13,51
4703,10023.0,0,0,-1.8,0.0,17.0,0.0,18.0,21.0,7.4,0,12,51
4704,10001.0,0,0,-0.1,0.0,68.0,0.0,64.0,99.0,6.8,0,7,51
4705,10010.0,0,0,-0.3,0.0,72.0,0.0,74.0,92.0,6.6,0,8,51
4706,10019.0,3,0,-1.8,0.0,60.0,0.0,82.0,37.0,7.5,1,10,51
4707,10032.0,0,0,0.9,0.0,100.0,33.0,89.0,100.0,10.8,0,18,51
4708,10002.0,1,0,-1.8,0.0,60.0,0.0,82.0,37.0,7.5,1,10,51
4709,10002.0,0,0,0.6,0.0,8.0,0.0,0.0,26.0,8.7,0,5,51
4710,10010.0,0,0,0.9,0.0,100.0,33.0,89.0,100.0,10.8,0,18,51
4711,10019.0,0,0,0.4,0.0,26.0,0.0,0.0,88.0,7.6,0,6,51
4712,10033.0,0,0,0.9,0.0,100.0,33.0,89.0,100.0,10.8,0,18,51
4713,10002.0,1,0,1.1,0.0,0.0,0.0,0.0,0.0,8.0,1,4,51
4714,10032.0,0,0,0.9,0.0,100.0,33.0,89.0,100.0,10.8,0,18,51
4715,10023.0,0,0,-1.7,0.0,34.0,0.0,55.0,4.0,5.6,0,11,51
4716,10007.0,0,0,1.5,0.0,75.0,22.0,85.0,13.0,10.8,0,22,51
4717,10026.0,0,0,1.4,0.0,100.0,42.0,89.0,95.0,11.2,0,19,51
4718,10025.0,0,0,0.4,0.0,26.0,0.0,0.0,88.0,7.6,0,6,51
4719,10032.0,1,0,0.9,0.0,100.0,33.0,89.0,100.0,10.8,1,18,51
4720,10013.0,0,0,0.4,0.0,54.0,0.0,41.0,99.0,8.9,0,16,51
4721,10012.0,0,0,-1.6,0.0,33.0,0.0,16.0,78.0,10.3,0,13,51
4722,10001.0,0,0,-1.8,0.0,60.0,0.0,82.0,37.0,7.5,0,10,51
4723,10033.0,1,0,-0.3,0.0,72.0,0.0,74.0,92.0,6.6,1,8,51
4724,10036.0,0,0,4.4,0.0,0.0,0.0,0.0,0.0,9.3,0,0,51
4725,10013.0,0,0,0.4,0.0,26.0,0.0,0.0,88.0,7.6,0,6,51
4726,10013.0,0,0,-0.6,0.0,59.0,0.0,77.0,41.0,5.4,0,9,51
4727,10036.0,0,0,1.9,0.0,86.0,22.0,99.0,21.0,13.0,0,20,51
4728,10016.0,0,0,0.6,0.0,75.0,0.0,75.0,99.0,8.7,0,17,51
4729,10038.0,0,0,-1.0,0.0,38.0,0.0,13.0,100.0,10.5,0,14,51
4730,10034.0,0,0,0.9,0.0,100.0,33.0,89.0,100.0,10.8,0,18,51
4731,10022.0,1,0,-0.3,0.0,72.0,0.0,74.0,92.0,6.6,1,8,51
4732,10022.0,0,0,5.2,0.0,73.0,0.0,99.0,46.0,12.0,0,10,50
4733,10012.0,0,0,5.0,0.0,22.0,0.0,35.0,3.0,8.7,0,12,50
4734,10002.0,0,0,8.0,0.0,3.0,2.0,2.0,0.0,20.3,0,19,50
4735,10029.0,0,0,7.1,0.0,3.0,0.0,0.0,10.0,17.6,0,16,50
4736,10012.0,0,0,4.8,0.0,8.0,1.0,10.0,4.0,9.5,0,13,50
4737,10003.0,2,0,7.8,0.0,5.0,3.0,4.0,0.0,19.7,1,20,50
4738,10037.0,0,0,7.9,0.0,11.0,6.0,1.0,18.0,19.8,0,18,50
4739,10003.0,0,0,4.9,0.0,100.0,98.0,97.0,98.0,5.9,0,0,50
4740,10025.0,1,0,7.0,0.0,86.0,0.0,93.0,100.0,16.8,1,8,50
4741,10023.0,0,0,5.2,0.0,73.0,0.0,99.0,46.0,12.0,0,10,50
4742,10034.0,1,0,7.0,0.0,86.0,0.0,93.0,100.0,16.8,1,8,50
4743,10035.0,1,0,5.1,0.0,47.0,0.0,74.0,8.0,10.4,1,11,50
4744,10065.0,0,0,6.7,0.0,2.0,1.0,0.0,3.0,16.4,0,15,50
4745,10022.0,0,0,4.9,0.0,100.0,98.0,97.0,98.0,5.9,0,0,50
4746,10016.0,0,0,7.9,0.0,11.0,6.0,1.0,18.0,19.8,0,18,50
4747,10022.0,0,0,5.5,0.0,6.0,5.0,1.0,4.0,11.3,0,14,50
4748,10023.0,2,0,4.9,0.0,100.0,100.0,99.0,100.0,5.7,1,1,50
4749,10016.0,0,0,7.8,0.0,5.0,3.0,4.0,0.0,19.7,0,20,50
4750,10012.0,0,0,5.5,0.0,6.0,5.0,1.0,4.0,11.3,0,14,50
4751,10017.0,0,0,7.8,0.0,5.0,3.0,4.0,0.0,19.7,0,20,50
4752,10035.0,0,0,6.7,0.0,2.0,1.0,0.0,3.0,16.4,0,15,50
4753,10010.0,1,0,5.2,0.0,73.0,0.0,99.0,46.0,12.0,1,10,50
4754,10036.0,0,0,7.4,0.0,3.0,0.0,5.0,0.0,17.1,0,21,50
4755,10003.0,2,0,7.8,0.0,5.0,3.0,4.0,0.0,19.7,1,20,50
4756,10036.0,2,0,5.0,0.0,22.0,0.0,35.0,3.0,8.7,1,12,50
4757,10019.0,0,0,5.5,0.0,6.0,5.0,1.0,4.0,11.3,0,14,50
4758,10019.0,1,0,5.0,0.0,22.0,0.0,35.0,3.0,8.7,1,12,50
4759,10018.0,1,0,7.0,0.0,86.0,0.0,93.0,100.0,16.8,1,8,50
4760,10016.0,1,0,7.0,0.0,86.0,0.0,93.0,100.0,16.8,1,8,50
4761,10022.0,0,0,7.1,0.0,3.0,0.0,0.0,10.0,17.6,0,16,50
4762,10128.0,0,0,6.7,0.0,2.0,1.0,0.0,3.0,16.4,0,15,50
4763,10002.0,0,0,7.8,0.0,5.0,3.0,4.0,0.0,19.7,0,20,50
4764,10012.0,1,0,5.2,0.0,73.0,0.0,99.0,46.0,12.0,1,10,50
4765,10009.0,0,0,6.7,0.0,2.0,1.0,0.0,3.0,16.4,0,15,50
4766,10030.0,0,0,6.3,0.0,86.0,0.0,95.0,98.0,17.3,0,9,50
4767,10026.0,0,0,5.5,0.0,6.0,5.0,1.0,4.0,11.3,0,14,50
4768,10075.0,0,0,5.5,0.0,6.0,5.0,1.0,4.0,11.3,0,14,50
4769,10128.0,1,0,5.2,0.0,73.0,0.0,99.0,46.0,12.0,1,10,50
4770,10019.0,0,0,7.0,0.0,86.0,0.0,93.0,100.0,16.8,0,8,50
4771,10002.0,0,0,5.5,0.0,6.0,5.0,1.0,4.0,11.3,0,14,50
4772,10025.0,0,0,4.8,0.0,8.0,1.0,10.0,4.0,9.5,0,13,50
4773,10019.0,0,0,5.2,0.0,73.0,0.0,99.0,46.0,12.0,0,10,50
4774,10010.0,0,0,4.8,0.0,8.0,1.0,10.0,4.0,9.5,0,13,50
4775,10038.0,0,0,4.8,0.0,8.0,1.0,10.0,4.0,9.5,0,13,50
4776,10016.0,0,0,5.1,0.0,47.0,0.0,74.0,8.0,10.4,0,11,50
4777,10002.0,0,0,6.0,0.0,2.0,0.0,2.0,4.0,10.5,0,22,50
4778,10003.0,0,0,4.9,0.0,100.0,98.0,97.0,98.0,5.9,0,0,50
4779,10016.0,1,0,5.2,0.0,100.0,99.0,97.0,100.0,4.6,1,3,50
4780,10029.0,0,0,7.0,0.0,86.0,0.0,93.0,100.0,16.8,0,8,50
4781,10005.0,0,0,7.4,0.0,3.0,0.0,5.0,0.0,17.1,0,21,50
4782,10036.0,0,0,7.0,0.0,86.0,0.0,93.0,100.0,16.8,0,8,50
4783,10103.0,0,0,6.0,0.0,2.0,0.0,2.0,4.0,10.5,0,22,50
4784,10036.0,0,0,4.9,0.0,100.0,98.0,97.0,98.0,5.9,0,0,50
4785,10003.0,0,0,5.2,0.0,100.0,99.0,97.0,100.0,4.6,0,3,50
4786,10016.0,0,0,5.2,0.0,73.0,0.0,99.0,46.0,12.0,0,10,50
4787,10016.0,0,0,7.4,0.0,3.0,0.0,5.0,0.0,17.1,0,21,50
4788,10017.0,1,0,4.8,0.0,8.0,1.0,10.0,4.0,9.5,1,13,50
4789,10022.0,0,0,7.9,0.0,11.0,6.0,1.0,18.0,19.8,0,18,50
4790,10013.0,0,0,7.1,0.0,3.0,0.0,0.0,10.0,17.6,0,16,50
4791,10029.0,0,0,5.1,0.0,47.0,0.0,74.0,8.0,10.4,0,11,50
4792,10028.0,0,0,7.1,0.0,83.0,7.0,91.0,73.0,11.7,0,6,50
4793,10021.0,0,0,7.1,0.0,3.0,0.0,0.0,10.0,17.6,0,16,50
4794,10002.0,0,0,4.0,0.0,100.0,35.0,100.0,100.0,13.4,0,13,49
4795,10036.0,0,0,1.8,0.0,78.0,0.0,97.0,67.0,15.3,0,8,49
4796,10038.0,0,0,6.8,0.2,100.0,100.0,39.0,99.0,13.7,0,16,49
4797,10018.0,0,0,5.8,0.3,100.0,100.0,78.0,100.0,13.1,0,15,49
4798,10021.0,0,0,2.6,0.0,62.0,0.0,66.0,74.0,15.0,0,9,49
4799,10009.0,0,0,8.2,0.0,100.0,100.0,21.0,83.0,7.6,0,20,49
4800,10010.0,0,0,2.9,0.0,76.0,0.0,78.0,98.0,13.0,0,10,49
4801,10011.0,0,0,8.0,0.0,100.0,100.0,20.0,87.0,8.3,0,19,49
4802,10009.0,0,0,1.4,0.0,89.0,0.0,100.0,98.0,14.5,0,7,49
4803,10019.0,2,0,7.5,0.0,100.0,94.0,20.0,55.0,6.2,1,21,49
4804,10036.0,1,0,8.2,0.0,100.0,100.0,21.0,83.0,7.6,1,20,49
4805,10004.0,0,0,1.8,0.0,78.0,0.0,97.0,67.0,15.3,0,8,49
4806,10019.0,0,0,8.2,0.0,100.0,100.0,21.0,83.0,7.6,0,20,49
4807,10035.0,1,1,7.4,0.0,100.0,100.0,37.0,94.0,11.4,2,17,49
4808,10018.0,0,0,3.2,0.0,89.0,0.0,98.0,100.0,10.7,0,11,49
4809,10065.0,0,0,8.2,0.0,100.0,100.0,21.0,83.0,7.6,0,20,49
4810,10029.0,1,0,4.7,0.0,13.0,0.0,0.0,42.0,5.8,1,1,49
4811,10017.0,0,0,1.8,0.0,78.0,0.0,97.0,67.0,15.3,0,8,49
4812,10019.0,0,0,1.2,0.0,88.0,0.0,100.0,93.0,13.2,0,6,49
4813,10029.0,0,0,1.8,0.0,78.0,0.0,97.0,67.0,15.3,0,8,49
4814,10022.0,0,0,4.8,0.2,100.0,96.0,100.0,99.0,12.4,0,14,49
4815,10013.0,0,0,1.8,0.0,78.0,0.0,97.0,67.0,15.3,0,8,49
4816,10022.0,0,0,3.6,0.0,93.0,4.0,100.0,99.0,11.8,0,12,49
4817,10017.0,0,0,2.6,0.0,62.0,0.0,66.0,74.0,15.0,0,9,49
4818,10065.0,0,0,7.4,0.0,100.0,100.0,37.0,94.0,11.4,0,17,49
4819,10019.0,0,0,2.6,0.0,62.0,0.0,66.0,74.0,15.0,0,9,49
4820,10013.0,1,0,7.3,0.0,100.0,100.0,29.0,84.0,9.5,1,18,49
4821,10019.0,0,0,2.9,0.0,76.0,0.0,78.0,98.0,13.0,0,10,49
4822,10029.0,0,0,3.2,0.0,89.0,0.0,98.0,100.0,10.7,0,11,49
4823,10021.0,0,0,7.3,0.0,100.0,100.0,29.0,84.0,9.5,0,18,49
4824,10023.0,0,0,2.9,0.0,76.0,0.0,78.0,98.0,13.0,0,10,49
4825,10018.0,0,0,8.2,0.0,100.0,100.0,21.0,83.0,7.6,0,20,49
4826,10021.0,0,0,7.3,0.0,100.0,100.0,29.0,84.0,9.5,0,18,49
4827,10065.0,0,0,3.6,0.0,93.0,4.0,100.0,99.0,11.8,0,12,49
4828,10003.0,1,0,3.2,0.0,89.0,0.0,98.0,100.0,10.7,1,11,49
4829,10019.0,0,0,5.6,0.0,0.0,0.0,0.0,1.0,6.9,0,0,49
4830,10018.0,0,0,5.7,0.0,100.0,100.0,46.0,98.0,10.2,0,22,49
4831,10012.0,0,0,2.6,0.0,62.0,0.0,66.0,74.0,15.0,0,9,49
4832,10128.0,0,0,5.7,0.0,100.0,100.0,46.0,98.0,10.2,0,22,49
4833,10016.0,0,0,1.4,0.0,58.0,0.0,96.0,0.0,13.2,0,5,49
4834,10017.0,1,0,2.9,0.0,76.0,0.0,78.0,98.0,13.0,1,10,49
4835,10022.0,0,0,5.8,0.3,100.0,100.0,78.0,100.0,13.1,0,15,49
4836,10003.0,0,0,4.0,0.0,100.0,35.0,100.0,100.0,13.4,0,13,49
4837,10027.0,0,0,8.0,0.0,100.0,100.0,20.0,87.0,8.3,0,19,49
4838,10035.0,1,0,3.6,0.0,93.0,4.0,100.0,99.0,11.8,1,12,49
4839,10065.0,1,0,1.8,0.0,78.0,0.0,97.0,67.0,15.3,1,8,49
4840,10065.0,0,0,1.2,0.0,88.0,0.0,100.0,93.0,13.2,0,6,49
4841,10010.0,0,0,1.8,0.0,78.0,0.0,97.0,67.0,15.3,0,8,49
4842,10016.0,0,0,8.2,0.0,100.0,100.0,21.0,83.0,7.6,0,20,49
4843,10022.0,0,0,6.8,0.2,100.0,100.0,39.0,99.0,13.7,0,16,49
4844,10014.0,0,0,2.9,0.0,76.0,0.0,78.0,98.0,13.0,0,10,49
4845,10013.0,1,0,0.8,0.0,1.0,0.0,0.0,2.0,7.4,1,12,48
4846,10035.0,0,0,5.9,0.0,4.0,0.0,6.0,0.0,5.0,0,15,48
4847,10032.0,0,0,1.6,0.0,20.0,0.0,4.0,60.0,7.6,0,13,48
4848,10003.0,0,0,0.9,0.0,21.0,0.0,0.0,69.0,7.1,0,11,48
4849,10029.0,0,0,0.8,0.0,29.0,0.0,0.0,98.0,5.9,0,10,48
4850,10033.0,0,0,7.0,0.0,0.0,0.0,0.0,0.0,5.4,0,18,48
4851,10021.0,0,0,6.1,0.0,0.0,0.0,0.0,0.0,3.2,0,16,48
4852,10036.0,1,0,2.8,0.0,57.0,1.0,46.0,95.0,6.5,1,8,48
4853,10029.0,1,0,0.8,0.0,1.0,0.0,0.0,2.0,7.4,1,12,48
4854,10035.0,1,1,4.9,0.0,17.0,7.0,12.0,12.0,3.1,2,0,48
4855,10034.0,0,0,0.9,0.0,21.0,0.0,0.0,69.0,7.1,0,11,48
4856,10033.0,0,0,5.9,0.0,4.0,0.0,6.0,0.0,5.0,0,15,48
4857,10040.0,1,0,6.6,0.0,0.0,0.0,0.0,0.0,3.6,1,17,48
4858,10002.0,0,0,6.1,0.0,0.0,0.0,0.0,0.0,3.2,0,16,48
4859,10012.0,0,0,5.9,0.0,4.0,0.0,6.0,0.0,5.0,0,15,48
4860,10001.0,0,0,9.0,0.0,1.0,0.0,0.0,2.0,0.8,0,22,48
4861,10035.0,0,0,3.5,0.0,30.0,0.0,29.0,41.0,3.9,0,14,48
4862,10039.0,0,0,6.6,0.0,0.0,0.0,0.0,0.0,3.6,0,17,48
4863,10010.0,1,0,9.0,0.0,1.0,0.0,0.0,2.0,0.8,1,22,48
4864,10018.0,0,0,4.6,0.0,45.0,10.0,60.0,0.0,2.2,0,1,48
4865,10013.0,0,0,3.1,0.0,72.0,2.0,68.0,98.0,4.6,0,7,48
4866,10033.0,0,0,3.1,0.0,72.0,2.0,68.0,98.0,4.6,0,7,48
4867,10027.0,0,0,0.9,0.0,21.0,0.0,0.0,69.0,7.1,0,11,48
4868,10009.0,0,0,4.6,0.0,45.0,10.0,60.0,0.0,2.2,0,1,48
4869,10002.0,0,0,3.5,0.0,30.0,0.0,29.0,41.0,3.9,0,14,48
4870,10013.0,0,0,3.5,0.0,30.0,0.0,29.0,41.0,3.9,0,14,48
4871,10065.0,0,0,6.6,0.0,0.0,0.0,0.0,0.0,3.6,0,17,48
4872,10001.0,0,0,0.8,0.0,29.0,0.0,0.0,98.0,5.9,0,10,48
4873,10029.0,0,0,3.0,0.0,88.0,0.0,98.0,96.0,11.4,0,17,47
4874,10065.0,0,0,1.6,0.0,82.0,0.0,87.0,99.0,12.0,0,15,47
4875,10003.0,0,0,-0.7,0.0,32.0,0.0,4.0,97.0,13.1,0,9,47
4876,10024.0,1,0,-0.4,0.0,75.0,0.0,75.0,100.0,11.7,1,13,47
4877,10011.0,0,0,-2.5,0.0,29.0,0.0,0.0,98.0,15.5,0,4,47
4878,10013.0,3,0,-1.7,0.0,29.0,0.0,0.0,96.0,12.2,1,0,47
4879,10031.0,0,0,2.3,0.0,86.0,0.0,95.0,98.0,11.8,0,16,47
4880,10027.0,0,0,-0.9,0.0,35.0,0.0,8.0,99.0,10.7,0,11,47
4881,10013.0,0,0,3.8,0.0,87.0,0.0,100.0,90.0,11.3,0,18,47
4882,10029.0,0,0,-1.4,0.0,30.0,0.0,1.0,98.0,14.7,0,7,47
4883,10002.0,0,0,-1.7,0.0,29.0,0.0,0.0,96.0,12.2,0,0,47
4884,10016.0,0,0,-0.6,0.0,40.0,0.0,18.0,97.0,11.5,0,12,47
4885,10013.0,1,0,-2.0,0.0,30.0,0.0,0.0,99.0,14.8,1,1,47
4886,10012.0,1,0,-0.9,0.0,35.0,0.0,8.0,99.0,10.7,1,11,47
4887,10010.0,2,0,-1.0,0.0,35.0,0.0,10.0,98.0,9.5,1,10,47
4888,10016.0,0,0,3.8,0.0,87.0,0.0,100.0,90.0,11.3,0,18,47
4889,10019.0,1,0,5.8,0.0,13.0,0.0,0.0,42.0,3.3,1,22,47
4890,10065.0,0,0,-1.7,0.0,29.0,0.0,0.0,96.0,12.2,0,0,47
4891,10001.0,0,0,3.0,0.0,88.0,0.0,98.0,96.0,11.4,0,17,47
4892,10019.0,0,0,-1.7,0.0,29.0,0.0,0.0,96.0,12.2,0,0,47
4893,10065.0,0,0,-2.4,0.0,23.0,0.0,0.0,77.0,16.2,0,2,47
4894,10002.0,0,0,-1.7,0.0,29.0,0.0,0.0,96.0,12.2,0,0,47
4895,10027.0,0,0,1.6,0.0,82.0,0.0,87.0,99.0,12.0,0,15,47
4896,10017.0,1,0,0.0,0.0,84.0,0.0,91.0,98.0,11.7,1,14,47
4897,10022.0,0,0,-1.7,0.0,29.0,0.0,0.0,96.0,12.2,0,0,47
4898,10013.0,0,0,3.0,0.0,88.0,0.0,98.0,96.0,11.4,0,17,47
4899,10019.0,0,0,5.8,0.0,13.0,0.0,0.0,42.0,3.3,0,22,47
4900,10036.0,0,0,-0.9,0.0,35.0,0.0,8.0,99.0,10.7,0,11,47
4901,10001.0,0,0,5.8,0.0,13.0,0.0,0.0,42.0,3.3,0,22,47
4902,10028.0,0,0,-2.5,0.0,29.0,0.0,0.0,98.0,15.5,0,4,47
4903,10010.0,0,0,-2.0,0.0,30.0,0.0,0.0,99.0,14.8,0,1,47
4904,10032.0,0,0,0.0,0.0,84.0,0.0,91.0,98.0,11.7,0,14,47
4905,10065.0,0,0,-1.0,0.0,35.0,0.0,10.0,98.0,9.5,0,10,47
4906,10012.0,1,0,-0.4,0.0,75.0,0.0,75.0,100.0,11.7,1,13,47
4907,10010.0,0,0,5.2,0.0,46.0,0.0,76.0,0.0,9.9,0,20,47
4908,10013.0,0,0,-1.4,0.0,30.0,0.0,1.0,98.0,14.7,0,7,47
4909,10009.0,0,0,-2.8,0.0,29.0,0.0,0.0,97.0,10.9,0,19,46
4910,10028.0,2,0,-9.6,0.0,0.0,0.0,0.0,0.0,6.5,1,12,46
4911,10003.0,0,0,-4.4,0.0,0.0,0.0,0.0,0.0,7.2,0,17,46
4912,10003.0,0,0,-3.9,0.0,0.0,0.0,0.0,0.0,17.3,0,0,46
4913,10033.0,0,0,-6.8,0.0,0.0,0.0,0.0,0.0,15.9,0,4,46
4914,10016.0,1,0,-2.8,0.0,29.0,0.0,0.0,97.0,10.9,1,19,46
4915,10022.0,0,0,-2.3,0.0,29.0,0.0,0.0,98.0,13.4,0,20,46
4916,10001.0,0,0,-9.6,0.0,0.0,0.0,0.0,0.0,6.5,0,12,46
4917,10065.0,0,0,-8.4,0.0,0.0,0.0,0.0,0.0,9.6,0,9,46
4918,10021.0,0,0,-8.8,0.0,0.0,0.0,0.0,0.0,1.6,0,14,46
4919,10019.0,1,0,-1.3,0.0,30.0,0.0,0.0,99.0,10.8,1,22,46
4920,10018.0,0,0,-2.3,0.0,29.0,0.0,0.0,98.0,13.4,0,20,46
4921,10031.0,0,0,-5.3,0.0,0.0,0.0,0.0,0.0,18.3,0,2,46
4922,10013.0,0,0,-8.1,0.0,0.0,0.0,0.0,0.0,10.0,0,8,46
4923,10013.0,0,0,-9.8,0.0,0.0,0.0,0.0,0.0,7.9,0,11,46
4924,10001.0,0,0,-5.6,0.0,0.0,0.0,0.0,0.0,5.2,0,16,46
4925,10017.0,0,0,-4.4,0.0,0.0,0.0,0.0,0.0,7.2,0,17,46
4926,10019.0,0,0,-2.3,0.0,29.0,0.0,0.0,98.0,13.4,0,20,46
4927,10016.0,0,0,-9.6,0.0,0.0,0.0,0.0,0.0,6.5,0,12,46
4928,10003.0,0,0,-7.0,0.0,0.0,0.0,0.0,0.0,14.1,0,5,46
4929,10027.0,0,0,-7.7,0.0,0.0,0.0,0.0,0.0,10.7,0,7,46
4930,10011.0,0,0,-5.3,0.0,0.0,0.0,0.0,0.0,18.3,0,2,46
4931,10034.0,0,1,-3.5,0.0,23.0,0.0,0.0,77.0,8.8,2,18,46
4932,10003.0,1,0,-9.8,0.0,0.0,0.0,0.0,0.0,7.9,1,11,46
4933,10065.0,0,0,-8.4,0.0,0.0,0.0,0.0,0.0,9.6,0,9,46
4934,10014.0,0,0,-4.6,0.0,0.0,0.0,0.0,0.0,17.6,0,1,46
4935,10001.0,0,0,-1.3,0.0,30.0,0.0,0.0,99.0,10.8,0,22,46
4936,10016.0,1,0,-1.4,0.0,30.0,0.0,0.0,100.0,11.3,1,23,46
4937,10018.0,0,0,-9.7,0.0,0.0,0.0,0.0,0.0,9.8,0,10,46
4938,10029.0,0,0,-1.3,0.0,30.0,0.0,0.0,99.0,10.8,0,22,46
4939,10011.0,0,0,-2.8,0.0,29.0,0.0,0.0,97.0,10.9,0,19,46
4940,10019.0,0,0,-1.8,0.0,29.0,0.0,0.0,97.0,14.6,0,21,46
4941,10029.0,0,0,-3.9,0.0,0.0,0.0,0.0,0.0,17.3,0,0,46
4942,10025.0,0,0,-9.8,0.0,0.0,0.0,0.0,0.0,7.9,0,11,46
4943,10065.0,0,0,-9.6,0.0,0.0,0.0,0.0,0.0,4.0,0,13,46
4944,10018.0,0,0,-1.3,0.0,30.0,0.0,0.0,99.0,10.8,0,22,46
4945,10013.0,0,0,-6.5,0.0,0.0,0.0,0.0,0.0,2.8,0,15,46
4946,10034.0,0,0,-1.4,0.0,30.0,0.0,0.0,100.0,11.3,0,23,46
4947,10016.0,0,0,-1.8,0.0,29.0,0.0,0.0,97.0,14.6,0,21,46
4948,10003.0,0,0,-2.8,0.0,29.0,0.0,0.0,97.0,10.9,0,19,46
4949,10022.0,1,0,-1.8,0.0,29.0,0.0,0.0,97.0,14.6,1,21,46
4950,10019.0,0,0,-1.4,0.0,30.0,0.0,0.0,100.0,11.3,0,23,46
4951,10034.0,1,0,-9.7,0.0,0.0,0.0,0.0,0.0,9.8,1,10,46
4952,10128.0,0,0,-8.1,0.0,0.0,0.0,0.0,0.0,10.0,0,8,46
4953,10016.0,0,0,-2.3,0.0,29.0,0.0,0.0,98.0,13.4,0,20,46
4954,10036.0,0,0,-3.9,0.0,0.0,0.0,0.0,0.0,17.3,0,0,46
4955,10021.0,0,0,-9.7,0.0,0.0,0.0,0.0,0.0,9.8,0,10,46
4956,10002.0,0,0,-7.5,0.0,0.0,0.0,0.0,0.0,12.6,0,6,46
4957,10013.0,0,0,-5.3,0.0,0.0,0.0,0.0,0.0,18.3,0,2,46
4958,10021.0,0,0,-2.8,0.0,29.0,0.0,0.0,97.0,10.9,0,19,46
4959,10034.0,0,0,-4.4,0.0,0.0,0.0,0.0,0.0,7.2,0,17,46
4960,10003.0,1,0,-4.4,0.0,0.0,0.0,0.0,0.0,7.2,1,17,46
4961,10018.0,0,0,-1.3,0.0,30.0,0.0,0.0,99.0,10.8,0,22,46
4962,10001.0,0,0,0.2,0.0,16.0,18.0,0.0,0.0,16.7,0,12,45
4963,10012.0,0,0,-1.0,0.0,0.0,0.0,0.0,0.0,20.1,0,20,45
4964,10001.0,1,0,0.2,0.0,16.0,18.0,0.0,0.0,16.7,1,12,45
4965,10038.0,0,0,2.4,0.0,2.0,2.0,0.0,0.0,13.6,0,9,45
4966,10039.0,0,0,-1.0,0.0,0.0,0.0,0.0,0.0,22.1,0,17,45
4967,10017.0,0,0,5.9,0.0,48.0,5.0,23.0,99.0,12.7,0,0,45
4968,10128.0,0,0,0.7,0.0,0.0,0.0,0.0,0.0,13.9,0,11,45
4969,10028.0,0,0,-1.2,0.0,0.0,0.0,0.0,0.0,19.5,0,21,45
4970,10004.0,0,0,3.2,0.0,7.0,0.0,0.0,24.0,12.7,0,6,45
4971,10027.0,0,0,-0.1,0.0,38.0,42.0,0.0,0.0,20.0,0,13,45
4972,10007.0,0,0,4.1,0.0,30.0,0.0,0.0,100.0,15.1,0,3,45
4973,10022.0,1,0,0.2,0.0,16.0,18.0,0.0,0.0,16.7,1,12,45
4974,10004.0,1,0,0.7,0.0,0.0,0.0,0.0,0.0,13.9,1,11,45
4975,10004.0,1,0,-2.6,0.0,0.0,0.0,0.0,0.0,15.8,1,22,45
4976,10011.0,0,0,-0.5,0.0,32.0,35.0,0.0,0.0,21.9,0,14,45
4977,10001.0,0,0,3.2,0.0,7.0,0.0,0.0,24.0,12.7,0,6,45
4978,10007.0,0,0,0.2,0.0,16.0,18.0,0.0,0.0,16.7,0,12,45
4979,10021.0,0,0,2.7,0.0,1.0,0.0,0.0,3.0,13.2,0,8,45
4980,10018.0,0,0,0.2,0.0,16.0,18.0,0.0,0.0,16.7,0,12,45
4981,10037.0,0,0,-0.9,0.0,12.0,13.0,0.0,0.0,21.3,0,16,45
4982,10002.0,0,0,0.7,0.0,0.0,0.0,0.0,0.0,10.4,0,10,45
4983,10012.0,0,0,-1.0,0.0,0.0,0.0,0.0,0.0,22.1,0,17,45
4984,10010.0,0,0,-1.0,0.0,35.0,39.0,0.0,0.0,21.8,0,15,45
4985,10022.0,0,0,-1.0,0.0,0.0,0.0,0.0,0.0,22.1,0,17,45
4986,10128.0,0,0,0.2,0.0,16.0,18.0,0.0,0.0,16.7,0,12,45
4987,10002.0,1,0,5.9,0.0,48.0,5.0,23.0,99.0,12.7,1,0,45
4988,10032.0,0,0,2.4,0.0,2.0,2.0,0.0,0.0,13.6,0,9,45
4989,10011.0,1,0,-1.2,0.0,0.0,0.0,0.0,0.0,19.5,1,21,45
4990,10016.0,0,0,-1.0,0.0,0.0,0.0,0.0,0.0,20.1,0,20,45
4991,10016.0,1,0,2.4,0.0,2.0,2.0,0.0,0.0,13.6,1,9,45
4992,10035.0,0,0,5.9,0.0,48.0,5.0,23.0,99.0,12.7,0,0,45
4993,10018.0,0,0,-0.1,0.0,38.0,42.0,0.0,0.0,20.0,0,13,45
4994,10001.0,0,0,0.7,0.0,0.0,0.0,0.0,0.0,10.4,0,10,45
4995,10036.0,0,0,0.2,0.0,16.0,18.0,0.0,0.0,16.7,0,12,45
4996,10019.0,1,0,-3.3,0.0,0.0,0.0,0.0,0.0,16.3,1,23,45
4997,10024.0,0,0,-0.5,0.0,32.0,35.0,0.0,0.0,21.9,0,14,45
4998,10011.0,0,0,3.2,0.0,7.0,0.0,0.0,24.0,12.7,0,6,45
4999,10038.0,1,0,-0.9,0.0,0.0,0.0,0.0,0.0,20.7,1,19,45
5000,10029.0,0,0,0.7,0.0,0.0,0.0,0.0,0.0,13.9,0,11,45
5001,10001.0,1,0,-1.0,0.0,0.0,0.0,0.0,0.0,20.1,1,20,45
5002,10029.0,1,0,-1.0,0.0,0.0,0.0,0.0,0.0,22.1,1,17,45
5003,10018.0,0,0,0.2,0.0,16.0,18.0,0.0,0.0,16.7,0,12,45
5004,10036.0,0,0,-0.9,0.0,12.0,13.0,0.0,0.0,21.3,0,16,45
5005,10028.0,0,0,-0.9,0.0,12.0,13.0,0.0,0.0,21.3,0,16,45
5006,10128.0,0,0,0.7,0.0,0.0,0.0,0.0,0.0,10.4,0,10,45
5007,10012.0,0,0,2.4,0.0,2.0,2.0,0.0,0.0,13.6,0,9,45
5008,10016.0,0,0,5.9,0.0,48.0,5.0,23.0,99.0,12.7,0,0,45
5009,10010.0,0,0,0.7,0.0,0.0,0.0,0.0,0.0,13.9,0,11,45
5010,10013.0,0,0,2.7,0.0,1.0,0.0,0.0,3.0,13.2,0,8,45
5011,10001.0,0,0,-2.6,0.0,0.0,0.0,0.0,0.0,15.8,0,22,45
5012,10003.0,0,0,-2.6,0.0,0.0,0.0,0.0,0.0,15.8,0,22,45
5013,10036.0,0,0,-1.0,0.0,35.0,39.0,0.0,0.0,21.8,0,15,45
5014,10019.0,1,0,-0.9,0.0,12.0,13.0,0.0,0.0,21.3,1,16,45
5015,10023.0,1,0,3.2,0.0,7.0,0.0,0.0,24.0,12.7,1,6,45
5016,10011.0,0,0,-1.0,0.0,35.0,39.0,0.0,0.0,21.8,0,15,45
5017,10021.0,0,0,0.7,0.0,0.0,0.0,0.0,0.0,13.9,0,11,45
5018,10023.0,0,0,-1.2,0.0,0.0,0.0,0.0,0.0,19.5,0,21,45
5019,10002.0,0,0,5.0,0.0,30.0,0.0,0.0,100.0,17.5,0,2,45
5020,10036.0,0,0,-1.0,0.0,0.0,0.0,0.0,0.0,22.1,0,17,45
5021,10013.0,0,0,-0.9,0.0,0.0,0.0,0.0,0.0,21.8,0,18,45
5022,10013.0,0,0,2.4,0.0,2.0,2.0,0.0,0.0,13.6,0,9,45
5023,10036.0,0,0,0.7,0.0,0.0,0.0,0.0,0.0,13.9,0,11,45
5024,10036.0,0,0,0.7,0.0,0.0,0.0,0.0,0.0,13.9,0,11,45
5025,10002.0,0,0,-0.1,0.0,38.0,42.0,0.0,0.0,20.0,0,13,45
5026,10075.0,0,0,5.9,0.0,48.0,5.0,23.0,99.0,12.7,0,0,45
5027,10030.0,0,0,-0.9,0.0,0.0,0.0,0.0,0.0,20.7,0,19,45
5028,10022.0,0,0,-1.0,0.0,0.0,0.0,0.0,0.0,22.1,0,17,45
5029,10002.0,1,0,5.0,0.0,30.0,0.0,0.0,100.0,17.5,1,2,45
5030,10024.0,0,0,-1.2,0.0,0.0,0.0,0.0,0.0,19.5,0,21,45
5031,10012.0,0,0,-0.9,0.0,12.0,13.0,0.0,0.0,21.3,0,16,45
5032,10036.0,1,0,-1.0,0.0,35.0,39.0,0.0,0.0,21.8,1,15,45
5033,10016.0,2,0,2.9,0.0,7.0,0.0,0.0,24.0,12.7,1,7,45
5034,10026.0,0,0,2.7,0.0,1.0,0.0,0.0,3.0,13.2,0,8,45
5035,10039.0,0,0,-0.9,0.0,12.0,13.0,0.0,0.0,21.3,0,16,45
5036,10012.0,0,0,-1.0,0.0,35.0,39.0,0.0,0.0,21.8,0,15,45
5037,10024.0,0,0,2.4,0.0,2.0,2.0,0.0,0.0,13.6,0,9,45
5038,10019.0,0,0,-0.9,0.0,12.0,13.0,0.0,0.0,21.3,0,16,45
5039,10019.0,0,0,-1.0,0.0,35.0,39.0,0.0,0.0,21.8,0,15,45
5040,10017.0,0,0,5.9,0.0,48.0,5.0,23.0,99.0,12.7,0,0,45
5041,10029.0,0,0,0.7,0.0,0.0,0.0,0.0,0.0,13.9,0,11,45
5042,10016.0,0,0,2.4,0.2,100.0,100.0,100.0,93.0,7.2,0,11,44
5043,10037.0,0,0,2.8,1.5,100.0,100.0,100.0,100.0,4.7,0,8,44
5044,10012.0,0,0,4.3,0.7,100.0,100.0,92.0,100.0,1.8,0,16,44
5045,10010.0,0,0,4.7,0.4,100.0,100.0,100.0,100.0,4.6,0,17,44
5046,10004.0,0,0,3.1,1.8,100.0,100.0,99.0,99.0,3.7,0,9,44
5047,10019.0,0,0,4.7,0.4,100.0,100.0,100.0,100.0,4.6,0,17,44
5048,10012.0,0,0,5.7,0.0,66.0,0.0,61.0,99.0,8.1,0,23,44
5049,10021.0,0,0,6.1,0.7,100.0,36.0,99.0,100.0,8.2,0,21,44
5050,10010.0,1,0,2.8,1.5,100.0,100.0,100.0,100.0,4.7,1,8,44
5051,10038.0,0,0,2.8,1.5,100.0,100.0,100.0,100.0,4.7,0,8,44
5052,10065.0,0,0,4.7,0.4,100.0,100.0,100.0,100.0,4.6,0,17,44
5053,10010.0,0,0,2.6,0.0,100.0,98.0,99.0,100.0,3.0,0,13,44
5054,10003.0,0,0,2.5,0.1,100.0,100.0,96.0,99.0,5.4,0,12,44
5055,10022.0,0,0,2.6,0.0,100.0,98.0,99.0,100.0,3.0,0,13,44
5056,10022.0,0,0,4.7,0.4,100.0,100.0,100.0,100.0,4.6,0,17,44
5057,10036.0,0,0,4.3,0.7,100.0,100.0,92.0,100.0,1.8,0,16,44
5058,10007.0,0,0,2.5,0.1,100.0,100.0,96.0,99.0,5.4,0,12,44
5059,10027.0,1,0,6.1,0.7,100.0,36.0,99.0,100.0,8.2,1,21,44
5060,10027.0,0,0,2.6,0.0,100.0,98.0,99.0,100.0,3.0,0,13,44
5061,10016.0,1,0,5.6,1.3,100.0,100.0,100.0,100.0,6.0,1,20,44
5062,10027.0,0,0,3.1,1.8,100.0,100.0,99.0,99.0,3.7,0,9,44
5063,10003.0,1,0,2.6,0.0,100.0,98.0,99.0,100.0,3.0,1,13,44
5064,10013.0,0,0,2.8,2.7,100.0,100.0,100.0,100.0,3.6,0,7,44
5065,10029.0,0,0,2.9,0.0,100.0,100.0,98.0,99.0,4.5,0,14,44
5066,10023.0,0,0,3.1,1.8,100.0,100.0,99.0,99.0,3.7,0,9,44
5067,10019.0,0,0,2.4,0.2,100.0,100.0,100.0,93.0,7.2,0,11,44
5068,10128.0,0,0,2.9,0.0,100.0,100.0,98.0,99.0,4.5,0,14,44
5069,10128.0,1,0,2.8,1.5,100.0,100.0,100.0,100.0,4.7,1,8,44
5070,10016.0,1,0,2.8,1.5,100.0,100.0,100.0,100.0,4.7,1,8,44
5071,10003.0,0,0,5.8,0.0,87.0,0.0,100.0,89.0,10.4,0,1,44
5072,10001.0,0,0,4.3,0.7,100.0,100.0,92.0,100.0,1.8,0,16,44
5073,10023.0,0,0,5.8,0.0,90.0,0.0,100.0,100.0,10.5,0,0,44
5074,10011.0,0,0,3.7,0.1,100.0,100.0,100.0,99.0,2.0,0,15,44
5075,10036.0,0,0,3.3,0.9,100.0,100.0,100.0,100.0,9.0,0,5,44
5076,10010.0,0,0,4.7,0.4,100.0,100.0,100.0,100.0,4.6,0,17,44
5077,10002.0,1,0,5.2,0.9,100.0,100.0,100.0,100.0,6.1,1,19,44
5078,10037.0,0,0,5.8,0.0,90.0,0.0,100.0,100.0,10.5,0,0,44
5079,10017.0,0,0,4.7,0.4,100.0,100.0,100.0,100.0,4.6,0,17,44
5080,10033.0,0,0,4.6,0.7,100.0,100.0,100.0,100.0,4.6,0,18,44
5081,10002.0,3,0,6.1,0.7,100.0,36.0,99.0,100.0,8.2,1,21,44
5082,10013.0,2,0,5.6,1.3,100.0,100.0,100.0,100.0,6.0,1,20,44
5083,10001.0,0,0,5.2,0.9,100.0,100.0,100.0,100.0,6.1,0,19,44
5084,10014.0,0,0,3.1,1.8,100.0,100.0,99.0,99.0,3.7,0,9,44
5085,10013.0,0,0,2.7,0.8,100.0,99.0,99.0,95.0,7.7,0,10,44
5086,10001.0,0,0,2.6,0.0,100.0,98.0,99.0,100.0,3.0,0,13,44
5087,10033.0,0,0,2.8,1.5,100.0,100.0,100.0,100.0,4.7,0,8,44
5088,10065.0,0,0,5.2,0.9,100.0,100.0,100.0,100.0,6.1,0,19,44
5089,10033.0,0,0,4.6,0.7,100.0,100.0,100.0,100.0,4.6,0,18,44
5090,10004.0,1,0,4.7,0.4,100.0,100.0,100.0,100.0,4.6,1,17,44
5091,10019.0,0,0,5.8,0.0,87.0,0.0,100.0,89.0,10.4,0,1,44
5092,10016.0,1,0,4.0,0.0,22.0,0.0,0.0,73.0,15.1,1,9,43
5093,10029.0,0,0,2.9,0.0,29.0,3.0,0.0,88.0,14.8,0,10,43
5094,10003.0,0,0,7.8,0.0,90.0,7.0,97.0,86.0,9.3,0,1,43
5095,10065.0,0,0,3.2,0.0,30.0,0.0,0.0,99.0,9.6,0,13,43
5096,10128.0,0,0,2.9,0.0,29.0,3.0,0.0,88.0,14.8,0,10,43
5097,10022.0,1,0,3.4,0.0,29.0,0.0,0.0,95.0,10.2,1,11,43
5098,10019.0,1,0,4.0,0.0,22.0,0.0,0.0,73.0,15.1,1,9,43
5099,10011.0,0,0,3.3,0.0,30.0,0.0,0.0,99.0,7.7,0,12,43
5100,10010.0,0,0,4.8,0.0,21.0,0.0,0.0,70.0,16.3,0,8,43
5101,10002.0,0,0,6.2,0.0,74.0,0.0,74.0,100.0,8.8,0,21,43
5102,10002.0,0,0,6.0,0.0,89.0,0.0,98.0,99.0,9.3,0,23,43
5103,10280.0,0,0,5.0,0.0,29.0,0.0,0.0,95.0,9.8,0,15,43
5104,10032.0,0,0,3.3,0.0,30.0,0.0,0.0,99.0,7.7,0,12,43
5105,10019.0,0,0,4.0,0.0,22.0,0.0,0.0,73.0,15.1,0,9,43
5106,10016.0,0,0,6.0,0.0,89.0,0.0,98.0,99.0,9.3,0,23,43
5107,10038.0,0,0,2.9,0.0,29.0,3.0,0.0,88.0,14.8,0,10,43
5108,10010.0,0,0,2.9,0.0,29.0,3.0,0.0,88.0,14.8,0,10,43
5109,10002.0,0,0,2.9,0.0,29.0,3.0,0.0,88.0,14.8,0,10,43
5110,10002.0,0,0,4.8,0.0,21.0,0.0,0.0,70.0,16.3,0,8,43
5111,10029.0,0,0,7.8,0.0,86.0,1.0,92.0,98.0,11.5,0,2,43
5112,10016.0,0,0,3.4,0.0,29.0,0.0,0.0,95.0,10.2,0,11,43
5113,10021.0,0,0,3.3,0.0,30.0,0.0,0.0,99.0,7.7,0,12,43
5114,10019.0,0,0,6.1,0.0,47.0,0.0,28.0,100.0,9.5,0,20,43
5115,10037.0,0,0,5.3,0.0,4.0,0.0,0.0,14.0,5.2,0,16,43
5116,10011.0,0,0,3.4,0.0,29.0,0.0,0.0,95.0,10.2,0,11,43
5117,10016.0,0,0,2.9,0.0,29.0,3.0,0.0,88.0,14.8,0,10,43
5118,10022.0,4,0,6.1,0.0,72.0,0.0,74.0,91.0,16.1,1,6,43
5119,10019.0,0,0,4.0,0.0,22.0,0.0,0.0,73.0,15.1,0,9,43
5120,10025.0,0,0,5.5,0.0,29.0,0.0,0.0,98.0,6.2,0,17,43
5121,10009.0,0,0,2.9,0.0,29.0,3.0,0.0,88.0,14.8,0,10,43
5122,10022.0,0,0,6.2,0.0,74.0,0.0,74.0,100.0,8.8,0,21,43
5123,10001.0,0,0,3.4,0.0,29.0,0.0,0.0,95.0,10.2,0,11,43
5124,10001.0,1,0,3.3,0.0,30.0,0.0,0.0,99.0,7.7,1,12,43
5125,10012.0,0,0,2.9,0.0,29.0,3.0,0.0,88.0,14.8,0,10,43
5126,10019.0,1,0,2.9,0.0,29.0,3.0,0.0,88.0,14.8,1,10,43
5127,10036.0,1,0,5.8,0.0,30.0,0.0,0.0,100.0,7.1,1,18,43
5128,10019.0,0,0,5.8,0.0,30.0,0.0,0.0,100.0,7.1,0,18,43
5129,10018.0,0,0,6.1,0.0,47.0,0.0,28.0,100.0,9.5,0,20,43
5130,10001.0,0,0,5.5,0.0,29.0,0.0,0.0,98.0,6.2,0,17,43
5131,10013.0,0,0,4.8,0.0,21.0,0.0,0.0,70.0,16.3,0,8,43
5132,10026.0,0,0,4.0,0.0,22.0,0.0,0.0,73.0,15.1,0,9,43
5133,10014.0,1,0,3.3,0.0,30.0,0.0,0.0,99.0,7.7,1,12,43
5134,10032.0,0,0,7.0,0.0,88.0,0.0,97.0,98.0,10.8,0,3,43
5135,10017.0,0,0,5.5,0.0,29.0,0.0,0.0,98.0,6.2,0,17,43
5136,10039.0,0,0,4.0,0.0,22.0,0.0,0.0,73.0,15.1,0,9,43
5137,10028.0,1,0,4.8,0.0,21.0,0.0,0.0,70.0,16.3,1,8,43
5138,10022.0,0,0,4.0,0.0,30.0,0.0,0.0,100.0,7.6,0,14,43
5139,10019.0,1,0,6.4,0.0,85.0,0.0,93.0,97.0,14.4,1,5,43
5140,10128.0,0,0,3.3,0.0,30.0,0.0,0.0,99.0,7.7,0,12,43
5141,10019.0,0,0,5.0,0.0,29.0,0.0,0.0,95.0,9.8,0,15,43
5142,10022.0,0,0,4.0,0.0,30.0,0.0,0.0,100.0,7.6,0,14,43
5143,10001.0,1,0,6.1,0.0,47.0,0.0,28.0,100.0,9.5,1,20,43
5144,10010.0,0,0,4.0,0.0,22.0,0.0,0.0,73.0,15.1,0,9,43
5145,10019.0,0,0,2.9,0.0,29.0,3.0,0.0,88.0,14.8,0,10,43
5146,10037.0,0,0,5.0,0.0,29.0,0.0,0.0,95.0,9.8,0,15,43
5147,10029.0,0,0,3.4,0.0,29.0,0.0,0.0,95.0,10.2,0,11,43
5148,10016.0,0,0,5.6,0.0,23.0,0.0,0.0,76.0,17.3,0,7,43
5149,10011.0,0,0,5.9,0.6,100.0,100.0,100.0,100.0,5.4,0,10,42
5150,10028.0,0,0,6.8,0.5,100.0,100.0,100.0,100.0,5.6,0,18,42
5151,10018.0,0,0,6.0,0.1,100.0,99.0,97.0,100.0,4.0,0,9,42
5152,10021.0,0,0,6.0,1.5,100.0,100.0,100.0,100.0,4.5,0,13,42
5153,10003.0,0,0,7.1,0.5,100.0,100.0,99.0,99.0,5.0,0,19,42
5154,10038.0,0,0,5.9,1.9,100.0,100.0,100.0,100.0,4.2,0,12,42
5155,10011.0,0,0,5.9,0.6,100.0,100.0,100.0,100.0,5.4,0,10,42
5156,10002.0,0,0,5.9,1.9,100.0,100.0,100.0,100.0,4.2,0,12,42
5157,10036.0,0,0,6.3,0.0,100.0,100.0,91.0,100.0,5.1,0,8,42
5158,10013.0,0,0,6.6,0.1,100.0,100.0,68.0,100.0,5.1,0,16,42
5159,10019.0,0,0,6.3,0.1,100.0,97.0,100.0,98.0,6.0,0,5,42
5160,10032.0,0,0,6.0,0.1,100.0,99.0,97.0,100.0,4.0,0,9,42
5161,10021.0,0,0,6.6,0.1,100.0,100.0,68.0,100.0,5.1,0,16,42
5162,10013.0,0,0,8.2,0.0,100.0,96.0,74.0,0.0,4.4,0,22,42
5163,10032.0,0,0,6.3,0.0,100.0,100.0,91.0,100.0,5.1,0,8,42
5164,10026.0,0,0,7.3,0.2,100.0,100.0,99.0,54.0,3.9,0,20,42
5165,10027.0,1,0,6.7,0.2,100.0,100.0,100.0,100.0,3.7,1,17,42
5166,10032.0,0,0,6.7,0.2,100.0,100.0,100.0,100.0,3.7,0,17,42
5167,10001.0,0,0,5.9,1.9,100.0,100.0,100.0,100.0,4.2,0,12,42
5168,10032.0,0,0,6.0,0.1,100.0,99.0,97.0,100.0,4.0,0,9,42
5169,10018.0,0,0,6.0,1.5,100.0,100.0,100.0,100.0,4.5,0,13,42
5170,10011.0,0,0,6.0,1.0,100.0,100.0,100.0,100.0,4.6,0,14,42
5171,10030.0,0,0,7.9,0.0,100.0,85.0,100.0,0.0,6.5,0,23,42
5172,10002.0,0,0,7.3,0.2,100.0,100.0,99.0,54.0,3.9,0,20,42
5173,10003.0,1,0,6.0,1.5,100.0,100.0,100.0,100.0,4.5,1,13,42
5174,10022.0,0,0,6.3,0.0,100.0,100.0,100.0,100.0,6.2,0,6,42
5175,10036.0,0,0,5.9,0.6,100.0,100.0,100.0,100.0,5.4,0,10,42
5176,10020.0,1,0,5.9,1.9,100.0,100.0,100.0,100.0,4.2,1,12,42
5177,10016.0,0,0,6.0,1.0,100.0,100.0,100.0,100.0,4.6,0,14,42
5178,10011.0,0,0,7.1,0.5,100.0,100.0,99.0,99.0,5.0,0,19,42
5179,10036.0,1,0,6.2,0.0,100.0,100.0,97.0,96.0,6.0,1,7,42
5180,10013.0,0,0,5.8,3.0,100.0,100.0,100.0,100.0,5.4,0,11,42
5181,10002.0,0,0,6.0,1.0,100.0,100.0,100.0,100.0,4.6,0,14,42
5182,10019.0,0,0,6.3,0.4,100.0,100.0,100.0,100.0,5.2,0,15,42
5183,10029.0,0,0,6.0,1.5,100.0,100.0,100.0,100.0,4.5,0,13,42
5184,10128.0,0,0,6.3,0.0,100.0,100.0,91.0,100.0,5.1,0,8,42
5185,10011.0,1,0,7.7,0.0,100.0,99.0,99.0,2.0,4.7,1,21,42
5186,10021.0,1,0,7.1,0.5,100.0,100.0,99.0,99.0,5.0,1,19,42
5187,10128.0,0,0,6.0,1.5,100.0,100.0,100.0,100.0,4.5,0,13,42
5188,10035.0,0,0,6.3,0.0,100.0,100.0,100.0,100.0,6.2,0,6,42
5189,10010.0,0,0,5.9,0.6,100.0,100.0,100.0,100.0,5.4,0,10,42
5190,10007.0,0,0,6.0,1.5,100.0,100.0,100.0,100.0,4.5,0,13,42
5191,10018.0,0,0,6.0,1.0,100.0,100.0,100.0,100.0,4.6,0,14,42
5192,10026.0,1,0,7.7,0.0,100.0,99.0,99.0,2.0,4.7,1,21,42
5193,10021.0,0,0,6.0,1.0,100.0,100.0,100.0,100.0,4.6,0,14,42
5194,10016.0,0,0,6.6,0.1,100.0,100.0,68.0,100.0,5.1,0,16,42
5195,10003.0,0,0,6.8,0.5,100.0,100.0,100.0,100.0,5.6,0,18,42
5196,10035.0,0,0,6.2,0.0,100.0,100.0,97.0,96.0,6.0,0,7,42
5197,10013.0,0,0,6.0,0.1,100.0,99.0,97.0,100.0,4.0,0,9,42
5198,10018.0,0,0,6.0,0.1,100.0,99.0,97.0,100.0,4.0,0,9,42
5199,10032.0,0,0,6.3,0.4,100.0,100.0,100.0,100.0,5.2,0,15,42
5200,10029.0,0,0,6.3,0.4,100.0,100.0,100.0,100.0,5.2,0,15,42
5201,10002.0,0,0,6.3,0.1,100.0,97.0,100.0,98.0,6.0,0,5,42
5202,10010.0,1,0,7.5,0.7,100.0,67.0,97.0,100.0,12.5,1,19,41
5203,10017.0,0,0,7.2,0.0,100.0,58.0,98.0,100.0,16.6,0,16,41
5204,10021.0,0,0,7.7,0.0,100.0,58.0,99.0,50.0,17.1,0,17,41
5205,10001.0,0,0,5.8,0.9,100.0,100.0,100.0,99.0,17.4,0,13,41
5206,10016.0,1,0,4.3,0.2,90.0,1.0,99.0,98.0,15.7,1,7,41
5207,10010.0,0,0,6.2,0.8,100.0,98.0,100.0,100.0,16.9,0,14,41
5208,10017.0,0,0,5.8,0.9,100.0,100.0,100.0,99.0,17.4,0,13,41
5209,10036.0,1,0,5.6,0.7,100.0,97.0,100.0,99.0,16.3,1,12,41
5210,10017.0,0,0,6.9,0.3,100.0,99.0,100.0,100.0,17.3,0,15,41
5211,10019.0,0,0,7.7,0.0,100.0,58.0,99.0,50.0,17.1,0,17,41
5212,10013.0,0,0,7.2,0.0,100.0,58.0,98.0,100.0,16.6,0,16,41
5213,10020.0,0,0,3.8,0.0,51.0,16.0,11.0,100.0,5.9,0,1,41
5214,10001.0,2,0,5.3,0.7,100.0,84.0,100.0,96.0,16.6,1,11,41
5215,10001.0,0,0,5.4,0.5,93.0,8.0,93.0,100.0,16.9,0,10,41
5216,10019.0,0,0,5.4,0.5,93.0,8.0,93.0,100.0,16.9,0,10,41
5217,10003.0,0,0,7.4,0.0,100.0,84.0,99.0,99.0,15.5,0,18,41
5218,10001.0,0,0,5.3,0.7,100.0,84.0,100.0,96.0,16.6,0,11,41
5219,10035.0,0,0,5.4,0.5,93.0,8.0,93.0,100.0,16.9,0,10,41
5220,10002.0,2,0,6.9,0.3,100.0,99.0,100.0,100.0,17.3,1,15,41
5221,10022.0,1,0,7.2,0.0,100.0,58.0,98.0,100.0,16.6,1,16,41
5222,10030.0,0,0,7.2,0.0,100.0,58.0,98.0,100.0,16.6,0,16,41
5223,10019.0,1,0,6.7,0.9,100.0,98.0,100.0,100.0,8.2,1,22,41
5224,10010.0,0,0,7.4,0.0,100.0,84.0,99.0,99.0,15.5,0,18,41
5225,10018.0,0,0,5.3,0.7,100.0,84.0,100.0,96.0,16.6,0,11,41
5226,10002.0,0,0,4.5,0.1,91.0,1.0,100.0,100.0,16.4,0,8,41
5227,10011.0,1,0,7.2,0.0,100.0,58.0,98.0,100.0,16.6,1,16,41
5228,10028.0,1,0,7.5,0.7,100.0,67.0,97.0,100.0,12.5,1,19,41
5229,10036.0,1,0,3.4,0.0,90.0,0.0,100.0,100.0,13.4,1,4,41
5230,10021.0,0,0,5.3,0.7,100.0,84.0,100.0,96.0,16.6,0,11,41
5231,10029.0,0,0,6.6,0.6,100.0,100.0,100.0,100.0,7.7,0,23,41
5232,10005.0,0,0,6.2,0.8,100.0,98.0,100.0,100.0,16.9,0,14,41
5233,10025.0,0,0,7.4,0.5,100.0,99.0,99.0,100.0,13.9,0,20,41
5234,10027.0,0,0,5.8,0.9,100.0,100.0,100.0,99.0,17.4,0,13,41
5235,10165.0,0,0,4.9,0.2,91.0,1.0,100.0,99.0,18.3,0,9,41
5236,10028.0,0,0,7.5,0.7,100.0,67.0,97.0,100.0,12.5,0,19,41
5237,10002.0,0,0,3.5,0.0,83.0,2.0,85.0,100.0,8.0,0,2,41
5238,10026.0,0,0,7.2,0.0,100.0,58.0,98.0,100.0,16.6,0,16,41
5239,10027.0,0,0,6.9,0.3,100.0,99.0,100.0,100.0,17.3,0,15,41
5240,10005.0,0,0,6.2,0.8,100.0,98.0,100.0,100.0,16.9,0,14,41
5241,10001.0,0,0,5.3,0.7,100.0,84.0,100.0,96.0,16.6,0,11,41
5242,10019.0,0,0,6.2,0.8,100.0,98.0,100.0,100.0,16.9,0,14,41
5243,10022.0,0,0,6.6,0.6,100.0,100.0,100.0,100.0,7.7,0,23,41
5244,10022.0,0,0,6.9,0.3,100.0,99.0,100.0,100.0,17.3,0,15,41
5245,10030.0,0,0,7.2,0.0,100.0,58.0,98.0,100.0,16.6,0,16,41
5246,10035.0,0,0,5.3,0.7,100.0,84.0,100.0,96.0,16.6,0,11,41
5247,10023.0,0,0,7.2,0.9,100.0,75.0,100.0,100.0,14.0,0,21,41
5248,10016.0,1,0,7.2,0.9,100.0,75.0,100.0,100.0,14.0,1,21,41
5249,10028.0,0,0,6.2,0.8,100.0,98.0,100.0,100.0,16.9,0,14,41
5250,10029.0,0,0,4.1,0.2,90.0,0.0,100.0,100.0,16.3,0,6,41
5251,10002.0,1,0,7.5,0.7,100.0,67.0,97.0,100.0,12.5,1,19,41
5252,10128.0,0,0,4.3,0.2,90.0,1.0,99.0,98.0,15.7,0,7,41
5253,10010.0,1,0,4.1,0.2,90.0,0.0,100.0,100.0,16.3,1,6,41
5254,10032.0,1,0,7.2,0.9,100.0,75.0,100.0,100.0,14.0,1,21,41
5255,10020.0,0,0,4.9,0.2,91.0,1.0,100.0,99.0,18.3,0,9,41
5256,10035.0,0,0,5.8,0.9,100.0,100.0,100.0,99.0,17.4,0,13,41
5257,10017.0,1,0,4.9,0.2,91.0,1.0,100.0,99.0,18.3,1,9,41
5258,10029.0,0,0,7.2,0.0,100.0,58.0,98.0,100.0,16.6,0,16,41
5259,10128.0,0,0,7.7,0.0,100.0,58.0,99.0,50.0,17.1,0,17,41
5260,10039.0,0,0,5.3,0.7,100.0,84.0,100.0,96.0,16.6,0,11,41
5261,10001.0,1,0,6.7,0.9,100.0,98.0,100.0,100.0,8.2,1,22,41
5262,10019.0,1,0,4.6,0.0,68.0,37.0,8.0,100.0,4.3,1,0,41
5263,10029.0,0,0,7.7,0.0,100.0,58.0,99.0,50.0,17.1,0,17,41
5264,10002.0,0,0,3.8,0.0,51.0,16.0,11.0,100.0,5.9,0,1,41
5265,10032.0,0,0,4.3,0.2,90.0,1.0,99.0,98.0,15.7,0,7,41
5266,10013.0,0,0,4.9,0.2,91.0,1.0,100.0,99.0,18.3,0,9,41
5267,10036.0,0,0,4.5,0.1,91.0,1.0,100.0,100.0,16.4,0,8,41
5268,10014.0,0,0,4.9,0.2,91.0,1.0,100.0,99.0,18.3,0,9,41
5269,10036.0,0,0,6.6,0.6,100.0,100.0,100.0,100.0,7.7,0,23,41
5270,10036.0,2,0,4.7,0.0,70.0,63.0,22.0,0.0,8.5,1,19,40
5271,10022.0,0,0,-0.2,0.0,100.0,60.0,85.0,0.0,8.4,0,14,40
5272,10002.0,0,0,0.3,0.0,8.0,0.0,14.0,0.0,2.8,0,4,40
5273,10024.0,0,0,-0.2,0.0,100.0,60.0,85.0,0.0,8.4,0,14,40
5274,10012.0,0,0,2.3,0.0,4.0,0.0,7.0,0.0,6.9,0,1,40
5275,10014.0,0,0,1.4,0.0,0.0,0.0,0.0,0.0,4.3,0,2,40
5276,10001.0,2,0,2.8,0.0,3.0,0.0,5.0,0.0,6.0,1,0,40
5277,10013.0,0,0,1.4,0.0,0.0,0.0,0.0,0.0,4.3,0,2,40
5278,10038.0,0,0,-1.7,0.0,100.0,46.0,99.0,0.0,9.9,0,10,40
5279,10014.0,0,0,-0.2,0.0,100.0,60.0,85.0,0.0,8.4,0,14,40
5280,10016.0,0,0,5.1,0.0,67.0,68.0,9.0,0.0,7.6,0,20,40
5281,10032.0,0,0,4.1,0.1,66.0,34.0,59.0,0.0,7.3,0,18,40
5282,10036.0,0,0,-0.2,0.0,100.0,60.0,85.0,0.0,8.4,0,14,40
5283,10038.0,0,0,5.0,0.0,79.0,67.0,31.0,0.0,3.6,0,22,40
5284,10034.0,0,0,4.9,0.0,78.0,64.0,34.0,0.0,5.5,0,21,40
5285,10019.0,0,0,5.0,0.0,83.0,54.0,8.0,100.0,1.5,0,23,40
5286,10011.0,0,0,0.3,0.0,8.0,0.0,14.0,0.0,2.8,0,4,40
5287,10036.0,0,0,5.0,0.0,83.0,54.0,8.0,100.0,1.5,0,23,40
5288,10065.0,1,0,4.9,0.0,78.0,64.0,34.0,0.0,5.5,1,21,40
5289,10075.0,0,0,-1.6,0.0,50.0,16.0,60.0,0.0,8.9,0,12,40
5290,10011.0,0,0,5.1,0.0,67.0,68.0,9.0,0.0,7.6,0,20,40
5291,10009.0,0,0,-1.7,0.0,100.0,46.0,99.0,0.0,9.9,0,10,40
5292,10021.0,0,0,-0.2,0.0,100.0,60.0,85.0,0.0,8.4,0,14,40
5293,10013.0,0,0,5.0,0.0,79.0,67.0,31.0,0.0,3.6,0,22,40
5294,10011.0,0,0,2.7,0.0,88.0,33.0,97.0,0.0,7.7,0,16,40
5295,10009.0,0,0,0.4,0.0,1.0,0.0,1.0,0.0,3.5,0,3,40
5296,10023.0,0,0,-1.6,0.0,50.0,16.0,60.0,0.0,8.9,0,12,40
5297,10013.0,0,0,-0.2,0.0,100.0,60.0,85.0,0.0,8.4,0,14,40
5298,10032.0,1,0,5.0,0.0,83.0,54.0,8.0,100.0,1.5,1,23,40
5299,10026.0,0,0,-1.7,0.0,100.0,46.0,99.0,0.0,9.9,0,10,40
5300,10001.0,0,0,5.0,0.0,79.0,67.0,31.0,0.0,3.6,0,22,40
5301,10013.0,0,0,2.3,0.0,4.0,0.0,7.0,0.0,6.9,0,1,40
5302,10032.0,0,0,4.1,0.1,66.0,34.0,59.0,0.0,7.3,0,18,40
5303,10009.0,0,0,-1.0,0.0,71.0,21.0,86.0,0.0,7.4,0,8,40
5304,10006.0,0,0,-1.6,0.0,50.0,16.0,60.0,0.0,8.9,0,12,40
5305,10002.0,0,0,-1.7,0.0,69.0,25.0,78.0,0.0,9.2,0,11,40
5306,10016.0,0,0,2.0,0.0,100.0,49.0,94.0,0.0,8.0,0,15,40
5307,10001.0,0,0,3.7,0.0,78.0,32.0,82.0,0.0,17.4,0,19,39
5308,10002.0,0,0,3.2,0.0,1.0,0.0,1.0,0.0,6.2,0,23,39
5309,10012.0,0,0,3.2,0.0,1.0,0.0,1.0,0.0,6.2,0,23,39
5310,10003.0,0,0,2.4,0.0,20.0,22.0,0.0,0.0,23.9,0,0,39
5311,10023.0,0,0,2.4,0.0,20.0,22.0,0.0,0.0,23.9,0,0,39
5312,10013.0,1,0,1.6,0.0,90.0,99.0,1.0,0.0,20.8,1,4,39
5313,10027.0,1,0,0.2,0.0,12.0,13.0,0.0,0.0,16.2,1,14,39
5314,10018.0,1,0,3.6,0.0,10.0,0.0,16.0,0.0,9.5,1,22,39
5315,10036.0,1,0,2.7,0.0,100.0,98.0,43.0,0.0,20.5,1,16,39
5316,10017.0,0,0,2.3,0.0,72.0,73.0,10.0,0.0,20.5,0,2,39
5317,10012.0,0,0,3.7,0.0,78.0,32.0,82.0,0.0,17.4,0,19,39
5318,10010.0,0,0,3.9,0.0,66.0,20.0,80.0,0.0,17.1,0,20,39
5319,10032.0,0,0,3.6,0.0,10.0,0.0,16.0,0.0,9.5,0,22,39
5320,10002.0,0,0,2.0,0.0,56.0,62.0,0.0,0.0,19.2,0,15,39
5321,10027.0,0,0,0.5,0.0,0.0,0.0,0.0,0.0,20.1,0,7,39
5322,10026.0,0,0,-0.9,0.0,0.0,0.0,0.0,0.0,16.3,0,10,39
5323,10013.0,0,0,3.3,0.0,100.0,100.0,100.0,0.0,20.9,0,17,39
5324,10009.0,0,0,0.5,0.0,0.0,0.0,0.0,0.0,20.1,0,7,39
5325,10009.0,0,0,3.6,0.0,10.0,0.0,16.0,0.0,9.5,0,22,39
5326,10016.0,0,0,3.7,0.0,78.0,32.0,82.0,0.0,17.4,0,19,39
5327,10013.0,1,0,2.3,0.0,72.0,73.0,10.0,0.0,20.5,1,2,39
5328,10002.0,0,0,1.6,0.0,90.0,99.0,1.0,0.0,20.8,0,4,39
5329,10016.0,0,0,3.6,0.0,10.0,0.0,16.0,0.0,9.5,0,22,39
5330,10020.0,0,0,3.9,0.0,52.0,12.0,69.0,0.0,14.8,0,21,39
5331,10022.0,0,0,2.7,0.0,100.0,98.0,43.0,0.0,20.5,0,16,39
5332,10003.0,0,0,3.7,0.0,78.0,32.0,82.0,0.0,17.4,0,19,39
5333,10010.0,1,0,3.7,0.0,100.0,48.0,95.0,0.0,19.5,1,18,39
5334,10033.0,0,0,3.7,0.0,78.0,32.0,82.0,0.0,17.4,0,19,39
5335,10016.0,0,0,3.7,0.0,100.0,48.0,95.0,0.0,19.5,0,18,39
5336,10013.0,0,0,1.9,0.0,89.0,96.0,5.0,0.0,20.5,0,3,39
5337,10011.0,0,0,2.7,0.0,100.0,98.0,43.0,0.0,20.5,0,16,39
5338,10016.0,1,0,-0.7,0.0,0.0,0.0,0.0,0.0,11.3,1,13,39
5339,10016.0,0,0,3.7,0.0,100.0,48.0,95.0,0.0,19.5,0,18,39
5340,10009.0,0,0,3.3,0.0,100.0,100.0,100.0,0.0,20.9,0,17,39
5341,10002.0,0,0,2.4,0.0,20.0,22.0,0.0,0.0,23.9,0,0,39
5342,10016.0,0,0,3.6,0.0,10.0,0.0,16.0,0.0,9.5,0,22,39
5343,10034.0,0,0,1.6,0.0,90.0,99.0,1.0,0.0,20.8,0,4,39
5344,10018.0,0,0,2.7,0.0,100.0,98.0,43.0,0.0,20.5,0,16,39
5345,10028.0,1,0,-0.7,0.0,0.0,0.0,0.0,0.0,11.3,1,13,39
5346,10026.0,0,0,0.2,0.0,12.0,13.0,0.0,0.0,16.2,0,14,39
5347,10009.0,0,0,3.6,0.0,10.0,0.0,16.0,0.0,9.5,0,22,39
5348,10012.0,0,0,1.9,0.0,89.0,96.0,5.0,0.0,20.5,0,3,39
5349,10002.0,0,0,2.0,0.0,56.0,62.0,0.0,0.0,19.2,0,15,39
5350,10014.0,0,0,2.4,0.0,20.0,22.0,0.0,0.0,23.9,0,0,39
5351,10038.0,0,0,2.7,0.0,100.0,98.0,43.0,0.0,20.5,0,16,39
5352,10029.0,0,0,-0.7,0.0,0.0,0.0,0.0,0.0,11.3,0,13,39
5353,10065.0,0,0,-0.9,0.0,0.0,0.0,0.0,0.0,16.3,0,10,39
5354,10018.0,0,0,3.9,0.0,52.0,12.0,69.0,0.0,14.8,0,21,39
5355,10016.0,0,0,0.1,0.0,0.0,0.0,0.0,0.0,18.8,0,8,39
5356,10010.0,0,0,3.2,0.0,1.0,0.0,1.0,0.0,6.2,0,23,39
5357,10011.0,0,0,3.2,0.0,1.0,0.0,1.0,0.0,6.2,0,23,39
5358,10026.0,0,0,3.3,0.0,100.0,100.0,100.0,0.0,20.9,0,17,39
5359,10011.0,0,0,3.6,0.0,10.0,0.0,16.0,0.0,9.5,0,22,39
5360,10022.0,0,0,3.9,0.0,66.0,20.0,80.0,0.0,17.1,0,20,39
5361,10016.0,0,0,3.9,0.0,52.0,12.0,69.0,0.0,14.8,0,21,39
5362,10011.0,0,0,2.4,0.0,39.0,43.0,0.0,0.0,21.6,0,1,39
5363,10036.0,1,0,3.2,0.0,1.0,0.0,1.0,0.0,6.2,1,23,39
5364,10065.0,2,0,3.9,0.0,52.0,12.0,69.0,0.0,14.8,1,21,39
5365,10033.0,0,0,2.3,0.0,72.0,73.0,10.0,0.0,20.5,0,2,39
5366,10024.0,0,0,2.4,0.0,20.0,22.0,0.0,0.0,23.9,0,0,39
5367,10016.0,0,0,0.2,0.0,12.0,13.0,0.0,0.0,16.2,0,14,39
5368,10029.0,0,0,-1.0,0.0,0.0,0.0,0.0,0.0,14.6,0,11,39
5369,10018.0,0,0,1.9,0.0,89.0,96.0,5.0,0.0,20.5,0,3,39
5370,10035.0,0,0,3.3,0.0,100.0,100.0,100.0,0.0,20.9,0,17,39
5371,10035.0,0,0,3.8,0.9,100.0,100.0,98.0,100.0,4.3,0,8,38
5372,10012.0,0,0,7.8,0.3,100.0,96.0,81.0,0.0,30.9,0,19,38
5373,10075.0,0,0,6.1,3.9,100.0,99.0,82.0,8.0,8.9,0,14,38
5374,10040.0,1,0,3.8,1.1,100.0,100.0,98.0,100.0,10.9,1,9,38
5375,10011.0,1,0,4.0,0.6,100.0,100.0,100.0,100.0,9.9,1,0,38
5376,10035.0,1,0,3.8,0.5,100.0,100.0,99.0,100.0,7.7,1,6,38
5377,10014.0,0,0,7.8,0.3,100.0,96.0,81.0,0.0,30.9,0,19,38
5378,10012.0,0,0,12.2,0.0,100.0,90.0,41.0,0.0,28.4,0,17,38
5379,10016.0,0,0,4.4,0.5,100.0,100.0,52.0,93.0,12.0,0,12,38
5380,10065.0,1,0,3.8,0.4,100.0,100.0,99.0,100.0,4.0,1,7,38
5381,10036.0,0,0,3.8,1.1,100.0,100.0,98.0,100.0,10.9,0,9,38
5382,10017.0,2,0,3.9,0.2,100.0,100.0,22.0,100.0,13.8,1,11,38
5383,10036.0,0,0,3.8,0.9,100.0,100.0,98.0,100.0,4.3,0,8,38
5384,10033.0,0,0,3.8,0.4,100.0,100.0,99.0,100.0,4.0,0,7,38
5385,10021.0,0,0,12.2,0.0,100.0,90.0,41.0,0.0,28.4,0,17,38
5386,10010.0,1,0,5.2,1.3,100.0,100.0,81.0,90.0,11.9,1,13,38
5387,10032.0,0,0,3.8,0.5,100.0,100.0,99.0,100.0,7.7,0,6,38
5388,10011.0,0,0,7.3,3.6,100.0,98.0,87.0,0.0,6.7,0,15,38
5389,10065.0,0,0,3.8,0.4,100.0,100.0,99.0,100.0,4.0,0,7,38
5390,10002.0,0,0,7.8,0.3,100.0,96.0,81.0,0.0,30.9,0,19,38
5391,10023.0,0,0,5.2,1.3,100.0,100.0,81.0,90.0,11.9,0,13,38
5392,10019.0,0,0,4.0,0.5,100.0,100.0,100.0,100.0,9.0,0,1,38
5393,10003.0,0,0,4.6,0.0,80.0,50.0,59.0,0.0,31.7,0,20,38
5394,10016.0,0,0,2.7,0.0,31.0,3.0,47.0,0.0,27.4,0,22,38
5395,10065.0,0,0,3.5,0.0,55.0,5.0,84.0,0.0,31.3,0,21,38
5396,10019.0,0,0,3.8,0.9,100.0,100.0,98.0,100.0,4.3,0,8,38
5397,10036.0,0,0,4.0,0.6,100.0,100.0,100.0,100.0,9.9,0,0,38
5398,10028.0,0,0,3.9,0.2,100.0,100.0,22.0,100.0,13.8,0,11,38
5399,10033.0,1,0,2.7,0.0,31.0,3.0,47.0,0.0,27.4,1,22,38
5400,10001.0,0,0,2.7,0.0,31.0,3.0,47.0,0.0,27.4,0,22,38
5401,10011.0,0,0,11.6,0.5,100.0,88.0,57.0,0.0,23.4,0,16,38
5402,10026.0,0,0,6.1,3.9,100.0,99.0,82.0,8.0,8.9,0,14,38
5403,10010.0,0,0,12.2,0.0,100.0,90.0,41.0,0.0,28.4,0,17,38
5404,10035.0,0,0,3.8,1.1,100.0,100.0,98.0,100.0,10.9,0,9,38
5405,10022.0,0,0,4.0,0.2,100.0,100.0,100.0,100.0,4.1,0,5,38
5406,10012.0,0,0,7.3,3.6,100.0,98.0,87.0,0.0,6.7,0,15,38
5407,10002.0,0,0,3.8,0.4,100.0,100.0,81.0,100.0,9.2,0,10,38
5408,10032.0,0,0,2.4,0.0,5.0,5.0,0.0,0.0,26.8,0,23,38
5409,10007.0,0,0,3.8,0.4,100.0,100.0,81.0,100.0,9.2,0,10,38
5410,10075.0,1,0,6.1,3.9,100.0,99.0,82.0,8.0,8.9,1,14,38
5411,10029.0,0,0,3.8,0.4,100.0,100.0,81.0,100.0,9.2,0,10,38
5412,10035.0,0,0,3.8,0.9,100.0,100.0,98.0,100.0,4.3,0,8,38
5413,10003.0,0,0,10.8,0.0,100.0,98.0,72.0,0.0,24.8,0,18,38
5414,10001.0,0,0,3.8,1.1,100.0,100.0,98.0,100.0,10.9,0,9,38
5415,10034.0,0,0,3.5,0.0,55.0,5.0,84.0,0.0,31.3,0,21,38
5416,10002.0,0,0,5.2,1.3,100.0,100.0,81.0,90.0,11.9,0,13,38
5417,10065.0,0,0,12.2,0.0,100.0,90.0,41.0,0.0,28.4,0,17,38
5418,10021.0,1,0,3.8,0.4,100.0,100.0,99.0,100.0,4.0,1,7,38
5419,10128.0,0,0,3.8,0.9,100.0,100.0,98.0,100.0,4.3,0,8,38
5420,10075.0,1,0,3.9,0.2,100.0,100.0,22.0,100.0,13.8,1,11,38
5421,10017.0,0,0,4.6,0.0,80.0,50.0,59.0,0.0,31.7,0,20,38
5422,10026.0,0,0,7.8,0.3,100.0,96.0,81.0,0.0,30.9,0,19,38
5423,10013.0,0,0,5.2,1.3,100.0,100.0,81.0,90.0,11.9,0,13,38
5424,10003.0,1,0,3.8,0.9,100.0,100.0,98.0,100.0,4.3,1,8,38
5425,10017.0,0,0,12.2,0.0,100.0,90.0,41.0,0.0,28.4,0,17,38
5426,10024.0,0,0,3.8,1.1,100.0,100.0,98.0,100.0,10.9,0,9,38
5427,10019.0,0,0,10.8,0.0,100.0,98.0,72.0,0.0,24.8,0,18,38
5428,10009.0,1,0,10.8,0.0,100.0,98.0,72.0,0.0,24.8,1,18,38
5429,10065.0,0,0,3.8,0.4,100.0,100.0,99.0,100.0,4.0,0,7,38
5430,10028.0,1,0,7.3,3.6,100.0,98.0,87.0,0.0,6.7,1,15,38
5431,10016.0,0,0,11.6,0.5,100.0,88.0,57.0,0.0,23.4,0,16,38
5432,10002.0,1,0,3.9,0.2,100.0,100.0,22.0,100.0,13.8,1,11,38
5433,10010.0,0,0,10.8,0.0,100.0,98.0,72.0,0.0,24.8,0,18,38
5434,10010.0,1,0,3.8,0.9,100.0,100.0,98.0,100.0,4.3,1,8,38
5435,10004.0,1,0,10.8,0.0,100.0,98.0,72.0,0.0,24.8,1,18,38
5436,10022.0,1,0,3.8,0.4,100.0,100.0,99.0,100.0,4.0,1,7,38
5437,10035.0,1,0,3.8,1.1,100.0,100.0,98.0,100.0,10.9,1,9,38
5438,10029.0,1,0,4.4,0.5,100.0,100.0,52.0,93.0,12.0,1,12,38
5439,10010.0,0,0,4.0,0.5,100.0,100.0,100.0,100.0,9.0,0,1,38
5440,10011.0,0,0,7.8,0.3,100.0,96.0,81.0,0.0,30.9,0,19,38
5441,10026.0,1,0,3.8,0.4,100.0,100.0,99.0,100.0,4.0,1,7,38
5442,10037.0,0,0,11.6,0.5,100.0,88.0,57.0,0.0,23.4,0,16,38
5443,10001.0,0,0,3.0,2.2,100.0,100.0,100.0,100.0,10.5,0,8,37
5444,10018.0,0,0,2.8,3.0,100.0,100.0,100.0,100.0,9.9,0,7,37
5445,10019.0,0,0,4.0,0.5,100.0,100.0,100.0,100.0,9.4,0,23,37
5446,10007.0,1,0,3.8,0.1,100.0,100.0,63.0,100.0,13.2,1,12,37
5447,10027.0,0,0,4.0,0.7,100.0,100.0,100.0,99.0,3.9,0,21,37
5448,10001.0,0,0,4.0,0.3,100.0,100.0,99.0,100.0,2.6,0,20,37
5449,10035.0,0,0,3.0,2.2,100.0,100.0,100.0,100.0,10.5,0,8,37
5450,10014.0,0,0,3.8,0.1,100.0,100.0,63.0,100.0,13.2,0,12,37
5451,10011.0,1,0,4.1,0.3,100.0,100.0,100.0,100.0,2.5,1,19,37
5452,10019.0,0,0,3.0,0.6,100.0,100.0,100.0,100.0,10.4,0,6,37
5453,10029.0,1,0,4.4,0.0,100.0,100.0,94.0,100.0,8.0,1,15,37
5454,10022.0,0,0,4.2,0.5,100.0,100.0,100.0,100.0,8.1,0,22,37
5455,10002.0,1,0,3.6,0.0,100.0,100.0,100.0,100.0,11.2,1,4,37
5456,10010.0,0,0,3.0,0.6,100.0,100.0,100.0,100.0,10.4,0,6,37
5457,10035.0,0,0,2.8,3.0,100.0,100.0,100.0,100.0,9.9,0,7,37
5458,10012.0,1,0,4.0,0.3,100.0,100.0,99.0,100.0,2.6,1,20,37
5459,10014.0,0,0,3.8,0.7,100.0,100.0,98.0,100.0,11.1,0,10,37
5460,10022.0,0,0,4.5,0.0,100.0,100.0,73.0,100.0,6.3,0,16,37
5461,10012.0,1,0,4.0,0.5,100.0,100.0,100.0,100.0,9.4,1,23,37
5462,10016.0,0,0,3.9,0.0,100.0,94.0,92.0,100.0,5.1,0,0,37
5463,10001.0,0,0,4.0,0.7,100.0,100.0,100.0,99.0,3.9,0,21,37
5464,10035.0,0,0,3.3,1.0,100.0,100.0,100.0,98.0,10.1,0,9,37
5465,10010.0,0,0,4.5,0.0,100.0,100.0,73.0,100.0,6.3,0,16,37
5466,10022.0,0,0,4.0,0.0,100.0,100.0,55.0,100.0,12.0,0,13,37
5467,10033.0,0,0,3.3,1.0,100.0,100.0,100.0,98.0,10.1,0,9,37
5468,10019.0,0,0,2.8,3.0,100.0,100.0,100.0,100.0,9.9,0,7,37
5469,10016.0,1,0,3.8,0.7,100.0,100.0,98.0,100.0,11.1,1,10,37
5470,10001.0,0,0,4.3,0.1,100.0,100.0,63.0,100.0,5.7,0,17,37
5471,10036.0,1,0,3.0,0.6,100.0,100.0,100.0,100.0,10.4,1,6,37
5472,10038.0,0,0,4.0,0.0,100.0,100.0,55.0,100.0,12.0,0,13,37
5473,10033.0,1,0,3.6,0.0,100.0,100.0,100.0,100.0,11.2,1,4,37
5474,10019.0,0,0,4.0,0.5,100.0,100.0,100.0,100.0,9.4,0,23,37
5475,10027.0,0,0,3.8,0.7,100.0,100.0,98.0,100.0,11.1,0,10,37
5476,10016.0,0,0,4.1,0.3,100.0,100.0,100.0,100.0,2.5,0,19,37
5477,10018.0,0,0,4.0,0.0,100.0,100.0,55.0,100.0,12.0,0,13,37
5478,10031.0,0,0,4.1,0.3,100.0,100.0,100.0,100.0,2.5,0,19,37
5479,10013.0,0,0,3.3,1.0,100.0,100.0,100.0,98.0,10.1,0,9,37
5480,10028.0,0,0,3.9,0.0,100.0,94.0,92.0,100.0,5.1,0,0,37
5481,10013.0,0,0,4.3,0.3,100.0,100.0,89.0,100.0,3.2,0,18,37
5482,10026.0,2,0,3.8,0.1,100.0,100.0,63.0,100.0,13.2,1,12,37
5483,10002.0,1,0,4.4,0.0,100.0,100.0,94.0,100.0,8.0,1,15,37
5484,10021.0,0,0,4.0,0.0,100.0,100.0,55.0,100.0,12.0,0,13,37
5485,10039.0,0,0,3.8,0.3,100.0,100.0,69.0,100.0,11.3,0,11,37
5486,10009.0,0,0,3.8,0.1,100.0,100.0,63.0,100.0,13.2,0,12,37
5487,10013.0,0,0,4.2,0.5,100.0,100.0,100.0,100.0,8.1,0,22,37
5488,10013.0,0,0,4.0,0.0,100.0,100.0,55.0,100.0,12.0,0,13,37
5489,10019.0,0,0,4.0,0.0,100.0,100.0,55.0,100.0,12.0,0,13,37
5490,10128.0,1,0,3.8,0.3,100.0,100.0,69.0,100.0,11.3,1,11,37
5491,10023.0,1,0,4.0,0.3,100.0,100.0,99.0,100.0,2.6,1,20,37
5492,10003.0,0,0,4.1,0.3,100.0,100.0,100.0,100.0,2.5,0,19,37
5493,10011.0,1,0,4.1,0.3,100.0,100.0,100.0,100.0,2.5,1,19,37
5494,10006.0,0,0,4.3,0.3,100.0,100.0,89.0,100.0,3.2,0,18,37
5495,10030.0,1,0,4.1,0.3,100.0,100.0,100.0,100.0,2.5,1,19,37
5496,10011.0,1,0,3.3,1.0,100.0,100.0,100.0,98.0,10.1,1,9,37
5497,10018.0,0,0,4.0,0.7,100.0,100.0,100.0,99.0,3.9,0,21,37
5498,10018.0,1,0,4.4,0.0,100.0,100.0,94.0,100.0,8.0,1,15,37
5499,10028.0,0,0,3.0,0.6,100.0,100.0,100.0,100.0,10.4,0,6,37
5500,10024.0,1,0,4.1,0.3,100.0,100.0,100.0,100.0,2.5,1,19,37
5501,10010.0,0,0,4.0,0.7,100.0,100.0,100.0,99.0,3.9,0,21,37
5502,10032.0,1,0,3.9,0.0,100.0,94.0,92.0,100.0,5.1,1,0,37
5503,10065.0,1,0,4.1,0.3,100.0,100.0,100.0,100.0,2.5,1,19,37
5504,10003.0,0,0,4.4,0.0,100.0,100.0,94.0,100.0,8.0,0,15,37
5505,10010.0,1,0,4.2,0.5,100.0,100.0,100.0,100.0,8.1,1,22,37
5506,10065.0,0,0,4.0,0.3,100.0,100.0,99.0,100.0,2.6,0,20,37
5507,10023.0,0,0,3.0,0.6,100.0,100.0,100.0,100.0,10.4,0,6,37
5508,10035.0,0,0,2.8,3.0,100.0,100.0,100.0,100.0,9.9,0,7,37
5509,10025.0,0,0,2.8,3.0,100.0,100.0,100.0,100.0,9.9,0,7,37
5510,10019.0,0,0,4.5,0.0,100.0,86.0,100.0,99.0,3.5,0,20,36
5511,10065.0,0,0,4.3,0.0,100.0,100.0,100.0,98.0,5.9,0,12,36
5512,10065.0,1,0,4.7,0.0,100.0,83.0,97.0,99.0,3.3,1,22,36
5513,10022.0,0,0,4.3,0.0,100.0,100.0,100.0,98.0,5.9,0,12,36
5514,10019.0,0,0,4.3,0.0,100.0,100.0,100.0,91.0,4.4,0,13,36
5515,10023.0,0,0,4.3,0.0,100.0,100.0,100.0,98.0,5.9,0,12,36
5516,10032.0,0,0,4.6,0.0,100.0,97.0,100.0,96.0,8.3,0,11,36
5517,10036.0,0,0,5.0,0.0,100.0,100.0,100.0,100.0,15.8,0,9,36
5518,10001.0,0,0,4.9,0.0,100.0,95.0,99.0,98.0,7.6,0,15,36
5519,10029.0,0,0,4.6,0.0,100.0,97.0,100.0,96.0,8.3,0,11,36
5520,10023.0,2,0,9.0,0.0,90.0,18.0,97.0,51.0,10.2,1,0,36
5521,10022.0,0,0,5.0,0.0,100.0,79.0,97.0,100.0,6.2,0,17,36
5522,10025.0,2,0,4.9,0.0,100.0,78.0,99.0,97.0,8.3,1,16,36
5523,10019.0,0,0,4.2,0.0,100.0,87.0,81.0,99.0,4.8,0,23,36
5524,10013.0,0,0,4.3,0.0,100.0,99.0,100.0,98.0,6.7,0,14,36
5525,10019.0,0,0,5.0,0.0,100.0,79.0,97.0,100.0,6.2,0,17,36
5526,10016.0,0,0,4.5,0.0,100.0,98.0,99.0,99.0,12.1,0,10,36
5527,10001.0,0,0,4.5,0.0,100.0,98.0,99.0,99.0,12.1,0,10,36
5528,10012.0,0,0,8.5,0.5,100.0,100.0,100.0,98.0,16.7,0,6,36
5529,10003.0,0,0,5.0,0.0,100.0,79.0,97.0,100.0,6.2,0,17,36
5530,10018.0,1,0,8.5,0.5,100.0,100.0,100.0,98.0,16.7,1,6,36
5531,10010.0,0,0,4.9,0.0,100.0,95.0,99.0,98.0,7.6,0,15,36
5532,10034.0,0,0,9.0,0.0,90.0,18.0,97.0,51.0,10.2,0,0,36
5533,10009.0,0,0,4.9,0.0,100.0,78.0,99.0,97.0,8.3,0,16,36
5534,10007.0,0,0,9.9,0.4,100.0,71.0,99.0,44.0,8.8,0,5,36
5535,10013.0,0,0,5.0,0.0,100.0,70.0,100.0,100.0,6.9,0,18,36
5536,10025.0,0,0,4.3,0.0,100.0,99.0,100.0,98.0,6.7,0,14,36
5537,10019.0,0,0,4.5,0.0,100.0,98.0,99.0,99.0,12.1,0,10,36
5538,10022.0,0,0,4.2,0.0,100.0,87.0,81.0,99.0,4.8,0,23,36
5539,10038.0,0,0,5.0,0.0,100.0,100.0,100.0,100.0,15.8,0,9,36
5540,10010.0,0,0,6.0,0.0,100.0,100.0,99.0,99.0,16.6,0,8,36
5541,10029.0,0,0,5.0,0.0,100.0,100.0,100.0,100.0,15.8,0,9,36
5542,10065.0,0,0,4.9,0.0,100.0,78.0,99.0,97.0,8.3,0,16,36
5543,10024.0,0,0,9.0,0.0,90.0,18.0,97.0,51.0,10.2,0,0,36
5544,10034.0,1,0,4.9,0.0,100.0,95.0,99.0,98.0,7.6,1,15,36
5545,10017.0,0,0,4.9,0.0,100.0,95.0,99.0,98.0,7.6,0,15,36
5546,10033.0,0,0,10.3,0.7,100.0,99.0,100.0,98.0,8.7,0,3,36
5547,10038.0,0,0,4.3,0.0,100.0,100.0,100.0,98.0,5.9,0,12,36
5548,10065.0,0,0,4.3,0.0,100.0,100.0,100.0,91.0,4.4,0,13,36
5549,10009.0,0,0,7.3,0.0,100.0,100.0,99.0,95.0,16.9,0,7,36
5550,10019.0,0,0,4.9,0.0,100.0,78.0,99.0,97.0,8.3,0,16,36
5551,10002.0,0,0,5.0,0.0,100.0,70.0,100.0,100.0,6.9,0,18,36
5552,10022.0,1,0,5.0,0.0,100.0,70.0,100.0,100.0,6.9,1,18,36
5553,10036.0,0,0,4.9,0.0,100.0,95.0,99.0,98.0,7.6,0,15,36
5554,10010.0,0,0,4.5,0.0,100.0,98.0,99.0,99.0,12.1,0,10,36
5555,10065.0,0,0,5.0,0.0,100.0,79.0,97.0,100.0,6.2,0,17,36
5556,10038.0,0,0,4.3,0.0,100.0,100.0,100.0,98.0,5.9,0,12,36
5557,10012.0,0,0,4.6,0.0,100.0,97.0,100.0,96.0,8.3,0,11,36
5558,10001.0,1,0,5.0,0.0,100.0,100.0,100.0,100.0,15.8,1,9,36
5559,10032.0,0,0,8.5,0.5,100.0,100.0,100.0,98.0,16.7,0,6,36
5560,10021.0,0,0,4.6,0.0,100.0,97.0,100.0,96.0,8.3,0,11,36
5561,10003.0,0,0,4.6,0.0,100.0,97.0,100.0,96.0,8.3,0,11,36
5562,10010.0,0,0,4.3,0.0,100.0,99.0,100.0,98.0,6.7,0,14,36
5563,10016.0,0,0,4.9,0.0,100.0,78.0,99.0,97.0,8.3,0,16,36
5564,10013.0,0,0,5.0,0.0,100.0,79.0,97.0,100.0,6.2,0,17,36
5565,10016.0,0,0,5.0,0.0,100.0,100.0,100.0,100.0,15.8,0,9,36
5566,10019.0,1,0,10.3,0.0,84.0,21.0,100.0,16.0,8.6,1,1,36
5567,10003.0,0,0,4.0,0.0,50.0,0.0,38.0,91.0,6.5,0,6,35
5568,10016.0,0,0,10.7,0.0,87.0,0.0,98.0,95.0,11.1,0,20,35
5569,10023.0,0,0,3.1,0.0,89.0,0.0,99.0,100.0,6.0,0,9,35
5570,10014.0,0,0,3.1,0.0,89.0,0.0,98.0,100.0,6.4,0,8,35
5571,10128.0,0,0,3.1,0.0,89.0,0.0,98.0,100.0,6.4,0,8,35
5572,10029.0,0,0,4.0,0.0,50.0,0.0,38.0,91.0,6.5,0,6,35
5573,10013.0,0,0,3.8,0.1,89.0,0.0,98.0,100.0,0.8,0,13,35
5574,10035.0,2,0,3.1,0.0,89.0,0.0,98.0,100.0,6.4,1,8,35
5575,10038.0,0,0,11.5,0.0,68.0,0.0,71.0,85.0,9.7,0,21,35
5576,10003.0,0,0,3.1,0.0,89.0,0.0,99.0,100.0,6.0,0,9,35
5577,10032.0,0,0,9.5,0.0,86.0,3.0,92.0,95.0,9.5,0,18,35
5578,10038.0,0,0,3.8,0.1,89.0,0.0,98.0,100.0,0.8,0,13,35
5579,10010.0,0,0,3.8,0.1,89.0,0.0,98.0,100.0,0.8,0,13,35
5580,10022.0,0,0,3.6,0.0,86.0,0.0,94.0,100.0,6.4,0,10,35
5581,10002.0,0,0,3.6,0.0,88.0,0.0,97.0,100.0,5.5,0,11,35
5582,10035.0,0,0,4.1,0.0,84.0,0.0,91.0,98.0,5.0,0,7,35
5583,10017.0,0,0,8.7,0.0,100.0,21.0,97.0,96.0,8.1,0,17,35
5584,10014.0,1,0,4.0,0.0,30.0,0.0,0.0,100.0,6.2,1,5,35
5585,10033.0,0,0,9.5,0.0,86.0,3.0,92.0,95.0,9.5,0,18,35
5586,10003.0,1,0,10.3,0.0,92.0,4.0,98.0,98.0,11.4,1,19,35
5587,10002.0,0,0,10.7,0.0,87.0,0.0,98.0,95.0,11.1,0,20,35
5588,10040.0,0,0,7.1,0.2,100.0,14.0,97.0,100.0,7.3,0,16,35
5589,10023.0,0,0,6.3,0.3,93.0,3.0,100.0,100.0,5.3,0,15,35
5590,10065.0,0,0,3.1,0.0,89.0,0.0,99.0,100.0,6.0,0,9,35
5591,10009.0,1,0,4.0,0.0,50.0,0.0,38.0,91.0,6.5,1,6,35
5592,10013.0,0,0,9.5,0.0,86.0,3.0,92.0,95.0,9.5,0,18,35
5593,10021.0,0,0,10.7,0.0,87.0,0.0,98.0,95.0,11.1,0,20,35
5594,10019.0,0,0,3.1,0.0,89.0,0.0,99.0,100.0,6.0,0,9,35
5595,10009.0,0,0,6.3,0.3,93.0,3.0,100.0,100.0,5.3,0,15,35
5596,10027.0,0,0,4.0,0.0,50.0,0.0,38.0,91.0,6.5,0,6,35
5597,10021.0,0,0,3.6,0.0,88.0,0.0,97.0,100.0,5.5,0,11,35
5598,10019.0,1,0,11.5,0.0,68.0,0.0,71.0,85.0,9.7,1,21,35
5599,10027.0,0,0,3.1,0.0,89.0,0.0,99.0,100.0,6.0,0,9,35
5600,10018.0,0,0,8.7,0.0,100.0,21.0,97.0,96.0,8.1,0,17,35
5601,10018.0,0,0,10.7,0.0,87.0,0.0,98.0,95.0,11.1,0,20,35
5602,10001.0,1,0,3.6,0.0,88.0,0.0,97.0,100.0,5.5,1,11,35
5603,10037.0,0,0,3.1,0.0,89.0,0.0,99.0,100.0,6.0,0,9,35
5604,10016.0,1,0,3.6,0.0,86.0,0.0,94.0,100.0,6.4,1,10,35
5605,10019.0,0,0,3.1,0.0,89.0,0.0,98.0,100.0,6.4,0,8,35
5606,10016.0,3,0,3.6,0.0,86.0,0.0,94.0,100.0,6.4,1,10,35
5607,10009.0,0,0,8.7,0.0,100.0,21.0,97.0,96.0,8.1,0,17,35
5608,10009.0,0,0,7.1,0.2,100.0,14.0,97.0,100.0,7.3,0,16,35
5609,10022.0,0,0,3.6,0.0,88.0,0.0,97.0,100.0,5.5,0,11,35
5610,10017.0,0,0,3.6,0.0,88.0,0.0,97.0,100.0,5.5,0,11,35
5611,10038.0,0,0,3.1,0.0,89.0,0.0,98.0,100.0,6.4,0,8,35
5612,10018.0,0,0,3.1,0.0,89.0,0.0,99.0,100.0,6.0,0,9,35
5613,10035.0,0,0,10.3,0.0,92.0,4.0,98.0,98.0,11.4,0,19,35
5614,10112.0,1,0,9.5,0.0,86.0,3.0,92.0,95.0,9.5,1,18,35
5615,10038.0,0,0,3.6,0.0,88.0,0.0,97.0,100.0,5.5,0,11,35
5616,10022.0,0,0,7.1,0.2,100.0,14.0,97.0,100.0,7.3,0,16,35
5617,10029.0,0,0,4.6,0.0,1.0,1.0,0.0,0.0,8.3,0,14,34
5618,10025.0,0,0,7.7,0.0,5.0,6.0,0.0,0.0,8.8,0,15,34
5619,10019.0,1,0,11.2,0.0,0.0,0.0,0.0,0.0,8.7,1,21,34
5620,10016.0,0,0,1.3,0.0,94.0,43.0,92.0,0.0,10.5,0,8,34
5621,10013.0,0,0,7.7,0.0,5.0,6.0,0.0,0.0,8.8,0,15,34
5622,10023.0,0,0,2.4,0.0,0.0,0.0,0.0,0.0,7.6,0,12,34
5623,10032.0,0,0,8.1,0.0,18.0,20.0,0.0,0.0,11.3,0,16,34
5624,10017.0,0,0,1.7,0.0,22.0,2.0,34.0,0.0,9.4,0,9,34
5625,10002.0,0,0,11.2,0.0,0.0,0.0,0.0,0.0,8.7,0,21,34
5626,10009.0,0,0,7.7,0.0,5.0,6.0,0.0,0.0,8.8,0,15,34
5627,10028.0,0,0,1.3,0.0,94.0,43.0,92.0,0.0,10.5,0,8,34
5628,10022.0,2,0,10.0,0.0,19.0,21.0,0.0,0.0,12.6,1,18,34
5629,10019.0,0,0,10.0,0.0,19.0,21.0,0.0,0.0,12.6,0,18,34
5630,10001.0,0,0,2.4,0.0,0.0,0.0,0.0,0.0,7.6,0,12,34
5631,10029.0,0,0,2.5,0.0,4.0,4.0,0.0,0.0,9.9,0,10,34
5632,10019.0,2,0,1.3,0.0,94.0,43.0,92.0,0.0,10.5,1,8,34
5633,10128.0,0,0,2.3,0.0,3.0,3.0,0.0,0.0,8.8,0,11,34
5634,10021.0,0,0,2.8,0.0,1.0,0.0,1.0,0.0,9.2,0,13,34
5635,10128.0,0,0,2.4,0.0,0.0,0.0,0.0,0.0,7.6,0,12,34
5636,10025.0,0,0,9.2,0.0,55.0,61.0,0.0,0.0,14.1,0,17,34
5637,10002.0,0,0,7.7,0.0,5.0,6.0,0.0,0.0,8.8,0,15,34
5638,10002.0,0,0,2.3,0.0,3.0,3.0,0.0,0.0,8.8,0,11,34
5639,10019.0,0,0,9.2,0.0,55.0,61.0,0.0,0.0,14.1,0,17,34
5640,10038.0,1,0,1.1,0.0,96.0,44.0,94.0,0.0,10.7,1,7,34
5641,10032.0,0,0,1.7,0.0,22.0,2.0,34.0,0.0,9.4,0,9,34
5642,10027.0,0,0,1.3,0.0,94.0,43.0,92.0,0.0,10.5,0,8,34
5643,10025.0,1,0,7.7,0.0,5.0,6.0,0.0,0.0,8.8,1,15,34
5644,10040.0,0,0,2.4,0.0,0.0,0.0,0.0,0.0,7.6,0,12,34
5645,10001.0,0,0,2.5,0.0,4.0,4.0,0.0,0.0,9.9,0,10,34
5646,10022.0,0,0,8.7,0.0,1.0,0.0,0.0,3.0,9.2,0,23,34
5647,10035.0,0,0,2.3,0.0,3.0,3.0,0.0,0.0,8.8,0,11,34
5648,10021.0,0,0,8.1,0.0,18.0,20.0,0.0,0.0,11.3,0,16,34
5649,10029.0,0,0,2.4,0.0,0.0,0.0,0.0,0.0,7.6,0,12,34
5650,10281.0,0,0,1.1,0.0,96.0,44.0,94.0,0.0,10.7,0,7,34
5651,10029.0,0,0,2.3,0.0,3.0,3.0,0.0,0.0,8.8,0,11,34
5652,10009.0,0,0,1.3,0.0,94.0,43.0,92.0,0.0,10.5,0,8,34
5653,10011.0,0,0,10.0,0.0,19.0,21.0,0.0,0.0,12.6,0,18,34
5654,10065.0,0,0,10.0,0.0,19.0,21.0,0.0,0.0,12.6,0,18,34
5655,10001.0,0,0,1.3,0.0,94.0,43.0,92.0,0.0,10.5,0,8,34
5656,10007.0,0,0,7.7,0.0,5.0,6.0,0.0,0.0,8.8,0,15,34
5657,10013.0,0,0,10.7,0.0,2.0,2.0,0.0,0.0,13.2,0,19,34
5658,10035.0,0,0,1.3,0.0,94.0,43.0,92.0,0.0,10.5,0,8,34
5659,10023.0,0,0,2.4,0.0,0.0,0.0,0.0,0.0,7.6,0,12,34
5660,10035.0,0,0,2.3,0.0,3.0,3.0,0.0,0.0,8.8,0,11,34
5661,10009.0,0,0,10.1,0.0,4.0,0.0,0.0,12.0,8.4,0,22,34
5662,10039.0,1,0,1.7,0.0,22.0,2.0,34.0,0.0,9.4,1,9,34
5663,10036.0,0,0,9.2,0.0,55.0,61.0,0.0,0.0,14.1,0,17,34
5664,10065.0,0,0,10.0,0.0,19.0,21.0,0.0,0.0,12.6,0,18,34
5665,10009.0,0,0,2.3,0.0,3.0,3.0,0.0,0.0,8.8,0,11,34
5666,10033.0,0,0,9.2,0.0,55.0,61.0,0.0,0.0,14.1,0,17,34
5667,10032.0,0,0,2.5,0.0,4.0,4.0,0.0,0.0,9.9,0,10,34
5668,10018.0,0,0,2.8,0.0,1.0,0.0,1.0,0.0,9.2,0,13,34
5669,10017.0,1,0,2.1,0.0,13.0,10.0,6.0,0.0,6.4,1,5,34
5670,10024.0,0,0,2.3,0.0,3.0,3.0,0.0,0.0,8.8,0,11,34
5671,10035.0,0,0,1.7,0.0,22.0,2.0,34.0,0.0,9.4,0,9,34
5672,10016.0,0,0,2.4,0.0,0.0,0.0,0.0,0.0,7.6,0,12,34
5673,10025.0,0,0,1.3,0.0,94.0,43.0,92.0,0.0,10.5,0,8,34
5674,10039.0,0,0,2.4,0.0,0.0,0.0,0.0,0.0,7.6,0,12,34
5675,10022.0,0,0,8.1,0.0,18.0,20.0,0.0,0.0,11.3,0,16,34
5676,10011.0,0,0,1.7,0.0,22.0,2.0,34.0,0.0,9.4,0,9,34
5677,10019.0,0,0,7.7,0.0,5.0,6.0,0.0,0.0,8.8,0,15,34
5678,10281.0,0,0,2.1,0.0,13.0,10.0,6.0,0.0,6.4,0,5,34
5679,10017.0,0,0,2.3,0.0,3.0,3.0,0.0,0.0,8.8,0,11,34
5680,10012.0,0,0,2.5,0.0,4.0,4.0,0.0,0.0,9.9,0,10,34
5681,10028.0,0,0,1.7,0.0,22.0,2.0,34.0,0.0,9.4,0,9,34
5682,10001.0,0,0,2.5,0.0,4.0,4.0,0.0,0.0,9.9,0,10,34
5683,10032.0,0,0,10.0,0.0,19.0,21.0,0.0,0.0,12.6,0,18,34
5684,10018.0,0,0,1.7,0.0,22.0,2.0,34.0,0.0,9.4,0,9,34
5685,10038.0,0,0,2.5,0.0,4.0,4.0,0.0,0.0,9.9,0,10,34
5686,10035.0,0,0,2.6,0.1,100.0,55.0,100.0,2.0,8.1,0,0,34
5687,10025.0,0,0,5.2,0.0,100.0,46.0,100.0,100.0,13.7,0,18,33
5688,10011.0,0,0,2.1,0.0,100.0,51.0,72.0,78.0,1.1,0,2,33
5689,10013.0,0,0,2.7,0.2,100.0,61.0,97.0,9.0,11.0,0,23,33
5690,10032.0,0,0,5.2,0.0,100.0,33.0,100.0,98.0,14.1,0,19,33
5691,10002.0,0,0,5.0,0.0,100.0,50.0,97.0,100.0,15.7,0,17,33
5692,10031.0,0,0,5.0,0.0,100.0,31.0,100.0,100.0,13.7,0,20,33
5693,10013.0,1,0,1.4,0.0,100.0,67.0,84.0,0.0,6.2,1,11,33
5694,10036.0,0,0,4.6,0.1,89.0,2.0,100.0,91.0,14.2,0,21,33
5695,10013.0,0,0,2.7,0.0,47.0,52.0,0.0,0.0,9.0,0,14,33
5696,10019.0,0,0,1.6,0.0,93.0,56.0,71.0,0.0,6.5,0,12,33
5697,10016.0,0,0,1.6,0.0,45.0,50.0,0.0,0.0,7.2,0,13,33
5698,10001.0,0,0,3.3,0.2,98.0,32.0,99.0,31.0,11.3,0,22,33
5699,10002.0,0,0,2.7,0.0,47.0,52.0,0.0,0.0,9.0,0,14,33
5700,10024.0,0,0,4.4,0.0,97.0,40.0,51.0,100.0,14.1,0,16,33
5701,10011.0,0,0,2.7,0.0,100.0,96.0,100.0,18.0,2.8,0,5,33
5702,10031.0,0,0,3.3,0.2,98.0,32.0,99.0,31.0,11.3,0,22,33
5703,10013.0,0,0,2.6,0.0,100.0,94.0,99.0,58.0,2.4,0,4,33
5704,10016.0,0,0,2.7,0.0,47.0,52.0,0.0,0.0,9.0,0,14,33
5705,10029.0,0,0,2.9,0.3,100.0,81.0,99.0,28.0,4.1,0,7,33
5706,10011.0,1,0,5.0,0.0,100.0,31.0,100.0,100.0,13.7,1,20,33
5707,10040.0,0,0,2.4,0.2,92.0,40.0,87.0,11.0,5.8,0,9,33
5708,10023.0,1,0,4.6,0.1,89.0,2.0,100.0,91.0,14.2,1,21,33
5709,10033.0,1,0,5.2,0.0,100.0,46.0,100.0,100.0,13.7,1,18,33
5710,10039.0,0,0,3.3,0.2,98.0,32.0,99.0,31.0,11.3,0,22,33
5711,10022.0,0,0,2.0,0.0,100.0,77.0,95.0,87.0,2.9,0,3,33
5712,10022.0,0,0,2.7,0.0,47.0,52.0,0.0,0.0,9.0,0,14,33
5713,10016.0,0,0,4.4,0.0,97.0,40.0,51.0,100.0,14.1,0,16,33
5714,10033.0,1,0,5.2,0.0,100.0,46.0,100.0,100.0,13.7,1,18,33
5715,10016.0,1,0,2.7,0.0,100.0,94.0,100.0,26.0,4.1,1,6,33
5716,10013.0,0,0,5.2,0.0,100.0,46.0,100.0,100.0,13.7,0,18,33
5717,10065.0,0,0,3.3,0.2,98.0,32.0,99.0,31.0,11.3,0,22,33
5718,10036.0,0,0,5.0,0.0,100.0,50.0,97.0,100.0,15.7,0,17,33
5719,10019.0,0,0,5.0,0.0,100.0,31.0,100.0,100.0,13.7,0,20,33
5720,10022.0,0,0,2.7,0.0,100.0,96.0,100.0,18.0,2.8,0,5,33
5721,10010.0,0,0,5.0,0.0,100.0,50.0,97.0,100.0,15.7,0,17,33
5722,10014.0,0,0,2.7,0.2,100.0,61.0,97.0,9.0,11.0,0,23,33
5723,10011.0,0,0,4.4,0.0,97.0,40.0,51.0,100.0,14.1,0,16,33
5724,10035.0,0,0,5.2,0.0,100.0,46.0,100.0,100.0,13.7,0,18,33
5725,10023.0,0,0,2.7,0.0,47.0,52.0,0.0,0.0,9.0,0,14,33
5726,10128.0,0,0,2.7,0.0,47.0,52.0,0.0,0.0,9.0,0,14,33
5727,10013.0,1,0,1.4,0.0,100.0,67.0,84.0,0.0,6.2,1,11,33
5728,10013.0,0,0,2.0,0.0,2.0,2.0,1.0,0.0,8.5,0,7,32
5729,10022.0,0,0,1.8,0.0,8.0,0.0,0.0,25.0,7.4,0,6,32
5730,10011.0,0,0,3.1,0.0,100.0,100.0,97.0,91.0,0.7,0,15,32
5731,10036.0,0,0,2.1,0.0,100.0,100.0,56.0,86.0,2.2,0,14,32
5732,10035.0,1,0,5.1,0.0,100.0,99.0,55.0,61.0,3.8,1,21,32
5733,10010.0,0,0,4.5,0.0,100.0,97.0,91.0,50.0,4.6,0,23,32
5734,10023.0,0,0,4.5,0.0,100.0,100.0,92.0,92.0,3.2,0,18,32
5735,10032.0,0,0,4.1,0.0,100.0,100.0,83.0,94.0,1.5,0,17,32
5736,10016.0,0,0,3.6,0.0,100.0,100.0,96.0,93.0,1.5,0,16,32
5737,10036.0,0,0,1.5,0.0,100.0,97.0,20.0,14.0,5.8,0,11,32
5738,10018.0,0,0,2.6,0.1,49.0,0.0,36.0,92.0,5.7,0,4,32
5739,10028.0,0,0,4.5,0.0,100.0,97.0,91.0,50.0,4.6,0,23,32
5740,10010.0,0,0,2.1,0.0,100.0,100.0,56.0,86.0,2.2,0,14,32
5741,10003.0,0,0,1.5,0.0,100.0,97.0,20.0,14.0,5.8,0,11,32
5742,10012.0,1,0,3.1,0.3,100.0,50.0,98.0,100.0,5.4,1,3,32
5743,10022.0,1,0,1.5,0.0,55.0,60.0,1.0,0.0,5.8,1,9,32
5744,10014.0,0,0,4.5,0.0,100.0,97.0,91.0,50.0,4.6,0,23,32
5745,10013.0,0,0,4.5,0.0,100.0,100.0,81.0,70.0,3.6,0,19,32
5746,10014.0,0,0,1.6,0.0,100.0,100.0,45.0,76.0,3.3,0,13,32
5747,10013.0,0,0,2.4,0.0,41.0,44.0,3.0,0.0,7.1,0,8,32
5748,10023.0,0,0,1.5,0.0,87.0,95.0,2.0,0.0,5.8,0,10,32
5749,10003.0,0,0,3.1,0.0,100.0,100.0,97.0,91.0,0.7,0,15,32
5750,10011.0,0,0,1.5,0.0,55.0,60.0,1.0,0.0,5.8,0,9,32
5751,10036.0,0,0,4.5,0.0,100.0,100.0,92.0,92.0,3.2,0,18,32
5752,10022.0,1,0,4.1,0.0,100.0,100.0,83.0,94.0,1.5,1,17,32
5753,10014.0,1,0,1.5,0.0,100.0,97.0,20.0,14.0,5.8,1,11,32
5754,10035.0,0,0,4.3,0.0,100.0,95.0,69.0,75.0,5.2,0,22,32
5755,10007.0,0,0,2.0,0.0,2.0,2.0,1.0,0.0,8.5,0,7,32
5756,10012.0,0,0,4.1,0.1,100.0,38.0,100.0,100.0,5.6,0,1,32
5757,10017.0,0,0,3.1,0.3,100.0,50.0,98.0,100.0,5.4,0,3,32
5758,10012.0,0,0,1.5,0.0,87.0,95.0,2.0,0.0,5.8,0,10,32
5759,10011.0,0,0,5.1,0.0,100.0,99.0,55.0,61.0,3.8,0,21,32
5760,10035.0,0,0,3.6,0.0,100.0,100.0,96.0,93.0,1.5,0,16,32
5761,10033.0,1,0,3.1,0.3,100.0,50.0,98.0,100.0,5.4,1,3,32
5762,10001.0,0,0,1.8,0.0,8.0,0.0,0.0,25.0,7.4,0,6,32
5763,10006.0,0,0,4.5,0.0,100.0,97.0,91.0,50.0,4.6,0,23,32
5764,10002.0,1,0,4.4,0.0,100.0,61.0,100.0,100.0,6.8,1,0,32
5765,10019.0,0,0,2.0,0.0,2.0,2.0,1.0,0.0,8.5,0,7,32
5766,10035.0,0,0,2.4,0.0,41.0,44.0,3.0,0.0,7.1,0,8,32
5767,10018.0,0,0,4.3,0.0,100.0,95.0,69.0,75.0,5.2,0,22,32
5768,10036.0,0,0,4.5,0.0,100.0,100.0,81.0,70.0,3.6,0,19,32
5769,10011.0,0,0,2.1,0.0,100.0,100.0,56.0,86.0,2.2,0,14,32
5770,10011.0,0,0,3.5,0.2,100.0,24.0,100.0,100.0,5.1,0,2,32
5771,10065.0,0,0,3.1,0.0,100.0,100.0,97.0,91.0,0.7,0,15,32
5772,10001.0,1,0,1.5,0.0,100.0,97.0,20.0,14.0,5.8,1,11,32
5773,10017.0,0,0,2.6,0.1,49.0,0.0,36.0,92.0,5.7,0,4,32
5774,10034.0,0,0,1.5,0.0,87.0,95.0,2.0,0.0,5.8,0,10,32
5775,10012.0,0,0,3.1,0.0,100.0,100.0,97.0,91.0,0.7,0,15,32
5776,10010.0,0,0,4.3,0.0,100.0,95.0,69.0,75.0,5.2,0,22,32
5777,10030.0,0,0,2.1,0.0,100.0,100.0,56.0,86.0,2.2,0,14,32
5778,10001.0,0,0,4.4,0.0,100.0,61.0,100.0,100.0,6.8,0,0,32
5779,10019.0,0,0,1.6,0.0,100.0,100.0,45.0,76.0,3.3,0,13,32
5780,10065.0,0,0,4.3,0.0,100.0,95.0,69.0,75.0,5.2,0,22,32
5781,10013.0,0,0,3.1,0.3,100.0,50.0,98.0,100.0,5.4,0,3,32
5782,10001.0,0,0,3.8,0.0,100.0,100.0,12.0,100.0,7.2,0,19,31
5783,10010.0,0,0,2.6,0.0,77.0,61.0,11.0,50.0,4.2,0,16,31
5784,10032.0,0,0,-0.5,0.0,43.0,37.0,0.0,33.0,5.4,0,9,31
5785,10271.0,0,0,-0.5,0.0,100.0,87.0,94.0,0.0,4.3,0,12,31
5786,10003.0,1,0,4.5,0.0,100.0,91.0,42.0,100.0,5.6,1,21,31
5787,10028.0,1,0,3.4,0.0,100.0,100.0,28.0,97.0,6.6,1,18,31
5788,10019.0,0,0,-0.5,0.0,55.0,58.0,0.0,10.0,5.4,0,8,31
5789,10009.0,0,0,0.5,0.0,100.0,81.0,43.0,100.0,4.9,0,14,31
5790,10065.0,0,0,3.8,0.0,100.0,100.0,12.0,100.0,7.2,0,19,31
5791,10036.0,1,0,3.8,0.0,100.0,100.0,12.0,100.0,7.2,1,19,31
5792,10028.0,0,0,-0.5,0.0,43.0,37.0,0.0,33.0,5.4,0,9,31
5793,10023.0,0,0,3.8,0.0,100.0,100.0,12.0,100.0,7.2,0,19,31
5794,10019.0,0,0,4.6,0.0,100.0,70.0,98.0,100.0,7.5,0,23,31
5795,10019.0,0,0,0.5,0.0,100.0,81.0,43.0,100.0,4.9,0,14,31
5796,10035.0,0,0,-0.5,0.0,66.0,73.0,0.0,1.0,4.8,0,7,31
5797,10003.0,0,0,4.5,0.0,100.0,91.0,42.0,100.0,5.6,0,21,31
5798,10013.0,1,0,4.3,0.0,100.0,79.0,84.0,100.0,6.5,1,22,31
5799,10002.0,0,0,4.1,0.0,100.0,96.0,27.0,100.0,5.1,0,20,31
5800,10010.0,0,0,0.5,0.0,100.0,81.0,43.0,100.0,4.9,0,14,31
5801,10065.0,1,0,3.8,0.0,100.0,100.0,12.0,100.0,7.2,1,19,31
5802,10035.0,4,0,4.6,0.0,100.0,70.0,98.0,100.0,7.5,1,23,31
5803,10075.0,0,0,3.3,0.0,86.0,81.0,21.0,1.0,5.0,0,17,31
5804,10075.0,0,0,2.0,0.0,94.0,72.0,7.0,83.0,4.8,0,15,31
5805,10030.0,0,0,-0.5,0.0,66.0,73.0,0.0,1.0,4.8,0,7,31
5806,10022.0,0,0,4.6,0.0,100.0,70.0,98.0,100.0,7.5,0,23,31
5807,10169.0,0,0,-0.5,0.0,43.0,37.0,0.0,33.0,5.4,0,9,31
5808,10024.0,0,0,2.6,0.0,77.0,61.0,11.0,50.0,4.2,0,16,31
5809,10001.0,0,0,-0.7,0.0,74.0,80.0,1.0,3.0,4.9,0,6,31
5810,10016.0,1,0,4.5,0.0,100.0,91.0,42.0,100.0,5.6,1,21,31
5811,10036.0,0,0,-0.5,0.0,55.0,58.0,0.0,10.0,5.4,0,8,31
5812,10036.0,0,0,-0.9,0.0,74.0,49.0,23.0,53.0,4.8,0,10,31
5813,10026.0,0,0,-0.7,0.0,94.0,59.0,68.0,0.0,4.8,0,11,31
5814,10022.0,0,0,2.6,0.0,77.0,61.0,11.0,50.0,4.2,0,16,31
5815,10016.0,0,0,-0.9,0.0,74.0,49.0,23.0,53.0,4.8,0,10,31
5816,10010.0,1,0,-0.5,0.0,100.0,87.0,94.0,0.0,4.3,1,12,31
5817,10001.0,0,0,-0.5,0.0,43.0,37.0,0.0,33.0,5.4,0,9,31
5818,10020.0,0,0,0.4,0.0,59.0,17.0,24.0,98.0,5.4,0,0,31
5819,10018.0,1,0,4.3,0.0,100.0,79.0,84.0,100.0,6.5,1,22,31
5820,10013.0,0,0,3.8,0.0,100.0,100.0,12.0,100.0,7.2,0,19,31
5821,10001.0,0,0,-0.7,0.0,91.0,81.0,3.0,54.0,4.6,0,5,31
5822,10019.0,0,0,-0.6,0.0,100.0,87.0,73.0,53.0,5.2,0,13,31
5823,10032.0,0,0,-0.5,0.0,55.0,58.0,0.0,10.0,5.4,0,8,31
5824,10003.0,0,0,-0.5,0.0,55.0,58.0,0.0,10.0,5.4,0,8,31
5825,10023.0,0,0,3.8,0.0,100.0,100.0,12.0,100.0,7.2,0,19,31
5826,10013.0,0,0,2.0,0.0,94.0,72.0,7.0,83.0,4.8,0,15,31
5827,10016.0,0,0,4.6,0.0,100.0,70.0,98.0,100.0,7.5,0,23,31
5828,10031.0,0,0,2.6,0.0,77.0,61.0,11.0,50.0,4.2,0,16,31
5829,10019.0,0,0,2.0,0.0,94.0,72.0,7.0,83.0,4.8,0,15,31
5830,10012.0,0,0,2.6,0.0,77.0,61.0,11.0,50.0,4.2,0,16,31
5831,10009.0,0,0,2.0,0.0,94.0,72.0,7.0,83.0,4.8,0,15,31
5832,10022.0,1,0,3.3,0.0,86.0,81.0,21.0,1.0,5.0,1,17,31
5833,10075.0,0,0,-0.5,0.0,55.0,58.0,0.0,10.0,5.4,0,8,31
5834,10035.0,0,0,2.6,0.0,77.0,61.0,11.0,50.0,4.2,0,16,31
5835,10017.0,0,0,0.4,0.0,59.0,17.0,24.0,98.0,5.4,0,0,31
5836,10035.0,0,0,0.5,0.0,100.0,81.0,43.0,100.0,4.9,0,14,31
5837,10010.0,0,0,-0.5,0.0,100.0,87.0,94.0,0.0,4.3,0,12,31
5838,10011.0,0,0,3.3,0.0,86.0,81.0,21.0,1.0,5.0,0,17,31
5839,10001.0,0,0,-0.7,0.0,94.0,59.0,68.0,0.0,4.8,0,11,31
5840,10021.0,0,0,4.6,0.0,100.0,70.0,98.0,100.0,7.5,0,23,31
5841,10011.0,0,0,3.4,0.0,100.0,100.0,28.0,97.0,6.6,0,18,31
5842,10013.0,0,0,-0.5,0.0,55.0,58.0,0.0,10.0,5.4,0,8,31
5843,10017.0,0,0,4.6,0.0,100.0,70.0,98.0,100.0,7.5,0,23,31
5844,10001.0,0,0,3.4,0.0,100.0,100.0,28.0,97.0,6.6,0,18,31
5845,10016.0,0,0,-0.5,0.0,100.0,87.0,94.0,0.0,4.3,0,12,31
5846,10031.0,0,0,-0.7,0.0,74.0,80.0,1.0,3.0,4.9,0,6,31
5847,10065.0,0,0,-0.6,0.0,100.0,87.0,73.0,53.0,5.2,0,13,31
5848,10002.0,0,0,3.8,0.0,100.0,100.0,12.0,100.0,7.2,0,19,31
5849,10001.0,1,0,4.3,0.0,100.0,79.0,84.0,100.0,6.5,1,22,31
5850,10009.0,1,0,-0.7,0.0,94.0,59.0,68.0,0.0,4.8,1,11,31
5851,10021.0,0,0,-0.9,0.0,74.0,49.0,23.0,53.0,4.8,0,10,31
5852,10035.0,0,0,3.3,0.0,86.0,81.0,21.0,1.0,5.0,0,17,31
5853,10023.0,1,0,3.3,0.0,86.0,81.0,21.0,1.0,5.0,1,17,31
5854,10021.0,0,0,-0.5,0.0,66.0,73.0,0.0,1.0,4.8,0,7,31
5855,10032.0,0,0,3.8,0.0,100.0,100.0,12.0,100.0,7.2,0,19,31
5856,10022.0,0,0,-0.5,0.0,43.0,37.0,0.0,33.0,5.4,0,9,31
5857,10016.0,1,0,4.5,0.0,100.0,91.0,42.0,100.0,5.6,1,21,31
5858,10036.0,0,0,-0.5,0.0,55.0,58.0,0.0,10.0,5.4,0,8,31
5859,10026.0,0,0,4.6,0.0,100.0,70.0,98.0,100.0,7.5,0,23,31
5860,10018.0,1,0,3.8,0.0,100.0,100.0,12.0,100.0,7.2,1,19,31
5861,10034.0,1,0,3.8,0.0,100.0,100.0,12.0,100.0,7.2,1,19,31
5862,10001.0,0,0,0.5,0.0,100.0,81.0,43.0,100.0,4.9,0,14,31
5863,10007.0,0,0,-0.5,0.0,43.0,37.0,0.0,33.0,5.4,0,9,31
5864,10018.0,0,0,-4.3,0.0,0.0,0.0,0.0,0.0,10.3,0,13,30
5865,10009.0,0,0,-4.5,0.0,0.0,0.0,0.0,0.0,10.6,0,12,30
5866,10011.0,0,0,-4.5,0.0,0.0,0.0,0.0,0.0,11.4,0,11,30
5867,10021.0,0,0,-2.8,0.0,0.0,0.0,0.0,0.0,10.6,0,9,30
5868,10065.0,0,0,0.2,0.0,26.0,0.0,0.0,87.0,4.4,0,18,30
5869,10029.0,0,0,-0.4,0.0,24.0,0.0,0.0,81.0,3.7,0,17,30
5870,10065.0,0,0,-1.6,0.0,14.0,0.0,0.0,46.0,7.0,0,15,30
5871,10036.0,0,0,1.3,0.0,29.0,0.0,0.0,98.0,5.6,0,20,30
5872,10019.0,0,0,1.8,0.0,0.0,0.0,0.0,0.0,7.1,0,0,30
5873,10022.0,0,0,1.3,0.0,29.0,0.0,0.0,98.0,5.6,0,20,30
5874,10016.0,0,0,-2.3,0.0,0.0,0.0,0.0,0.0,10.9,0,8,30
5875,10002.0,0,0,-2.3,0.0,0.0,0.0,0.0,0.0,10.9,0,8,30
5876,10001.0,1,0,0.8,0.0,45.0,12.0,8.0,99.0,5.2,1,23,30
5877,10011.0,0,0,-4.4,0.0,0.0,0.0,0.0,0.0,11.2,0,10,30
5878,10027.0,0,0,-0.9,0.0,22.0,0.0,0.0,72.0,4.7,0,16,30
5879,10017.0,0,0,-4.5,0.0,0.0,0.0,0.0,0.0,10.6,0,12,30
5880,10026.0,0,0,-1.6,0.0,14.0,0.0,0.0,46.0,7.0,0,15,30
5881,10065.0,1,0,-3.4,0.0,5.0,0.0,0.0,18.0,9.4,1,14,30
5882,10009.0,1,0,-0.9,0.0,22.0,0.0,0.0,72.0,4.7,1,16,30
5883,10038.0,0,0,1.3,0.0,29.0,0.0,0.0,98.0,5.6,0,20,30
5884,10011.0,1,0,-4.3,0.0,0.0,0.0,0.0,0.0,10.3,1,13,30
5885,10022.0,0,0,1.3,0.0,29.0,0.0,0.0,98.0,5.6,0,20,30
5886,10023.0,0,0,-4.5,0.0,0.0,0.0,0.0,0.0,11.4,0,11,30
5887,10035.0,0,0,-0.9,0.0,22.0,0.0,0.0,72.0,4.7,0,16,30
5888,10022.0,0,0,-4.4,0.0,0.0,0.0,0.0,0.0,11.2,0,10,30
5889,10023.0,0,0,-1.8,0.0,0.0,0.0,0.0,0.0,11.2,0,6,30
5890,10003.0,0,0,-2.3,0.0,0.0,0.0,0.0,0.0,10.9,0,8,30
5891,10022.0,0,0,-0.4,0.0,24.0,0.0,0.0,81.0,3.7,0,17,30
5892,10038.0,0,0,-4.5,0.0,0.0,0.0,0.0,0.0,11.4,0,11,30
5893,10021.0,1,0,-4.5,0.0,0.0,0.0,0.0,0.0,10.6,1,12,30
5894,10032.0,0,0,-0.9,0.0,22.0,0.0,0.0,72.0,4.7,0,16,30
5895,10024.0,1,0,-2.3,0.0,0.0,0.0,0.0,0.0,10.9,1,8,30
5896,10039.0,0,0,-4.5,0.0,0.0,0.0,0.0,0.0,10.6,0,12,30
5897,10014.0,0,0,-4.4,0.0,0.0,0.0,0.0,0.0,11.2,0,10,30
5898,10033.0,0,0,0.8,0.0,45.0,12.0,8.0,99.0,5.2,0,23,30
5899,10039.0,0,0,-4.3,0.0,0.0,0.0,0.0,0.0,10.3,0,13,30
5900,10023.0,0,0,-2.8,0.0,0.0,0.0,0.0,0.0,10.6,0,9,30
5901,10018.0,0,0,1.6,0.0,32.0,3.0,0.0,97.0,6.4,0,21,30
5902,10029.0,0,0,-2.8,0.0,0.0,0.0,0.0,0.0,10.6,0,9,30
5903,10027.0,0,0,-0.4,0.0,24.0,0.0,0.0,81.0,3.7,0,17,30
5904,10022.0,0,0,-0.4,0.0,24.0,0.0,0.0,81.0,3.7,0,17,30
5905,10035.0,0,0,-1.6,0.0,14.0,0.0,0.0,46.0,7.0,0,15,30
5906,10022.0,0,0,-4.5,0.0,0.0,0.0,0.0,0.0,11.4,0,11,30
5907,10016.0,0,0,-2.8,0.0,0.0,0.0,0.0,0.0,10.6,0,9,30
5908,10029.0,0,0,-0.9,0.0,22.0,0.0,0.0,72.0,4.7,0,16,30
5909,10035.0,0,0,0.2,0.0,26.0,0.0,0.0,87.0,4.4,0,18,30
5910,10021.0,0,0,-1.8,0.0,0.0,0.0,0.0,0.0,11.2,0,6,30
5911,10035.0,0,0,-2.2,0.0,0.0,0.0,0.0,0.0,10.8,0,7,30
5912,10010.0,0,0,1.6,0.0,32.0,3.0,0.0,97.0,6.4,0,21,30
5913,10075.0,0,0,-2.2,0.0,0.0,0.0,0.0,0.0,10.8,0,7,30
5914,10019.0,0,0,-2.3,0.0,0.0,0.0,0.0,0.0,10.9,0,8,30
5915,10036.0,0,0,0.8,0.0,29.0,0.0,0.0,95.0,5.0,0,19,30
5916,10030.0,0,0,-2.8,0.0,0.0,0.0,0.0,0.0,10.6,0,9,30
5917,10036.0,0,0,-2.3,0.0,0.0,0.0,0.0,0.0,10.9,0,8,30
5918,10001.0,1,0,-4.4,0.0,0.0,0.0,0.0,0.0,11.2,1,10,30
5919,10022.0,1,0,-4.3,0.0,0.0,0.0,0.0,0.0,10.3,1,13,30
5920,10001.0,0,0,-4.4,0.0,0.0,0.0,0.0,0.0,11.2,0,10,30
5921,10001.0,0,0,0.2,0.0,26.0,0.0,0.0,87.0,4.4,0,18,30
5922,10035.0,0,0,-2.2,0.0,0.0,0.0,0.0,0.0,10.8,0,7,30
5923,10017.0,0,0,-2.3,0.0,0.0,0.0,0.0,0.0,10.9,0,8,30
5924,10009.0,1,0,-2.3,0.0,0.0,0.0,0.0,0.0,10.9,1,8,30
5925,10033.0,0,0,-4.3,0.0,0.0,0.0,0.0,0.0,10.3,0,13,30
5926,10018.0,0,0,0.8,0.0,29.0,0.0,0.0,95.0,5.0,0,19,30
5927,10032.0,0,0,-4.5,0.0,0.0,0.0,0.0,0.0,10.6,0,12,30
5928,10035.0,0,0,0.2,0.0,26.0,0.0,0.0,87.0,4.4,0,18,30
5929,10024.0,0,0,-0.9,0.0,22.0,0.0,0.0,72.0,4.7,0,16,30
5930,10029.0,0,0,-2.8,0.0,0.0,0.0,0.0,0.0,10.6,0,9,30
5931,10010.0,0,0,1.3,0.0,39.0,11.0,0.0,98.0,5.5,0,22,30
5932,10016.0,0,0,-4.4,0.0,0.0,0.0,0.0,0.0,11.2,0,10,30
5933,10022.0,3,0,-1.6,0.0,14.0,0.0,0.0,46.0,7.0,1,15,30
5934,10065.0,1,0,-2.8,0.0,0.0,0.0,0.0,0.0,10.6,1,9,30
5935,10002.0,1,0,0.9,0.0,41.0,45.0,0.0,0.0,9.2,1,11,29
5936,10021.0,0,0,3.3,0.0,0.0,0.0,0.0,0.0,13.8,0,18,29
5937,10003.0,1,0,1.0,0.0,83.0,92.0,1.0,0.0,11.6,1,10,29
5938,10010.0,0,0,4.0,0.0,0.0,0.0,0.0,0.0,14.0,0,19,29
5939,10035.0,0,0,0.8,0.0,17.0,18.0,1.0,0.0,8.7,0,12,29
5940,10003.0,1,0,4.5,0.0,0.0,0.0,0.0,0.0,14.1,1,20,29
5941,10018.0,2,0,2.6,0.0,12.0,12.0,2.0,0.0,10.9,1,5,29
5942,10029.0,0,0,0.8,0.0,17.0,18.0,1.0,0.0,8.7,0,12,29
5943,10021.0,1,0,0.7,0.0,8.0,8.0,1.0,0.0,13.2,1,14,29
5944,10009.0,0,0,1.9,0.0,2.0,2.0,0.0,0.0,13.5,0,16,29
5945,10018.0,0,0,1.0,0.0,83.0,92.0,1.0,0.0,11.6,0,10,29
5946,10010.0,0,0,2.2,0.0,28.0,29.0,4.0,0.0,9.4,0,8,29
5947,10022.0,0,0,0.6,0.0,8.0,8.0,1.0,0.0,9.8,0,13,29
5948,10011.0,0,0,0.6,0.0,8.0,8.0,1.0,0.0,9.8,0,13,29
5949,10036.0,0,0,2.3,0.0,27.0,28.0,3.0,0.0,9.7,0,7,29
5950,10034.0,0,0,0.6,0.0,8.0,8.0,1.0,0.0,9.8,0,13,29
5951,10038.0,0,0,2.6,0.0,12.0,12.0,2.0,0.0,10.9,0,5,29
5952,10005.0,0,0,2.2,0.0,28.0,29.0,4.0,0.0,9.4,0,8,29
5953,10019.0,1,0,1.5,0.0,9.0,10.0,0.0,0.0,13.9,1,15,29
5954,10035.0,0,0,2.7,0.0,0.0,0.0,0.0,0.0,13.7,0,17,29
5955,10013.0,0,0,0.7,0.0,8.0,8.0,1.0,0.0,13.2,0,14,29
5956,10019.0,0,0,1.0,0.0,83.0,92.0,1.0,0.0,11.6,0,10,29
5957,10035.0,0,0,1.9,0.0,2.0,2.0,0.0,0.0,13.5,0,16,29
5958,10016.0,0,0,3.3,0.0,0.0,0.0,0.0,0.0,13.8,0,18,29
5959,10025.0,0,0,1.9,0.0,2.0,2.0,0.0,0.0,13.5,0,16,29
5960,10002.0,0,0,1.5,0.0,9.0,10.0,0.0,0.0,13.9,0,15,29
5961,10001.0,0,0,1.0,0.0,83.0,92.0,1.0,0.0,11.6,0,10,29
5962,10012.0,2,0,2.2,0.0,28.0,29.0,4.0,0.0,9.4,1,8,29
5963,10013.0,1,0,0.9,0.0,41.0,45.0,0.0,0.0,9.2,1,11,29
5964,10001.0,0,0,2.3,0.0,27.0,28.0,3.0,0.0,9.7,0,7,29
5965,10075.0,0,0,2.7,0.0,0.0,0.0,0.0,0.0,13.7,0,17,29
5966,10023.0,1,0,1.0,0.0,83.0,92.0,1.0,0.0,11.6,1,10,29
5967,10016.0,0,0,1.7,0.0,15.0,15.0,2.0,0.0,10.0,0,9,29
5968,10035.0,0,0,2.3,0.0,27.0,28.0,3.0,0.0,9.7,0,7,29
5969,10033.0,1,0,0.7,0.0,8.0,8.0,1.0,0.0,13.2,1,14,29
5970,10023.0,1,0,4.0,0.0,0.0,0.0,0.0,0.0,14.0,1,19,29
5971,10001.0,0,0,0.8,0.0,17.0,18.0,1.0,0.0,8.7,0,12,29
5972,10011.0,0,0,1.9,0.0,2.0,2.0,0.0,0.0,13.5,0,16,29
5973,10026.0,0,0,4.5,0.0,0.0,0.0,0.0,0.0,14.1,0,20,29
5974,10016.0,1,0,2.7,0.0,0.0,0.0,0.0,0.0,13.7,1,17,29
5975,10036.0,0,0,3.3,0.0,0.0,0.0,0.0,0.0,13.8,0,18,29
5976,10032.0,0,0,2.3,0.0,27.0,28.0,3.0,0.0,9.7,0,7,29
5977,10010.0,0,0,4.0,0.0,0.0,0.0,0.0,0.0,14.0,0,19,29
5978,10019.0,0,0,2.6,0.0,12.0,12.0,2.0,0.0,10.9,0,5,29
5979,10018.0,1,0,2.2,0.0,28.0,29.0,4.0,0.0,9.4,1,8,29
5980,10001.0,0,0,1.0,0.0,83.0,92.0,1.0,0.0,11.6,0,10,29
5981,10282.0,0,0,3.6,0.0,6.0,7.0,0.0,0.0,12.6,0,8,28
5982,10035.0,0,0,3.8,0.0,6.0,7.0,0.0,0.0,12.1,0,7,28
5983,10003.0,0,0,3.3,0.0,2.0,2.0,0.0,0.0,12.2,0,9,28
5984,10128.0,0,0,3.6,0.0,6.0,7.0,0.0,0.0,12.6,0,8,28
5985,10028.0,0,0,4.2,0.0,97.0,99.0,13.0,0.0,12.4,0,22,28
5986,10010.0,1,0,2.7,0.0,76.0,60.0,37.0,0.0,11.1,1,11,28
5987,10069.0,0,0,3.6,0.0,6.0,7.0,0.0,0.0,12.6,0,8,28
5988,10009.0,0,0,2.8,0.0,62.0,47.0,33.0,0.0,13.4,0,13,28
5989,10022.0,0,0,4.8,0.0,93.0,100.0,5.0,0.0,17.3,0,18,28
5990,10001.0,0,0,4.2,0.0,97.0,99.0,13.0,0.0,12.4,0,22,28
5991,10027.0,0,0,2.7,0.0,76.0,60.0,37.0,0.0,11.1,0,11,28
5992,10038.0,0,0,3.3,0.0,2.0,2.0,0.0,0.0,12.2,0,9,28
5993,10023.0,0,0,2.7,0.0,76.0,60.0,37.0,0.0,11.1,0,11,28
5994,10038.0,0,0,4.8,0.0,93.0,100.0,5.0,0.0,17.3,0,18,28
5995,10128.0,0,0,3.6,0.0,6.0,7.0,0.0,0.0,12.6,0,8,28
5996,10013.0,0,0,5.7,0.0,60.0,13.0,81.0,0.0,9.3,0,0,28
5997,10016.0,0,0,4.5,0.0,97.0,100.0,12.0,0.0,17.1,0,20,28
5998,10022.0,0,0,4.0,0.0,4.0,2.0,3.0,0.0,11.4,0,6,28
5999,10023.0,0,0,3.6,0.0,6.0,7.0,0.0,0.0,12.6,0,8,28
6000,10009.0,0,0,2.7,0.0,76.0,60.0,37.0,0.0,11.1,0,11,28
6001,10035.0,0,0,2.8,0.0,84.0,61.0,48.0,0.0,11.7,0,12,28
6002,10035.0,0,0,4.6,0.0,85.0,92.0,4.0,0.0,17.4,0,16,28
6003,10128.0,0,0,4.6,0.0,85.0,92.0,4.0,0.0,17.4,0,16,28
6004,10011.0,0,0,4.0,0.0,4.0,2.0,3.0,0.0,11.4,0,6,28
6005,10033.0,1,0,4.6,0.0,85.0,92.0,4.0,0.0,17.4,1,16,28
6006,10011.0,0,0,2.7,0.0,76.0,60.0,37.0,0.0,11.1,0,11,28
6007,10024.0,0,0,4.5,0.0,97.0,100.0,12.0,0.0,17.1,0,20,28
6008,10003.0,0,0,3.6,0.0,6.0,7.0,0.0,0.0,12.6,0,8,28
6009,10037.0,1,0,2.7,0.0,76.0,60.0,37.0,0.0,11.1,1,11,28
6010,10022.0,0,0,4.7,0.0,91.0,98.0,5.0,0.0,17.6,0,19,28
6011,10009.0,0,0,4.3,0.0,5.0,3.0,3.0,0.0,11.0,0,5,28
6012,10028.0,0,0,4.3,0.0,5.0,3.0,3.0,0.0,11.0,0,5,28
6013,10034.0,0,0,4.3,0.0,52.0,55.0,4.0,0.0,19.6,0,15,28
6014,10023.0,0,0,2.7,0.0,76.0,60.0,37.0,0.0,11.1,0,11,28
6015,10022.0,0,0,4.8,0.0,92.0,100.0,4.0,0.0,17.1,0,17,28
6016,10033.0,0,0,4.3,0.0,5.0,3.0,3.0,0.0,11.0,0,5,28
6017,10029.0,0,0,4.8,0.0,93.0,100.0,5.0,0.0,17.3,0,18,28
6018,10002.0,2,0,3.8,0.0,6.0,7.0,0.0,0.0,12.1,1,7,28
6019,10023.0,0,0,2.9,0.0,82.0,74.0,26.0,0.0,9.9,0,10,28
6020,10038.0,0,0,2.7,0.0,76.0,60.0,37.0,0.0,11.1,0,11,28
6021,10027.0,1,0,5.7,0.0,60.0,13.0,81.0,0.0,9.3,1,0,28
6022,10018.0,0,0,3.6,0.0,6.0,7.0,0.0,0.0,12.6,0,8,28
6023,10038.0,0,0,3.3,0.0,2.0,2.0,0.0,0.0,12.2,0,9,28
6024,10007.0,0,0,4.8,0.0,92.0,100.0,4.0,0.0,17.1,0,17,28
6025,10029.0,0,0,4.0,0.0,4.0,2.0,3.0,0.0,11.4,0,6,28
6026,10032.0,0,0,4.6,0.0,85.0,92.0,4.0,0.0,17.4,0,16,28
6027,10075.0,0,0,4.6,0.0,85.0,92.0,4.0,0.0,17.4,0,16,28
6028,10013.0,1,0,4.3,0.0,52.0,55.0,4.0,0.0,19.6,1,15,28
6029,10065.0,0,0,4.6,0.0,85.0,92.0,4.0,0.0,17.4,0,16,28
6030,10009.0,0,0,4.3,0.0,52.0,55.0,4.0,0.0,19.6,0,15,28
6031,10009.0,0,0,2.7,0.0,28.0,10.0,31.0,0.0,12.4,0,10,27
6032,10019.0,0,0,2.7,0.0,28.0,10.0,31.0,0.0,12.4,0,10,27
6033,10010.0,1,0,2.7,0.0,28.0,10.0,31.0,0.0,12.4,1,10,27
6034,10001.0,0,0,3.1,0.0,12.0,4.0,14.0,0.0,14.5,0,9,27
6035,10026.0,0,0,4.2,0.0,17.0,0.0,28.0,0.0,14.8,0,15,27
6036,10011.0,1,0,5.9,0.0,100.0,83.0,68.0,0.0,14.1,1,19,27
6037,10011.0,1,0,4.2,0.0,17.0,0.0,28.0,0.0,14.8,1,15,27
6038,10033.0,0,0,5.6,0.0,50.0,12.0,66.0,0.0,11.6,0,0,27
6039,10023.0,0,0,4.2,0.0,46.0,10.0,38.0,48.0,13.3,0,3,27
6040,10003.0,0,0,5.9,0.0,100.0,91.0,92.0,0.0,14.5,0,18,27
6041,10029.0,0,0,3.3,0.0,10.0,5.0,9.0,0.0,12.7,0,5,27
6042,10028.0,1,0,4.2,0.0,17.0,0.0,28.0,0.0,14.8,1,15,27
6043,10002.0,0,0,6.1,0.0,66.0,35.0,58.0,0.0,15.0,0,20,27
6044,10013.0,0,0,2.7,0.0,36.0,5.0,52.0,0.0,12.4,0,11,27
6045,10128.0,1,0,3.0,0.0,40.0,0.0,67.0,0.0,12.6,1,14,27
6046,10075.0,0,0,2.7,0.0,36.0,5.0,52.0,0.0,12.4,0,11,27
6047,10021.0,0,0,2.7,0.0,28.0,10.0,31.0,0.0,12.4,0,10,27
6048,10033.0,0,0,3.1,0.0,12.0,4.0,14.0,0.0,14.5,0,9,27
6049,10016.0,0,0,5.2,0.0,45.0,39.0,17.0,0.0,16.6,0,16,27
6050,10004.0,0,0,2.7,0.0,36.0,5.0,52.0,0.0,12.4,0,11,27
6051,10022.0,0,0,3.7,0.0,20.0,3.0,21.0,16.0,13.7,0,4,27
6052,10023.0,0,0,2.7,0.0,36.0,5.0,52.0,0.0,12.4,0,11,27
6053,10018.0,0,0,4.2,0.0,17.0,0.0,28.0,0.0,14.8,0,15,27
6054,10004.0,0,0,3.1,0.0,12.0,4.0,14.0,0.0,14.5,0,9,27
6055,10010.0,0,0,2.8,0.0,3.0,1.0,3.0,0.0,12.4,0,7,27
6056,10021.0,0,0,5.2,0.0,45.0,39.0,17.0,0.0,16.6,0,16,27
6057,10036.0,0,0,2.7,0.0,50.0,0.0,83.0,0.0,13.2,0,13,27
6058,10013.0,0,0,5.9,0.0,100.0,57.0,86.0,0.0,11.1,0,22,27
6059,10019.0,0,0,2.8,0.0,3.0,1.0,3.0,0.0,12.4,0,7,27
6060,10035.0,0,0,2.7,0.0,28.0,10.0,31.0,0.0,12.4,0,10,27
6061,10036.0,0,0,5.2,0.0,45.0,39.0,17.0,0.0,16.6,0,16,27
6062,10002.0,0,0,4.2,0.0,17.0,0.0,28.0,0.0,14.8,0,15,27
6063,10011.0,0,0,5.4,0.0,33.0,4.0,49.0,0.0,12.6,0,1,27
6064,10019.0,0,0,3.0,0.0,8.0,2.0,10.0,0.0,13.7,0,8,27
6065,10128.0,0,0,2.7,0.0,36.0,5.0,52.0,0.0,12.4,0,11,27
6066,10010.0,0,0,6.2,0.0,57.0,26.0,56.0,0.0,12.3,0,21,27
6067,10017.0,0,0,6.1,0.0,66.0,35.0,58.0,0.0,15.0,0,20,27
6068,10034.0,0,0,2.7,0.0,28.0,10.0,31.0,0.0,12.4,0,10,27
6069,10028.0,1,0,2.8,0.0,44.0,4.0,68.0,0.0,13.2,1,12,27
6070,10128.0,0,0,6.0,0.0,100.0,93.0,62.0,0.0,16.7,0,17,27
6071,10030.0,0,0,4.2,0.0,17.0,0.0,28.0,0.0,14.8,0,15,27
6072,10035.0,0,0,2.7,0.0,36.0,5.0,52.0,0.0,12.4,0,11,27
6073,10032.0,0,0,5.2,0.0,45.0,39.0,17.0,0.0,16.6,0,16,27
6074,10024.0,0,0,2.7,0.0,28.0,10.0,31.0,0.0,12.4,0,10,27
6075,10011.0,0,0,2.7,0.0,28.0,10.0,31.0,0.0,12.4,0,10,27
6076,10012.0,0,0,6.4,0.0,100.0,64.0,86.0,29.0,12.2,0,21,26
6077,10018.0,0,0,3.7,0.0,0.0,0.0,0.0,0.0,12.3,0,7,26
6078,10001.0,0,0,6.7,0.0,100.0,80.0,67.0,48.0,14.1,0,20,26
6079,10035.0,0,0,1.8,0.0,2.0,2.0,0.0,0.0,9.7,0,10,26
6080,10033.0,0,0,5.7,0.0,13.0,8.0,9.0,0.0,12.6,0,15,26
6081,10002.0,0,0,6.4,0.0,100.0,64.0,86.0,29.0,12.2,0,21,26
6082,10016.0,0,0,3.0,0.0,10.0,1.0,15.0,0.0,12.1,0,14,26
6083,10018.0,0,0,8.3,0.0,92.0,100.0,3.0,0.0,9.4,0,0,26
6084,10016.0,1,0,6.0,0.0,70.0,78.0,0.0,0.0,14.0,1,3,26
6085,10002.0,0,0,6.7,0.0,100.0,80.0,67.0,48.0,14.1,0,20,26
6086,10031.0,0,0,3.4,0.0,2.0,1.0,1.0,0.0,12.6,0,8,26
6087,10014.0,0,0,6.7,0.0,86.0,72.0,36.0,0.0,16.6,0,19,26
6088,10034.0,0,0,5.7,0.0,38.0,42.0,0.0,0.0,13.3,0,4,26
6089,10023.0,0,0,3.0,0.0,10.0,1.0,15.0,0.0,12.1,0,14,26
6090,10128.0,2,0,6.7,0.0,100.0,80.0,67.0,48.0,14.1,1,20,26
6091,10002.0,0,0,8.3,0.0,92.0,100.0,3.0,0.0,9.4,0,0,26
6092,10019.0,0,0,6.6,0.0,34.0,38.0,0.0,0.0,18.6,0,17,26
6093,10010.0,1,0,6.1,0.0,76.0,28.0,85.0,0.0,10.5,1,23,26
6094,10025.0,0,0,7.1,0.0,78.0,87.0,0.0,0.0,13.1,0,2,26
6095,10026.0,0,0,1.6,0.0,1.0,1.0,0.0,0.0,9.3,0,11,26
6096,10014.0,0,0,3.0,0.0,10.0,1.0,15.0,0.0,12.1,0,14,26
6097,10029.0,1,0,6.3,0.0,100.0,59.0,90.0,0.0,9.5,1,22,26
6098,10065.0,0,0,1.8,0.0,2.0,1.0,1.0,0.0,12.0,0,13,26
6099,10034.0,0,0,7.8,0.0,91.0,100.0,1.0,0.0,12.4,0,1,26
6100,10033.0,0,0,1.8,0.0,2.0,1.0,1.0,0.0,12.0,0,13,26
6101,10022.0,1,0,1.8,0.0,2.0,2.0,0.0,0.0,9.7,1,10,26
6102,10065.0,0,0,7.0,0.0,54.0,56.0,6.0,0.0,17.5,0,18,26
6103,10036.0,0,0,3.0,0.0,10.0,1.0,15.0,0.0,12.1,0,14,26
6104,10012.0,0,0,5.7,0.0,38.0,42.0,0.0,0.0,13.3,0,4,26
6105,10011.0,0,0,6.0,0.0,7.0,8.0,0.0,0.0,14.8,0,16,26
6106,10002.0,1,0,6.6,0.0,34.0,38.0,0.0,0.0,18.6,1,17,26
6107,10013.0,0,0,6.6,0.0,34.0,38.0,0.0,0.0,18.6,0,17,26
6108,10027.0,0,0,6.7,0.0,86.0,72.0,36.0,0.0,16.6,0,19,26
6109,10011.0,0,0,6.0,0.0,7.0,8.0,0.0,0.0,14.8,0,16,26
6110,10002.0,1,0,6.0,0.0,7.0,8.0,0.0,0.0,14.8,1,16,26
6111,10003.0,0,0,8.3,0.0,92.0,100.0,3.0,0.0,9.4,0,0,26
6112,10025.0,0,0,5.7,0.0,13.0,8.0,9.0,0.0,12.6,0,15,26
6113,10035.0,0,0,3.0,0.0,10.0,1.0,15.0,0.0,12.1,0,14,26
6114,10033.0,0,0,3.0,0.0,10.0,1.0,15.0,0.0,12.1,0,14,26
6115,10001.0,0,0,6.7,0.0,100.0,80.0,67.0,48.0,14.1,0,20,26
6116,10128.0,0,0,6.0,0.0,7.0,8.0,0.0,0.0,14.8,0,16,26
6117,10002.0,0,0,1.8,0.0,2.0,1.0,1.0,0.0,12.0,0,13,26
6118,10004.0,0,0,6.6,0.0,34.0,38.0,0.0,0.0,18.6,0,17,26
6119,10003.0,0,0,9.3,7.2,100.0,100.0,73.0,88.0,10.9,0,21,25
6120,10065.0,0,0,7.3,1.3,100.0,86.0,76.0,93.0,28.1,0,17,25
6121,10009.0,1,0,8.5,2.7,100.0,100.0,44.0,49.0,6.1,1,22,25
6122,10009.0,0,0,6.0,0.5,100.0,72.0,59.0,100.0,26.2,0,15,25
6123,10011.0,0,0,8.3,3.4,100.0,100.0,100.0,100.0,24.1,0,19,25
6124,10003.0,0,0,6.0,0.5,100.0,72.0,59.0,100.0,26.2,0,15,25
6125,10016.0,0,0,8.3,3.4,100.0,100.0,100.0,100.0,24.1,0,19,25
6126,10013.0,1,1,3.2,0.0,32.0,2.0,2.0,95.0,15.7,2,6,25
6127,10002.0,0,0,3.4,0.0,7.0,0.0,0.0,24.0,12.3,0,2,25
6128,10003.0,0,0,4.2,0.0,100.0,100.0,75.0,100.0,21.7,0,13,25
6129,10017.0,0,0,4.0,0.0,1.0,0.0,0.0,3.0,10.5,0,1,25
6130,10016.0,0,0,6.8,0.8,98.0,30.0,70.0,98.0,27.1,0,16,25
6131,10128.0,0,0,3.9,0.0,100.0,100.0,64.0,100.0,21.1,0,12,25
6132,10010.0,0,0,3.8,0.0,100.0,100.0,20.0,100.0,19.0,0,10,25
6133,10011.0,0,0,4.9,0.2,100.0,95.0,87.0,100.0,24.0,0,14,25
6134,10009.0,0,0,3.4,0.0,100.0,100.0,0.0,100.0,19.4,0,9,25
6135,10038.0,1,0,4.0,0.0,1.0,0.0,0.0,3.0,10.5,1,1,25
6136,10065.0,0,0,7.3,1.3,100.0,86.0,76.0,93.0,28.1,0,17,25
6137,10037.0,0,0,3.9,0.0,100.0,100.0,64.0,100.0,21.1,0,12,25
6138,10016.0,0,0,6.8,0.8,98.0,30.0,70.0,98.0,27.1,0,16,25
6139,10019.0,0,0,8.3,3.4,100.0,100.0,100.0,100.0,24.1,0,19,25
6140,10007.0,0,0,8.3,3.4,100.0,100.0,100.0,100.0,24.1,0,19,25
6141,10009.0,1,0,3.8,0.0,100.0,100.0,40.0,98.0,20.9,1,11,25
6142,10002.0,0,0,9.3,7.2,100.0,100.0,73.0,88.0,10.9,0,21,25
6143,10019.0,0,0,3.9,0.0,100.0,100.0,64.0,100.0,21.1,0,12,25
6144,10011.0,0,0,8.3,3.4,100.0,100.0,100.0,100.0,24.1,0,19,25
6145,10019.0,0,0,8.7,0.2,99.0,100.0,9.0,12.0,1.1,0,23,25
6146,10016.0,0,0,6.8,0.8,98.0,30.0,70.0,98.0,27.1,0,16,25
6147,10009.0,0,0,3.8,0.0,100.0,100.0,40.0,98.0,20.9,0,11,25
6148,10027.0,0,0,4.9,0.2,100.0,95.0,87.0,100.0,24.0,0,14,25
6149,10032.0,0,0,6.0,0.5,100.0,72.0,59.0,100.0,26.2,0,15,25
6150,10010.0,0,0,9.3,7.2,100.0,100.0,73.0,88.0,10.9,0,21,25
6151,10034.0,0,0,4.9,0.2,100.0,95.0,87.0,100.0,24.0,0,14,25
6152,10002.0,0,0,9.0,7.2,100.0,100.0,100.0,100.0,16.5,0,20,25
6153,10019.0,0,0,8.5,2.7,100.0,100.0,44.0,49.0,6.1,0,22,25
6154,10022.0,1,0,4.7,0.0,14.0,0.0,0.0,46.0,9.8,1,0,25
6155,10017.0,0,0,8.7,0.2,99.0,100.0,9.0,12.0,1.1,0,23,25
6156,10009.0,0,0,3.4,0.0,42.0,11.0,4.0,100.0,17.0,0,7,25
6157,10036.0,0,0,6.8,0.8,98.0,30.0,70.0,98.0,27.1,0,16,25
6158,10013.0,0,0,6.3,0.0,55.0,0.0,50.0,83.0,9.0,0,22,24
6159,10018.0,0,0,1.3,0.0,5.0,0.0,0.0,17.0,4.5,0,14,24
6160,10040.0,1,0,8.3,0.0,29.0,0.0,0.0,97.0,9.4,1,20,24
6161,10028.0,0,0,6.3,0.0,55.0,0.0,50.0,83.0,9.0,0,22,24
6162,10027.0,0,0,5.9,0.0,30.0,0.0,0.0,99.0,6.9,0,17,24
6163,10012.0,0,0,5.4,0.0,59.0,0.0,60.0,75.0,8.0,0,23,24
6164,10065.0,0,0,-0.8,0.0,0.0,0.0,0.0,0.0,4.6,0,12,24
6165,10022.0,0,0,7.0,0.0,30.0,0.0,0.0,100.0,8.4,0,18,24
6166,10002.0,0,0,5.1,0.0,14.0,0.0,0.0,45.0,6.8,0,16,24
6167,10013.0,0,0,1.0,0.0,44.0,0.0,26.0,94.0,3.1,0,8,24
6168,10013.0,0,0,1.0,0.0,44.0,0.0,26.0,94.0,3.1,0,8,24
6169,10020.0,0,0,-1.3,0.0,26.0,1.0,0.0,84.0,4.3,0,11,24
6170,10021.0,0,0,1.3,0.0,5.0,0.0,0.0,17.0,4.5,0,14,24
6171,10034.0,0,0,3.4,0.0,34.0,0.0,7.0,100.0,7.3,0,1,24
6172,10011.0,0,0,1.0,0.0,44.0,0.0,26.0,94.0,3.1,0,8,24
6173,10016.0,0,0,4.0,0.0,3.0,0.0,0.0,10.0,4.9,0,15,24
6174,10012.0,0,0,3.9,0.0,30.0,0.0,0.0,100.0,6.9,0,0,24
6175,10019.0,0,0,-1.0,0.0,10.0,0.0,0.0,33.0,4.8,0,13,24
6176,10022.0,0,0,5.1,0.0,14.0,0.0,0.0,45.0,6.8,0,16,24
6177,10019.0,0,0,6.3,0.0,55.0,0.0,50.0,83.0,9.0,0,22,24
6178,10021.0,1,0,-1.3,0.0,26.0,1.0,0.0,84.0,4.3,1,11,24
6179,10003.0,0,0,6.3,0.0,55.0,0.0,50.0,83.0,9.0,0,22,24
6180,10024.0,0,0,2.0,0.0,56.0,0.0,44.0,100.0,4.6,0,6,24
6181,10009.0,0,0,1.0,0.0,44.0,0.0,26.0,94.0,3.1,0,8,24
6182,10026.0,0,0,5.1,0.0,14.0,0.0,0.0,45.0,6.8,0,16,24
6183,10017.0,0,0,5.1,0.0,14.0,0.0,0.0,45.0,6.8,0,16,24
6184,10002.0,0,0,2.7,0.0,34.0,0.0,6.0,100.0,8.7,0,2,24
6185,10021.0,0,0,4.0,0.0,3.0,0.0,0.0,10.0,4.9,0,15,24
6186,10017.0,2,0,5.9,0.0,30.0,0.0,0.0,99.0,6.9,1,17,24
6187,10123.0,0,0,3.9,0.0,30.0,0.0,0.0,100.0,6.9,0,0,24
6188,10017.0,0,0,2.0,0.0,56.0,0.0,44.0,100.0,4.6,0,6,24
6189,10002.0,1,0,-1.0,0.0,10.0,0.0,0.0,33.0,4.8,1,13,24
6190,10016.0,0,0,1.3,0.0,5.0,0.0,0.0,17.0,4.5,0,14,24
6191,10011.0,1,0,0.4,0.0,8.0,1.0,0.0,25.0,3.6,1,9,24
6192,10011.0,0,0,7.6,0.0,25.0,0.0,4.0,76.0,7.6,0,21,24
6193,10024.0,1,0,1.0,0.0,44.0,0.0,26.0,94.0,3.1,1,8,24
6194,10013.0,0,0,1.3,0.0,5.0,0.0,0.0,17.0,4.5,0,14,24
6195,10019.0,0,0,1.0,0.0,44.0,0.0,26.0,94.0,3.1,0,8,24
6196,10026.0,0,0,5.4,0.0,59.0,0.0,60.0,75.0,8.0,0,23,24
6197,10032.0,0,0,1.0,0.0,44.0,0.0,26.0,94.0,3.1,0,8,24
6198,10016.0,0,0,6.3,0.0,55.0,0.0,50.0,83.0,9.0,0,22,24
6199,10035.0,0,0,5.9,0.0,30.0,0.0,0.0,99.0,6.9,0,17,24
6200,10007.0,0,0,-1.3,0.0,13.0,0.0,0.0,42.0,4.7,0,10,24
6201,10003.0,0,0,-1.3,0.0,26.0,1.0,0.0,84.0,4.3,0,11,24
6202,10021.0,0,0,2.0,0.0,56.0,0.0,44.0,100.0,4.6,0,6,24
6203,10002.0,0,0,8.3,0.0,29.0,0.0,0.0,97.0,9.4,0,20,24
6204,10013.0,0,0,7.0,0.0,30.0,0.0,0.0,100.0,8.4,0,18,24
6205,10013.0,0,0,-0.8,0.0,0.0,0.0,0.0,0.0,4.6,0,12,24
6206,10039.0,0,0,0.4,0.0,8.0,1.0,0.0,25.0,3.6,0,9,24
6207,10022.0,0,0,-1.0,0.0,10.0,0.0,0.0,33.0,4.8,0,13,24
6208,10001.0,1,0,5.1,0.0,14.0,0.0,0.0,45.0,6.8,1,16,24
6209,10019.0,1,0,-0.8,0.0,0.0,0.0,0.0,0.0,4.6,1,12,24
6210,10028.0,0,0,4.0,0.0,3.0,0.0,0.0,10.0,4.9,0,15,24
6211,10016.0,0,0,-3.6,0.0,28.0,0.0,0.0,93.0,6.4,0,11,23
6212,10035.0,0,0,-1.0,0.0,14.0,0.0,0.0,47.0,7.9,0,3,23
6213,10040.0,0,0,5.5,0.0,30.0,0.0,0.0,100.0,6.3,0,22,23
6214,10029.0,1,0,-3.3,0.0,26.0,0.0,0.0,86.0,7.2,1,12,23
6215,10011.0,0,0,-1.8,0.0,21.0,0.0,0.0,69.0,6.3,0,8,23
6216,10001.0,0,0,-1.6,0.0,29.0,0.0,0.0,98.0,4.9,0,14,23
6217,10033.0,0,0,2.4,0.0,30.0,0.0,0.0,100.0,5.8,0,16,23
6218,10030.0,0,0,1.2,0.0,30.0,0.0,0.0,99.0,5.3,0,15,23
6219,10016.0,1,0,-1.3,0.0,29.0,0.0,0.0,98.0,7.2,1,5,23
6220,10023.0,0,0,-3.3,0.0,26.0,0.0,0.0,86.0,7.2,0,12,23
6221,10075.0,0,0,-1.6,0.0,29.0,0.0,0.0,98.0,4.9,0,14,23
6222,10016.0,0,0,4.4,0.0,30.0,0.0,0.0,100.0,2.7,0,19,23
6223,10013.0,0,0,-2.6,0.0,21.0,0.0,0.0,71.0,7.4,0,9,23
6224,10021.0,0,0,-2.6,0.0,21.0,0.0,0.0,71.0,7.4,0,9,23
6225,10030.0,0,0,-3.6,0.0,28.0,0.0,0.0,93.0,6.4,0,11,23
6226,10013.0,1,0,-1.3,0.0,29.0,0.0,0.0,98.0,7.2,1,5,23
6227,10013.0,0,0,-3.6,0.0,28.0,0.0,0.0,93.0,6.4,0,11,23
6228,10029.0,0,0,5.5,0.0,30.0,0.0,0.0,100.0,6.3,0,22,23
6229,10036.0,1,0,-1.6,0.0,29.0,0.0,0.0,98.0,4.9,1,14,23
6230,10023.0,0,0,-3.3,0.0,26.0,0.0,0.0,86.0,7.2,0,12,23
6231,10029.0,0,0,-3.6,0.0,27.0,0.0,0.0,91.0,5.8,0,10,23
6232,10028.0,0,0,4.4,0.0,30.0,0.0,0.0,100.0,2.7,0,19,23
6233,10065.0,0,0,3.5,0.0,30.0,0.0,0.0,100.0,5.7,0,17,23
6234,10003.0,0,0,-3.6,0.0,27.0,0.0,0.0,91.0,5.8,0,10,23
6235,10016.0,1,0,0.6,0.0,0.0,0.0,0.0,0.0,6.4,1,0,23
6236,10036.0,1,0,-3.6,0.0,28.0,0.0,0.0,93.0,6.4,1,11,23
6237,10026.0,0,0,-1.6,0.0,29.0,0.0,0.0,96.0,6.2,0,7,23
6238,10011.0,0,0,-3.6,0.0,27.0,0.0,0.0,91.0,5.8,0,10,23
6239,10013.0,0,0,5.9,0.0,30.0,0.0,0.0,100.0,4.0,0,20,23
6240,10027.0,0,0,-3.3,0.0,28.0,0.0,0.0,93.0,6.6,0,13,23
6241,10022.0,0,0,-1.8,0.0,21.0,0.0,0.0,69.0,6.3,0,8,23
6242,10022.0,0,0,-2.6,0.0,21.0,0.0,0.0,71.0,7.4,0,9,23
6243,10019.0,1,0,3.5,0.0,30.0,0.0,0.0,100.0,5.7,1,17,23
6244,10034.0,1,0,-1.8,0.0,21.0,0.0,0.0,69.0,6.3,1,8,23
6245,10033.0,0,0,-3.3,0.0,28.0,0.0,0.0,93.0,6.6,0,13,23
6246,10013.0,0,0,-3.3,0.0,28.0,0.0,0.0,93.0,6.6,0,13,23
6247,10002.0,0,0,4.4,0.0,30.0,0.0,0.0,100.0,2.7,0,19,23
6248,10020.0,0,0,2.4,0.0,30.0,0.0,0.0,100.0,5.8,0,16,23
6249,10019.0,0,0,-3.6,0.0,28.0,0.0,0.0,93.0,6.4,0,11,23
6250,10032.0,0,0,-1.8,0.0,21.0,0.0,0.0,69.0,6.3,0,8,23
6251,10022.0,0,0,2.4,0.0,30.0,0.0,0.0,100.0,5.8,0,16,23
6252,10011.0,1,0,0.0,0.0,0.0,0.0,0.0,0.0,8.2,1,1,23
6253,10065.0,1,0,0.6,0.0,0.0,0.0,0.0,0.0,6.4,1,0,23
6254,10036.0,2,0,2.4,0.0,30.0,0.0,0.0,100.0,5.8,1,16,23
6255,10022.0,0,0,-3.6,0.0,28.0,0.0,0.0,93.0,6.4,0,11,23
6256,10016.0,0,0,-1.6,0.0,29.0,0.0,0.0,98.0,4.9,0,14,23
6257,10035.0,0,0,-1.6,0.0,29.0,0.0,0.0,96.0,6.2,0,7,23
6258,10002.0,0,0,4.4,0.0,30.0,0.0,0.0,100.0,2.7,0,19,23
6259,10128.0,0,0,-1.6,0.0,29.0,0.0,0.0,98.0,4.9,0,14,23
6260,10019.0,2,0,4.5,0.0,30.0,0.0,0.0,100.0,8.1,1,23,23
6261,10035.0,0,0,-0.4,0.0,0.0,0.0,0.0,0.0,8.3,0,2,23
6262,10012.0,0,0,4.4,0.0,30.0,0.0,0.0,100.0,2.7,0,19,23
6263,10022.0,0,0,-2.6,0.0,21.0,0.0,0.0,71.0,7.4,0,9,23
6264,10020.0,0,0,-3.6,0.0,27.0,0.0,0.0,91.0,5.8,0,10,23
6265,10024.0,1,0,-3.3,0.0,28.0,0.0,0.0,93.0,6.6,1,13,23
6266,10028.0,0,0,3.5,0.0,30.0,0.0,0.0,100.0,5.7,0,17,23
6267,10025.0,1,0,3.5,0.0,30.0,0.0,0.0,100.0,5.7,1,17,23
6268,10128.0,1,0,-1.5,0.0,30.0,0.0,0.0,100.0,6.5,1,6,23
6269,10027.0,0,0,5.9,0.0,30.0,0.0,0.0,100.0,4.0,0,20,23
6270,10002.0,0,0,-3.3,0.0,28.0,0.0,0.0,93.0,6.6,0,13,23
6271,10035.0,1,0,-1.6,0.0,29.0,0.0,0.0,98.0,4.9,1,14,23
6272,10029.0,1,0,3.5,0.0,30.0,0.0,0.0,100.0,5.7,1,17,23
6273,10035.0,0,0,6.1,0.0,30.0,0.0,0.0,100.0,5.8,0,21,23
6274,10034.0,0,0,-2.6,0.0,21.0,0.0,0.0,71.0,7.4,0,9,23
6275,10035.0,0,0,1.2,0.0,30.0,0.0,0.0,99.0,5.3,0,15,23
6276,10034.0,0,0,-3.6,0.0,27.0,0.0,0.0,91.0,5.8,0,10,23
6277,10030.0,0,0,-3.3,0.0,26.0,0.0,0.0,86.0,7.2,0,12,23
6278,10021.0,0,0,-3.3,0.0,28.0,0.0,0.0,93.0,6.6,0,13,23
6279,10012.0,0,0,-3.6,0.0,27.0,0.0,0.0,91.0,5.8,0,10,23
6280,10065.0,1,0,2.4,0.0,30.0,0.0,0.0,100.0,5.8,1,16,23
6281,10027.0,3,0,6.1,0.0,30.0,0.0,0.0,100.0,5.8,1,21,23
6282,10022.0,0,0,-4.4,0.0,0.0,0.0,0.0,0.0,4.7,0,13,22
6283,10022.0,0,0,-3.3,0.0,0.0,0.0,0.0,0.0,3.9,0,7,22
6284,10001.0,0,0,2.0,0.0,0.0,0.0,0.0,0.0,5.3,0,19,22
6285,10032.0,0,0,-1.5,0.0,24.0,0.0,0.0,80.0,7.0,0,1,22
6286,10018.0,0,0,-0.8,0.0,0.0,0.0,0.0,1.0,2.8,0,15,22
6287,10022.0,0,0,2.0,0.0,0.0,0.0,0.0,0.0,5.3,0,19,22
6288,10012.0,0,0,2.6,0.0,0.0,0.0,0.0,0.0,5.5,0,20,22
6289,10001.0,1,0,-4.8,0.0,0.0,0.0,0.0,0.0,5.0,1,10,22
6290,10027.0,0,0,-0.8,0.0,0.0,0.0,0.0,1.0,2.8,0,15,22
6291,10001.0,1,0,-4.4,0.0,0.0,0.0,0.0,0.0,4.7,1,13,22
6292,10033.0,1,0,-3.4,0.0,0.0,0.0,0.0,0.0,3.6,1,8,22
6293,10016.0,0,0,2.4,0.0,0.0,0.0,0.0,0.0,2.1,0,22,22
6294,10023.0,1,0,2.0,0.0,0.0,0.0,0.0,0.0,5.3,1,19,22
6295,10016.0,0,0,-4.3,0.0,0.0,0.0,0.0,0.0,4.3,0,12,22
6296,10016.0,0,0,-1.5,0.0,24.0,0.0,0.0,80.0,7.0,0,1,22
6297,10014.0,0,0,-3.8,0.0,0.0,0.0,0.0,0.0,4.7,0,9,22
6298,10036.0,0,0,-3.8,0.0,0.0,0.0,0.0,0.0,4.7,0,9,22
6299,10007.0,0,0,-4.3,0.0,0.0,0.0,0.0,0.0,4.3,0,12,22
6300,10011.0,0,0,1.2,0.0,0.0,0.0,0.0,0.0,4.7,0,18,22
6301,10028.0,0,0,-3.8,0.0,0.0,0.0,0.0,0.0,4.7,0,9,22
6302,10002.0,0,0,-3.0,0.0,0.0,0.0,0.0,0.0,3.8,0,14,22
6303,10119.0,0,0,0.6,0.0,0.0,0.0,0.0,0.0,4.2,0,17,22
6304,10014.0,0,0,-4.3,0.0,0.0,0.0,0.0,0.0,4.3,0,12,22
6305,10034.0,0,0,-0.2,0.0,0.0,0.0,0.0,0.0,3.0,0,16,22
6306,10016.0,0,0,2.0,0.0,0.0,0.0,0.0,0.0,5.3,0,19,22
6307,10029.0,0,0,-1.9,0.0,20.0,0.0,5.0,56.0,6.7,0,2,22
6308,10007.0,0,0,2.0,0.0,0.0,0.0,0.0,0.0,5.3,0,19,22
6309,10029.0,0,0,-0.8,0.0,0.0,0.0,0.0,1.0,2.8,0,15,22
6310,10002.0,1,0,1.2,0.0,0.0,0.0,0.0,0.0,4.7,1,18,22
6311,10002.0,0,0,2.4,0.0,0.0,0.0,0.0,0.0,2.1,0,22,22
6312,10032.0,0,0,-4.8,0.0,0.0,0.0,0.0,0.0,5.0,0,10,22
6313,10037.0,0,0,0.6,0.0,0.0,0.0,0.0,0.0,4.2,0,17,22
6314,10019.0,0,0,-3.8,0.0,0.0,0.0,0.0,0.0,4.7,0,9,22
6315,10011.0,0,0,-0.2,0.0,0.0,0.0,0.0,0.0,3.0,0,16,22
6316,10017.0,1,0,2.6,0.0,0.0,0.0,0.0,0.0,5.5,1,20,22
6317,10003.0,0,0,1.2,0.0,0.0,0.0,0.0,0.0,4.7,0,18,22
6318,10027.0,0,0,-3.8,0.0,0.0,0.0,0.0,0.0,4.7,0,9,22
6319,10032.0,0,0,-3.8,0.0,0.0,0.0,0.0,0.0,4.7,0,9,22
6320,10024.0,0,0,-4.4,0.0,0.0,0.0,0.0,0.0,4.7,0,13,22
6321,10023.0,0,0,-0.8,0.0,0.0,0.0,0.0,1.0,2.8,0,15,22
6322,10019.0,0,0,-4.7,0.0,0.0,0.0,0.0,0.0,4.5,0,11,22
6323,10013.0,0,0,1.2,0.0,0.0,0.0,0.0,0.0,4.7,0,18,22
6324,10035.0,0,0,-3.3,0.0,0.0,0.0,0.0,0.0,6.2,0,6,22
6325,10035.0,0,0,-0.2,0.0,0.0,0.0,0.0,0.0,3.0,0,16,22
6326,10019.0,0,0,-0.2,0.0,0.0,0.0,0.0,0.0,3.0,0,16,22
6327,10010.0,0,0,-2.7,0.0,10.0,0.0,9.0,15.0,6.1,0,4,22
6328,10012.0,0,0,0.6,0.0,0.0,0.0,0.0,0.0,4.2,0,17,22
6329,10011.0,0,0,-3.4,0.0,0.0,0.0,0.0,0.0,3.6,0,8,22
6330,10037.0,2,0,1.1,0.0,0.0,0.0,0.0,0.0,2.7,1,23,22
6331,10009.0,0,0,0.6,0.0,0.0,0.0,0.0,0.0,4.2,0,17,22
6332,10009.0,0,0,-4.8,0.0,0.0,0.0,0.0,0.0,5.0,0,10,22
6333,10017.0,0,0,1.2,0.0,0.0,0.0,0.0,0.0,4.7,0,18,22
6334,10018.0,0,0,-4.3,0.0,0.0,0.0,0.0,0.0,4.3,0,12,22
6335,10002.0,0,0,-0.2,0.0,0.0,0.0,0.0,0.0,3.0,0,16,22
6336,10018.0,0,0,-4.7,0.0,0.0,0.0,0.0,0.0,4.5,0,11,22
6337,10001.0,0,0,-3.4,0.0,0.0,0.0,0.0,0.0,3.6,0,8,22
6338,10013.0,0,0,-3.4,0.0,0.0,0.0,0.0,0.0,3.6,0,8,22
6339,10035.0,0,0,-3.3,0.0,0.0,0.0,0.0,0.0,3.9,0,7,22
6340,10010.0,0,0,1.2,0.0,0.0,0.0,0.0,0.0,4.7,0,18,22
6341,10016.0,0,0,-3.8,0.0,0.0,0.0,0.0,0.0,4.7,0,9,22
6342,10065.0,0,0,2.0,0.0,0.0,0.0,0.0,0.0,5.3,0,19,22
6343,10034.0,0,0,-5.6,0.0,0.0,0.0,0.0,0.0,11.0,0,9,21
6344,10033.0,0,0,-2.1,0.0,1.0,0.0,0.0,2.0,9.0,0,16,21
6345,10009.0,0,0,-3.1,0.0,0.0,0.0,0.0,0.0,14.5,0,2,21
6346,10019.0,0,0,0.1,0.0,65.0,0.0,76.0,64.0,10.0,0,19,21
6347,10036.0,0,0,-2.6,0.0,0.0,0.0,0.0,0.0,9.5,0,15,21
6348,10013.0,0,0,-2.1,0.0,1.0,0.0,0.0,2.0,9.0,0,16,21
6349,10022.0,0,0,-4.6,0.0,0.0,0.0,0.0,0.0,9.3,0,14,21
6350,10020.0,0,0,-5.0,0.0,0.0,0.0,0.0,0.0,12.3,0,8,21
6351,10002.0,0,0,-5.6,0.0,0.0,0.0,0.0,0.0,11.0,0,9,21
6352,10035.0,0,0,-1.9,0.0,0.0,0.0,0.0,0.0,9.7,0,0,21
6353,10017.0,0,0,-0.5,0.0,30.0,0.0,32.0,35.0,9.9,0,18,21
6354,10013.0,0,0,-5.9,0.0,0.0,0.0,0.0,0.0,6.6,0,12,21
6355,10002.0,0,0,-5.6,0.0,0.0,0.0,0.0,0.0,11.0,0,9,21
6356,10036.0,1,0,0.5,0.0,42.0,0.0,61.0,17.0,10.0,1,20,21
6357,10128.0,0,0,-5.0,0.0,0.0,0.0,0.0,0.0,12.3,0,8,21
6358,10018.0,0,0,-2.6,0.0,0.0,0.0,0.0,0.0,9.5,0,15,21
6359,10014.0,0,0,-4.3,0.0,0.0,0.0,0.0,0.0,14.2,0,4,21
6360,10029.0,0,0,-5.0,0.0,0.0,0.0,0.0,0.0,12.3,0,8,21
6361,10032.0,0,0,-6.2,0.0,0.0,0.0,0.0,0.0,6.5,0,11,21
6362,10010.0,0,0,-2.6,0.0,0.0,0.0,0.0,0.0,9.5,0,15,21
6363,10016.0,0,0,-0.2,0.0,16.0,0.0,0.0,54.0,7.0,0,23,21
6364,10024.0,0,0,-1.2,0.0,3.0,0.0,0.0,10.0,8.6,0,17,21
6365,10009.0,2,0,-5.9,0.0,0.0,0.0,0.0,0.0,6.6,1,12,21
6366,10022.0,0,0,-1.2,0.0,3.0,0.0,0.0,10.0,8.6,0,17,21
6367,10023.0,0,0,-1.9,0.0,0.0,0.0,0.0,0.0,9.7,0,0,21
6368,10002.0,0,0,-5.6,0.0,0.0,0.0,0.0,0.0,11.0,0,9,21
6369,10014.0,0,0,-5.6,0.0,0.0,0.0,0.0,0.0,11.0,0,9,21
6370,10075.0,0,0,-2.6,0.0,0.0,0.0,0.0,0.0,9.5,0,15,21
6371,10032.0,0,0,-4.6,0.0,0.0,0.0,0.0,0.0,9.3,0,14,21
6372,10036.0,0,0,-6.2,0.0,0.0,0.0,0.0,0.0,6.5,0,11,21
6373,10031.0,0,0,-6.3,0.0,0.0,0.0,0.0,0.0,8.2,0,10,21
6374,10012.0,0,0,-4.6,0.0,0.0,0.0,0.0,0.0,9.3,0,14,21
6375,10033.0,0,0,-2.1,0.0,1.0,0.0,0.0,2.0,9.0,0,16,21
6376,10007.0,0,0,-2.6,0.0,0.0,0.0,0.0,0.0,9.5,0,15,21
6377,10002.0,0,0,-6.3,0.0,0.0,0.0,0.0,0.0,8.2,0,10,21
6378,10019.0,0,0,-6.3,0.0,0.0,0.0,0.0,0.0,8.2,0,10,21
6379,10010.0,0,0,-6.3,0.0,0.0,0.0,0.0,0.0,8.2,0,10,21
6380,10022.0,0,0,-5.0,0.0,0.0,0.0,0.0,0.0,12.3,0,8,21
6381,10018.0,0,0,-1.2,0.0,3.0,0.0,0.0,10.0,8.6,0,17,21
6382,10001.0,0,0,-2.6,0.0,0.0,0.0,0.0,0.0,9.5,0,15,21
6383,10029.0,1,0,-0.5,0.0,30.0,0.0,32.0,35.0,9.9,1,18,21
6384,10022.0,1,0,-0.2,0.0,16.0,0.0,0.0,54.0,7.0,1,23,21
6385,10017.0,0,0,-2.6,0.0,0.0,0.0,0.0,0.0,9.5,0,15,21
6386,10010.0,2,0,0.1,0.0,65.0,0.0,76.0,64.0,10.0,1,19,21
6387,10128.0,0,0,-5.0,0.0,0.0,0.0,0.0,0.0,12.3,0,8,21
6388,10021.0,0,0,-1.2,0.0,3.0,0.0,0.0,10.0,8.6,0,17,21
6389,10001.0,1,0,0.8,0.0,21.0,0.0,30.0,11.0,7.2,1,21,21
6390,10023.0,0,0,-4.6,0.0,0.0,0.0,0.0,0.0,9.3,0,14,21
6391,10035.0,1,0,-5.0,0.0,0.0,0.0,0.0,0.0,12.3,1,8,21
6392,10033.0,0,0,-2.1,0.0,1.0,0.0,0.0,2.0,9.0,0,16,21
6393,10027.0,0,0,-6.3,0.0,0.0,0.0,0.0,0.0,8.2,0,10,21
6394,10041.0,0,0,-2.1,0.0,1.0,0.0,0.0,2.0,9.0,0,16,21
6395,10010.0,1,0,0.1,0.0,65.0,0.0,76.0,64.0,10.0,1,19,21
6396,10027.0,0,0,-4.6,0.0,0.0,0.0,0.0,0.0,9.3,0,14,21
6397,10013.0,0,0,-2.5,0.0,0.0,0.0,0.0,0.0,11.9,0,1,21
6398,10022.0,0,0,-5.6,0.0,0.0,0.0,0.0,0.0,11.0,0,9,21
6399,10025.0,0,0,0.1,0.0,65.0,0.0,76.0,64.0,10.0,0,19,21
6400,10035.0,0,0,-2.1,0.0,1.0,0.0,0.0,2.0,9.0,0,16,21
6401,10016.0,0,0,-6.2,0.0,0.0,0.0,0.0,0.0,6.5,0,11,21
6402,10003.0,0,0,-5.9,0.0,0.0,0.0,0.0,0.0,6.6,0,12,21
6403,10003.0,0,0,-4.6,0.0,0.0,0.0,0.0,0.0,9.3,0,14,21
6404,10011.0,0,0,-5.6,0.0,0.0,0.0,0.0,0.0,11.0,0,9,21
6405,10035.0,1,0,-0.5,0.0,30.0,0.0,32.0,35.0,9.9,1,18,21
6406,10016.0,0,0,-6.3,0.0,0.0,0.0,0.0,0.0,8.2,0,10,21
6407,10128.0,0,0,-6.3,0.0,0.0,0.0,0.0,0.0,8.2,0,10,21
6408,10016.0,0,0,-2.1,0.0,1.0,0.0,0.0,2.0,9.0,0,16,21
6409,10038.0,1,0,0.8,0.0,21.0,0.0,30.0,11.0,7.2,1,21,21
6410,10002.0,0,0,-1.9,0.0,0.0,0.0,0.0,0.0,9.7,0,0,21
6411,10007.0,0,0,-2.6,0.0,0.0,0.0,0.0,0.0,9.5,0,15,21
6412,10021.0,0,0,-5.9,0.0,0.0,0.0,0.0,0.0,6.6,0,12,21
6413,10025.0,0,0,-6.2,0.0,0.0,0.0,0.0,0.0,6.5,0,11,21
6414,10027.0,0,0,-6.3,0.0,0.0,0.0,0.0,0.0,8.2,0,10,21
6415,10002.0,0,0,-5.6,0.0,0.0,0.0,0.0,0.0,11.0,0,9,21
6416,10030.0,0,0,-1.2,0.0,3.0,0.0,0.0,10.0,8.6,0,17,21
6417,10035.0,0,0,-5.1,0.0,0.0,0.0,0.0,0.0,14.4,0,6,21
6418,10011.0,0,0,-6.3,0.0,0.0,0.0,0.0,0.0,8.2,0,10,21
6419,10128.0,0,0,-5.8,0.0,0.0,0.0,0.0,0.0,8.4,0,13,21
6420,10029.0,0,0,-4.6,0.0,0.0,0.0,0.0,0.0,9.3,0,14,21
6421,10036.0,0,0,0.5,0.0,8.0,0.0,0.0,26.0,6.5,0,22,21
6422,10035.0,0,0,-5.0,0.0,0.0,0.0,0.0,0.0,12.3,0,8,21
6423,10001.0,0,0,-0.5,0.0,30.0,0.0,32.0,35.0,9.9,0,18,21
6424,10034.0,0,0,-5.9,0.0,0.0,0.0,0.0,0.0,6.6,0,12,21
6425,10002.0,1,0,0.5,0.0,42.0,0.0,61.0,17.0,10.0,1,20,21
6426,10021.0,0,0,-2.6,0.0,0.0,0.0,0.0,0.0,9.5,0,15,21
6427,10013.0,0,0,-1.2,0.0,3.0,0.0,0.0,10.0,8.6,0,17,21
6428,10016.0,0,0,-5.9,0.0,0.0,0.0,0.0,0.0,6.6,0,12,21
6429,10010.0,0,0,-5.0,0.0,0.0,0.0,0.0,0.0,12.3,0,8,21
6430,10009.0,0,0,-5.0,0.0,0.0,0.0,0.0,0.0,12.3,0,8,21
6431,10033.0,0,0,-2.1,0.0,1.0,0.0,0.0,2.0,9.0,0,16,21
6432,10035.0,0,0,-4.6,0.0,0.0,0.0,0.0,0.0,9.3,0,14,21
6433,10019.0,0,0,-6.2,0.0,0.0,0.0,0.0,0.0,6.5,0,11,21
6434,10028.0,0,0,-1.2,0.0,3.0,0.0,0.0,10.0,8.6,0,17,21
6435,10075.0,0,0,-5.1,0.0,0.0,0.0,0.0,0.0,21.6,0,12,20
6436,10065.0,0,0,-5.2,0.0,67.0,74.0,0.0,0.0,21.7,0,11,20
6437,10013.0,0,0,-3.2,0.0,0.0,0.0,0.0,0.0,18.9,0,15,20
6438,10024.0,1,0,-5.1,0.0,0.0,0.0,0.0,0.0,19.1,1,13,20
6439,10017.0,0,0,-5.1,0.0,0.0,0.0,0.0,0.0,19.1,0,13,20
6440,10037.0,0,0,-3.2,0.0,0.0,0.0,0.0,0.0,18.9,0,15,20
6441,10018.0,0,0,-5.2,0.0,67.0,74.0,0.0,0.0,21.7,0,11,20
6442,10075.0,0,0,-3.2,0.0,0.0,0.0,0.0,0.0,18.9,0,15,20
6443,10028.0,0,0,-5.2,0.0,67.0,74.0,0.0,0.0,21.7,0,11,20
6444,10009.0,0,0,-5.1,0.0,0.0,0.0,0.0,0.0,19.1,0,13,20
6445,10033.0,1,0,1.3,0.0,69.0,77.0,0.0,0.0,15.9,1,1,20
6446,10019.0,0,0,1.3,0.0,69.0,77.0,0.0,0.0,15.9,0,1,20
6447,10023.0,0,0,-3.2,0.0,0.0,0.0,0.0,0.0,18.9,0,15,20
6448,10028.0,0,0,-0.2,0.0,0.0,0.0,0.0,0.0,17.1,0,20,20
6449,10000.0,2,0,-1.0,0.0,0.0,0.0,0.0,0.0,18.9,1,18,20
6450,10019.0,0,0,1.3,0.0,69.0,77.0,0.0,0.0,15.9,0,1,20
6451,10003.0,0,0,-0.6,0.0,0.0,0.0,0.0,0.0,18.2,0,19,20
6452,10007.0,0,0,-1.6,0.0,0.0,0.0,0.0,0.0,19.3,0,17,20
6453,10002.0,0,0,-1.6,0.0,0.0,0.0,0.0,0.0,19.3,0,17,20
6454,10065.0,0,0,-2.4,0.0,0.0,0.0,0.0,0.0,19.0,0,16,20
6455,10036.0,0,0,-1.6,0.0,0.0,0.0,0.0,0.0,19.3,0,17,20
6456,10012.0,0,0,-5.1,0.0,0.0,0.0,0.0,0.0,21.6,0,12,20
6457,10035.0,0,0,-3.2,0.0,0.0,0.0,0.0,0.0,18.9,0,15,20
6458,10016.0,0,0,-5.1,0.0,0.0,0.0,0.0,0.0,21.6,0,12,20
6459,10002.0,0,0,-5.2,0.0,83.0,92.0,0.0,0.0,20.5,0,10,20
6460,10002.0,0,0,-3.2,0.0,0.0,0.0,0.0,0.0,18.9,0,15,20
6461,10013.0,0,0,-2.4,0.0,0.0,0.0,0.0,0.0,19.0,0,16,20
6462,10065.0,0,0,-5.1,0.0,0.0,0.0,0.0,0.0,19.1,0,13,20
6463,10023.0,0,0,-2.4,0.0,0.0,0.0,0.0,0.0,19.0,0,16,20
6464,10014.0,0,0,-3.2,0.0,0.0,0.0,0.0,0.0,18.9,0,15,20
6465,10003.0,0,0,-5.1,0.0,0.0,0.0,0.0,0.0,19.1,0,13,20
6466,10019.0,0,0,-5.2,0.0,83.0,92.0,0.0,0.0,20.5,0,10,20
6467,10023.0,0,0,-4.4,0.0,0.0,0.0,0.0,0.0,20.0,0,9,20
6468,10002.0,0,0,-3.4,0.0,0.0,0.0,0.0,0.0,21.1,0,8,20
6469,10010.0,0,0,-1.6,0.0,0.0,0.0,0.0,0.0,7.6,0,23,20
6470,10001.0,0,0,-1.1,0.0,84.0,93.0,0.0,0.0,21.9,0,5,20
6471,10065.0,0,0,-0.2,0.0,0.0,0.0,0.0,0.0,17.1,0,20,20
6472,10033.0,0,0,-2.8,0.0,1.0,1.0,0.0,0.0,22.0,0,7,20
6473,10001.0,0,0,-0.2,0.0,89.0,99.0,0.0,0.0,18.8,0,4,20
6474,10019.0,0,0,-0.1,0.0,0.0,0.0,0.0,0.0,14.8,0,21,20
6475,10024.0,0,0,-1.1,0.0,0.0,0.0,0.0,0.0,8.7,0,22,20
6476,10011.0,0,0,-3.4,0.0,0.0,0.0,0.0,0.0,21.1,0,8,20
6477,10034.0,0,0,-2.3,0.0,38.0,42.0,0.0,0.0,22.8,0,6,20
6478,10021.0,0,0,-4.4,0.0,0.0,0.0,0.0,0.0,20.0,0,9,20
6479,10022.0,0,0,5.5,0.0,100.0,94.0,96.0,0.0,16.8,0,19,19
6480,10034.0,0,0,5.0,0.0,5.0,3.0,3.0,0.0,16.9,0,16,19
6481,10022.0,0,0,-0.8,2.4,100.0,100.0,100.0,100.0,14.8,0,0,19
6482,10027.0,0,0,3.3,0.0,100.0,67.0,91.0,0.0,16.1,0,22,19
6483,10011.0,0,0,-0.7,2.1,100.0,100.0,100.0,29.0,14.8,0,1,19
6484,10036.0,0,0,5.7,0.0,100.0,95.0,77.0,0.0,17.3,0,18,19
6485,10038.0,0,0,5.1,0.0,100.0,93.0,99.0,0.0,16.2,0,20,19
6486,10019.0,0,0,2.5,0.0,44.0,44.0,8.0,0.0,15.2,0,23,19
6487,10022.0,0,0,5.7,0.0,62.0,54.0,22.0,0.0,19.1,0,17,19
6488,10016.0,0,0,5.0,0.0,5.0,3.0,3.0,0.0,16.9,0,16,19
6489,10019.0,0,0,2.4,0.0,63.0,35.0,53.0,0.0,17.8,0,11,19
6490,10016.0,0,0,5.5,0.0,100.0,94.0,96.0,0.0,16.8,0,19,19
6491,10029.0,0,0,3.3,0.0,100.0,67.0,91.0,0.0,16.1,0,22,19
6492,10002.0,0,0,1.3,0.0,91.0,100.0,2.0,0.0,18.9,0,4,19
6493,10014.0,0,0,-0.7,2.1,100.0,100.0,100.0,29.0,14.8,0,1,19
6494,10002.0,0,0,2.7,0.4,100.0,99.0,94.0,44.0,15.6,0,9,19
6495,10024.0,0,0,-0.8,2.4,100.0,100.0,100.0,100.0,14.8,0,0,19
6496,10036.0,0,0,-0.7,2.1,100.0,100.0,100.0,29.0,14.8,0,1,19
6497,10001.0,0,0,5.7,0.0,62.0,54.0,22.0,0.0,19.1,0,17,19
6498,10016.0,0,0,2.3,0.0,100.0,100.0,13.0,85.0,16.3,0,7,19
6499,10029.0,0,0,3.6,0.0,32.0,35.0,0.0,0.0,16.8,0,14,19
6500,10014.0,0,0,5.7,0.0,62.0,54.0,22.0,0.0,19.1,0,17,19
6501,10029.0,1,0,2.4,0.0,63.0,35.0,53.0,0.0,17.8,1,11,19
6502,10009.0,0,0,-0.7,2.1,100.0,100.0,100.0,29.0,14.8,0,1,19
6503,10035.0,4,0,4.3,0.0,100.0,88.0,99.0,0.0,16.5,1,21,19
6504,10028.0,0,0,2.2,0.0,14.0,16.0,0.0,0.0,17.7,0,13,19
6505,10028.0,0,0,2.4,0.0,63.0,35.0,53.0,0.0,17.8,0,11,19
6506,10013.0,0,0,5.5,0.0,100.0,94.0,96.0,0.0,16.8,0,19,19
6507,10001.0,1,0,5.5,0.0,100.0,94.0,96.0,0.0,16.8,1,19,19
6508,10003.0,0,0,2.1,0.0,40.0,39.0,8.0,0.0,17.8,0,12,19
6509,10040.0,0,0,2.5,0.2,100.0,100.0,71.0,80.0,13.4,0,8,19
6510,10017.0,0,0,4.6,0.0,21.0,23.0,0.0,0.0,15.4,0,15,19
6511,10018.0,0,0,3.6,0.0,32.0,35.0,0.0,0.0,16.8,0,14,19
6512,10021.0,0,0,5.1,0.0,100.0,93.0,99.0,0.0,16.2,0,20,19
6513,10013.0,0,0,2.3,0.0,100.0,100.0,13.0,85.0,16.3,0,7,19
6514,10033.0,1,0,5.7,0.0,100.0,95.0,77.0,0.0,17.3,1,18,19
6515,10001.0,1,0,5.1,0.0,100.0,93.0,99.0,0.0,16.2,1,20,19
6516,10007.0,0,0,2.3,0.0,100.0,100.0,13.0,85.0,16.3,0,7,19
6517,10024.0,0,0,2.7,0.4,100.0,99.0,94.0,44.0,15.6,0,9,19
6518,10018.0,0,0,2.7,0.4,100.0,99.0,94.0,44.0,15.6,0,9,19
6519,10019.0,0,0,2.4,0.0,63.0,35.0,53.0,0.0,17.8,0,11,19
6520,10031.0,0,0,2.2,0.0,14.0,16.0,0.0,0.0,17.7,0,13,19
6521,10036.0,0,0,-3.8,0.0,89.0,0.0,99.0,100.0,13.6,0,17,18
6522,10002.0,0,0,-4.2,0.0,30.0,0.0,0.0,100.0,15.3,0,2,18
6523,10016.0,0,0,-5.1,0.0,88.0,0.0,96.0,100.0,7.0,0,15,18
6524,10027.0,0,0,-4.2,0.0,30.0,0.0,0.0,100.0,15.3,0,2,18
6525,10005.0,1,0,-3.8,0.3,96.0,7.0,99.0,100.0,13.4,1,20,18
6526,10002.0,0,0,-6.2,0.0,89.0,0.0,99.0,100.0,5.6,0,11,18
6527,10017.0,0,0,-6.1,0.0,84.0,0.0,91.0,99.0,1.8,0,13,18
6528,10031.0,1,0,-4.6,0.0,89.0,0.0,99.0,100.0,10.9,1,16,18
6529,10009.0,0,0,-3.8,0.0,89.0,0.0,99.0,100.0,13.6,0,17,18
6530,10002.0,0,0,-4.2,0.0,30.0,0.0,0.0,100.0,15.3,0,2,18
6531,10025.0,0,0,-6.1,0.0,84.0,0.0,91.0,99.0,1.8,0,13,18
6532,10023.0,0,0,-5.8,0.0,85.0,0.0,93.0,96.0,5.2,0,14,18
6533,10011.0,0,0,-5.2,0.0,30.0,0.0,0.0,100.0,12.6,0,4,18
6534,10016.0,1,0,-5.2,0.0,30.0,0.0,0.0,100.0,12.6,1,4,18
6535,10035.0,0,0,-6.1,0.0,84.0,0.0,91.0,99.0,1.8,0,13,18
6536,10023.0,0,0,-6.2,0.0,89.0,0.0,99.0,100.0,5.6,0,11,18
6537,10031.0,1,0,-6.1,0.0,84.0,0.0,91.0,99.0,1.8,1,13,18
6538,10034.0,2,0,-6.1,0.0,84.0,0.0,91.0,99.0,1.8,1,13,18
6539,10128.0,0,0,-6.1,0.0,84.0,0.0,91.0,99.0,1.8,0,13,18
6540,10002.0,1,0,-4.6,0.0,89.0,0.0,99.0,100.0,10.9,1,16,18
6541,10017.0,1,0,-6.2,0.0,31.0,0.0,1.0,100.0,7.9,1,8,18
6542,10010.0,0,0,-6.1,0.0,84.0,0.0,91.0,99.0,1.8,0,13,18
6543,10016.0,0,0,-3.6,0.0,0.0,0.0,0.0,0.0,15.0,0,1,18
6544,10016.0,0,0,-3.2,0.0,0.0,0.0,0.0,0.0,15.0,0,0,18
6545,10017.0,1,0,-5.1,0.0,88.0,0.0,96.0,100.0,7.0,1,15,18
6546,10036.0,0,0,-6.2,0.0,89.0,0.0,99.0,100.0,5.6,0,11,18
6547,10032.0,0,0,-5.4,0.0,30.0,0.0,0.0,100.0,11.8,0,5,18
6548,10128.0,0,0,-5.4,0.0,30.0,0.0,0.0,100.0,11.8,0,5,18
6549,10032.0,0,0,-3.9,0.3,91.0,2.0,100.0,98.0,13.3,0,18,18
6550,10002.0,2,0,-6.0,0.0,54.0,0.0,40.0,100.0,7.3,1,9,18
6551,10022.0,0,0,-5.2,0.0,30.0,0.0,0.0,100.0,12.6,0,4,18
6552,10012.0,0,0,-6.1,0.0,84.0,0.0,91.0,99.0,1.8,0,13,18
6553,10016.0,0,0,-6.1,0.0,84.0,0.0,91.0,99.0,1.8,0,13,18
6554,10026.0,1,0,-3.8,0.3,96.0,7.0,99.0,100.0,13.4,1,20,18
6555,10017.0,0,0,-6.0,0.0,54.0,0.0,40.0,100.0,7.3,0,9,18
6556,10001.0,0,0,-6.2,0.0,88.0,0.0,97.0,100.0,1.5,0,12,18
6557,10013.0,0,0,-5.8,0.0,85.0,0.0,93.0,96.0,5.2,0,14,18
6558,10022.0,0,0,-3.6,0.0,0.0,0.0,0.0,0.0,15.0,0,1,18
6559,10018.0,0,0,-3.2,0.5,100.0,19.0,100.0,100.0,12.8,0,21,18
6560,10022.0,0,0,-3.8,0.0,89.0,0.0,99.0,100.0,13.6,0,17,18
6561,10016.0,0,0,-4.2,0.0,30.0,0.0,0.0,100.0,15.3,0,2,18
6562,10023.0,0,0,-6.1,0.0,84.0,0.0,91.0,99.0,1.8,0,13,18
6563,10003.0,0,0,-6.1,0.0,84.0,0.0,91.0,99.0,1.8,0,13,18
6564,10065.0,0,0,-6.2,0.0,88.0,0.0,97.0,100.0,1.5,0,12,18
6565,10002.0,0,0,-6.2,0.0,88.0,0.0,97.0,100.0,1.5,0,12,18
6566,10024.0,0,0,-5.8,0.0,85.0,0.0,93.0,96.0,5.2,0,14,18
6567,10026.0,0,0,-6.1,0.0,84.0,0.0,91.0,99.0,1.8,0,13,18
6568,10016.0,0,0,-6.1,0.0,84.0,0.0,91.0,99.0,1.8,0,13,18
6569,10005.0,0,0,-5.8,0.0,85.0,0.0,93.0,96.0,5.2,0,14,18
6570,10002.0,0,0,-4.2,0.3,95.0,6.0,100.0,100.0,11.2,0,19,18
6571,10027.0,1,0,-6.1,0.0,83.0,0.0,89.0,100.0,7.2,1,10,18
6572,10003.0,0,0,-5.4,0.0,30.0,0.0,0.0,100.0,11.8,0,5,18
6573,10021.0,0,0,-4.2,0.0,30.0,0.0,0.0,100.0,15.3,0,2,18
6574,10027.0,0,0,-3.9,0.3,91.0,2.0,100.0,98.0,13.3,0,18,18
6575,10013.0,0,0,-2.0,1.0,100.0,46.0,100.0,100.0,11.6,0,22,18
6576,10032.0,0,0,-6.1,0.0,84.0,0.0,91.0,99.0,1.8,0,13,18
6577,10010.0,0,0,-6.1,0.0,84.0,0.0,91.0,99.0,1.8,0,13,18
6578,10034.0,0,0,-6.1,0.0,84.0,0.0,91.0,99.0,1.8,0,13,18
6579,10016.0,0,0,-1.8,0.0,0.0,0.0,0.0,0.0,20.9,0,18,17
6580,10027.0,0,0,-2.9,0.0,0.0,0.0,0.0,0.0,23.9,0,16,17
6581,10011.0,0,0,-1.5,0.0,7.0,8.0,0.0,0.0,28.4,0,9,17
6582,10013.0,0,0,-3.9,0.0,0.0,0.0,0.0,0.0,27.6,0,12,17
6583,10018.0,0,0,-4.2,0.0,0.0,0.0,0.0,0.0,26.6,0,13,17
6584,10021.0,1,0,-0.5,0.0,12.0,13.0,0.0,0.0,27.8,1,8,17
6585,10012.0,1,0,-4.2,0.0,0.0,0.0,0.0,0.0,26.6,1,13,17
6586,10027.0,1,0,-2.2,0.0,0.0,0.0,0.0,0.0,22.7,1,17,17
6587,10017.0,0,0,-1.5,0.0,7.0,8.0,0.0,0.0,28.4,0,9,17
6588,10030.0,0,0,-2.9,0.0,0.0,0.0,0.0,0.0,23.9,0,16,17
6589,10002.0,0,0,0.9,0.0,0.0,0.0,0.0,0.0,27.3,0,6,17
6590,10028.0,0,0,-4.1,0.0,1.0,1.0,0.0,0.0,26.7,0,14,17
6591,10032.0,0,0,-4.2,0.0,0.0,0.0,0.0,0.0,26.6,0,13,17
6592,10016.0,0,0,0.3,0.0,2.0,2.0,0.0,0.0,27.8,0,7,17
6593,10013.0,0,0,-4.1,0.0,1.0,1.0,0.0,0.0,26.7,0,14,17
6594,10016.0,0,0,-4.1,0.0,1.0,1.0,0.0,0.0,26.7,0,14,17
6595,10014.0,1,0,-1.5,0.0,0.0,0.0,0.0,0.0,18.9,1,19,17
6596,10007.0,0,0,-1.8,0.0,0.0,0.0,0.0,0.0,20.9,0,18,17
6597,10016.0,0,0,-3.4,0.0,0.0,0.0,0.0,0.0,25.8,0,15,17
6598,10010.0,1,0,3.5,0.0,0.0,0.0,0.0,0.0,23.5,1,1,17
6599,10027.0,3,0,-1.3,0.0,0.0,0.0,0.0,0.0,16.9,1,21,17
6600,10036.0,0,0,-3.4,0.0,0.0,0.0,0.0,0.0,25.8,0,15,17
6601,10018.0,0,0,-1.5,0.0,7.0,8.0,0.0,0.0,28.4,0,9,17
6602,10065.0,0,0,-3.4,0.0,0.0,0.0,0.0,0.0,25.8,0,15,17
6603,10036.0,0,0,4.0,0.0,4.0,0.0,7.0,0.0,23.3,0,0,17
6604,10029.0,0,0,-4.1,0.0,1.0,1.0,0.0,0.0,26.7,0,14,17
6605,10013.0,0,0,-2.7,0.0,0.0,0.0,0.0,0.0,14.3,0,23,17
6606,10016.0,0,0,0.3,0.0,2.0,2.0,0.0,0.0,27.8,0,7,17
6607,10016.0,0,0,1.6,0.0,14.0,16.0,0.0,0.0,25.5,0,5,17
6608,10001.0,0,0,-2.3,0.0,0.0,0.0,0.0,0.0,13.2,0,22,17
6609,10039.0,0,0,-3.5,0.0,4.0,4.0,0.0,0.0,28.0,0,11,17
6610,10017.0,0,0,-2.3,0.0,0.0,0.0,0.0,0.0,13.2,0,22,17
6611,10038.0,0,0,-1.5,0.0,7.0,8.0,0.0,0.0,28.4,0,9,17
6612,10065.0,1,0,-2.7,0.0,0.0,0.0,0.0,0.0,14.3,1,23,17
6613,10001.0,0,0,-1.3,0.0,0.0,0.0,0.0,0.0,16.9,0,21,17
6614,10036.0,0,0,-1.5,0.0,0.0,0.0,0.0,0.0,18.9,0,19,17
6615,10017.0,0,0,-2.2,0.0,0.0,0.0,0.0,0.0,22.7,0,17,17
6616,10028.0,0,0,-0.5,0.0,12.0,13.0,0.0,0.0,27.8,0,8,17
6617,10012.0,1,0,2.1,0.0,18.0,20.0,0.0,0.0,26.7,1,4,17
6618,10013.0,0,0,-1.8,0.0,0.0,0.0,0.0,0.0,20.9,0,18,17
6619,10016.0,0,0,-3.5,0.0,4.0,4.0,0.0,0.0,28.0,0,11,17
6620,10010.0,0,0,-1.3,0.0,0.0,0.0,0.0,0.0,16.9,0,21,17
6621,10000.0,0,0,2.1,0.0,18.0,20.0,0.0,0.0,26.7,0,4,17
6622,10032.0,0,0,-3.4,0.0,0.0,0.0,0.0,0.0,25.8,0,15,17
6623,10022.0,0,0,0.3,0.0,2.0,2.0,0.0,0.0,27.8,0,7,17
6624,10032.0,1,0,-1.2,0.0,0.0,0.0,0.0,0.0,17.7,1,20,17
6625,10027.0,0,0,-1.5,0.0,7.0,8.0,0.0,0.0,28.4,0,9,17
6626,10026.0,1,0,-2.3,0.0,0.0,0.0,0.0,0.0,13.2,1,22,17
6627,10020.0,1,0,-2.2,0.0,0.0,0.0,0.0,0.0,22.7,1,17,17
6628,10026.0,0,0,-2.2,0.0,0.0,0.0,0.0,0.0,22.7,0,17,17
6629,10018.0,0,0,-1.5,0.0,0.0,0.0,0.0,0.0,18.9,0,19,17
6630,10029.0,0,0,-1.8,0.0,0.0,0.0,0.0,0.0,20.9,0,18,17
6631,10017.0,0,0,-3.4,0.0,0.0,0.0,0.0,0.0,25.8,0,15,17
6632,10027.0,0,0,-3.5,0.0,4.0,4.0,0.0,0.0,28.0,0,11,17
6633,10031.0,0,0,-1.3,0.0,0.0,0.0,0.0,0.0,16.9,0,21,17
6634,10026.0,0,0,-3.5,0.0,4.0,4.0,0.0,0.0,28.0,0,11,17
6635,10002.0,0,0,-2.3,0.0,0.0,0.0,0.0,0.0,13.2,0,22,17
6636,10036.0,0,0,-1.5,0.0,7.0,8.0,0.0,0.0,28.4,0,9,17
6637,10001.0,1,0,-1.5,0.0,7.0,8.0,0.0,0.0,28.4,1,9,17
6638,10003.0,0,0,-3.9,0.0,0.0,0.0,0.0,0.0,27.6,0,12,17
6639,10022.0,0,0,4.0,0.0,4.0,0.0,7.0,0.0,23.3,0,0,17
6640,10011.0,0,0,-3.4,0.0,0.0,0.0,0.0,0.0,25.8,0,15,17
6641,10025.0,0,0,-3.4,0.0,1.0,1.0,0.0,0.0,27.7,0,10,17
6642,10010.0,0,0,-1.2,0.0,0.0,0.0,0.0,0.0,17.7,0,20,17
6643,10037.0,0,0,-4.1,0.0,1.0,1.0,0.0,0.0,26.7,0,14,17
6644,10021.0,0,0,-3.5,0.0,4.0,4.0,0.0,0.0,28.0,0,11,17
6645,10031.0,0,0,-0.5,0.0,12.0,13.0,0.0,0.0,27.8,0,8,17
6646,10022.0,0,0,-3.4,0.0,1.0,1.0,0.0,0.0,27.7,0,10,17
6647,10018.0,0,0,-4.1,0.0,1.0,1.0,0.0,0.0,26.7,0,14,17
6648,10023.0,0,0,-3.9,0.0,0.0,0.0,0.0,0.0,27.6,0,12,17
6649,10002.0,0,0,-0.5,0.0,12.0,13.0,0.0,0.0,27.8,0,8,17
6650,10014.0,0,0,7.1,0.0,34.0,14.0,35.0,0.0,30.0,0,20,16
6651,10002.0,0,0,5.8,0.0,0.0,0.0,0.0,0.0,5.6,0,0,16
6652,10029.0,0,0,7.0,0.0,60.0,58.0,13.0,0.0,15.5,0,12,16
6653,10029.0,0,0,6.2,0.1,100.0,84.0,96.0,0.0,9.3,0,10,16
6654,10002.0,0,0,6.2,0.0,54.0,1.0,86.0,6.0,12.0,0,6,16
6655,10034.0,0,0,8.9,0.0,68.0,53.0,34.0,0.0,20.0,0,14,16
6656,10002.0,0,0,6.2,0.0,100.0,75.0,69.0,0.0,12.5,0,11,16
6657,10035.0,0,0,8.3,0.0,30.0,13.0,31.0,0.0,26.8,0,16,16
6658,10019.0,0,0,5.8,0.0,0.0,0.0,0.0,0.0,5.6,0,0,16
6659,10003.0,0,0,8.3,0.0,30.0,13.0,31.0,0.0,26.8,0,16,16
6660,10025.0,0,0,8.9,0.0,68.0,53.0,34.0,0.0,20.0,0,14,16
6661,10011.0,0,0,6.2,0.1,100.0,84.0,96.0,0.0,9.3,0,10,16
6662,10023.0,0,0,7.0,0.0,60.0,58.0,13.0,0.0,15.5,0,12,16
6663,10011.0,0,0,7.8,0.0,45.0,3.0,70.0,0.0,31.5,0,19,16
6664,10023.0,0,0,6.2,0.0,100.0,75.0,69.0,0.0,12.5,0,11,16
6665,10037.0,0,0,4.3,0.0,0.0,0.0,0.0,0.0,9.0,0,2,16
6666,10009.0,0,0,4.3,0.0,0.0,0.0,0.0,0.0,9.0,0,2,16
6667,10017.0,0,0,8.9,0.0,68.0,53.0,34.0,0.0,20.0,0,14,16
6668,10019.0,0,0,8.2,0.0,67.0,65.0,14.0,0.0,15.9,0,13,16
6669,10019.0,0,0,6.1,0.9,100.0,79.0,48.0,0.0,13.0,0,8,16
6670,10010.0,0,0,8.3,0.0,30.0,13.0,31.0,0.0,26.8,0,16,16
6671,10013.0,0,0,8.3,0.0,30.0,13.0,31.0,0.0,26.8,0,16,16
6672,10065.0,0,0,8.2,0.0,67.0,65.0,14.0,0.0,15.9,0,13,16
6673,10005.0,0,0,6.0,1.6,85.0,54.0,61.0,0.0,13.2,0,7,16
6674,10018.0,0,0,8.2,0.0,33.0,11.0,38.0,0.0,31.1,0,18,16
6675,10032.0,0,0,7.0,0.0,60.0,58.0,13.0,0.0,15.5,0,12,16
6676,10011.0,0,0,8.4,0.0,37.0,21.0,30.0,0.0,24.0,0,15,16
6677,10001.0,0,0,7.8,0.0,45.0,3.0,70.0,0.0,31.5,0,19,16
6678,10021.0,0,0,7.1,0.0,34.0,14.0,35.0,0.0,30.0,0,20,16
6679,10011.0,0,0,7.8,0.0,45.0,3.0,70.0,0.0,31.5,0,19,16
6680,10001.0,0,0,8.2,0.0,67.0,65.0,14.0,0.0,15.9,0,13,16
6681,10065.0,0,0,6.2,0.0,54.0,1.0,86.0,6.0,12.0,0,6,16
6682,10035.0,0,0,6.2,0.0,100.0,75.0,69.0,0.0,12.5,0,11,16
6683,10035.0,0,0,6.0,1.6,85.0,54.0,61.0,0.0,13.2,0,7,16
6684,10128.0,0,0,6.4,0.8,100.0,100.0,79.0,0.0,12.2,0,9,16
6685,10018.0,0,0,6.2,0.0,54.0,1.0,86.0,6.0,12.0,0,6,16
6686,10018.0,1,0,4.4,0.0,23.0,0.0,38.0,0.0,23.5,1,23,16
6687,10001.0,0,0,6.1,0.9,100.0,79.0,48.0,0.0,13.0,0,8,16
6688,10035.0,0,0,8.2,0.0,33.0,11.0,38.0,0.0,31.1,0,18,16
6689,10027.0,0,0,7.1,0.0,34.0,14.0,35.0,0.0,30.0,0,20,16
6690,10002.0,0,0,8.2,0.0,33.0,11.0,38.0,0.0,31.1,0,18,16
6691,10014.0,0,0,6.2,0.1,100.0,84.0,96.0,0.0,9.3,0,10,16
6692,10002.0,0,0,8.3,0.0,30.0,13.0,31.0,0.0,26.8,0,16,16
6693,10023.0,0,0,8.3,0.0,30.0,13.0,31.0,0.0,26.8,0,16,16
6694,10003.0,0,0,7.0,0.0,60.0,58.0,13.0,0.0,15.5,0,12,16
6695,10022.0,0,0,6.2,0.1,100.0,84.0,96.0,0.0,9.3,0,10,16
6696,10014.0,0,0,6.1,0.9,100.0,79.0,48.0,0.0,13.0,0,8,16
6697,10025.0,0,0,6.2,0.0,54.0,1.0,86.0,6.0,12.0,0,6,16
6698,10001.0,0,0,6.2,0.0,100.0,75.0,69.0,0.0,12.5,0,11,16
6699,10009.0,0,0,6.2,0.0,100.0,75.0,69.0,0.0,12.5,0,11,16
6700,10005.0,0,0,7.0,0.0,60.0,58.0,13.0,0.0,15.5,0,12,16
6701,10001.0,0,0,7.0,0.0,60.0,58.0,13.0,0.0,15.5,0,12,16
6702,10119.0,1,0,6.1,0.9,100.0,79.0,48.0,0.0,13.0,1,8,16
6703,10029.0,0,0,6.2,0.0,54.0,1.0,86.0,6.0,12.0,0,6,16
6704,10038.0,0,0,7.0,0.0,60.0,58.0,13.0,0.0,15.5,0,12,16
6705,10022.0,1,0,7.1,0.0,34.0,14.0,35.0,0.0,30.0,1,20,16
6706,10016.0,1,0,8.2,0.0,33.0,11.0,38.0,0.0,31.1,1,18,16
6707,10029.0,0,0,7.0,0.0,60.0,58.0,13.0,0.0,15.5,0,12,16
6708,10128.0,0,0,5.4,0.0,53.0,59.0,0.0,0.0,10.5,0,12,15
6709,10023.0,0,0,8.9,0.0,2.0,2.0,0.0,0.0,10.6,0,17,15
6710,10001.0,1,0,4.8,0.0,93.0,77.0,0.0,79.0,11.7,1,10,15
6711,10017.0,1,0,9.2,0.0,1.0,1.0,0.0,0.0,11.4,1,18,15
6712,10021.0,0,0,5.6,0.0,96.0,95.0,0.0,36.0,11.5,0,9,15
6713,10023.0,0,0,5.6,0.0,96.0,95.0,0.0,36.0,11.5,0,9,15
6714,10002.0,0,0,6.9,0.0,41.0,45.0,0.0,0.0,9.5,0,14,15
6715,10016.0,1,0,9.4,0.0,0.0,0.0,0.0,0.0,11.4,1,19,15
6716,10013.0,0,0,9.4,0.0,0.0,0.0,0.0,0.0,11.4,0,19,15
6717,10016.0,0,0,6.9,0.0,41.0,45.0,0.0,0.0,9.5,0,14,15
6718,10035.0,1,0,8.3,0.0,61.0,68.0,0.0,0.0,11.0,1,15,15
6719,10128.0,0,0,5.8,0.0,65.0,68.0,0.0,14.0,11.5,0,8,15
6720,10033.0,0,0,5.4,0.0,53.0,59.0,0.0,0.0,10.5,0,12,15
6721,10018.0,0,0,5.4,0.0,51.0,57.0,0.0,0.0,9.2,0,13,15
6722,10069.0,0,0,8.9,0.0,2.0,2.0,0.0,0.0,10.6,0,17,15
6723,10022.0,1,0,6.2,0.0,0.0,0.0,0.0,0.0,2.8,1,23,15
6724,10009.0,0,0,5.4,0.0,51.0,57.0,0.0,0.0,9.2,0,13,15
6725,10022.0,0,0,7.7,0.0,0.0,0.0,0.0,0.0,2.9,0,22,15
6726,10011.0,0,0,8.9,0.0,2.0,2.0,0.0,0.0,10.6,0,17,15
6727,10010.0,1,0,8.9,0.0,2.0,2.0,0.0,0.0,10.6,1,17,15
6728,10014.0,0,0,8.4,0.0,22.0,24.0,0.0,0.0,10.6,0,16,15
6729,10014.0,0,0,9.4,0.0,0.0,0.0,0.0,0.0,11.4,0,19,15
6730,10023.0,0,0,8.4,0.0,22.0,24.0,0.0,0.0,10.6,0,16,15
6731,10017.0,0,0,5.1,0.0,83.0,62.0,0.0,90.0,10.8,0,11,15
6732,10017.0,1,0,5.4,0.0,51.0,57.0,0.0,0.0,9.2,1,13,15
6733,10010.0,0,0,8.4,0.0,22.0,24.0,0.0,0.0,10.6,0,16,15
6734,10023.0,0,0,6.1,0.0,73.0,77.0,0.0,12.0,9.4,0,7,15
6735,10036.0,0,0,8.4,0.0,22.0,24.0,0.0,0.0,10.6,0,16,15
6736,10034.0,0,0,9.4,0.0,0.0,0.0,0.0,0.0,8.1,0,20,15
6737,10002.0,0,0,5.1,0.0,83.0,62.0,0.0,90.0,10.8,0,11,15
6738,10010.0,0,0,6.9,0.0,41.0,45.0,0.0,0.0,9.5,0,14,15
6739,10011.0,0,0,6.9,0.0,41.0,45.0,0.0,0.0,9.5,0,14,15
6740,10011.0,0,0,8.3,0.0,61.0,68.0,0.0,0.0,11.0,0,15,15
6741,10032.0,1,0,5.1,0.0,83.0,62.0,0.0,90.0,10.8,1,11,15
6742,10018.0,1,0,5.4,0.0,53.0,59.0,0.0,0.0,10.5,1,12,15
6743,10021.0,0,0,6.9,0.0,41.0,45.0,0.0,0.0,9.5,0,14,15
6744,10010.0,0,0,4.8,0.0,93.0,77.0,0.0,79.0,11.7,0,10,15
6745,10022.0,0,0,9.1,0.0,1.0,0.0,0.0,2.0,5.7,0,21,15
6746,10016.0,0,0,9.4,0.0,0.0,0.0,0.0,0.0,8.1,0,20,15
6747,10010.0,0,0,5.8,0.0,65.0,68.0,0.0,14.0,11.5,0,8,15
6748,10029.0,0,0,5.4,0.0,53.0,59.0,0.0,0.0,10.5,0,12,15
6749,10018.0,0,0,5.1,0.0,83.0,62.0,0.0,90.0,10.8,0,11,15
6750,10035.0,0,0,8.3,0.0,61.0,68.0,0.0,0.0,11.0,0,15,15
6751,10019.0,0,0,4.8,0.0,93.0,77.0,0.0,79.0,11.7,0,10,15
6752,10001.0,0,0,9.2,0.0,1.0,1.0,0.0,0.0,11.4,0,18,15
6753,10018.0,0,0,8.9,0.0,2.0,2.0,0.0,0.0,10.6,0,17,15
6754,10033.0,0,0,9.2,0.0,1.0,1.0,0.0,0.0,11.4,0,18,15
6755,10001.0,0,0,5.1,0.0,83.0,62.0,0.0,90.0,10.8,0,11,15
6756,10013.0,1,0,5.8,0.0,65.0,68.0,0.0,14.0,11.5,1,8,15
6757,10001.0,0,0,5.1,0.0,83.0,62.0,0.0,90.0,10.8,0,11,15
6758,10025.0,0,0,8.4,0.0,22.0,24.0,0.0,0.0,10.6,0,16,15
6759,10023.0,0,0,4.8,0.0,93.0,77.0,0.0,79.0,11.7,0,10,15
6760,10036.0,0,0,5.7,0.0,100.0,95.0,51.0,22.0,4.4,0,1,15
6761,10028.0,0,0,8.4,0.0,22.0,24.0,0.0,0.0,10.6,0,16,15
6762,10022.0,0,0,5.6,0.0,100.0,97.0,95.0,22.0,5.9,0,0,15
6763,10012.0,1,0,9.4,0.0,0.0,0.0,0.0,0.0,8.1,1,20,15
6764,10022.0,0,0,6.1,0.0,73.0,77.0,0.0,12.0,9.4,0,7,15
6765,10003.0,0,0,5.4,0.0,51.0,57.0,0.0,0.0,9.2,0,13,15
6766,10065.0,0,0,9.2,0.0,1.0,1.0,0.0,0.0,11.4,0,18,15
6767,10036.0,0,0,5.8,0.0,65.0,68.0,0.0,14.0,11.5,0,8,15
6768,10012.0,1,0,2.8,0.0,100.0,92.0,0.0,100.0,4.5,1,14,14
6769,10014.0,0,0,2.4,0.0,100.0,100.0,0.0,100.0,4.6,0,11,14
6770,10016.0,0,0,2.8,0.0,100.0,100.0,0.0,100.0,3.0,0,7,14
6771,10028.0,0,0,5.3,0.7,100.0,54.0,90.0,100.0,7.9,0,17,14
6772,10011.0,0,0,6.5,0.9,100.0,100.0,75.0,99.0,10.3,0,20,14
6773,10009.0,0,0,2.9,0.0,100.0,100.0,0.0,100.0,3.2,0,8,14
6774,10128.0,0,0,2.8,0.0,100.0,92.0,0.0,100.0,4.5,0,14,14
6775,10025.0,0,0,2.6,0.0,100.0,100.0,0.0,100.0,7.1,0,13,14
6776,10032.0,0,0,2.9,0.0,100.0,100.0,0.0,100.0,3.2,0,8,14
6777,10011.0,0,0,2.8,0.0,100.0,100.0,0.0,100.0,3.0,0,7,14
6778,10023.0,0,0,4.7,0.0,76.0,52.0,0.0,96.0,4.8,0,0,14
6779,10023.0,0,0,4.5,0.0,100.0,53.0,71.0,100.0,8.4,0,16,14
6780,10024.0,1,0,5.8,1.3,100.0,82.0,95.0,100.0,9.7,1,18,14
6781,10037.0,1,0,4.5,0.0,100.0,53.0,71.0,100.0,8.4,1,16,14
6782,10016.0,0,0,6.4,0.5,100.0,87.0,86.0,93.0,10.1,0,21,14
6783,10128.0,0,0,5.8,0.0,100.0,100.0,100.0,93.0,6.4,0,23,14
6784,10002.0,0,0,2.9,0.0,100.0,100.0,0.0,100.0,3.2,0,8,14
6785,10034.0,0,0,5.3,0.7,100.0,54.0,90.0,100.0,7.9,0,17,14
6786,10022.0,0,0,6.0,0.1,100.0,98.0,99.0,94.0,6.2,0,22,14
6787,10036.0,0,0,4.7,0.0,56.0,30.0,0.0,95.0,5.2,0,1,14
6788,10002.0,1,0,2.8,0.0,100.0,92.0,0.0,100.0,4.5,1,14,14
6789,10007.0,0,0,2.8,0.0,100.0,100.0,0.0,100.0,3.0,0,7,14
6790,10001.0,1,0,5.8,0.0,100.0,100.0,100.0,93.0,6.4,1,23,14
6791,10021.0,0,0,5.3,0.7,100.0,54.0,90.0,100.0,7.9,0,17,14
6792,10011.0,0,0,2.8,0.0,100.0,92.0,0.0,100.0,4.5,0,14,14
6793,10025.0,0,0,2.6,0.0,100.0,100.0,0.0,100.0,7.1,0,13,14
6794,10009.0,0,0,6.2,0.8,100.0,97.0,83.0,100.0,9.5,0,19,14
6795,10033.0,1,0,6.5,0.9,100.0,100.0,75.0,99.0,10.3,1,20,14
6796,10013.0,0,0,2.4,0.0,100.0,100.0,0.0,100.0,4.6,0,11,14
6797,10001.0,0,0,2.6,0.0,100.0,100.0,0.0,100.0,7.1,0,13,14
6798,10128.0,0,0,2.8,0.0,100.0,92.0,0.0,100.0,4.5,0,14,14
6799,10018.0,0,0,5.8,1.3,100.0,82.0,95.0,100.0,9.7,0,18,14
6800,10032.0,0,0,3.0,0.0,100.0,100.0,0.0,100.0,4.0,0,9,14
6801,10037.0,0,0,3.8,0.0,100.0,73.0,18.0,100.0,7.6,0,15,14
6802,10017.0,0,0,2.4,0.0,100.0,100.0,0.0,100.0,5.9,0,10,14
6803,10128.0,0,0,5.3,0.7,100.0,54.0,90.0,100.0,7.9,0,17,14
6804,10003.0,0,0,2.8,0.0,100.0,92.0,0.0,100.0,4.5,0,14,14
6805,10009.0,0,0,3.8,0.0,100.0,73.0,18.0,100.0,7.6,0,15,14
6806,10029.0,1,0,3.0,0.0,100.0,100.0,0.0,100.0,4.0,1,9,14
6807,10034.0,0,0,2.9,0.0,100.0,100.0,0.0,100.0,3.2,0,8,14
6808,10003.0,0,0,6.0,0.1,100.0,98.0,99.0,94.0,6.2,0,22,14
6809,10036.0,0,0,4.2,0.0,79.0,57.0,0.0,92.0,4.4,0,3,14
6810,10022.0,0,0,2.6,0.0,100.0,100.0,0.0,100.0,6.6,0,12,14
6811,10029.0,0,0,2.6,0.0,100.0,100.0,0.0,100.0,6.6,0,12,14
6812,10035.0,1,0,5.8,1.3,100.0,82.0,95.0,100.0,9.7,1,18,14
6813,10002.0,0,0,2.4,0.0,100.0,100.0,0.0,100.0,4.6,0,11,14
6814,10013.0,0,0,3.8,0.0,100.0,73.0,18.0,100.0,7.6,0,15,14
6815,10013.0,0,0,5.8,0.0,100.0,100.0,100.0,93.0,6.4,0,23,14
6816,10019.0,0,0,5.5,0.0,100.0,87.0,0.0,99.0,4.7,0,22,13
6817,10029.0,0,0,2.4,0.0,35.0,6.0,0.0,99.0,12.2,0,10,13
6818,10013.0,0,0,4.4,0.0,29.0,0.0,0.0,98.0,12.5,0,7,13
6819,10014.0,0,0,3.9,0.0,30.0,0.0,0.0,99.0,12.0,0,8,13
6820,10001.0,0,0,2.2,0.0,35.0,6.0,1.0,98.0,10.3,0,12,13
6821,10012.0,2,0,6.8,0.0,29.0,0.0,0.0,98.0,11.0,1,4,13
6822,10033.0,0,0,5.2,0.0,100.0,100.0,0.0,100.0,2.9,0,19,13
6823,10032.0,0,0,2.1,0.0,38.0,10.0,0.0,98.0,10.6,0,11,13
6824,10029.0,0,0,5.0,0.0,100.0,99.0,16.0,100.0,8.3,0,15,13
6825,10036.0,0,0,2.4,0.0,35.0,6.0,0.0,99.0,12.2,0,10,13
6826,10012.0,0,0,2.1,0.0,38.0,10.0,0.0,98.0,10.6,0,11,13
6827,10016.0,0,0,5.8,0.0,100.0,99.0,35.0,98.0,5.6,0,17,13
6828,10013.0,0,0,5.6,0.0,100.0,100.0,41.0,98.0,6.6,0,16,13
6829,10128.0,0,0,4.4,0.0,29.0,0.0,0.0,98.0,12.5,0,7,13
6830,10038.0,0,0,2.4,0.0,57.0,29.0,1.0,100.0,10.8,0,13,13
6831,10065.0,0,0,6.8,0.0,29.0,0.0,0.0,98.0,11.0,0,4,13
6832,10013.0,0,0,4.4,0.0,29.0,0.0,0.0,98.0,12.5,0,7,13
6833,10027.0,1,0,3.9,0.0,30.0,0.0,0.0,99.0,12.0,1,8,13
6834,10075.0,0,0,3.3,0.0,30.0,0.0,0.0,100.0,11.6,0,9,13
6835,10029.0,0,0,2.4,0.0,57.0,29.0,1.0,100.0,10.8,0,13,13
6836,10014.0,0,0,2.1,0.0,38.0,10.0,0.0,98.0,10.6,0,11,13
6837,10036.0,0,0,3.3,0.0,30.0,0.0,0.0,100.0,11.6,0,9,13
6838,10001.0,0,0,3.4,0.0,100.0,98.0,0.0,98.0,8.5,0,14,13
6839,10010.0,0,0,5.0,0.0,100.0,99.0,16.0,100.0,8.3,0,15,13
6840,10128.0,1,0,5.5,0.0,100.0,87.0,0.0,99.0,4.7,1,22,13
6841,10028.0,0,0,5.0,0.0,100.0,99.0,16.0,100.0,8.3,0,15,13
6842,10018.0,1,0,5.4,0.0,100.0,100.0,2.0,100.0,3.6,1,18,13
6843,10009.0,0,0,2.2,0.0,35.0,6.0,1.0,98.0,10.3,0,12,13
6844,10011.0,0,0,2.2,0.0,35.0,6.0,1.0,98.0,10.3,0,12,13
6845,10013.0,0,0,5.4,0.0,100.0,100.0,2.0,100.0,3.6,0,18,13
6846,10018.0,0,0,2.4,0.0,57.0,29.0,1.0,100.0,10.8,0,13,13
6847,10022.0,0,0,2.4,0.0,35.0,6.0,0.0,99.0,12.2,0,10,13
6848,10013.0,0,0,11.4,0.0,22.0,0.0,0.0,73.0,10.2,0,0,13
6849,10028.0,0,0,3.3,0.0,30.0,0.0,0.0,100.0,11.6,0,9,13
6850,10031.0,0,0,3.3,0.0,30.0,0.0,0.0,100.0,11.6,0,9,13
6851,10027.0,0,0,5.6,0.0,100.0,100.0,41.0,98.0,6.6,0,16,13
6852,10065.0,0,0,3.3,0.0,30.0,0.0,0.0,100.0,11.6,0,9,13
6853,10017.0,0,0,7.1,0.0,26.0,0.0,0.0,87.0,7.6,0,3,13
6854,10003.0,0,0,2.1,0.0,38.0,10.0,0.0,98.0,10.6,0,11,13
6855,10001.0,0,0,5.0,0.0,100.0,99.0,16.0,100.0,8.3,0,15,13
6856,10039.0,0,0,3.9,0.0,30.0,0.0,0.0,99.0,12.0,0,8,13
6857,10009.0,1,0,4.9,0.0,100.0,100.0,0.0,100.0,2.8,1,20,13
6858,10006.0,0,0,2.1,0.0,38.0,10.0,0.0,98.0,10.6,0,11,13
6859,10019.0,0,0,2.4,0.0,57.0,29.0,1.0,100.0,10.8,0,13,13
6860,10035.0,2,0,3.9,0.0,30.0,0.0,0.0,99.0,12.0,1,8,13
6861,10004.0,0,0,2.1,0.0,38.0,10.0,0.0,98.0,10.6,0,11,13
6862,10002.0,0,0,14.7,0.0,100.0,91.0,5.0,100.0,23.1,0,3,12
6863,10018.0,0,0,16.9,0.1,100.0,100.0,61.0,100.0,26.4,0,10,12
6864,10019.0,0,0,16.9,0.0,21.0,0.0,0.0,71.0,24.6,0,16,12
6865,10013.0,0,0,14.3,0.0,100.0,86.0,16.0,100.0,22.0,0,2,12
6866,10001.0,0,0,16.9,1.5,100.0,100.0,99.0,90.0,27.3,0,12,12
6867,10011.0,1,0,16.9,1.5,100.0,100.0,99.0,90.0,27.3,1,12,12
6868,10021.0,0,0,17.8,0.3,100.0,49.0,76.0,93.0,26.9,0,13,12
6869,10001.0,0,0,16.3,0.0,28.0,0.0,0.0,92.0,26.9,0,15,12
6870,10022.0,1,0,17.4,0.0,15.0,0.0,0.0,51.0,25.3,1,17,12
6871,10033.0,0,0,17.1,0.0,0.0,0.0,0.0,0.0,19.1,0,20,12
6872,10012.0,1,0,17.4,0.0,15.0,0.0,0.0,51.0,25.3,1,17,12
6873,10013.0,0,0,17.8,0.3,100.0,49.0,76.0,93.0,26.9,0,13,12
6874,10001.0,0,0,16.9,1.5,100.0,100.0,99.0,90.0,27.3,0,12,12
6875,10010.0,0,0,14.1,0.0,100.0,100.0,52.0,100.0,20.2,0,1,12
6876,10001.0,0,0,15.0,2.0,100.0,97.0,93.0,100.0,29.1,0,8,12
6877,10001.0,0,0,17.7,0.0,9.0,0.0,0.0,31.0,23.9,0,18,12
6878,10128.0,0,0,17.8,0.3,100.0,49.0,76.0,93.0,26.9,0,13,12
6879,10019.0,0,0,17.0,0.2,100.0,95.0,95.0,98.0,26.9,0,11,12
6880,10012.0,3,0,14.1,0.0,100.0,100.0,52.0,100.0,20.2,1,1,12
6881,10011.0,0,0,17.4,0.0,15.0,0.0,0.0,51.0,25.3,0,17,12
6882,10021.0,0,0,16.3,0.0,28.0,0.0,0.0,92.0,26.9,0,15,12
6883,10039.0,0,0,17.4,0.0,15.0,0.0,0.0,51.0,25.3,0,17,12
6884,10023.0,0,0,17.7,0.0,9.0,0.0,0.0,31.0,23.9,0,18,12
6885,10001.0,0,0,14.9,0.0,100.0,92.0,1.0,100.0,22.6,0,4,12
6886,10069.0,1,0,16.3,0.0,28.0,0.0,0.0,92.0,26.9,1,15,12
6887,10018.0,0,0,17.0,0.2,100.0,95.0,95.0,98.0,26.9,0,11,12
6888,10014.0,0,0,15.0,2.0,100.0,97.0,93.0,100.0,29.1,0,8,12
6889,10027.0,0,0,17.0,0.2,100.0,95.0,95.0,98.0,26.9,0,11,12
6890,10036.0,0,0,14.2,0.0,53.0,26.0,0.0,100.0,18.8,0,23,11
6891,10002.0,0,0,16.6,0.0,91.0,16.0,78.0,100.0,20.9,0,19,11
6892,10035.0,0,0,15.7,0.0,52.0,14.0,15.0,100.0,21.9,0,21,11
6893,10038.0,2,0,7.6,0.0,17.0,6.0,19.0,2.0,11.0,1,2,11
6894,10029.0,0,0,8.3,0.0,100.0,96.0,52.0,100.0,13.3,0,9,11
6895,10036.0,0,0,16.4,0.0,49.0,6.0,22.0,100.0,21.3,0,18,11
6896,10001.0,0,0,9.2,0.0,100.0,98.0,82.0,99.0,16.0,0,10,11
6897,10009.0,0,0,7.3,0.0,83.0,38.0,39.0,84.0,9.7,0,4,11
6898,10065.0,0,0,14.7,0.0,47.0,18.0,1.0,100.0,18.0,0,22,11
6899,10036.0,0,0,15.7,0.0,52.0,14.0,15.0,100.0,21.9,0,21,11
6900,10027.0,1,0,11.7,0.0,34.0,2.0,6.0,94.0,18.1,1,14,11
6901,10002.0,0,0,14.2,0.0,53.0,26.0,0.0,100.0,18.8,0,23,11
6902,10014.0,1,0,13.7,0.0,31.0,0.0,1.0,100.0,18.2,1,15,11
6903,10012.0,0,0,8.3,0.0,100.0,96.0,52.0,100.0,13.3,0,9,11
6904,10032.0,1,0,8.1,0.0,69.0,15.0,92.0,0.0,11.5,1,0,11
6905,10003.0,0,0,16.6,0.0,91.0,16.0,78.0,100.0,20.9,0,19,11
6906,10026.0,0,0,13.7,0.0,31.0,0.0,1.0,100.0,18.2,0,15,11
6907,10036.0,0,0,7.6,0.0,17.0,6.0,19.0,2.0,11.0,0,2,11
6908,10010.0,0,0,16.4,0.0,49.0,6.0,22.0,100.0,21.3,0,18,11
6909,10065.0,0,0,7.3,0.0,83.0,38.0,39.0,84.0,9.7,0,4,11
6910,10002.0,0,0,7.2,0.0,25.0,13.0,12.0,21.0,9.7,0,3,11
6911,10012.0,0,0,15.9,0.0,34.0,2.0,4.0,98.0,21.3,0,17,11
6912,10029.0,0,0,8.1,0.0,69.0,15.0,92.0,0.0,11.5,0,0,11
6913,10128.0,0,0,8.3,0.0,100.0,96.0,52.0,100.0,13.3,0,9,11
6914,10018.0,0,0,15.7,0.0,52.0,14.0,15.0,100.0,21.9,0,21,11
6915,10023.0,0,0,11.7,0.0,34.0,2.0,6.0,94.0,18.1,0,14,11
6916,10065.0,0,0,9.2,0.0,100.0,98.0,82.0,99.0,16.0,0,10,11
6917,10001.0,0,0,11.7,0.0,34.0,2.0,6.0,94.0,18.1,0,14,11
6918,10036.0,0,0,9.8,0.0,85.0,37.0,67.0,37.0,16.4,0,12,11
6919,10037.0,1,0,16.3,0.0,100.0,47.0,78.0,100.0,22.0,1,20,11
6920,10029.0,0,0,16.3,0.0,100.0,47.0,78.0,100.0,22.0,0,20,11
6921,10012.0,0,0,7.1,0.0,57.0,32.0,24.0,45.0,9.0,0,5,11
6922,10001.0,0,0,15.9,0.0,34.0,2.0,4.0,98.0,21.3,0,17,11
6923,10031.0,0,0,15.9,0.0,34.0,2.0,4.0,98.0,21.3,0,17,11
6924,10002.0,0,0,16.6,0.0,91.0,16.0,78.0,100.0,20.9,0,19,11
6925,10012.0,0,0,7.6,0.0,17.0,6.0,19.0,2.0,11.0,0,2,11
6926,10016.0,0,0,7.5,0.0,100.0,83.0,20.0,94.0,12.4,0,8,11
6927,10025.0,0,0,8.1,0.0,69.0,15.0,92.0,0.0,11.5,0,0,11
6928,10019.0,1,0,8.1,0.0,69.0,15.0,92.0,0.0,11.5,1,0,11
6929,10016.0,0,0,16.3,0.0,100.0,47.0,78.0,100.0,22.0,0,20,11
6930,10016.0,0,0,9.5,0.0,100.0,68.0,96.0,99.0,16.6,0,11,11
6931,10020.0,0,0,15.1,0.0,74.0,22.0,43.0,95.0,20.3,0,16,11
6932,10281.0,0,0,9.8,0.0,85.0,37.0,67.0,37.0,16.4,0,12,11
6933,10010.0,0,0,15.9,0.0,34.0,2.0,4.0,98.0,21.3,0,17,11
6934,10017.0,0,0,8.3,0.0,100.0,96.0,52.0,100.0,13.3,0,9,11
6935,10036.0,1,0,16.6,0.0,91.0,16.0,78.0,100.0,20.9,1,19,11
6936,10033.0,0,0,9.2,0.0,100.0,98.0,82.0,99.0,16.0,0,10,11
6937,10010.0,0,0,15.1,0.0,74.0,22.0,43.0,95.0,20.3,0,16,11
6938,10033.0,0,0,16.6,0.0,91.0,16.0,78.0,100.0,20.9,0,19,11
6939,10028.0,1,0,9.2,0.0,100.0,98.0,82.0,99.0,16.0,1,10,11
6940,10065.0,0,0,7.3,0.0,83.0,38.0,39.0,84.0,9.7,0,4,11
6941,10026.0,0,0,16.4,0.0,49.0,6.0,22.0,100.0,21.3,0,18,11
6942,10017.0,0,0,16.3,0.0,100.0,47.0,78.0,100.0,22.0,0,20,11
6943,10003.0,1,0,8.3,0.0,100.0,96.0,52.0,100.0,13.3,1,9,11
6944,10010.0,0,0,10.2,0.0,53.0,25.0,44.0,12.0,17.1,0,13,11
6945,10003.0,0,0,1.3,0.0,53.0,18.0,14.0,93.0,13.2,0,12,10
6946,10025.0,0,0,-0.6,0.0,50.0,0.0,34.0,99.0,11.7,0,8,10
6947,10029.0,0,0,1.3,0.0,53.0,18.0,14.0,93.0,13.2,0,12,10
6948,10013.0,0,0,8.6,0.0,45.0,28.0,33.0,0.0,14.8,0,20,10
6949,10021.0,0,0,-0.6,0.0,50.0,0.0,34.0,99.0,11.7,0,8,10
6950,10021.0,0,0,1.9,0.0,100.0,87.0,29.0,92.0,13.0,0,14,10
6951,10036.0,0,0,-0.8,0.0,31.0,0.0,2.0,100.0,7.2,0,0,10
6952,10017.0,1,0,-1.6,0.0,30.0,0.0,0.0,100.0,9.3,1,5,10
6953,10024.0,0,0,1.3,0.0,53.0,18.0,14.0,93.0,13.2,0,12,10
6954,10035.0,0,0,1.9,0.0,100.0,87.0,29.0,92.0,13.0,0,14,10
6955,10022.0,0,0,1.2,0.0,97.0,58.0,25.0,99.0,13.4,0,13,10
6956,10021.0,0,0,3.7,0.0,100.0,99.0,20.0,99.0,11.8,0,15,10
6957,10022.0,0,0,-1.1,0.0,65.0,0.0,59.0,98.0,11.5,0,7,10
6958,10034.0,1,0,-0.6,0.0,50.0,0.0,34.0,99.0,11.7,1,8,10
6959,10002.0,0,0,6.1,0.0,90.0,46.0,60.0,41.0,13.5,0,18,10
6960,10030.0,0,0,1.9,0.0,100.0,87.0,29.0,92.0,13.0,0,14,10
6961,10007.0,0,0,8.3,0.0,55.0,8.0,80.0,0.0,11.7,0,23,10
6962,10033.0,0,0,3.7,0.0,100.0,99.0,20.0,99.0,11.8,0,15,10
6963,10017.0,0,0,0.2,0.0,57.0,0.0,45.0,99.0,11.8,0,9,10
6964,10075.0,0,0,6.1,0.0,90.0,46.0,60.0,41.0,13.5,0,18,10
6965,10038.0,0,0,1.3,0.0,53.0,18.0,14.0,93.0,13.2,0,12,10
6966,10023.0,0,0,3.7,0.0,100.0,99.0,20.0,99.0,11.8,0,15,10
6967,10016.0,0,0,9.6,0.0,34.0,17.0,31.0,0.0,13.8,0,21,10
6968,10005.0,0,0,1.2,0.0,97.0,58.0,25.0,99.0,13.4,0,13,10
6969,10036.0,0,0,-0.6,0.0,50.0,0.0,34.0,99.0,11.7,0,8,10
6970,10013.0,0,0,8.6,0.0,45.0,28.0,33.0,0.0,14.8,0,20,10
6971,10029.0,0,0,8.3,0.0,55.0,8.0,80.0,0.0,11.7,0,23,10
6972,10023.0,1,0,9.0,0.0,19.0,0.0,31.0,0.0,11.7,1,22,10
6973,10016.0,0,0,5.2,0.0,100.0,99.0,91.0,72.0,12.2,0,17,10
6974,10018.0,0,0,1.9,0.0,100.0,87.0,29.0,92.0,13.0,0,14,10
6975,10036.0,1,0,3.7,0.0,100.0,99.0,20.0,99.0,11.8,1,15,10
6976,10022.0,0,0,0.8,0.0,52.0,0.0,38.0,98.0,11.9,0,11,10
6977,10016.0,0,0,7.2,0.0,41.0,26.0,29.0,0.0,14.0,0,19,10
6978,10011.0,0,0,0.8,0.0,57.0,0.0,47.0,95.0,9.8,0,10,10
6979,10009.0,0,0,0.8,0.0,57.0,0.0,47.0,95.0,9.8,0,10,10
6980,10033.0,0,0,-0.6,0.0,50.0,0.0,34.0,99.0,11.7,0,8,10
6981,10025.0,0,0,0.8,0.0,52.0,0.0,38.0,98.0,11.9,0,11,10
6982,10005.0,0,0,1.9,0.0,100.0,87.0,29.0,92.0,13.0,0,14,10
6983,10001.0,0,0,-1.5,0.0,31.0,0.0,2.0,100.0,9.7,0,3,10
6984,10001.0,0,0,7.2,0.0,41.0,26.0,29.0,0.0,14.0,0,19,10
6985,10011.0,0,0,6.1,0.0,90.0,46.0,60.0,41.0,13.5,0,18,10
6986,10029.0,1,0,-0.8,0.0,31.0,0.0,2.0,100.0,7.2,1,0,10
6987,10033.0,0,0,0.8,0.0,57.0,0.0,47.0,95.0,9.8,0,10,10
6988,10029.0,0,0,-0.6,0.0,50.0,0.0,34.0,99.0,11.7,0,8,10
6989,10003.0,0,0,4.4,0.0,100.0,99.0,39.0,90.0,10.4,0,16,10
6990,10011.0,0,0,3.7,0.0,100.0,99.0,20.0,99.0,11.8,0,15,10
6991,10017.0,0,0,1.9,0.0,100.0,87.0,29.0,92.0,13.0,0,14,10
6992,10013.0,1,0,9.0,0.0,19.0,0.0,31.0,0.0,11.7,1,22,10
6993,10022.0,0,0,4.4,0.0,100.0,99.0,39.0,90.0,10.4,0,16,10
6994,10016.0,0,0,1.2,0.0,97.0,58.0,25.0,99.0,13.4,0,13,10
6995,10022.0,0,0,-2.6,0.0,0.0,0.0,0.0,0.0,10.7,0,15,9
6996,10033.0,0,0,-4.6,0.0,0.0,0.0,0.0,0.0,13.2,0,13,9
6997,10001.0,0,0,-2.2,0.0,13.0,0.0,0.0,44.0,10.2,0,16,9
6998,10017.0,0,0,-4.8,0.0,0.0,0.0,0.0,0.0,15.3,0,11,9
6999,10017.0,0,0,-4.0,0.0,0.0,0.0,0.0,0.0,12.1,0,14,9
7000,10017.0,0,0,-1.2,0.0,64.0,56.0,23.0,0.0,20.1,0,5,9
7001,10022.0,0,0,0.9,0.0,0.0,0.0,0.0,0.0,22.7,0,0,9
7002,10011.0,0,0,-4.8,0.0,0.0,0.0,0.0,0.0,16.1,0,10,9
7003,10001.0,0,0,0.2,0.0,6.0,0.0,0.0,19.0,0.5,0,20,9
7004,10003.0,1,0,0.9,0.0,0.0,0.0,0.0,0.0,22.7,1,0,9
7005,10022.0,0,0,-4.0,0.0,0.0,0.0,0.0,0.0,12.1,0,14,9
7006,10065.0,0,0,-2.6,0.0,0.0,0.0,0.0,0.0,10.7,0,15,9
7007,10011.0,0,0,-2.6,0.0,0.0,0.0,0.0,0.0,10.7,0,15,9
7008,10014.0,0,0,-4.6,0.0,0.0,0.0,0.0,0.0,13.2,0,13,9
7009,10009.0,0,0,-4.6,0.0,0.0,0.0,0.0,0.0,15.1,0,12,9
7010,10128.0,0,0,0.2,0.0,6.0,0.0,0.0,19.0,0.5,0,20,9
7011,10002.0,1,0,-1.5,0.0,8.0,0.0,0.0,27.0,8.5,1,17,9
7012,10003.0,0,0,-0.5,0.0,34.0,0.0,7.0,98.0,5.7,0,23,9
7013,10065.0,0,0,-0.3,0.0,11.0,0.0,0.0,36.0,3.4,0,19,9
7014,10017.0,0,0,-0.5,0.0,34.0,0.0,7.0,98.0,5.7,0,23,9
7015,10019.0,0,0,-2.6,0.0,0.0,0.0,0.0,0.0,18.7,0,8,9
7016,10023.0,1,0,-3.1,0.0,0.0,0.0,0.0,0.0,17.9,1,9,9
7017,10033.0,0,0,-2.2,0.0,0.0,0.0,0.0,0.0,20.2,0,7,9
7018,10029.0,0,0,-4.8,0.0,0.0,0.0,0.0,0.0,15.3,0,11,9
7019,10009.0,0,0,-2.6,0.0,0.0,0.0,0.0,0.0,10.7,0,15,9
7020,10128.0,0,0,-0.8,0.0,0.0,0.0,0.0,0.0,6.4,0,18,9
7021,10001.0,0,0,-4.6,0.0,0.0,0.0,0.0,0.0,15.1,0,12,9
7022,10003.0,0,0,-4.8,0.0,0.0,0.0,0.0,0.0,15.3,0,11,9
7023,10012.0,1,0,-4.6,0.0,0.0,0.0,0.0,0.0,13.2,1,13,9
7024,10014.0,0,0,-1.0,0.0,100.0,98.0,75.0,0.0,18.7,0,4,9
7025,10023.0,0,0,-0.3,0.0,11.0,0.0,0.0,36.0,3.4,0,19,9
7026,10016.0,0,0,-4.8,0.0,0.0,0.0,0.0,0.0,16.1,0,10,9
7027,10021.0,0,0,-4.8,0.0,0.0,0.0,0.0,0.0,15.3,0,11,9
7028,10025.0,1,0,-4.6,0.0,0.0,0.0,0.0,0.0,15.1,1,12,9
7029,10013.0,0,0,-1.8,0.0,0.0,0.0,0.0,0.0,21.3,0,6,9
7030,10010.0,0,0,-2.2,0.0,13.0,0.0,0.0,44.0,10.2,0,16,9
7031,10022.0,2,0,-0.3,0.0,11.0,0.0,0.0,36.0,3.4,1,19,9
7032,10065.0,0,0,-2.6,0.0,0.0,0.0,0.0,0.0,10.7,0,15,9
7033,10021.0,0,0,-2.2,0.0,13.0,0.0,0.0,44.0,10.2,0,16,9
7034,10023.0,1,0,-1.5,0.0,8.0,0.0,0.0,27.0,8.5,1,17,9
7035,10010.0,0,0,-2.6,0.0,0.0,0.0,0.0,0.0,18.7,0,8,9
7036,10004.0,0,0,-4.8,0.0,0.0,0.0,0.0,0.0,16.1,0,10,9
7037,10033.0,0,0,0.2,0.0,29.0,0.0,0.0,97.0,3.5,0,21,9
7038,10010.0,0,0,-4.0,0.0,0.0,0.0,0.0,0.0,12.1,0,14,9
7039,10036.0,1,0,0.2,0.0,6.0,0.0,0.0,19.0,0.5,1,20,9
7040,10065.0,0,0,0.3,0.0,30.0,0.0,1.0,99.0,4.2,0,22,9
7041,10030.0,0,0,-4.8,0.0,0.0,0.0,0.0,0.0,16.1,0,10,9
7042,10034.0,1,0,-0.3,0.0,11.0,0.0,0.0,36.0,3.4,1,19,9
7043,10011.0,0,0,-4.6,0.0,0.0,0.0,0.0,0.0,15.1,0,12,9
7044,10010.0,0,0,0.9,0.0,0.0,0.0,0.0,0.0,22.7,0,0,9
7045,10004.0,0,0,-1.5,0.0,8.0,0.0,0.0,27.0,8.5,0,17,9
7046,10038.0,0,0,-3.1,0.0,0.0,0.0,0.0,0.0,17.9,0,9,9
7047,10022.0,0,0,3.4,0.0,11.0,5.0,11.0,0.0,24.1,0,17,8
7048,10029.0,0,0,4.0,0.0,0.0,0.0,0.0,0.0,25.6,0,20,8
7049,10022.0,0,0,2.3,0.1,81.0,0.0,100.0,71.0,6.7,0,2,8
7050,10002.0,0,0,-1.0,0.0,15.0,0.0,25.0,0.0,14.2,0,10,8
7051,10069.0,0,0,1.8,0.0,41.0,0.0,67.0,4.0,16.3,0,15,8
7052,10025.0,0,0,-0.7,0.0,54.0,0.0,88.0,4.0,15.0,0,13,8
7053,10075.0,1,0,0.2,0.0,48.0,0.0,80.0,0.0,14.8,1,14,8
7054,10035.0,0,0,4.3,0.0,32.0,10.0,39.0,0.0,27.0,0,18,8
7055,10027.0,0,0,0.6,0.0,0.0,0.0,0.0,0.0,12.2,0,8,8
7056,10017.0,0,0,4.0,0.0,0.0,0.0,0.0,0.0,25.6,0,20,8
7057,10035.0,0,0,3.4,0.0,11.0,5.0,11.0,0.0,24.1,0,17,8
7058,10034.0,1,0,3.4,0.0,11.0,5.0,11.0,0.0,24.1,1,17,8
7059,10038.0,0,0,-0.1,0.0,0.0,0.0,0.0,0.0,12.1,0,9,8
7060,10013.0,0,0,-1.2,0.0,56.0,0.0,93.0,0.0,14.7,0,11,8
7061,10031.0,0,0,1.8,0.0,41.0,0.0,67.0,4.0,16.3,0,15,8
7062,10011.0,0,0,1.5,0.0,21.0,0.0,35.0,0.0,9.8,0,5,8
7063,10034.0,1,0,1.7,0.0,6.0,1.0,9.0,0.0,24.8,1,22,8
7064,10022.0,0,0,4.0,0.0,0.0,0.0,0.0,0.0,25.6,0,20,8
7065,10031.0,0,0,0.9,0.0,7.0,0.0,11.0,0.0,9.0,0,6,8
7066,10009.0,0,0,0.2,0.0,48.0,0.0,80.0,0.0,14.8,0,14,8
7067,10032.0,0,0,-0.1,0.0,0.0,0.0,0.0,0.0,12.1,0,9,8
7068,10001.0,0,0,0.6,0.0,0.0,0.0,0.0,0.0,12.2,0,8,8
7069,10065.0,0,0,1.8,0.0,41.0,0.0,67.0,4.0,16.3,0,15,8
7070,10012.0,0,0,4.4,0.2,32.0,1.0,51.0,0.0,29.7,0,19,8
7071,10036.0,0,0,0.9,0.0,7.0,0.0,11.0,0.0,9.0,0,6,8
7072,10001.0,0,0,-0.7,0.0,54.0,0.0,88.0,4.0,15.0,0,13,8
7073,10023.0,0,0,2.9,0.3,90.0,0.0,100.0,100.0,4.2,0,0,8
7074,10002.0,0,0,0.6,0.0,0.0,0.0,0.0,0.0,12.2,0,8,8
7075,10035.0,0,0,0.2,0.0,48.0,0.0,80.0,0.0,14.8,0,14,8
7076,10036.0,1,0,4.4,0.2,32.0,1.0,51.0,0.0,29.7,1,19,8
7077,10022.0,0,0,0.9,0.0,7.0,0.0,11.0,0.0,9.0,0,6,8
7078,10036.0,0,0,-1.0,0.0,15.0,0.0,25.0,0.0,14.2,0,10,8
7079,10001.0,0,0,0.6,0.0,0.0,0.0,0.0,0.0,12.2,0,8,8
7080,10024.0,1,0,3.4,0.0,11.0,5.0,11.0,0.0,24.1,1,17,8
7081,10024.0,0,0,0.9,0.0,23.0,0.0,0.0,77.0,9.3,0,10,7
7082,10025.0,0,0,2.3,0.0,15.0,0.0,0.0,49.0,13.1,0,9,7
7083,10065.0,2,0,0.9,0.0,23.0,0.0,0.0,77.0,9.3,1,10,7
7084,10026.0,0,0,5.1,0.0,74.0,0.0,85.0,76.0,1.8,0,17,7
7085,10001.0,0,0,2.3,0.0,13.0,0.0,0.0,42.0,13.8,0,8,7
7086,10019.0,0,0,3.2,0.0,17.0,0.0,0.0,57.0,16.2,0,5,7
7087,10005.0,0,0,2.3,0.0,13.0,0.0,0.0,42.0,13.8,0,8,7
7088,10002.0,0,0,0.8,0.0,25.0,0.0,0.0,83.0,8.7,0,11,7
7089,10013.0,0,0,4.9,0.0,90.0,0.0,100.0,100.0,7.9,0,20,7
7090,10032.0,0,0,3.9,0.0,90.0,0.0,100.0,100.0,5.8,0,22,7
7091,10065.0,0,0,2.6,0.0,7.0,0.0,0.0,22.0,14.2,0,7,7
7092,10030.0,0,0,4.0,0.0,0.0,0.0,0.0,0.0,13.0,0,1,7
7093,10032.0,0,0,2.3,0.0,15.0,0.0,0.0,49.0,13.1,0,9,7
7094,10075.0,0,0,3.9,0.0,54.0,0.0,86.0,9.0,3.6,0,16,7
7095,10037.0,1,0,4.4,0.0,90.0,0.0,100.0,100.0,6.8,1,21,7
7096,10013.0,1,0,4.8,0.0,89.0,0.0,99.0,98.0,4.8,1,18,7
7097,10019.0,0,0,3.9,0.0,54.0,0.0,86.0,9.0,3.6,0,16,7
7098,10065.0,0,0,0.9,0.0,23.0,0.0,0.0,77.0,9.3,0,10,7
7099,10018.0,0,0,2.3,0.0,13.0,0.0,0.0,42.0,13.8,0,8,7
7100,10021.0,0,0,2.3,0.0,15.0,0.0,0.0,49.0,13.1,0,9,7
7101,10036.0,0,0,4.8,0.0,89.0,0.0,99.0,98.0,4.8,0,18,7
7102,10002.0,0,0,5.1,0.0,74.0,0.0,85.0,76.0,1.8,0,17,7
7103,10065.0,0,0,0.8,0.0,25.0,0.0,0.0,83.0,8.7,0,11,7
7104,10009.0,1,0,2.3,0.0,13.0,0.0,0.0,42.0,13.8,1,8,7
7105,10025.0,1,0,3.9,0.0,90.0,0.0,100.0,100.0,5.8,1,22,7
7106,10018.0,0,0,3.9,0.0,54.0,0.0,86.0,9.0,3.6,0,16,7
7107,10025.0,0,0,3.9,0.0,54.0,0.0,86.0,9.0,3.6,0,16,7
7108,10026.0,0,0,3.2,0.0,35.0,0.0,58.0,2.0,4.0,0,15,7
7109,10033.0,0,0,3.5,0.0,12.0,0.0,0.0,39.0,15.9,0,3,7
7110,10029.0,1,0,4.8,0.0,89.0,0.0,99.0,98.0,4.8,1,18,7
7111,10035.0,0,0,3.0,0.0,10.0,0.0,0.0,33.0,14.2,0,6,7
7112,10010.0,0,0,0.8,0.0,25.0,0.0,0.0,83.0,8.7,0,11,7
7113,10019.0,1,0,0.8,0.0,25.0,0.0,0.0,83.0,8.7,1,11,7
7114,10003.0,0,0,3.3,0.1,90.0,0.0,100.0,100.0,4.8,0,23,7
7115,10012.0,0,0,3.9,0.0,54.0,0.0,86.0,9.0,3.6,0,16,7
7116,10022.0,1,0,0.9,0.0,61.0,0.0,65.0,72.0,4.8,1,14,7
7117,10011.0,0,0,4.8,0.0,89.0,0.0,99.0,98.0,4.8,0,18,7
7118,10019.0,0,0,3.0,0.0,10.0,0.0,0.0,33.0,14.2,0,6,7
7119,10035.0,0,0,3.2,0.0,35.0,0.0,58.0,2.0,4.0,0,15,7
7120,10022.0,1,0,4.4,0.0,90.0,0.0,100.0,100.0,6.8,1,21,7
7121,10029.0,1,0,4.9,0.0,90.0,0.0,100.0,100.0,7.9,1,20,7
7122,10022.0,1,0,5.0,0.0,90.0,0.0,100.0,100.0,8.4,1,19,7
7123,10032.0,1,0,4.9,0.0,90.0,0.0,100.0,100.0,7.9,1,20,7
7124,10033.0,0,0,2.6,0.0,7.0,0.0,0.0,22.0,14.2,0,7,7
7125,10023.0,1,0,0.8,0.0,25.0,0.0,0.0,83.0,8.7,1,11,7
7126,10029.0,0,0,0.5,0.0,35.0,0.0,12.0,93.0,7.4,0,13,7
7127,10019.0,1,0,5.1,0.0,74.0,0.0,85.0,76.0,1.8,1,17,7
7128,10121.0,0,0,3.3,0.1,90.0,0.0,100.0,100.0,4.8,0,23,7
7129,10017.0,0,0,0.9,0.0,59.0,22.0,65.0,0.0,13.2,0,14,6
7130,10021.0,0,0,6.5,0.0,56.0,28.0,51.0,0.0,18.4,0,19,6
7131,10002.0,0,0,5.2,0.0,12.0,13.0,0.0,0.0,17.9,0,17,6
7132,10128.0,0,0,0.8,0.0,100.0,60.0,93.0,0.0,12.3,0,13,6
7133,10003.0,0,0,2.7,0.0,2.0,0.0,0.0,6.0,9.8,0,0,6
7134,10019.0,0,0,0.4,0.3,60.0,0.0,100.0,1.0,8.4,0,7,6
7135,10019.0,0,0,5.2,0.0,12.0,13.0,0.0,0.0,17.9,0,17,6
7136,10027.0,0,0,-0.2,0.0,35.0,23.0,24.0,0.0,7.4,0,9,6
7137,10032.0,0,0,0.2,0.0,100.0,85.0,98.0,0.0,8.6,0,11,6
7138,10010.0,0,0,5.7,0.0,0.0,0.0,0.0,0.0,8.2,0,22,6
7139,10027.0,0,0,0.2,0.0,100.0,77.0,79.0,0.0,6.4,0,10,6
7140,10026.0,0,0,0.7,0.0,100.0,85.0,100.0,0.0,10.2,0,12,6
7141,10009.0,0,0,0.9,0.0,59.0,22.0,65.0,0.0,13.2,0,14,6
7142,10035.0,0,0,6.4,0.0,94.0,64.0,60.0,0.0,22.5,0,18,6
7143,10036.0,0,0,6.8,0.0,32.0,4.0,48.0,0.0,14.4,0,20,6
7144,10010.0,0,0,6.5,0.0,56.0,28.0,51.0,0.0,18.4,0,19,6
7145,10035.0,1,0,-0.2,0.0,35.0,23.0,24.0,0.0,7.4,1,9,6
7146,10023.0,0,0,-0.2,0.0,35.0,23.0,24.0,0.0,7.4,0,9,6
7147,10016.0,1,0,0.2,0.0,100.0,85.0,98.0,0.0,8.6,1,11,6
7148,10038.0,0,0,-0.2,0.0,35.0,23.0,24.0,0.0,7.4,0,9,6
7149,10032.0,0,0,0.9,0.0,59.0,22.0,65.0,0.0,13.2,0,14,6
7150,10007.0,0,0,0.9,0.0,59.0,22.0,65.0,0.0,13.2,0,14,6
7151,10027.0,2,0,5.2,0.0,12.0,13.0,0.0,0.0,17.9,1,17,6
7152,10016.0,1,0,6.5,0.0,56.0,28.0,51.0,0.0,18.4,1,19,6
7153,10003.0,0,0,5.2,0.0,12.0,13.0,0.0,0.0,17.9,0,17,6
7154,10002.0,0,0,6.4,0.0,94.0,64.0,60.0,0.0,22.5,0,18,6
7155,10018.0,0,0,2.2,0.0,22.0,6.0,28.0,0.0,14.2,0,15,6
7156,10011.0,0,0,6.8,0.0,32.0,4.0,48.0,0.0,14.4,0,20,6
7157,10027.0,0,0,2.1,0.0,15.0,0.0,0.0,50.0,7.8,0,1,6
7158,10033.0,0,0,0.8,0.0,100.0,60.0,93.0,0.0,12.3,0,13,6
7159,10128.0,0,0,6.4,0.0,94.0,64.0,60.0,0.0,22.5,0,18,6
7160,10017.0,1,0,0.7,0.2,65.0,0.0,100.0,18.0,11.2,1,6,6
7161,10075.0,1,0,0.2,0.0,100.0,85.0,98.0,0.0,8.6,1,11,6
7162,10018.0,0,0,0.8,0.0,100.0,60.0,93.0,0.0,12.3,0,13,6
7163,10036.0,0,0,0.9,0.0,79.0,0.0,100.0,62.0,10.0,0,5,6
7164,10003.0,0,0,-0.2,0.0,35.0,23.0,24.0,0.0,7.4,0,9,6
7165,10003.0,1,0,3.6,0.0,37.0,8.0,50.0,0.0,21.9,1,9,5
7166,10024.0,0,0,5.2,0.3,96.0,28.0,99.0,39.0,19.1,0,4,5
7167,10016.0,1,0,3.8,0.0,42.0,47.0,0.0,0.0,29.1,1,15,5
7168,10036.0,0,0,3.6,0.0,37.0,8.0,50.0,0.0,21.9,0,9,5
7169,10172.0,0,0,3.8,0.0,42.0,47.0,0.0,0.0,29.1,0,15,5
7170,10036.0,1,0,3.8,0.0,42.0,47.0,0.0,0.0,29.1,1,15,5
7171,10003.0,0,0,5.5,0.2,90.0,15.0,100.0,54.0,19.3,0,3,5
7172,10001.0,0,0,5.2,0.3,96.0,28.0,99.0,39.0,19.1,0,4,5
7173,10035.0,1,0,3.8,0.0,42.0,47.0,0.0,0.0,29.1,1,15,5
7174,10007.0,1,0,3.1,0.0,3.0,3.0,0.0,0.0,12.3,1,23,5
7175,10065.0,0,0,5.5,0.2,90.0,15.0,100.0,54.0,19.3,0,3,5
7176,10028.0,1,0,3.2,0.0,0.0,0.0,0.0,0.0,23.8,1,14,5
7177,10013.0,0,0,4.2,0.0,53.0,59.0,0.0,0.0,31.2,0,16,5
7178,10040.0,0,0,4.5,0.0,76.0,84.0,0.0,0.0,30.9,0,17,5
7179,10022.0,0,0,3.4,0.0,49.0,53.0,2.0,2.0,13.8,0,22,5
7180,10038.0,0,0,4.5,0.0,76.0,84.0,0.0,0.0,30.9,0,17,5
7181,10028.0,0,0,4.6,0.0,60.0,67.0,0.0,0.0,28.5,0,18,5
7182,10031.0,0,0,3.8,0.0,42.0,47.0,0.0,0.0,29.1,0,15,5
7183,10019.0,0,0,4.2,0.0,9.0,2.0,0.0,24.0,18.4,0,21,5
7184,10030.0,0,0,4.5,0.0,76.0,84.0,0.0,0.0,30.9,0,17,5
7185,10016.0,0,0,3.6,0.0,37.0,8.0,50.0,0.0,21.9,0,9,5
7186,10036.0,0,0,4.2,0.1,66.0,11.0,91.0,5.0,20.7,0,6,5
7187,10003.0,0,0,7.0,0.0,90.0,14.0,100.0,57.0,15.6,0,2,5
7188,10002.0,1,0,3.8,0.0,42.0,47.0,0.0,0.0,29.1,1,15,5
7189,10027.0,1,0,3.2,0.0,0.0,0.0,0.0,0.0,23.8,1,14,5
7190,10019.0,1,0,4.5,0.0,76.0,84.0,0.0,0.0,30.9,1,17,5
7191,10013.0,0,0,3.2,0.0,0.0,0.0,0.0,0.0,23.8,0,14,5
7192,10016.0,0,0,8.0,0.2,67.0,6.0,100.0,6.0,12.2,0,1,5
7193,10019.0,0,0,4.6,0.0,9.0,4.0,0.0,17.0,22.3,0,20,5
7194,10065.0,1,0,4.6,0.0,60.0,67.0,0.0,0.0,28.5,1,18,5
7195,10018.0,0,0,2.9,0.0,100.0,85.0,53.0,0.0,20.2,0,10,5
7196,10022.0,0,0,3.1,0.0,91.0,99.0,3.0,0.0,21.1,0,11,5
7197,10128.0,0,0,4.2,0.0,9.0,2.0,0.0,24.0,18.4,0,21,5
7198,10065.0,0,0,4.2,0.1,66.0,11.0,91.0,5.0,20.7,0,6,5
7199,10009.0,0,0,3.2,0.0,60.0,67.0,0.0,0.0,23.4,0,12,5
7200,10009.0,0,0,9.2,0.0,68.0,9.0,95.0,8.0,9.2,0,0,5
7201,10010.0,1,0,4.5,0.0,76.0,84.0,0.0,0.0,30.9,1,17,5
7202,10018.0,0,0,4.2,0.0,9.0,2.0,0.0,24.0,18.4,0,21,5
7203,10065.0,2,0,3.0,0.0,0.0,0.0,0.0,0.0,23.7,1,13,5
7204,10011.0,0,0,4.6,0.0,60.0,67.0,0.0,0.0,28.5,0,18,5
7205,10010.0,0,0,8.0,0.2,67.0,6.0,100.0,6.0,12.2,0,1,5
7206,10011.0,0,0,7.1,0.0,100.0,100.0,98.0,99.0,6.8,0,14,4
7207,10035.0,0,0,6.8,0.1,100.0,100.0,99.0,100.0,7.2,0,12,4
7208,10003.0,0,0,10.0,0.0,100.0,100.0,42.0,74.0,7.6,0,20,4
7209,10010.0,0,0,10.0,0.0,100.0,100.0,42.0,74.0,7.6,0,20,4
7210,10040.0,0,0,8.1,0.1,100.0,100.0,85.0,98.0,4.0,0,16,4
7211,10011.0,0,0,9.3,0.0,99.0,100.0,15.0,0.0,4.3,0,18,4
7212,10016.0,0,0,9.4,0.0,100.0,46.0,90.0,96.0,6.5,0,22,4
7213,10035.0,0,0,8.8,0.0,100.0,100.0,23.0,40.0,1.8,0,17,4
7214,10032.0,0,0,7.1,0.4,100.0,99.0,100.0,100.0,3.8,0,7,4
7215,10017.0,0,0,9.3,0.0,99.0,100.0,15.0,0.0,4.3,0,18,4
7216,10018.0,0,0,8.8,0.0,100.0,100.0,23.0,40.0,1.8,0,17,4
7217,10006.0,1,0,9.4,0.0,100.0,46.0,90.0,96.0,6.5,1,22,4
7218,10032.0,0,0,9.3,0.0,99.0,100.0,15.0,0.0,4.3,0,18,4
7219,10022.0,0,0,9.6,0.0,100.0,32.0,87.0,84.0,8.3,0,23,4
7220,10003.0,0,0,7.2,0.6,100.0,95.0,99.0,98.0,4.7,0,4,4
7221,10004.0,0,0,7.7,0.0,100.0,100.0,98.0,100.0,4.7,0,15,4
7222,10035.0,1,0,7.1,0.0,100.0,100.0,98.0,99.0,6.8,1,14,4
7223,10035.0,1,0,10.0,0.0,100.0,100.0,42.0,74.0,7.6,1,20,4
7224,10037.0,0,0,7.3,0.0,100.0,98.0,100.0,100.0,5.9,0,0,4
7225,10001.0,1,0,7.1,0.0,100.0,100.0,98.0,99.0,6.8,1,14,4
7226,10128.0,0,0,7.0,0.7,100.0,100.0,100.0,100.0,3.6,0,9,4
7227,10009.0,1,0,6.8,0.1,100.0,100.0,99.0,100.0,7.2,1,12,4
7228,10016.0,0,0,9.6,0.0,100.0,32.0,87.0,84.0,8.3,0,23,4
7229,10003.0,0,0,9.4,0.0,100.0,46.0,90.0,96.0,6.5,0,22,4
7230,10065.0,0,0,9.6,0.0,100.0,32.0,87.0,84.0,8.3,0,23,4
7231,10001.0,0,0,6.9,0.4,100.0,89.0,100.0,100.0,7.6,0,3,4
7232,10013.0,0,0,6.9,0.1,100.0,100.0,99.0,99.0,8.0,0,13,4
7233,10075.0,0,0,7.2,0.6,100.0,95.0,99.0,98.0,4.7,0,4,4
7234,10011.0,0,0,8.1,0.1,100.0,100.0,85.0,98.0,4.0,0,16,4
7235,10012.0,1,0,10.0,0.0,100.0,100.0,65.0,92.0,7.2,1,21,4
7236,10019.0,0,0,7.1,0.0,100.0,100.0,98.0,99.0,6.8,0,14,4
7237,10016.0,0,0,6.8,0.1,100.0,100.0,99.0,100.0,7.2,0,12,4
7238,10019.0,0,0,7.0,0.7,100.0,100.0,100.0,100.0,3.6,0,9,4
7239,10001.0,1,0,7.5,0.0,100.0,99.0,100.0,100.0,6.9,1,1,4
7240,10013.0,0,0,7.1,0.0,100.0,100.0,98.0,99.0,6.8,0,14,4
7241,10032.0,0,0,9.3,0.0,99.0,100.0,15.0,0.0,4.3,0,18,4
7242,10032.0,0,0,7.8,0.0,100.0,68.0,100.0,90.0,6.0,0,18,3
7243,10025.0,0,0,5.5,0.0,51.0,1.0,34.0,100.0,9.1,0,4,3
7244,10032.0,0,0,6.4,0.0,77.0,0.0,78.0,100.0,8.0,0,7,3
7245,10036.0,0,0,7.5,0.0,100.0,99.0,100.0,78.0,6.4,0,23,3
7246,10016.0,1,0,5.6,0.5,100.0,81.0,100.0,100.0,7.3,1,10,3
7247,10002.0,2,0,7.8,0.0,100.0,99.0,100.0,94.0,6.4,1,22,3
7248,10012.0,0,0,6.2,0.1,91.0,1.0,100.0,100.0,8.7,0,9,3
7249,10011.0,0,0,5.7,0.5,100.0,100.0,100.0,59.0,5.4,0,13,3
7250,10035.0,0,0,6.4,0.0,77.0,0.0,78.0,100.0,8.0,0,7,3
7251,10036.0,0,0,5.5,0.9,100.0,99.0,100.0,100.0,6.1,0,11,3
7252,10009.0,1,0,6.2,0.1,91.0,1.0,100.0,100.0,8.7,1,9,3
7253,10010.0,0,0,6.0,0.0,100.0,52.0,99.0,100.0,7.9,0,6,3
7254,10027.0,1,0,8.2,0.0,100.0,55.0,100.0,65.0,6.7,1,21,3
7255,10012.0,0,0,6.0,0.0,100.0,52.0,99.0,100.0,7.9,0,6,3
7256,10014.0,0,0,5.6,0.8,100.0,100.0,100.0,100.0,7.2,0,12,3
7257,10036.0,0,0,8.0,0.0,100.0,42.0,100.0,82.0,5.0,0,19,3
7258,10018.0,0,0,5.5,0.0,51.0,1.0,34.0,100.0,9.1,0,4,3
7259,10013.0,0,0,6.4,0.0,77.0,0.0,78.0,100.0,8.0,0,7,3
7260,10033.0,0,0,8.2,0.0,100.0,55.0,100.0,65.0,6.7,0,21,3
7261,10021.0,1,0,7.5,0.0,100.0,99.0,100.0,78.0,6.4,1,23,3
7262,10023.0,0,0,6.4,0.0,77.0,0.0,78.0,100.0,8.0,0,7,3
7263,10002.0,0,0,5.6,0.8,100.0,100.0,100.0,100.0,7.2,0,12,3
7264,10011.0,0,0,6.5,0.0,89.0,0.0,98.0,100.0,8.1,0,8,3
7265,10026.0,0,0,5.6,0.5,100.0,81.0,100.0,100.0,7.3,0,10,3
7266,10032.0,1,0,5.5,0.0,53.0,19.0,9.0,100.0,8.4,1,3,3
7267,10027.0,0,0,7.3,0.2,100.0,83.0,100.0,49.0,5.0,0,17,3
7268,10019.0,1,0,7.8,0.0,100.0,68.0,100.0,90.0,6.0,1,18,3
7269,10026.0,1,0,6.4,0.0,77.0,0.0,78.0,100.0,8.0,1,7,3
7270,10012.0,0,0,6.5,0.0,89.0,0.0,98.0,100.0,8.1,0,8,3
7271,10016.0,2,0,7.8,0.0,100.0,68.0,100.0,90.0,6.0,1,18,3
7272,10010.0,0,0,8.2,0.0,100.0,55.0,100.0,65.0,6.7,0,21,3
7273,10019.0,0,0,8.2,0.0,100.0,50.0,99.0,93.0,5.9,0,20,3
7274,10029.0,0,0,5.6,0.0,30.0,0.0,0.0,100.0,10.5,0,1,3
7275,10001.0,0,0,6.4,0.0,77.0,0.0,78.0,100.0,8.0,0,7,3
7276,10022.0,1,0,5.8,0.0,100.0,48.0,92.0,97.0,7.7,1,5,3
7277,10019.0,0,0,6.7,0.2,100.0,99.0,100.0,94.0,6.9,0,16,3
7278,10039.0,0,0,5.6,0.5,100.0,81.0,100.0,100.0,7.3,0,10,3
7279,10036.0,0,0,8.2,0.0,100.0,55.0,100.0,65.0,6.7,0,21,3
7280,10033.0,0,0,6.5,0.1,100.0,100.0,100.0,100.0,6.5,0,15,3
7281,10011.0,0,0,5.9,0.2,100.0,100.0,100.0,93.0,6.1,0,14,3
7282,10026.0,0,0,6.5,0.0,89.0,0.0,98.0,100.0,8.1,0,8,3
7283,10023.0,0,0,5.6,0.5,100.0,81.0,100.0,100.0,7.3,0,10,3
7284,10037.0,0,0,5.5,0.9,100.0,99.0,100.0,100.0,6.1,0,11,3
7285,10032.0,0,0,8.2,0.0,100.0,55.0,100.0,65.0,6.7,0,21,3
7286,10011.0,0,0,5.6,0.0,30.0,0.0,0.0,100.0,10.5,0,1,3
7287,10004.0,0,0,6.7,0.2,100.0,99.0,100.0,94.0,6.9,0,16,3
7288,10037.0,0,0,-0.8,0.0,26.0,0.0,0.0,87.0,10.3,0,9,2
7289,10009.0,0,0,-1.5,0.0,0.0,0.0,0.0,0.0,10.3,0,12,2
7290,10032.0,0,0,-0.8,0.0,26.0,0.0,0.0,87.0,10.3,0,9,2
7291,10001.0,0,0,7.4,0.0,30.0,0.0,0.0,100.0,9.2,0,20,2
7292,10128.0,0,0,0.1,0.0,0.0,0.0,0.0,0.0,9.7,0,14,2
7293,10002.0,0,0,3.1,0.0,0.0,0.0,0.0,0.0,9.7,0,15,2
7294,10005.0,0,0,0.1,0.0,0.0,0.0,0.0,0.0,9.7,0,14,2
7295,10025.0,0,0,-1.8,0.0,10.0,0.0,0.0,34.0,9.6,0,10,2
7296,10007.0,1,0,7.5,0.0,30.0,0.0,0.0,100.0,8.3,1,21,2
7297,10022.0,0,0,-1.8,0.0,10.0,0.0,0.0,34.0,9.6,0,10,2
7298,10030.0,0,0,2.4,0.0,0.0,0.0,0.0,0.0,11.4,0,0,2
7299,10022.0,1,0,7.4,0.0,30.0,0.0,0.0,100.0,9.2,1,20,2
7300,10032.0,0,0,-1.5,0.0,0.0,0.0,0.0,0.0,10.3,0,12,2
7301,10023.0,0,0,7.5,0.0,30.0,0.0,0.0,100.0,8.3,0,21,2
7302,10033.0,0,0,-1.8,0.0,10.0,0.0,0.0,34.0,9.6,0,10,2
7303,10012.0,1,0,4.6,0.0,0.0,0.0,0.0,0.0,10.7,1,16,2
7304,10031.0,0,0,4.6,0.0,0.0,0.0,0.0,0.0,10.7,0,16,2
7305,10019.0,0,0,6.9,0.0,29.0,0.0,0.0,98.0,13.2,0,18,2
7306,10065.0,0,0,-0.5,0.0,0.0,0.0,0.0,0.0,9.3,0,6,2
7307,10011.0,2,0,-1.5,0.0,0.0,0.0,0.0,0.0,10.3,1,12,2
7308,10001.0,0,0,-1.9,0.0,2.0,0.0,0.0,8.0,10.0,0,11,2
7309,10039.0,1,0,-1.5,0.0,0.0,0.0,0.0,0.0,10.3,1,12,2
7310,10019.0,0,0,6.9,0.0,29.0,0.0,0.0,98.0,13.2,0,18,2
7311,10018.0,1,0,-1.7,0.0,0.0,0.0,0.0,0.0,10.1,1,13,2
7312,10001.0,0,0,-0.6,0.0,3.0,0.0,0.0,11.0,9.8,0,7,2
7313,10024.0,1,0,-1.8,0.0,10.0,0.0,0.0,34.0,9.6,1,10,2
7314,10027.0,0,0,-0.7,0.0,16.0,0.0,0.0,53.0,10.3,0,8,2
7315,10036.0,0,0,-0.8,0.0,26.0,0.0,0.0,87.0,10.3,0,9,2
7316,10013.0,0,0,-0.5,0.0,0.0,0.0,0.0,0.0,9.3,0,6,2
7317,10036.0,1,0,4.6,0.0,0.0,0.0,0.0,0.0,10.7,1,16,2
7318,10018.0,0,0,5.9,0.0,8.0,0.0,0.0,27.0,12.0,0,17,2
7319,10029.0,0,0,5.9,0.0,8.0,0.0,0.0,27.0,12.0,0,17,2
7320,10032.0,0,0,-1.5,0.0,0.0,0.0,0.0,0.0,10.3,0,12,2
7321,10036.0,1,0,1.6,0.0,0.0,0.0,0.0,0.0,10.5,1,2,2
7322,10024.0,0,0,6.6,0.0,27.0,0.0,0.0,90.0,10.0,0,23,2
7323,10029.0,0,0,0.1,0.0,0.0,0.0,0.0,0.0,9.7,0,14,2
7324,10018.0,0,0,0.1,0.0,0.0,0.0,0.0,0.0,9.7,0,14,2
7325,10023.0,1,0,7.4,0.0,30.0,0.0,0.0,100.0,9.2,1,20,2
7326,10001.0,0,0,-0.5,0.0,0.0,0.0,0.0,0.0,9.3,0,6,2
7327,10024.0,0,0,2.4,0.0,0.0,0.0,0.0,0.0,11.4,0,0,2
7328,10023.0,0,0,-1.5,0.0,0.0,0.0,0.0,0.0,10.3,0,12,2
7329,10036.0,1,0,4.8,0.0,91.0,45.0,81.0,7.0,9.7,1,1,1
7330,10024.0,0,0,3.6,0.0,100.0,91.0,38.0,0.0,19.0,0,20,1
7331,10009.0,0,0,2.4,0.0,0.0,0.0,0.0,0.0,14.8,0,13,1
7332,10002.0,0,0,2.9,0.0,78.0,87.0,0.0,0.0,12.2,0,22,1
7333,10002.0,0,0,4.7,0.0,78.0,23.0,96.0,0.0,9.2,0,0,1
7334,10012.0,0,0,5.2,0.0,74.0,23.0,88.0,0.0,12.3,0,3,1
7335,10023.0,0,0,3.0,0.0,2.0,1.0,1.0,0.0,18.8,0,15,1
7336,10032.0,1,0,5.0,0.0,23.0,3.0,34.0,0.0,13.4,1,4,1
7337,10034.0,0,0,5.4,0.0,100.0,46.0,97.0,12.0,11.4,0,2,1
7338,10034.0,1,0,3.9,0.0,100.0,100.0,72.0,0.0,21.7,1,18,1
7339,10128.0,1,0,3.0,0.0,2.0,1.0,1.0,0.0,18.8,1,15,1
7340,10007.0,1,0,5.0,0.0,23.0,3.0,34.0,0.0,13.4,1,4,1
7341,10033.0,0,0,4.1,0.0,0.0,0.0,0.0,0.0,15.7,0,7,1
7342,10016.0,0,0,4.8,0.0,91.0,45.0,81.0,7.0,9.7,0,1,1
7343,10002.0,0,0,4.6,0.0,5.0,0.0,8.0,0.0,14.6,0,5,1
7344,10001.0,0,0,5.0,0.0,23.0,3.0,34.0,0.0,13.4,0,4,1
7345,10001.0,0,0,4.1,0.0,0.0,0.0,0.0,0.0,15.7,0,7,1
7346,10017.0,1,0,2.5,0.0,6.0,0.0,8.0,4.0,13.4,1,12,1
7347,10028.0,0,0,3.8,0.0,0.0,0.0,0.0,0.0,15.7,0,8,1
7348,10018.0,0,0,4.8,0.0,91.0,45.0,81.0,7.0,9.7,0,1,1
7349,10014.0,0,0,4.8,0.0,91.0,45.0,81.0,7.0,9.7,0,1,1
7350,10002.0,0,0,5.0,0.0,23.0,3.0,34.0,0.0,13.4,0,4,1
7351,10020.0,0,0,3.6,0.0,100.0,91.0,38.0,0.0,19.0,0,20,1
7352,10017.0,0,0,4.8,0.0,91.0,45.0,81.0,7.0,9.7,0,1,1
